"section","n","tau","kappa","estimator","replications","coverage","rejection_count","rejection_rate","MCSE","Wilson_lower","Wilson_upper","mean_W_true","median_W_true","q90_W_true","q95_W_true","max_W_true","coverage_rank","q50","q90","q95","q99","mean","maximum","q90_chisq2","q95_chisq2","q99_chisq2","aggregation","pilot_RMSE","authors_RMSE","RMSE_difference","RMSE_ratio","pilot_MAE","authors_MAE","MAE_difference","MAE_ratio","pilot_bias_estimate_minus_truth","pilot_bias_truth_minus_estimate","authors_bias_truth_minus_estimate","harmonized_bias_difference","all_grid_accepted_but_not_covered","no_grid_point_accepted_but_covered","grid_measure_four_but_not_covered","delta","power","null_rejection_rate","power_below_size","metric","value"
"coverage_matrix",500,0.1,1,"Oracle-GMM",50,0.82,9,0.18,0.0543323108288245,0.692039463256992,0.902298073297658,3.35868768770907,2.6438482502728,7.41353197051233,8.09270270166436,15.5431658482303,,,,,,,,,,,,,,,,,,,,,,,,,,,,,,,,
"coverage_matrix",500,0.1,1,"Full-GMM",50,0.48,26,0.52,0.0706540869306228,0.347971352865781,0.614882551099554,7.91472597364359,6.87719322188836,15.9947452842865,18.3802439395531,21.8241494924673,,,,,,,,,,,,,,,,,,,,,,,,,,,,,,,,
"coverage_matrix",500,0.1,1,"DML-IVQR",50,0.96,2,0.04,0.027712812921102,0.86539909312493,0.98896111567238,2.06710959298234,1.52081302141691,4.54403125162998,5.40305325696722,9.52010404584779,,,,,,,,,,,,,,,,,,,,,,,,,,,,,,,,
"coverage_matrix",500,0.1,0.5,"Oracle-GMM",50,0.84,8,0.16,0.0518459255872629,0.71485783936965,0.916625793219666,2.72022808579967,1.66289019013342,6.61613648292553,7.10694692235361,10.2573033217547,,,,,,,,,,,,,,,,,,,,,,,,,,,,,,,,
"coverage_matrix",500,0.1,0.5,"Full-GMM",50,0.88,6,0.12,0.0459565011723042,0.76195182616797,0.943823998490677,2.93936950777663,2.10515878556439,6.14752811500312,7.83909755543029,10.8578185510946,,,,,,,,,,,,,,,,,,,,,,,,,,,,,,,,
"coverage_matrix",500,0.1,0.5,"DML-IVQR",50,0.94,3,0.06,0.0335857112474933,0.837829083111618,0.979385029651026,1.98621319862294,1.53266854934984,4.52351706357191,5.80223186040666,7.40857046680383,,,,,,,,,,,,,,,,,,,,,,,,,,,,,,,,
"coverage_matrix",500,0.1,0.25,"Oracle-GMM",50,0.94,3,0.06,0.0335857112474933,0.837829083111618,0.979385029651026,2.13802292619986,1.49480760451737,4.77488788187709,5.89597067500767,7.54723893402806,,,,,,,,,,,,,,,,,,,,,,,,,,,,,,,,
"coverage_matrix",500,0.1,0.25,"Full-GMM",50,0.94,3,0.06,0.0335857112474933,0.837829083111618,0.979385029651026,2.23054565437752,1.64055904545286,4.98841151262754,6.40744232089001,12.4582449488985,,,,,,,,,,,,,,,,,,,,,,,,,,,,,,,,
"coverage_matrix",500,0.1,0.25,"DML-IVQR",50,0.92,4,0.08,0.0383666521865017,0.811617530816572,0.968450485911407,2.37045003349467,1.63160655835814,5.20739606724278,6.65938281531699,8.90080293049707,,,,,,,,,,,,,,,,,,,,,,,,,,,,,,,,
"coverage_matrix",500,0.1,0.1,"Oracle-GMM",50,0.9,5,0.1,0.0424264068711928,0.786397685625204,0.95652423506811,2.42834105022323,1.52077221240118,5.75056832234382,7.23578747468959,10.359082498478,,,,,,,,,,,,,,,,,,,,,,,,,,,,,,,,
"coverage_matrix",500,0.1,0.1,"Full-GMM",50,0.98,1,0.02,0.0197989898732233,0.895045564103622,0.996460740728354,1.9304100273591,1.76421532216132,4.3534897275156,4.74150396695928,6.42041627644827,,,,,,,,,,,,,,,,,,,,,,,,,,,,,,,,
"coverage_matrix",500,0.1,0.1,"DML-IVQR",50,0.92,4,0.08,0.0383666521865017,0.811617530816572,0.968450485911407,2.47899374213252,2.12934922433743,5.83805744069387,6.65202723463543,8.27945323803199,,,,,,,,,,,,,,,,,,,,,,,,,,,,,,,,
"coverage_matrix",500,0.25,1,"Oracle-GMM",50,0.8,10,0.2,0.0565685424949238,0.669628940677746,0.887562499842239,3.56934814823149,1.97609496814672,9.18187481725067,12.7259155325295,18.2816659993776,,,,,,,,,,,,,,,,,,,,,,,,,,,,,,,,
"coverage_matrix",500,0.25,1,"Full-GMM",50,0.82,9,0.18,0.0543323108288245,0.692039463256992,0.902298073297658,3.86196382470721,2.97547678542424,10.2853269755287,10.8321692132645,15.8391758461801,,,,,,,,,,,,,,,,,,,,,,,,,,,,,,,,
"coverage_matrix",500,0.25,1,"DML-IVQR",50,0.94,3,0.06,0.0335857112474933,0.837829083111618,0.979385029651026,2.14757841755426,1.74853233088897,4.05078083269106,6.44979598517071,10.4477765091847,,,,,,,,,,,,,,,,,,,,,,,,,,,,,,,,
"coverage_matrix",500,0.25,0.5,"Oracle-GMM",50,0.92,4,0.08,0.0383666521865017,0.811617530816572,0.968450485911407,2.40864498301415,1.52456814457679,5.04935435296366,7.73124629676452,15.6449964788181,,,,,,,,,,,,,,,,,,,,,,,,,,,,,,,,
"coverage_matrix",500,0.25,0.5,"Full-GMM",50,0.88,6,0.12,0.0459565011723042,0.76195182616797,0.943823998490677,3.20539486604632,2.36597687137505,6.27383029279342,9.87970117613103,13.0725163359567,,,,,,,,,,,,,,,,,,,,,,,,,,,,,,,,
"coverage_matrix",500,0.25,0.5,"DML-IVQR",50,0.92,4,0.08,0.0383666521865017,0.811617530816572,0.968450485911407,2.23837787546961,1.52359929631475,4.85446102079188,6.15637340625526,7.95790817911211,,,,,,,,,,,,,,,,,,,,,,,,,,,,,,,,
"coverage_matrix",500,0.25,0.25,"Oracle-GMM",50,0.9,5,0.1,0.0424264068711928,0.786397685625204,0.95652423506811,2.34347786780683,1.62885862122015,5.70133882155836,7.50748855729646,10.9894560852292,,,,,,,,,,,,,,,,,,,,,,,,,,,,,,,,
"coverage_matrix",500,0.25,0.25,"Full-GMM",50,0.96,2,0.04,0.027712812921102,0.86539909312493,0.98896111567238,2.26077745557348,1.58744441680676,4.52517394664718,5.22639666336069,13.9164180425436,,,,,,,,,,,,,,,,,,,,,,,,,,,,,,,,
"coverage_matrix",500,0.25,0.25,"DML-IVQR",50,0.92,4,0.08,0.0383666521865017,0.811617530816572,0.968450485911407,2.077423542476,1.39759865343626,4.7296579653572,7.63536920992817,8.62082291140518,,,,,,,,,,,,,,,,,,,,,,,,,,,,,,,,
"coverage_matrix",500,0.25,0.1,"Oracle-GMM",50,0.88,6,0.12,0.0459565011723042,0.76195182616797,0.943823998490677,2.25137679791964,1.43783673436551,6.04258226441601,6.87028899542167,10.9152426217347,,,,,,,,,,,,,,,,,,,,,,,,,,,,,,,,
"coverage_matrix",500,0.25,0.1,"Full-GMM",50,0.94,3,0.06,0.0335857112474933,0.837829083111618,0.979385029651026,1.93223911254754,1.21038382977847,4.07446790815646,6.1855765272565,9.30413758028198,,,,,,,,,,,,,,,,,,,,,,,,,,,,,,,,
"coverage_matrix",500,0.25,0.1,"DML-IVQR",50,0.92,4,0.08,0.0383666521865017,0.811617530816572,0.968450485911407,2.0927328942805,1.42915182697508,5.44867201642808,7.101792842402,11.7095744897832,,,,,,,,,,,,,,,,,,,,,,,,,,,,,,,,
"coverage_matrix",500,0.5,1,"Oracle-GMM",50,0.88,6,0.12,0.0459565011723042,0.76195182616797,0.943823998490677,2.83313854438493,2.37494376045033,6.16194240240497,7.9065366366625,13.080543986974,,,,,,,,,,,,,,,,,,,,,,,,,,,,,,,,
"coverage_matrix",500,0.5,1,"Full-GMM",50,0.94,3,0.06,0.0335857112474933,0.837829083111618,0.979385029651026,2.09139226214415,0.958278130061869,4.23103979235863,5.92494764900566,12.7326399318843,,,,,,,,,,,,,,,,,,,,,,,,,,,,,,,,
"coverage_matrix",500,0.5,1,"DML-IVQR",50,0.94,3,0.06,0.0335857112474933,0.837829083111618,0.979385029651026,2.54250225890496,1.60471669407201,4.87005173821667,6.49384731187726,16.6994023521728,,,,,,,,,,,,,,,,,,,,,,,,,,,,,,,,
"coverage_matrix",500,0.5,0.5,"Oracle-GMM",50,0.9,5,0.1,0.0424264068711928,0.786397685625204,0.95652423506811,2.58645088129509,1.71229078275877,5.6105018421573,8.7683659035404,11.0392014476917,,,,,,,,,,,,,,,,,,,,,,,,,,,,,,,,
"coverage_matrix",500,0.5,0.5,"Full-GMM",50,0.92,4,0.08,0.0383666521865017,0.811617530816572,0.968450485911407,2.50019980952191,1.97997238997698,5.74785454949042,6.93183476795698,7.7949925824844,,,,,,,,,,,,,,,,,,,,,,,,,,,,,,,,
"coverage_matrix",500,0.5,0.5,"DML-IVQR",50,0.9,5,0.1,0.0424264068711928,0.786397685625204,0.95652423506811,2.25371941175054,1.35383490702994,5.10080355881422,6.26786875459067,9.95069590427748,,,,,,,,,,,,,,,,,,,,,,,,,,,,,,,,
"coverage_matrix",500,0.5,0.25,"Oracle-GMM",50,0.92,4,0.08,0.0383666521865017,0.811617530816572,0.968450485911407,2.46943464752418,1.41663481839955,5.30191275196378,8.70613199249683,11.0073252092537,,,,,,,,,,,,,,,,,,,,,,,,,,,,,,,,
"coverage_matrix",500,0.5,0.25,"Full-GMM",50,0.92,4,0.08,0.0383666521865017,0.811617530816572,0.968450485911407,2.10178923001666,1.48779611521788,5.76475631361387,6.33500658080105,8.5194996226454,,,,,,,,,,,,,,,,,,,,,,,,,,,,,,,,
"coverage_matrix",500,0.5,0.25,"DML-IVQR",50,0.94,3,0.06,0.0335857112474933,0.837829083111618,0.979385029651026,2.24058609795596,1.76179775743518,4.44779408563554,6.26525437474023,10.4056498151138,,,,,,,,,,,,,,,,,,,,,,,,,,,,,,,,
"coverage_matrix",500,0.5,0.1,"Oracle-GMM",50,0.9,5,0.1,0.0424264068711928,0.786397685625204,0.95652423506811,2.48124547229872,1.7137669188782,5.8212759391737,7.67849074798745,11.6256956678611,,,,,,,,,,,,,,,,,,,,,,,,,,,,,,,,
"coverage_matrix",500,0.5,0.1,"Full-GMM",50,0.96,2,0.04,0.027712812921102,0.86539909312493,0.98896111567238,2.07714912085779,1.32853950119389,5.31953669016192,5.66771316006353,7.48334949264514,,,,,,,,,,,,,,,,,,,,,,,,,,,,,,,,
"coverage_matrix",500,0.5,0.1,"DML-IVQR",50,0.94,3,0.06,0.0335857112474933,0.837829083111618,0.979385029651026,2.40755522588439,1.95834885648631,5.32092132135234,5.8548737685072,8.30827251173482,,,,,,,,,,,,,,,,,,,,,,,,,,,,,,,,
"coverage_matrix",500,0.75,1,"Oracle-GMM",50,0.92,4,0.08,0.0383666521865017,0.811617530816572,0.968450485911407,2.39523113751024,1.68231785879652,5.71170777940063,6.31500029937021,9.19378381918158,,,,,,,,,,,,,,,,,,,,,,,,,,,,,,,,
"coverage_matrix",500,0.75,1,"Full-GMM",50,0.84,8,0.16,0.0518459255872629,0.71485783936965,0.916625793219666,3.19352750712613,2.34471512462387,7.52884574564591,8.99504523202605,10.3390281208711,,,,,,,,,,,,,,,,,,,,,,,,,,,,,,,,
"coverage_matrix",500,0.75,1,"DML-IVQR",50,0.74,13,0.26,0.0620322496770833,0.604468427351512,0.841284725064476,4.11877063805546,3.05255741263151,8.58930573207662,9.51187687333193,12.5652586704655,,,,,,,,,,,,,,,,,,,,,,,,,,,,,,,,
"coverage_matrix",500,0.75,0.5,"Oracle-GMM",50,0.98,1,0.02,0.0197989898732233,0.895045564103622,0.996460740728354,1.6451310427815,1.13147973268253,3.72135888117009,4.2780085782567,7.05540700099716,,,,,,,,,,,,,,,,,,,,,,,,,,,,,,,,
"coverage_matrix",500,0.75,0.5,"Full-GMM",50,0.9,5,0.1,0.0424264068711928,0.786397685625204,0.95652423506811,2.76848551994599,1.80869727793359,5.60016401779417,8.62653973737015,12.7721954209299,,,,,,,,,,,,,,,,,,,,,,,,,,,,,,,,
"coverage_matrix",500,0.75,0.5,"DML-IVQR",50,1,0,0,0,0.928652400866641,1,1.8931010500433,1.40147640555939,4.33748242671349,4.50484994289902,5.76955814771603,,,,,,,,,,,,,,,,,,,,,,,,,,,,,,,,
"coverage_matrix",500,0.75,0.25,"Oracle-GMM",50,0.98,1,0.02,0.0197989898732233,0.895045564103622,0.996460740728354,1.50507197948023,0.923897956376444,2.90498115429184,3.79233201372268,6.33818842077948,,,,,,,,,,,,,,,,,,,,,,,,,,,,,,,,
"coverage_matrix",500,0.75,0.25,"Full-GMM",50,0.92,4,0.08,0.0383666521865017,0.811617530816572,0.968450485911407,2.36236766135661,1.7844475307271,5.35955460947739,7.58704675993525,10.1611301666473,,,,,,,,,,,,,,,,,,,,,,,,,,,,,,,,
"coverage_matrix",500,0.75,0.25,"DML-IVQR",50,1,0,0,0,0.928652400866641,1,1.69906152018403,1.06748679928068,4.13641231133663,4.22448039979464,5.3050781498183,,,,,,,,,,,,,,,,,,,,,,,,,,,,,,,,
"coverage_matrix",500,0.75,0.1,"Oracle-GMM",50,0.98,1,0.02,0.0197989898732233,0.895045564103622,0.996460740728354,1.44412427705896,1.17697975460094,2.80703946278195,3.40744279753594,7.6767973912176,,,,,,,,,,,,,,,,,,,,,,,,,,,,,,,,
"coverage_matrix",500,0.75,0.1,"Full-GMM",50,0.98,1,0.02,0.0197989898732233,0.895045564103622,0.996460740728354,2.17576985615711,1.6308239166931,4.53785142840969,4.98078668119179,8.70773492548894,,,,,,,,,,,,,,,,,,,,,,,,,,,,,,,,
"coverage_matrix",500,0.75,0.1,"DML-IVQR",50,1,0,0,0,0.928652400866641,1,1.65565603333459,1.33725769337771,3.76256167871425,4.6827502961668,5.33236334616506,,,,,,,,,,,,,,,,,,,,,,,,,,,,,,,,
"coverage_matrix",500,0.9,1,"Oracle-GMM",50,0.94,3,0.06,0.0335857112474933,0.837829083111618,0.979385029651026,2.51275175670737,1.49485492805336,4.41838027200215,6.9754419150033,17.7322454298241,,,,,,,,,,,,,,,,,,,,,,,,,,,,,,,,
"coverage_matrix",500,0.9,1,"Full-GMM",50,0.42,29,0.58,0.0697997134664606,0.29375003354712,0.557665582314218,7.57994765790494,6.44391228208959,15.5703790745233,16.2751649434889,25.0006541183203,,,,,,,,,,,,,,,,,,,,,,,,,,,,,,,,
"coverage_matrix",500,0.9,1,"DML-IVQR",50,0.64,18,0.36,0.0678822509939086,0.501410168761127,0.758612503481533,5.45141149585494,4.41729240447183,9.30369801329616,15.0070832467695,18.9659503816707,,,,,,,,,,,,,,,,,,,,,,,,,,,,,,,,
"coverage_matrix",500,0.9,0.5,"Oracle-GMM",50,0.96,2,0.04,0.027712812921102,0.86539909312493,0.98896111567238,1.87530809835638,1.35341753842676,4.35273179487815,4.90843130710223,8.84809878275008,,,,,,,,,,,,,,,,,,,,,,,,,,,,,,,,
"coverage_matrix",500,0.9,0.5,"Full-GMM",50,0.94,3,0.06,0.0335857112474933,0.837829083111618,0.979385029651026,2.59300782144521,2.13323874987405,5.11170536602804,6.16372230460659,9.98882064054732,,,,,,,,,,,,,,,,,,,,,,,,,,,,,,,,
"coverage_matrix",500,0.9,0.5,"DML-IVQR",50,0.94,3,0.06,0.0335857112474933,0.837829083111618,0.979385029651026,2.52407552499739,1.60135799860135,4.79877406363181,6.52200102585591,16.6511900075547,,,,,,,,,,,,,,,,,,,,,,,,,,,,,,,,
"coverage_matrix",500,0.9,0.25,"Oracle-GMM",50,0.98,1,0.02,0.0197989898732233,0.895045564103622,0.996460740728354,1.59948332854734,1.22734203749624,3.15631045982472,3.55739121653567,8.06731195099121,,,,,,,,,,,,,,,,,,,,,,,,,,,,,,,,
"coverage_matrix",500,0.9,0.25,"Full-GMM",50,0.82,9,0.18,0.0543323108288245,0.692039463256992,0.902298073297658,2.92713906202307,1.93796013428424,8.43954267523615,8.70121090876908,8.86650332847323,,,,,,,,,,,,,,,,,,,,,,,,,,,,,,,,
"coverage_matrix",500,0.9,0.25,"DML-IVQR",50,0.94,3,0.06,0.0335857112474933,0.837829083111618,0.979385029651026,1.88408237124074,1.39420540766258,3.78363298970658,5.39379830338491,11.7007368338642,,,,,,,,,,,,,,,,,,,,,,,,,,,,,,,,
"coverage_matrix",500,0.9,0.1,"Oracle-GMM",50,0.98,1,0.02,0.0197989898732233,0.895045564103622,0.996460740728354,1.70279036213092,1.23201676205923,3.75774470372621,4.06289600560621,6.47334429889797,,,,,,,,,,,,,,,,,,,,,,,,,,,,,,,,
"coverage_matrix",500,0.9,0.1,"Full-GMM",50,0.96,2,0.04,0.027712812921102,0.86539909312493,0.98896111567238,1.77196999986945,1.09926674342016,4.06557618142807,5.10658334953254,8.37804120359158,,,,,,,,,,,,,,,,,,,,,,,,,,,,,,,,
"coverage_matrix",500,0.9,0.1,"DML-IVQR",50,0.96,2,0.04,0.027712812921102,0.86539909312493,0.98896111567238,1.68791883062702,1.05274927871992,3.84557173132931,4.52478407417996,11.1096191786113,,,,,,,,,,,,,,,,,,,,,,,,,,,,,,,,
"coverage_matrix",1000,0.1,1,"Oracle-GMM",50,0.76,12,0.24,0.060398675482166,0.625873162420571,0.857026086030083,3.77075706869578,3.14285302780147,7.59640430163848,9.82383939811256,11.5161256594062,,,,,,,,,,,,,,,,,,,,,,,,,,,,,,,,
"coverage_matrix",1000,0.1,1,"Full-GMM",50,0.36,32,0.64,0.0678822509939086,0.241387496518467,0.498589831238873,10.3309346323001,10.1874717770538,19.6017958105445,21.5540769777024,33.0846679843949,,,,,,,,,,,,,,,,,,,,,,,,,,,,,,,,
"coverage_matrix",1000,0.1,1,"DML-IVQR",50,0.96,2,0.04,0.027712812921102,0.86539909312493,0.98896111567238,1.81267080927388,1.15816121462703,4.89382549418447,5.5573300375164,8.91270827188416,,,,,,,,,,,,,,,,,,,,,,,,,,,,,,,,
"coverage_matrix",1000,0.1,0.5,"Oracle-GMM",50,0.92,4,0.08,0.0383666521865017,0.811617530816572,0.968450485911407,2.60347204617737,2.28543111709797,5.46754500885573,6.53094459401436,6.74636536933963,,,,,,,,,,,,,,,,,,,,,,,,,,,,,,,,
"coverage_matrix",1000,0.1,0.5,"Full-GMM",50,0.84,8,0.16,0.0518459255872629,0.71485783936965,0.916625793219666,3.39949223032992,2.53756187114393,8.12661639878314,9.46671594070053,13.4100931044407,,,,,,,,,,,,,,,,,,,,,,,,,,,,,,,,
"coverage_matrix",1000,0.1,0.5,"DML-IVQR",50,0.92,4,0.08,0.0383666521865017,0.811617530816572,0.968450485911407,1.97885860790356,1.4481530238727,4.65444764457826,6.84815353378631,9.14603394606853,,,,,,,,,,,,,,,,,,,,,,,,,,,,,,,,
"coverage_matrix",1000,0.1,0.25,"Oracle-GMM",50,0.94,3,0.06,0.0335857112474933,0.837829083111618,0.979385029651026,2.15508603379109,1.65122158326063,4.18365052806613,5.98895407057487,8.691486016915,,,,,,,,,,,,,,,,,,,,,,,,,,,,,,,,
"coverage_matrix",1000,0.1,0.25,"Full-GMM",50,0.92,4,0.08,0.0383666521865017,0.811617530816572,0.968450485911407,2.38159435557021,1.73696803573921,5.40065597813981,7.3454932677394,7.7841374825455,,,,,,,,,,,,,,,,,,,,,,,,,,,,,,,,
"coverage_matrix",1000,0.1,0.25,"DML-IVQR",50,0.9,5,0.1,0.0424264068711928,0.786397685625204,0.95652423506811,2.32039829720292,1.38071638251763,5.54550022565691,6.738337713169,9.24910705270979,,,,,,,,,,,,,,,,,,,,,,,,,,,,,,,,
"coverage_matrix",1000,0.1,0.1,"Oracle-GMM",50,0.92,4,0.08,0.0383666521865017,0.811617530816572,0.968450485911407,2.12098159660431,1.54532350629705,5.10118047877382,6.3302418224269,11.6701506401888,,,,,,,,,,,,,,,,,,,,,,,,,,,,,,,,
"coverage_matrix",1000,0.1,0.1,"Full-GMM",50,0.88,6,0.12,0.0459565011723042,0.76195182616797,0.943823998490677,2.28946380598426,1.15175391752847,6.18496064226807,7.2330733505751,10.8161959977269,,,,,,,,,,,,,,,,,,,,,,,,,,,,,,,,
"coverage_matrix",1000,0.1,0.1,"DML-IVQR",50,0.92,4,0.08,0.0383666521865017,0.811617530816572,0.968450485911407,2.4247248108398,1.79533428147983,5.71651976853369,6.51016445429744,9.65175818813827,,,,,,,,,,,,,,,,,,,,,,,,,,,,,,,,
"coverage_matrix",1000,0.25,1,"Oracle-GMM",50,0.9,5,0.1,0.0424264068711928,0.786397685625204,0.95652423506811,2.55679163947381,1.92435420771857,5.87872749501574,7.9727954729097,8.12634260968891,,,,,,,,,,,,,,,,,,,,,,,,,,,,,,,,
"coverage_matrix",1000,0.25,1,"Full-GMM",50,0.74,13,0.26,0.0620322496770833,0.604468427351512,0.841284725064476,4.91020787912273,3.878843341786,12.9274125437577,15.6865316841371,22.2049664385699,,,,,,,,,,,,,,,,,,,,,,,,,,,,,,,,
"coverage_matrix",1000,0.25,1,"DML-IVQR",50,0.9,5,0.1,0.0424264068711928,0.786397685625204,0.95652423506811,2.51408987191651,1.71290763379525,5.169092675445,7.07866103833669,14.4048573917162,,,,,,,,,,,,,,,,,,,,,,,,,,,,,,,,
"coverage_matrix",1000,0.25,0.5,"Oracle-GMM",50,0.9,5,0.1,0.0424264068711928,0.786397685625204,0.95652423506811,2.26143563140423,1.45871077859436,5.73365906381376,6.66199520744089,8.88965185746114,,,,,,,,,,,,,,,,,,,,,,,,,,,,,,,,
"coverage_matrix",1000,0.25,0.5,"Full-GMM",50,0.94,3,0.06,0.0335857112474933,0.837829083111618,0.979385029651026,2.31769947604615,1.49161897425701,5.4361406789971,6.41090195881284,9.18985473535798,,,,,,,,,,,,,,,,,,,,,,,,,,,,,,,,
"coverage_matrix",1000,0.25,0.5,"DML-IVQR",50,0.96,2,0.04,0.027712812921102,0.86539909312493,0.98896111567238,1.79781657488299,1.3306811568549,3.58547891352534,4.855788587675,10.8393810773609,,,,,,,,,,,,,,,,,,,,,,,,,,,,,,,,
"coverage_matrix",1000,0.25,0.25,"Oracle-GMM",50,0.96,2,0.04,0.027712812921102,0.86539909312493,0.98896111567238,2.11494141436723,1.55541953508088,5.25529225358466,5.66523253221208,7.71871053687077,,,,,,,,,,,,,,,,,,,,,,,,,,,,,,,,
"coverage_matrix",1000,0.25,0.25,"Full-GMM",50,0.94,3,0.06,0.0335857112474933,0.837829083111618,0.979385029651026,2.09171593648077,1.40599852776041,4.52003519394788,6.29887290990622,9.42327681935691,,,,,,,,,,,,,,,,,,,,,,,,,,,,,,,,
"coverage_matrix",1000,0.25,0.25,"DML-IVQR",50,0.96,2,0.04,0.027712812921102,0.86539909312493,0.98896111567238,1.71666984478127,0.920998333455259,4.14960554360275,4.79965480512489,8.71252773551328,,,,,,,,,,,,,,,,,,,,,,,,,,,,,,,,
"coverage_matrix",1000,0.25,0.1,"Oracle-GMM",50,0.96,2,0.04,0.027712812921102,0.86539909312493,0.98896111567238,1.92671783284565,1.51544833217236,4.19561951028005,5.08946827277968,8.65055426898583,,,,,,,,,,,,,,,,,,,,,,,,,,,,,,,,
"coverage_matrix",1000,0.25,0.1,"Full-GMM",50,0.98,1,0.02,0.0197989898732233,0.895045564103622,0.996460740728354,1.82873286261612,1.38763758358412,4.1058251829665,5.31715291824091,6.50821322756833,,,,,,,,,,,,,,,,,,,,,,,,,,,,,,,,
"coverage_matrix",1000,0.25,0.1,"DML-IVQR",50,0.98,1,0.02,0.0197989898732233,0.895045564103622,0.996460740728354,1.54830430107378,1.0565573773237,3.50940924737604,4.21475378187205,7.96773840129056,,,,,,,,,,,,,,,,,,,,,,,,,,,,,,,,
"coverage_matrix",1000,0.5,1,"Oracle-GMM",50,0.88,6,0.12,0.0459565011723042,0.76195182616797,0.943823998490677,2.42159742320493,1.57070105014845,6.12881222254228,8.02318344004753,10.2814142544475,,,,,,,,,,,,,,,,,,,,,,,,,,,,,,,,
"coverage_matrix",1000,0.5,1,"Full-GMM",50,0.84,8,0.16,0.0518459255872629,0.71485783936965,0.916625793219666,2.82511504397638,1.86319927099098,6.62088821664227,8.47799185466797,14.0255261211246,,,,,,,,,,,,,,,,,,,,,,,,,,,,,,,,
"coverage_matrix",1000,0.5,1,"DML-IVQR",50,0.84,8,0.16,0.0518459255872629,0.71485783936965,0.916625793219666,3.29505635310336,2.52767602940994,7.14783903026726,8.62479750739634,12.9221342447782,,,,,,,,,,,,,,,,,,,,,,,,,,,,,,,,
"coverage_matrix",1000,0.5,0.5,"Oracle-GMM",50,0.88,6,0.12,0.0459565011723042,0.76195182616797,0.943823998490677,2.43959239214096,1.42196560489029,6.18759092044681,6.58219106462878,11.6354108751572,,,,,,,,,,,,,,,,,,,,,,,,,,,,,,,,
"coverage_matrix",1000,0.5,0.5,"Full-GMM",50,0.94,3,0.06,0.0335857112474933,0.837829083111618,0.979385029651026,2.34867442543022,1.72013534332962,5.17762399318081,6.24749422738963,11.605644317412,,,,,,,,,,,,,,,,,,,,,,,,,,,,,,,,
"coverage_matrix",1000,0.5,0.5,"DML-IVQR",50,0.88,6,0.12,0.0459565011723042,0.76195182616797,0.943823998490677,2.35230635719258,1.69346954215508,7.11550249960138,8.65710132969311,10.3782477431245,,,,,,,,,,,,,,,,,,,,,,,,,,,,,,,,
"coverage_matrix",1000,0.5,0.25,"Oracle-GMM",50,0.92,4,0.08,0.0383666521865017,0.811617530816572,0.968450485911407,2.1537607689036,1.15980455983718,5.74485144533057,7.20219098649604,9.41629656517335,,,,,,,,,,,,,,,,,,,,,,,,,,,,,,,,
"coverage_matrix",1000,0.5,0.25,"Full-GMM",50,0.92,4,0.08,0.0383666521865017,0.811617530816572,0.968450485911407,2.42205937368211,1.5511792403975,5.46559581988886,7.17056097436242,11.2623575876031,,,,,,,,,,,,,,,,,,,,,,,,,,,,,,,,
"coverage_matrix",1000,0.5,0.25,"DML-IVQR",50,0.9,5,0.1,0.0424264068711928,0.786397685625204,0.95652423506811,2.2547882556996,1.49209027137021,5.52916160579948,7.54355987422504,12.2180591096732,,,,,,,,,,,,,,,,,,,,,,,,,,,,,,,,
"coverage_matrix",1000,0.5,0.1,"Oracle-GMM",50,0.86,7,0.14,0.0490713765855412,0.738138062894145,0.930491665729837,2.15035868463012,1.29487572284974,6.40824056681602,7.26954345492514,9.40075835814663,,,,,,,,,,,,,,,,,,,,,,,,,,,,,,,,
"coverage_matrix",1000,0.5,0.1,"Full-GMM",50,0.94,3,0.06,0.0335857112474933,0.837829083111618,0.979385029651026,2.33611601667071,1.95353544855936,4.70179846381334,6.04692557250771,11.6795931784862,,,,,,,,,,,,,,,,,,,,,,,,,,,,,,,,
"coverage_matrix",1000,0.5,0.1,"DML-IVQR",50,0.92,4,0.08,0.0383666521865017,0.811617530816572,0.968450485911407,2.11774858593044,1.07334770134846,5.03653763598211,8.76095839399678,10.3603678118039,,,,,,,,,,,,,,,,,,,,,,,,,,,,,,,,
"coverage_matrix",1000,0.75,1,"Oracle-GMM",50,0.92,4,0.08,0.0383666521865017,0.811617530816572,0.968450485911407,2.65891185900343,1.73354259048114,5.31857978906639,7.31657768651735,15.2930646220486,,,,,,,,,,,,,,,,,,,,,,,,,,,,,,,,
"coverage_matrix",1000,0.75,1,"Full-GMM",50,0.8,10,0.2,0.0565685424949238,0.669628940677746,0.887562499842239,4.0169825924241,2.85626728556116,9.60609384491297,11.272166034559,23.9947069274453,,,,,,,,,,,,,,,,,,,,,,,,,,,,,,,,
"coverage_matrix",1000,0.75,1,"DML-IVQR",50,0.68,16,0.32,0.0659696900098826,0.541897026918559,0.792417837393432,5.70356281960699,4.32303724260713,13.2088412971741,15.9283683843099,29.9303059276301,,,,,,,,,,,,,,,,,,,,,,,,,,,,,,,,
"coverage_matrix",1000,0.75,0.5,"Oracle-GMM",50,0.9,5,0.1,0.0424264068711928,0.786397685625204,0.95652423506811,2.7091366521343,1.73299922426568,5.91320884382235,6.52411667037451,14.2670131691065,,,,,,,,,,,,,,,,,,,,,,,,,,,,,,,,
"coverage_matrix",1000,0.75,0.5,"Full-GMM",50,0.92,4,0.08,0.0383666521865017,0.811617530816572,0.968450485911407,2.48263090567671,1.64268030063647,5.06047356166452,6.88312412020979,15.4704985712731,,,,,,,,,,,,,,,,,,,,,,,,,,,,,,,,
"coverage_matrix",1000,0.75,0.5,"DML-IVQR",50,0.82,9,0.18,0.0543323108288245,0.692039463256992,0.902298073297658,3.27046856147402,1.61247126748116,6.9620548508509,11.7772635315736,21.0781420903125,,,,,,,,,,,,,,,,,,,,,,,,,,,,,,,,
"coverage_matrix",1000,0.75,0.25,"Oracle-GMM",50,0.86,7,0.14,0.0490713765855412,0.738138062894145,0.930491665729837,2.53875034919406,1.3551492394608,6.44879183273019,7.90161105482235,12.1094469527164,,,,,,,,,,,,,,,,,,,,,,,,,,,,,,,,
"coverage_matrix",1000,0.75,0.25,"Full-GMM",50,0.96,2,0.04,0.027712812921102,0.86539909312493,0.98896111567238,2.25791085267987,1.66303437290447,4.01304800788095,5.06157876812945,12.879980956075,,,,,,,,,,,,,,,,,,,,,,,,,,,,,,,,
"coverage_matrix",1000,0.75,0.25,"DML-IVQR",50,0.88,6,0.12,0.0459565011723042,0.76195182616797,0.943823998490677,2.45332265250436,1.59865259308429,7.0555061412314,8.95699516647788,10.8832313713577,,,,,,,,,,,,,,,,,,,,,,,,,,,,,,,,
"coverage_matrix",1000,0.75,0.1,"Oracle-GMM",50,0.88,6,0.12,0.0459565011723042,0.76195182616797,0.943823998490677,2.42426147081461,1.96783834883947,6.11535450877053,7.77008784598024,8.9926852277697,,,,,,,,,,,,,,,,,,,,,,,,,,,,,,,,
"coverage_matrix",1000,0.75,0.1,"Full-GMM",50,0.92,4,0.08,0.0383666521865017,0.811617530816572,0.968450485911407,2.48243662224655,1.78622300620771,4.90018244894396,6.27196133932677,13.6717993449504,,,,,,,,,,,,,,,,,,,,,,,,,,,,,,,,
"coverage_matrix",1000,0.75,0.1,"DML-IVQR",50,0.9,5,0.1,0.0424264068711928,0.786397685625204,0.95652423506811,2.26111188488855,1.70786631148619,5.00318089245762,6.88077681966593,7.58511162312328,,,,,,,,,,,,,,,,,,,,,,,,,,,,,,,,
"coverage_matrix",1000,0.9,1,"Oracle-GMM",50,0.92,4,0.08,0.0383666521865017,0.811617530816572,0.968450485911407,2.87152706178727,2.51704329848138,5.92854793067274,6.52207100982023,9.00077535349469,,,,,,,,,,,,,,,,,,,,,,,,,,,,,,,,
"coverage_matrix",1000,0.9,1,"Full-GMM",50,0.64,18,0.36,0.0678822509939086,0.501410168761127,0.758612503481533,6.27709273196839,4.3849575870277,15.4838303455086,18.7794709259582,21.2761951362424,,,,,,,,,,,,,,,,,,,,,,,,,,,,,,,,
"coverage_matrix",1000,0.9,1,"DML-IVQR",50,0.5,25,0.5,0.0707106781186548,0.366445143168286,0.633554856831714,6.67614567265552,5.99628831560352,12.6478673760134,14.2429834468756,21.0453763289558,,,,,,,,,,,,,,,,,,,,,,,,,,,,,,,,
"coverage_matrix",1000,0.9,0.5,"Oracle-GMM",50,0.9,5,0.1,0.0424264068711928,0.786397685625204,0.95652423506811,2.3647199095786,1.48268559012581,5.58324673086291,7.21551476402232,9.61389977260574,,,,,,,,,,,,,,,,,,,,,,,,,,,,,,,,
"coverage_matrix",1000,0.9,0.5,"Full-GMM",50,0.82,9,0.18,0.0543323108288245,0.692039463256992,0.902298073297658,3.22645755866836,2.1632339276566,8.07530703582837,8.60741425513274,13.6538865715211,,,,,,,,,,,,,,,,,,,,,,,,,,,,,,,,
"coverage_matrix",1000,0.9,0.5,"DML-IVQR",50,0.88,6,0.12,0.0459565011723042,0.76195182616797,0.943823998490677,3.34734687818495,2.47698188997687,6.96125478722119,9.00097164875326,13.1113203655946,,,,,,,,,,,,,,,,,,,,,,,,,,,,,,,,
"coverage_matrix",1000,0.9,0.25,"Oracle-GMM",50,0.9,5,0.1,0.0424264068711928,0.786397685625204,0.95652423506811,2.43154101757376,1.53538870969644,5.80153345368706,6.40144441795894,10.8666808213212,,,,,,,,,,,,,,,,,,,,,,,,,,,,,,,,
"coverage_matrix",1000,0.9,0.25,"Full-GMM",50,0.94,3,0.06,0.0335857112474933,0.837829083111618,0.979385029651026,2.23039764037427,1.5295225216772,4.85473065633303,5.99729489946109,8.85139617374311,,,,,,,,,,,,,,,,,,,,,,,,,,,,,,,,
"coverage_matrix",1000,0.9,0.25,"DML-IVQR",50,0.92,4,0.08,0.0383666521865017,0.811617530816572,0.968450485911407,2.35694152077881,1.46421569807874,4.54821993889242,6.83873006814348,11.2475393440804,,,,,,,,,,,,,,,,,,,,,,,,,,,,,,,,
"coverage_matrix",1000,0.9,0.1,"Oracle-GMM",50,0.92,4,0.08,0.0383666521865017,0.811617530816572,0.968450485911407,2.37396601363522,1.89489545628693,5.53497218604067,6.53430015408914,8.1550459883222,,,,,,,,,,,,,,,,,,,,,,,,,,,,,,,,
"coverage_matrix",1000,0.9,0.1,"Full-GMM",50,0.92,4,0.08,0.0383666521865017,0.811617530816572,0.968450485911407,2.39048442728846,1.96654670976046,5.50897109235708,6.13779313136258,11.0424409296306,,,,,,,,,,,,,,,,,,,,,,,,,,,,,,,,
"coverage_matrix",1000,0.9,0.1,"DML-IVQR",50,0.94,3,0.06,0.0335857112474933,0.837829083111618,0.979385029651026,2.18851234967213,1.51335064975122,4.35983262128582,6.63468291624659,9.83230634698121,,,,,,,,,,,,,,,,,,,,,,,,,,,,,,,,
"coverage_worst_to_best",1000,0.1,1,"Full-GMM",50,0.36,32,0.64,0.0678822509939086,0.241387496518467,0.498589831238873,10.3309346323001,10.1874717770538,19.6017958105445,21.5540769777024,33.0846679843949,1,,,,,,,,,,,,,,,,,,,,,,,,,,,,,,,
"coverage_worst_to_best",500,0.9,1,"Full-GMM",50,0.42,29,0.58,0.0697997134664606,0.29375003354712,0.557665582314218,7.57994765790494,6.44391228208959,15.5703790745233,16.2751649434889,25.0006541183203,2,,,,,,,,,,,,,,,,,,,,,,,,,,,,,,,
"coverage_worst_to_best",500,0.1,1,"Full-GMM",50,0.48,26,0.52,0.0706540869306228,0.347971352865781,0.614882551099554,7.91472597364359,6.87719322188836,15.9947452842865,18.3802439395531,21.8241494924673,3,,,,,,,,,,,,,,,,,,,,,,,,,,,,,,,
"coverage_worst_to_best",1000,0.9,1,"DML-IVQR",50,0.5,25,0.5,0.0707106781186548,0.366445143168286,0.633554856831714,6.67614567265552,5.99628831560352,12.6478673760134,14.2429834468756,21.0453763289558,4,,,,,,,,,,,,,,,,,,,,,,,,,,,,,,,
"coverage_worst_to_best",1000,0.9,1,"Full-GMM",50,0.64,18,0.36,0.0678822509939086,0.501410168761127,0.758612503481533,6.27709273196839,4.3849575870277,15.4838303455086,18.7794709259582,21.2761951362424,5,,,,,,,,,,,,,,,,,,,,,,,,,,,,,,,
"coverage_worst_to_best",500,0.9,1,"DML-IVQR",50,0.64,18,0.36,0.0678822509939086,0.501410168761127,0.758612503481533,5.45141149585494,4.41729240447183,9.30369801329616,15.0070832467695,18.9659503816707,6,,,,,,,,,,,,,,,,,,,,,,,,,,,,,,,
"coverage_worst_to_best",1000,0.75,1,"DML-IVQR",50,0.68,16,0.32,0.0659696900098826,0.541897026918559,0.792417837393432,5.70356281960699,4.32303724260713,13.2088412971741,15.9283683843099,29.9303059276301,7,,,,,,,,,,,,,,,,,,,,,,,,,,,,,,,
"coverage_worst_to_best",1000,0.25,1,"Full-GMM",50,0.74,13,0.26,0.0620322496770833,0.604468427351512,0.841284725064476,4.91020787912273,3.878843341786,12.9274125437577,15.6865316841371,22.2049664385699,8,,,,,,,,,,,,,,,,,,,,,,,,,,,,,,,
"coverage_worst_to_best",500,0.75,1,"DML-IVQR",50,0.74,13,0.26,0.0620322496770833,0.604468427351512,0.841284725064476,4.11877063805546,3.05255741263151,8.58930573207662,9.51187687333193,12.5652586704655,9,,,,,,,,,,,,,,,,,,,,,,,,,,,,,,,
"coverage_worst_to_best",1000,0.1,1,"Oracle-GMM",50,0.76,12,0.24,0.060398675482166,0.625873162420571,0.857026086030083,3.77075706869578,3.14285302780147,7.59640430163848,9.82383939811256,11.5161256594062,10,,,,,,,,,,,,,,,,,,,,,,,,,,,,,,,
"coverage_worst_to_best",1000,0.75,1,"Full-GMM",50,0.8,10,0.2,0.0565685424949238,0.669628940677746,0.887562499842239,4.0169825924241,2.85626728556116,9.60609384491297,11.272166034559,23.9947069274453,11,,,,,,,,,,,,,,,,,,,,,,,,,,,,,,,
"coverage_worst_to_best",500,0.25,1,"Oracle-GMM",50,0.8,10,0.2,0.0565685424949238,0.669628940677746,0.887562499842239,3.56934814823149,1.97609496814672,9.18187481725067,12.7259155325295,18.2816659993776,12,,,,,,,,,,,,,,,,,,,,,,,,,,,,,,,
"coverage_worst_to_best",500,0.25,1,"Full-GMM",50,0.82,9,0.18,0.0543323108288245,0.692039463256992,0.902298073297658,3.86196382470721,2.97547678542424,10.2853269755287,10.8321692132645,15.8391758461801,13,,,,,,,,,,,,,,,,,,,,,,,,,,,,,,,
"coverage_worst_to_best",500,0.1,1,"Oracle-GMM",50,0.82,9,0.18,0.0543323108288245,0.692039463256992,0.902298073297658,3.35868768770907,2.6438482502728,7.41353197051233,8.09270270166436,15.5431658482303,14,,,,,,,,,,,,,,,,,,,,,,,,,,,,,,,
"coverage_worst_to_best",1000,0.75,0.5,"DML-IVQR",50,0.82,9,0.18,0.0543323108288245,0.692039463256992,0.902298073297658,3.27046856147402,1.61247126748116,6.9620548508509,11.7772635315736,21.0781420903125,15,,,,,,,,,,,,,,,,,,,,,,,,,,,,,,,
"coverage_worst_to_best",1000,0.9,0.5,"Full-GMM",50,0.82,9,0.18,0.0543323108288245,0.692039463256992,0.902298073297658,3.22645755866836,2.1632339276566,8.07530703582837,8.60741425513274,13.6538865715211,16,,,,,,,,,,,,,,,,,,,,,,,,,,,,,,,
"coverage_worst_to_best",500,0.9,0.25,"Full-GMM",50,0.82,9,0.18,0.0543323108288245,0.692039463256992,0.902298073297658,2.92713906202307,1.93796013428424,8.43954267523615,8.70121090876908,8.86650332847323,17,,,,,,,,,,,,,,,,,,,,,,,,,,,,,,,
"coverage_worst_to_best",1000,0.1,0.5,"Full-GMM",50,0.84,8,0.16,0.0518459255872629,0.71485783936965,0.916625793219666,3.39949223032992,2.53756187114393,8.12661639878314,9.46671594070053,13.4100931044407,18,,,,,,,,,,,,,,,,,,,,,,,,,,,,,,,
"coverage_worst_to_best",1000,0.5,1,"DML-IVQR",50,0.84,8,0.16,0.0518459255872629,0.71485783936965,0.916625793219666,3.29505635310336,2.52767602940994,7.14783903026726,8.62479750739634,12.9221342447782,19,,,,,,,,,,,,,,,,,,,,,,,,,,,,,,,
"coverage_worst_to_best",500,0.75,1,"Full-GMM",50,0.84,8,0.16,0.0518459255872629,0.71485783936965,0.916625793219666,3.19352750712613,2.34471512462387,7.52884574564591,8.99504523202605,10.3390281208711,20,,,,,,,,,,,,,,,,,,,,,,,,,,,,,,,
"coverage_worst_to_best",1000,0.5,1,"Full-GMM",50,0.84,8,0.16,0.0518459255872629,0.71485783936965,0.916625793219666,2.82511504397638,1.86319927099098,6.62088821664227,8.47799185466797,14.0255261211246,21,,,,,,,,,,,,,,,,,,,,,,,,,,,,,,,
"coverage_worst_to_best",500,0.1,0.5,"Oracle-GMM",50,0.84,8,0.16,0.0518459255872629,0.71485783936965,0.916625793219666,2.72022808579967,1.66289019013342,6.61613648292553,7.10694692235361,10.2573033217547,22,,,,,,,,,,,,,,,,,,,,,,,,,,,,,,,
"coverage_worst_to_best",1000,0.75,0.25,"Oracle-GMM",50,0.86,7,0.14,0.0490713765855412,0.738138062894145,0.930491665729837,2.53875034919406,1.3551492394608,6.44879183273019,7.90161105482235,12.1094469527164,23,,,,,,,,,,,,,,,,,,,,,,,,,,,,,,,
"coverage_worst_to_best",1000,0.5,0.1,"Oracle-GMM",50,0.86,7,0.14,0.0490713765855412,0.738138062894145,0.930491665729837,2.15035868463012,1.29487572284974,6.40824056681602,7.26954345492514,9.40075835814663,24,,,,,,,,,,,,,,,,,,,,,,,,,,,,,,,
"coverage_worst_to_best",1000,0.9,0.5,"DML-IVQR",50,0.88,6,0.12,0.0459565011723042,0.76195182616797,0.943823998490677,3.34734687818495,2.47698188997687,6.96125478722119,9.00097164875326,13.1113203655946,25,,,,,,,,,,,,,,,,,,,,,,,,,,,,,,,
"coverage_worst_to_best",500,0.25,0.5,"Full-GMM",50,0.88,6,0.12,0.0459565011723042,0.76195182616797,0.943823998490677,3.20539486604632,2.36597687137505,6.27383029279342,9.87970117613103,13.0725163359567,26,,,,,,,,,,,,,,,,,,,,,,,,,,,,,,,
"coverage_worst_to_best",500,0.1,0.5,"Full-GMM",50,0.88,6,0.12,0.0459565011723042,0.76195182616797,0.943823998490677,2.93936950777663,2.10515878556439,6.14752811500312,7.83909755543029,10.8578185510946,27,,,,,,,,,,,,,,,,,,,,,,,,,,,,,,,
"coverage_worst_to_best",500,0.5,1,"Oracle-GMM",50,0.88,6,0.12,0.0459565011723042,0.76195182616797,0.943823998490677,2.83313854438493,2.37494376045033,6.16194240240497,7.9065366366625,13.080543986974,28,,,,,,,,,,,,,,,,,,,,,,,,,,,,,,,
"coverage_worst_to_best",1000,0.75,0.25,"DML-IVQR",50,0.88,6,0.12,0.0459565011723042,0.76195182616797,0.943823998490677,2.45332265250436,1.59865259308429,7.0555061412314,8.95699516647788,10.8832313713577,29,,,,,,,,,,,,,,,,,,,,,,,,,,,,,,,
"coverage_worst_to_best",1000,0.5,0.5,"Oracle-GMM",50,0.88,6,0.12,0.0459565011723042,0.76195182616797,0.943823998490677,2.43959239214096,1.42196560489029,6.18759092044681,6.58219106462878,11.6354108751572,30,,,,,,,,,,,,,,,,,,,,,,,,,,,,,,,
"coverage_worst_to_best",1000,0.75,0.1,"Oracle-GMM",50,0.88,6,0.12,0.0459565011723042,0.76195182616797,0.943823998490677,2.42426147081461,1.96783834883947,6.11535450877053,7.77008784598024,8.9926852277697,31,,,,,,,,,,,,,,,,,,,,,,,,,,,,,,,
"coverage_worst_to_best",1000,0.5,1,"Oracle-GMM",50,0.88,6,0.12,0.0459565011723042,0.76195182616797,0.943823998490677,2.42159742320493,1.57070105014845,6.12881222254228,8.02318344004753,10.2814142544475,32,,,,,,,,,,,,,,,,,,,,,,,,,,,,,,,
"coverage_worst_to_best",1000,0.5,0.5,"DML-IVQR",50,0.88,6,0.12,0.0459565011723042,0.76195182616797,0.943823998490677,2.35230635719258,1.69346954215508,7.11550249960138,8.65710132969311,10.3782477431245,33,,,,,,,,,,,,,,,,,,,,,,,,,,,,,,,
"coverage_worst_to_best",1000,0.1,0.1,"Full-GMM",50,0.88,6,0.12,0.0459565011723042,0.76195182616797,0.943823998490677,2.28946380598426,1.15175391752847,6.18496064226807,7.2330733505751,10.8161959977269,34,,,,,,,,,,,,,,,,,,,,,,,,,,,,,,,
"coverage_worst_to_best",500,0.25,0.1,"Oracle-GMM",50,0.88,6,0.12,0.0459565011723042,0.76195182616797,0.943823998490677,2.25137679791964,1.43783673436551,6.04258226441601,6.87028899542167,10.9152426217347,35,,,,,,,,,,,,,,,,,,,,,,,,,,,,,,,
"coverage_worst_to_best",500,0.75,0.5,"Full-GMM",50,0.9,5,0.1,0.0424264068711928,0.786397685625204,0.95652423506811,2.76848551994599,1.80869727793359,5.60016401779417,8.62653973737015,12.7721954209299,36,,,,,,,,,,,,,,,,,,,,,,,,,,,,,,,
"coverage_worst_to_best",1000,0.75,0.5,"Oracle-GMM",50,0.9,5,0.1,0.0424264068711928,0.786397685625204,0.95652423506811,2.7091366521343,1.73299922426568,5.91320884382235,6.52411667037451,14.2670131691065,37,,,,,,,,,,,,,,,,,,,,,,,,,,,,,,,
"coverage_worst_to_best",500,0.5,0.5,"Oracle-GMM",50,0.9,5,0.1,0.0424264068711928,0.786397685625204,0.95652423506811,2.58645088129509,1.71229078275877,5.6105018421573,8.7683659035404,11.0392014476917,38,,,,,,,,,,,,,,,,,,,,,,,,,,,,,,,
"coverage_worst_to_best",1000,0.25,1,"Oracle-GMM",50,0.9,5,0.1,0.0424264068711928,0.786397685625204,0.95652423506811,2.55679163947381,1.92435420771857,5.87872749501574,7.9727954729097,8.12634260968891,39,,,,,,,,,,,,,,,,,,,,,,,,,,,,,,,
"coverage_worst_to_best",1000,0.25,1,"DML-IVQR",50,0.9,5,0.1,0.0424264068711928,0.786397685625204,0.95652423506811,2.51408987191651,1.71290763379525,5.169092675445,7.07866103833669,14.4048573917162,40,,,,,,,,,,,,,,,,,,,,,,,,,,,,,,,
"coverage_worst_to_best",500,0.5,0.1,"Oracle-GMM",50,0.9,5,0.1,0.0424264068711928,0.786397685625204,0.95652423506811,2.48124547229872,1.7137669188782,5.8212759391737,7.67849074798745,11.6256956678611,41,,,,,,,,,,,,,,,,,,,,,,,,,,,,,,,
"coverage_worst_to_best",1000,0.9,0.25,"Oracle-GMM",50,0.9,5,0.1,0.0424264068711928,0.786397685625204,0.95652423506811,2.43154101757376,1.53538870969644,5.80153345368706,6.40144441795894,10.8666808213212,42,,,,,,,,,,,,,,,,,,,,,,,,,,,,,,,
"coverage_worst_to_best",500,0.1,0.1,"Oracle-GMM",50,0.9,5,0.1,0.0424264068711928,0.786397685625204,0.95652423506811,2.42834105022323,1.52077221240118,5.75056832234382,7.23578747468959,10.359082498478,43,,,,,,,,,,,,,,,,,,,,,,,,,,,,,,,
"coverage_worst_to_best",1000,0.9,0.5,"Oracle-GMM",50,0.9,5,0.1,0.0424264068711928,0.786397685625204,0.95652423506811,2.3647199095786,1.48268559012581,5.58324673086291,7.21551476402232,9.61389977260574,44,,,,,,,,,,,,,,,,,,,,,,,,,,,,,,,
"coverage_worst_to_best",500,0.25,0.25,"Oracle-GMM",50,0.9,5,0.1,0.0424264068711928,0.786397685625204,0.95652423506811,2.34347786780683,1.62885862122015,5.70133882155836,7.50748855729646,10.9894560852292,45,,,,,,,,,,,,,,,,,,,,,,,,,,,,,,,
"coverage_worst_to_best",1000,0.1,0.25,"DML-IVQR",50,0.9,5,0.1,0.0424264068711928,0.786397685625204,0.95652423506811,2.32039829720292,1.38071638251763,5.54550022565691,6.738337713169,9.24910705270979,46,,,,,,,,,,,,,,,,,,,,,,,,,,,,,,,
"coverage_worst_to_best",1000,0.25,0.5,"Oracle-GMM",50,0.9,5,0.1,0.0424264068711928,0.786397685625204,0.95652423506811,2.26143563140423,1.45871077859436,5.73365906381376,6.66199520744089,8.88965185746114,47,,,,,,,,,,,,,,,,,,,,,,,,,,,,,,,
"coverage_worst_to_best",1000,0.75,0.1,"DML-IVQR",50,0.9,5,0.1,0.0424264068711928,0.786397685625204,0.95652423506811,2.26111188488855,1.70786631148619,5.00318089245762,6.88077681966593,7.58511162312328,48,,,,,,,,,,,,,,,,,,,,,,,,,,,,,,,
"coverage_worst_to_best",1000,0.5,0.25,"DML-IVQR",50,0.9,5,0.1,0.0424264068711928,0.786397685625204,0.95652423506811,2.2547882556996,1.49209027137021,5.52916160579948,7.54355987422504,12.2180591096732,49,,,,,,,,,,,,,,,,,,,,,,,,,,,,,,,
"coverage_worst_to_best",500,0.5,0.5,"DML-IVQR",50,0.9,5,0.1,0.0424264068711928,0.786397685625204,0.95652423506811,2.25371941175054,1.35383490702994,5.10080355881422,6.26786875459067,9.95069590427748,50,,,,,,,,,,,,,,,,,,,,,,,,,,,,,,,
"coverage_worst_to_best",1000,0.9,1,"Oracle-GMM",50,0.92,4,0.08,0.0383666521865017,0.811617530816572,0.968450485911407,2.87152706178727,2.51704329848138,5.92854793067274,6.52207100982023,9.00077535349469,51,,,,,,,,,,,,,,,,,,,,,,,,,,,,,,,
"coverage_worst_to_best",1000,0.75,1,"Oracle-GMM",50,0.92,4,0.08,0.0383666521865017,0.811617530816572,0.968450485911407,2.65891185900343,1.73354259048114,5.31857978906639,7.31657768651735,15.2930646220486,52,,,,,,,,,,,,,,,,,,,,,,,,,,,,,,,
"coverage_worst_to_best",1000,0.1,0.5,"Oracle-GMM",50,0.92,4,0.08,0.0383666521865017,0.811617530816572,0.968450485911407,2.60347204617737,2.28543111709797,5.46754500885573,6.53094459401436,6.74636536933963,53,,,,,,,,,,,,,,,,,,,,,,,,,,,,,,,
"coverage_worst_to_best",500,0.5,0.5,"Full-GMM",50,0.92,4,0.08,0.0383666521865017,0.811617530816572,0.968450485911407,2.50019980952191,1.97997238997698,5.74785454949042,6.93183476795698,7.7949925824844,54,,,,,,,,,,,,,,,,,,,,,,,,,,,,,,,
"coverage_worst_to_best",1000,0.75,0.5,"Full-GMM",50,0.92,4,0.08,0.0383666521865017,0.811617530816572,0.968450485911407,2.48263090567671,1.64268030063647,5.06047356166452,6.88312412020979,15.4704985712731,55,,,,,,,,,,,,,,,,,,,,,,,,,,,,,,,
"coverage_worst_to_best",1000,0.75,0.1,"Full-GMM",50,0.92,4,0.08,0.0383666521865017,0.811617530816572,0.968450485911407,2.48243662224655,1.78622300620771,4.90018244894396,6.27196133932677,13.6717993449504,56,,,,,,,,,,,,,,,,,,,,,,,,,,,,,,,
"coverage_worst_to_best",500,0.1,0.1,"DML-IVQR",50,0.92,4,0.08,0.0383666521865017,0.811617530816572,0.968450485911407,2.47899374213252,2.12934922433743,5.83805744069387,6.65202723463543,8.27945323803199,57,,,,,,,,,,,,,,,,,,,,,,,,,,,,,,,
"coverage_worst_to_best",500,0.5,0.25,"Oracle-GMM",50,0.92,4,0.08,0.0383666521865017,0.811617530816572,0.968450485911407,2.46943464752418,1.41663481839955,5.30191275196378,8.70613199249683,11.0073252092537,58,,,,,,,,,,,,,,,,,,,,,,,,,,,,,,,
"coverage_worst_to_best",1000,0.1,0.1,"DML-IVQR",50,0.92,4,0.08,0.0383666521865017,0.811617530816572,0.968450485911407,2.4247248108398,1.79533428147983,5.71651976853369,6.51016445429744,9.65175818813827,59,,,,,,,,,,,,,,,,,,,,,,,,,,,,,,,
"coverage_worst_to_best",1000,0.5,0.25,"Full-GMM",50,0.92,4,0.08,0.0383666521865017,0.811617530816572,0.968450485911407,2.42205937368211,1.5511792403975,5.46559581988886,7.17056097436242,11.2623575876031,60,,,,,,,,,,,,,,,,,,,,,,,,,,,,,,,
"coverage_worst_to_best",500,0.25,0.5,"Oracle-GMM",50,0.92,4,0.08,0.0383666521865017,0.811617530816572,0.968450485911407,2.40864498301415,1.52456814457679,5.04935435296366,7.73124629676452,15.6449964788181,61,,,,,,,,,,,,,,,,,,,,,,,,,,,,,,,
"coverage_worst_to_best",500,0.75,1,"Oracle-GMM",50,0.92,4,0.08,0.0383666521865017,0.811617530816572,0.968450485911407,2.39523113751024,1.68231785879652,5.71170777940063,6.31500029937021,9.19378381918158,62,,,,,,,,,,,,,,,,,,,,,,,,,,,,,,,
"coverage_worst_to_best",1000,0.9,0.1,"Full-GMM",50,0.92,4,0.08,0.0383666521865017,0.811617530816572,0.968450485911407,2.39048442728846,1.96654670976046,5.50897109235708,6.13779313136258,11.0424409296306,63,,,,,,,,,,,,,,,,,,,,,,,,,,,,,,,
"coverage_worst_to_best",1000,0.1,0.25,"Full-GMM",50,0.92,4,0.08,0.0383666521865017,0.811617530816572,0.968450485911407,2.38159435557021,1.73696803573921,5.40065597813981,7.3454932677394,7.7841374825455,64,,,,,,,,,,,,,,,,,,,,,,,,,,,,,,,
"coverage_worst_to_best",1000,0.9,0.1,"Oracle-GMM",50,0.92,4,0.08,0.0383666521865017,0.811617530816572,0.968450485911407,2.37396601363522,1.89489545628693,5.53497218604067,6.53430015408914,8.1550459883222,65,,,,,,,,,,,,,,,,,,,,,,,,,,,,,,,
"coverage_worst_to_best",500,0.1,0.25,"DML-IVQR",50,0.92,4,0.08,0.0383666521865017,0.811617530816572,0.968450485911407,2.37045003349467,1.63160655835814,5.20739606724278,6.65938281531699,8.90080293049707,66,,,,,,,,,,,,,,,,,,,,,,,,,,,,,,,
"coverage_worst_to_best",500,0.75,0.25,"Full-GMM",50,0.92,4,0.08,0.0383666521865017,0.811617530816572,0.968450485911407,2.36236766135661,1.7844475307271,5.35955460947739,7.58704675993525,10.1611301666473,67,,,,,,,,,,,,,,,,,,,,,,,,,,,,,,,
"coverage_worst_to_best",1000,0.9,0.25,"DML-IVQR",50,0.92,4,0.08,0.0383666521865017,0.811617530816572,0.968450485911407,2.35694152077881,1.46421569807874,4.54821993889242,6.83873006814348,11.2475393440804,68,,,,,,,,,,,,,,,,,,,,,,,,,,,,,,,
"coverage_worst_to_best",500,0.25,0.5,"DML-IVQR",50,0.92,4,0.08,0.0383666521865017,0.811617530816572,0.968450485911407,2.23837787546961,1.52359929631475,4.85446102079188,6.15637340625526,7.95790817911211,69,,,,,,,,,,,,,,,,,,,,,,,,,,,,,,,
"coverage_worst_to_best",1000,0.5,0.25,"Oracle-GMM",50,0.92,4,0.08,0.0383666521865017,0.811617530816572,0.968450485911407,2.1537607689036,1.15980455983718,5.74485144533057,7.20219098649604,9.41629656517335,70,,,,,,,,,,,,,,,,,,,,,,,,,,,,,,,
"coverage_worst_to_best",1000,0.1,0.1,"Oracle-GMM",50,0.92,4,0.08,0.0383666521865017,0.811617530816572,0.968450485911407,2.12098159660431,1.54532350629705,5.10118047877382,6.3302418224269,11.6701506401888,71,,,,,,,,,,,,,,,,,,,,,,,,,,,,,,,
"coverage_worst_to_best",1000,0.5,0.1,"DML-IVQR",50,0.92,4,0.08,0.0383666521865017,0.811617530816572,0.968450485911407,2.11774858593044,1.07334770134846,5.03653763598211,8.76095839399678,10.3603678118039,72,,,,,,,,,,,,,,,,,,,,,,,,,,,,,,,
"coverage_worst_to_best",500,0.5,0.25,"Full-GMM",50,0.92,4,0.08,0.0383666521865017,0.811617530816572,0.968450485911407,2.10178923001666,1.48779611521788,5.76475631361387,6.33500658080105,8.5194996226454,73,,,,,,,,,,,,,,,,,,,,,,,,,,,,,,,
"coverage_worst_to_best",500,0.25,0.1,"DML-IVQR",50,0.92,4,0.08,0.0383666521865017,0.811617530816572,0.968450485911407,2.0927328942805,1.42915182697508,5.44867201642808,7.101792842402,11.7095744897832,74,,,,,,,,,,,,,,,,,,,,,,,,,,,,,,,
"coverage_worst_to_best",500,0.25,0.25,"DML-IVQR",50,0.92,4,0.08,0.0383666521865017,0.811617530816572,0.968450485911407,2.077423542476,1.39759865343626,4.7296579653572,7.63536920992817,8.62082291140518,75,,,,,,,,,,,,,,,,,,,,,,,,,,,,,,,
"coverage_worst_to_best",1000,0.1,0.5,"DML-IVQR",50,0.92,4,0.08,0.0383666521865017,0.811617530816572,0.968450485911407,1.97885860790356,1.4481530238727,4.65444764457826,6.84815353378631,9.14603394606853,76,,,,,,,,,,,,,,,,,,,,,,,,,,,,,,,
"coverage_worst_to_best",500,0.9,0.5,"Full-GMM",50,0.94,3,0.06,0.0335857112474933,0.837829083111618,0.979385029651026,2.59300782144521,2.13323874987405,5.11170536602804,6.16372230460659,9.98882064054732,77,,,,,,,,,,,,,,,,,,,,,,,,,,,,,,,
"coverage_worst_to_best",500,0.5,1,"DML-IVQR",50,0.94,3,0.06,0.0335857112474933,0.837829083111618,0.979385029651026,2.54250225890496,1.60471669407201,4.87005173821667,6.49384731187726,16.6994023521728,78,,,,,,,,,,,,,,,,,,,,,,,,,,,,,,,
"coverage_worst_to_best",500,0.9,0.5,"DML-IVQR",50,0.94,3,0.06,0.0335857112474933,0.837829083111618,0.979385029651026,2.52407552499739,1.60135799860135,4.79877406363181,6.52200102585591,16.6511900075547,79,,,,,,,,,,,,,,,,,,,,,,,,,,,,,,,
"coverage_worst_to_best",500,0.9,1,"Oracle-GMM",50,0.94,3,0.06,0.0335857112474933,0.837829083111618,0.979385029651026,2.51275175670737,1.49485492805336,4.41838027200215,6.9754419150033,17.7322454298241,80,,,,,,,,,,,,,,,,,,,,,,,,,,,,,,,
"coverage_worst_to_best",500,0.5,0.1,"DML-IVQR",50,0.94,3,0.06,0.0335857112474933,0.837829083111618,0.979385029651026,2.40755522588439,1.95834885648631,5.32092132135234,5.8548737685072,8.30827251173482,81,,,,,,,,,,,,,,,,,,,,,,,,,,,,,,,
"coverage_worst_to_best",1000,0.5,0.5,"Full-GMM",50,0.94,3,0.06,0.0335857112474933,0.837829083111618,0.979385029651026,2.34867442543022,1.72013534332962,5.17762399318081,6.24749422738963,11.605644317412,82,,,,,,,,,,,,,,,,,,,,,,,,,,,,,,,
"coverage_worst_to_best",1000,0.5,0.1,"Full-GMM",50,0.94,3,0.06,0.0335857112474933,0.837829083111618,0.979385029651026,2.33611601667071,1.95353544855936,4.70179846381334,6.04692557250771,11.6795931784862,83,,,,,,,,,,,,,,,,,,,,,,,,,,,,,,,
"coverage_worst_to_best",1000,0.25,0.5,"Full-GMM",50,0.94,3,0.06,0.0335857112474933,0.837829083111618,0.979385029651026,2.31769947604615,1.49161897425701,5.4361406789971,6.41090195881284,9.18985473535798,84,,,,,,,,,,,,,,,,,,,,,,,,,,,,,,,
"coverage_worst_to_best",500,0.5,0.25,"DML-IVQR",50,0.94,3,0.06,0.0335857112474933,0.837829083111618,0.979385029651026,2.24058609795596,1.76179775743518,4.44779408563554,6.26525437474023,10.4056498151138,85,,,,,,,,,,,,,,,,,,,,,,,,,,,,,,,
"coverage_worst_to_best",500,0.1,0.25,"Full-GMM",50,0.94,3,0.06,0.0335857112474933,0.837829083111618,0.979385029651026,2.23054565437752,1.64055904545286,4.98841151262754,6.40744232089001,12.4582449488985,86,,,,,,,,,,,,,,,,,,,,,,,,,,,,,,,
"coverage_worst_to_best",1000,0.9,0.25,"Full-GMM",50,0.94,3,0.06,0.0335857112474933,0.837829083111618,0.979385029651026,2.23039764037427,1.5295225216772,4.85473065633303,5.99729489946109,8.85139617374311,87,,,,,,,,,,,,,,,,,,,,,,,,,,,,,,,
"coverage_worst_to_best",1000,0.9,0.1,"DML-IVQR",50,0.94,3,0.06,0.0335857112474933,0.837829083111618,0.979385029651026,2.18851234967213,1.51335064975122,4.35983262128582,6.63468291624659,9.83230634698121,88,,,,,,,,,,,,,,,,,,,,,,,,,,,,,,,
"coverage_worst_to_best",1000,0.1,0.25,"Oracle-GMM",50,0.94,3,0.06,0.0335857112474933,0.837829083111618,0.979385029651026,2.15508603379109,1.65122158326063,4.18365052806613,5.98895407057487,8.691486016915,89,,,,,,,,,,,,,,,,,,,,,,,,,,,,,,,
"coverage_worst_to_best",500,0.25,1,"DML-IVQR",50,0.94,3,0.06,0.0335857112474933,0.837829083111618,0.979385029651026,2.14757841755426,1.74853233088897,4.05078083269106,6.44979598517071,10.4477765091847,90,,,,,,,,,,,,,,,,,,,,,,,,,,,,,,,
"coverage_worst_to_best",500,0.1,0.25,"Oracle-GMM",50,0.94,3,0.06,0.0335857112474933,0.837829083111618,0.979385029651026,2.13802292619986,1.49480760451737,4.77488788187709,5.89597067500767,7.54723893402806,91,,,,,,,,,,,,,,,,,,,,,,,,,,,,,,,
"coverage_worst_to_best",1000,0.25,0.25,"Full-GMM",50,0.94,3,0.06,0.0335857112474933,0.837829083111618,0.979385029651026,2.09171593648077,1.40599852776041,4.52003519394788,6.29887290990622,9.42327681935691,92,,,,,,,,,,,,,,,,,,,,,,,,,,,,,,,
"coverage_worst_to_best",500,0.5,1,"Full-GMM",50,0.94,3,0.06,0.0335857112474933,0.837829083111618,0.979385029651026,2.09139226214415,0.958278130061869,4.23103979235863,5.92494764900566,12.7326399318843,93,,,,,,,,,,,,,,,,,,,,,,,,,,,,,,,
"coverage_worst_to_best",500,0.1,0.5,"DML-IVQR",50,0.94,3,0.06,0.0335857112474933,0.837829083111618,0.979385029651026,1.98621319862294,1.53266854934984,4.52351706357191,5.80223186040666,7.40857046680383,94,,,,,,,,,,,,,,,,,,,,,,,,,,,,,,,
"coverage_worst_to_best",500,0.25,0.1,"Full-GMM",50,0.94,3,0.06,0.0335857112474933,0.837829083111618,0.979385029651026,1.93223911254754,1.21038382977847,4.07446790815646,6.1855765272565,9.30413758028198,95,,,,,,,,,,,,,,,,,,,,,,,,,,,,,,,
"coverage_worst_to_best",500,0.9,0.25,"DML-IVQR",50,0.94,3,0.06,0.0335857112474933,0.837829083111618,0.979385029651026,1.88408237124074,1.39420540766258,3.78363298970658,5.39379830338491,11.7007368338642,96,,,,,,,,,,,,,,,,,,,,,,,,,,,,,,,
"coverage_worst_to_best",500,0.25,0.25,"Full-GMM",50,0.96,2,0.04,0.027712812921102,0.86539909312493,0.98896111567238,2.26077745557348,1.58744441680676,4.52517394664718,5.22639666336069,13.9164180425436,97,,,,,,,,,,,,,,,,,,,,,,,,,,,,,,,
"coverage_worst_to_best",1000,0.75,0.25,"Full-GMM",50,0.96,2,0.04,0.027712812921102,0.86539909312493,0.98896111567238,2.25791085267987,1.66303437290447,4.01304800788095,5.06157876812945,12.879980956075,98,,,,,,,,,,,,,,,,,,,,,,,,,,,,,,,
"coverage_worst_to_best",1000,0.25,0.25,"Oracle-GMM",50,0.96,2,0.04,0.027712812921102,0.86539909312493,0.98896111567238,2.11494141436723,1.55541953508088,5.25529225358466,5.66523253221208,7.71871053687077,99,,,,,,,,,,,,,,,,,,,,,,,,,,,,,,,
"coverage_worst_to_best",500,0.5,0.1,"Full-GMM",50,0.96,2,0.04,0.027712812921102,0.86539909312493,0.98896111567238,2.07714912085779,1.32853950119389,5.31953669016192,5.66771316006353,7.48334949264514,100,,,,,,,,,,,,,,,,,,,,,,,,,,,,,,,
"coverage_worst_to_best",500,0.1,1,"DML-IVQR",50,0.96,2,0.04,0.027712812921102,0.86539909312493,0.98896111567238,2.06710959298234,1.52081302141691,4.54403125162998,5.40305325696722,9.52010404584779,101,,,,,,,,,,,,,,,,,,,,,,,,,,,,,,,
"coverage_worst_to_best",1000,0.25,0.1,"Oracle-GMM",50,0.96,2,0.04,0.027712812921102,0.86539909312493,0.98896111567238,1.92671783284565,1.51544833217236,4.19561951028005,5.08946827277968,8.65055426898583,102,,,,,,,,,,,,,,,,,,,,,,,,,,,,,,,
"coverage_worst_to_best",500,0.9,0.5,"Oracle-GMM",50,0.96,2,0.04,0.027712812921102,0.86539909312493,0.98896111567238,1.87530809835638,1.35341753842676,4.35273179487815,4.90843130710223,8.84809878275008,103,,,,,,,,,,,,,,,,,,,,,,,,,,,,,,,
"coverage_worst_to_best",1000,0.1,1,"DML-IVQR",50,0.96,2,0.04,0.027712812921102,0.86539909312493,0.98896111567238,1.81267080927388,1.15816121462703,4.89382549418447,5.5573300375164,8.91270827188416,104,,,,,,,,,,,,,,,,,,,,,,,,,,,,,,,
"coverage_worst_to_best",1000,0.25,0.5,"DML-IVQR",50,0.96,2,0.04,0.027712812921102,0.86539909312493,0.98896111567238,1.79781657488299,1.3306811568549,3.58547891352534,4.855788587675,10.8393810773609,105,,,,,,,,,,,,,,,,,,,,,,,,,,,,,,,
"coverage_worst_to_best",500,0.9,0.1,"Full-GMM",50,0.96,2,0.04,0.027712812921102,0.86539909312493,0.98896111567238,1.77196999986945,1.09926674342016,4.06557618142807,5.10658334953254,8.37804120359158,106,,,,,,,,,,,,,,,,,,,,,,,,,,,,,,,
"coverage_worst_to_best",1000,0.25,0.25,"DML-IVQR",50,0.96,2,0.04,0.027712812921102,0.86539909312493,0.98896111567238,1.71666984478127,0.920998333455259,4.14960554360275,4.79965480512489,8.71252773551328,107,,,,,,,,,,,,,,,,,,,,,,,,,,,,,,,
"coverage_worst_to_best",500,0.9,0.1,"DML-IVQR",50,0.96,2,0.04,0.027712812921102,0.86539909312493,0.98896111567238,1.68791883062702,1.05274927871992,3.84557173132931,4.52478407417996,11.1096191786113,108,,,,,,,,,,,,,,,,,,,,,,,,,,,,,,,
"coverage_worst_to_best",500,0.75,0.1,"Full-GMM",50,0.98,1,0.02,0.0197989898732233,0.895045564103622,0.996460740728354,2.17576985615711,1.6308239166931,4.53785142840969,4.98078668119179,8.70773492548894,109,,,,,,,,,,,,,,,,,,,,,,,,,,,,,,,
"coverage_worst_to_best",500,0.1,0.1,"Full-GMM",50,0.98,1,0.02,0.0197989898732233,0.895045564103622,0.996460740728354,1.9304100273591,1.76421532216132,4.3534897275156,4.74150396695928,6.42041627644827,110,,,,,,,,,,,,,,,,,,,,,,,,,,,,,,,
"coverage_worst_to_best",1000,0.25,0.1,"Full-GMM",50,0.98,1,0.02,0.0197989898732233,0.895045564103622,0.996460740728354,1.82873286261612,1.38763758358412,4.1058251829665,5.31715291824091,6.50821322756833,111,,,,,,,,,,,,,,,,,,,,,,,,,,,,,,,
"coverage_worst_to_best",500,0.9,0.1,"Oracle-GMM",50,0.98,1,0.02,0.0197989898732233,0.895045564103622,0.996460740728354,1.70279036213092,1.23201676205923,3.75774470372621,4.06289600560621,6.47334429889797,112,,,,,,,,,,,,,,,,,,,,,,,,,,,,,,,
"coverage_worst_to_best",500,0.75,0.5,"Oracle-GMM",50,0.98,1,0.02,0.0197989898732233,0.895045564103622,0.996460740728354,1.6451310427815,1.13147973268253,3.72135888117009,4.2780085782567,7.05540700099716,113,,,,,,,,,,,,,,,,,,,,,,,,,,,,,,,
"coverage_worst_to_best",500,0.9,0.25,"Oracle-GMM",50,0.98,1,0.02,0.0197989898732233,0.895045564103622,0.996460740728354,1.59948332854734,1.22734203749624,3.15631045982472,3.55739121653567,8.06731195099121,114,,,,,,,,,,,,,,,,,,,,,,,,,,,,,,,
"coverage_worst_to_best",1000,0.25,0.1,"DML-IVQR",50,0.98,1,0.02,0.0197989898732233,0.895045564103622,0.996460740728354,1.54830430107378,1.0565573773237,3.50940924737604,4.21475378187205,7.96773840129056,115,,,,,,,,,,,,,,,,,,,,,,,,,,,,,,,
"coverage_worst_to_best",500,0.75,0.25,"Oracle-GMM",50,0.98,1,0.02,0.0197989898732233,0.895045564103622,0.996460740728354,1.50507197948023,0.923897956376444,2.90498115429184,3.79233201372268,6.33818842077948,116,,,,,,,,,,,,,,,,,,,,,,,,,,,,,,,
"coverage_worst_to_best",500,0.75,0.1,"Oracle-GMM",50,0.98,1,0.02,0.0197989898732233,0.895045564103622,0.996460740728354,1.44412427705896,1.17697975460094,2.80703946278195,3.40744279753594,7.6767973912176,117,,,,,,,,,,,,,,,,,,,,,,,,,,,,,,,
"coverage_worst_to_best",500,0.75,0.5,"DML-IVQR",50,1,0,0,0,0.928652400866641,1,1.8931010500433,1.40147640555939,4.33748242671349,4.50484994289902,5.76955814771603,118,,,,,,,,,,,,,,,,,,,,,,,,,,,,,,,
"coverage_worst_to_best",500,0.75,0.25,"DML-IVQR",50,1,0,0,0,0.928652400866641,1,1.69906152018403,1.06748679928068,4.13641231133663,4.22448039979464,5.3050781498183,119,,,,,,,,,,,,,,,,,,,,,,,,,,,,,,,
"coverage_worst_to_best",500,0.75,0.1,"DML-IVQR",50,1,0,0,0,0.928652400866641,1,1.65565603333459,1.33725769337771,3.76256167871425,4.6827502961668,5.33236334616506,120,,,,,,,,,,,,,,,,,,,,,,,,,,,,,,,
"kappa1_coverage",500,0.1,1,"Oracle-GMM",50,0.82,9,0.18,0.0543323108288245,0.692039463256992,0.902298073297658,3.35868768770907,2.6438482502728,7.41353197051233,8.09270270166436,15.5431658482303,,,,,,,,,,,,,,,,,,,,,,,,,,,,,,,,
"kappa1_coverage",500,0.1,1,"Full-GMM",50,0.48,26,0.52,0.0706540869306228,0.347971352865781,0.614882551099554,7.91472597364359,6.87719322188836,15.9947452842865,18.3802439395531,21.8241494924673,,,,,,,,,,,,,,,,,,,,,,,,,,,,,,,,
"kappa1_coverage",500,0.1,1,"DML-IVQR",50,0.96,2,0.04,0.027712812921102,0.86539909312493,0.98896111567238,2.06710959298234,1.52081302141691,4.54403125162998,5.40305325696722,9.52010404584779,,,,,,,,,,,,,,,,,,,,,,,,,,,,,,,,
"kappa1_coverage",500,0.25,1,"Oracle-GMM",50,0.8,10,0.2,0.0565685424949238,0.669628940677746,0.887562499842239,3.56934814823149,1.97609496814672,9.18187481725067,12.7259155325295,18.2816659993776,,,,,,,,,,,,,,,,,,,,,,,,,,,,,,,,
"kappa1_coverage",500,0.25,1,"Full-GMM",50,0.82,9,0.18,0.0543323108288245,0.692039463256992,0.902298073297658,3.86196382470721,2.97547678542424,10.2853269755287,10.8321692132645,15.8391758461801,,,,,,,,,,,,,,,,,,,,,,,,,,,,,,,,
"kappa1_coverage",500,0.25,1,"DML-IVQR",50,0.94,3,0.06,0.0335857112474933,0.837829083111618,0.979385029651026,2.14757841755426,1.74853233088897,4.05078083269106,6.44979598517071,10.4477765091847,,,,,,,,,,,,,,,,,,,,,,,,,,,,,,,,
"kappa1_coverage",500,0.5,1,"Oracle-GMM",50,0.88,6,0.12,0.0459565011723042,0.76195182616797,0.943823998490677,2.83313854438493,2.37494376045033,6.16194240240497,7.9065366366625,13.080543986974,,,,,,,,,,,,,,,,,,,,,,,,,,,,,,,,
"kappa1_coverage",500,0.5,1,"Full-GMM",50,0.94,3,0.06,0.0335857112474933,0.837829083111618,0.979385029651026,2.09139226214415,0.958278130061869,4.23103979235863,5.92494764900566,12.7326399318843,,,,,,,,,,,,,,,,,,,,,,,,,,,,,,,,
"kappa1_coverage",500,0.5,1,"DML-IVQR",50,0.94,3,0.06,0.0335857112474933,0.837829083111618,0.979385029651026,2.54250225890496,1.60471669407201,4.87005173821667,6.49384731187726,16.6994023521728,,,,,,,,,,,,,,,,,,,,,,,,,,,,,,,,
"kappa1_coverage",500,0.75,1,"Oracle-GMM",50,0.92,4,0.08,0.0383666521865017,0.811617530816572,0.968450485911407,2.39523113751024,1.68231785879652,5.71170777940063,6.31500029937021,9.19378381918158,,,,,,,,,,,,,,,,,,,,,,,,,,,,,,,,
"kappa1_coverage",500,0.75,1,"Full-GMM",50,0.84,8,0.16,0.0518459255872629,0.71485783936965,0.916625793219666,3.19352750712613,2.34471512462387,7.52884574564591,8.99504523202605,10.3390281208711,,,,,,,,,,,,,,,,,,,,,,,,,,,,,,,,
"kappa1_coverage",500,0.75,1,"DML-IVQR",50,0.74,13,0.26,0.0620322496770833,0.604468427351512,0.841284725064476,4.11877063805546,3.05255741263151,8.58930573207662,9.51187687333193,12.5652586704655,,,,,,,,,,,,,,,,,,,,,,,,,,,,,,,,
"kappa1_coverage",500,0.9,1,"Oracle-GMM",50,0.94,3,0.06,0.0335857112474933,0.837829083111618,0.979385029651026,2.51275175670737,1.49485492805336,4.41838027200215,6.9754419150033,17.7322454298241,,,,,,,,,,,,,,,,,,,,,,,,,,,,,,,,
"kappa1_coverage",500,0.9,1,"Full-GMM",50,0.42,29,0.58,0.0697997134664606,0.29375003354712,0.557665582314218,7.57994765790494,6.44391228208959,15.5703790745233,16.2751649434889,25.0006541183203,,,,,,,,,,,,,,,,,,,,,,,,,,,,,,,,
"kappa1_coverage",500,0.9,1,"DML-IVQR",50,0.64,18,0.36,0.0678822509939086,0.501410168761127,0.758612503481533,5.45141149585494,4.41729240447183,9.30369801329616,15.0070832467695,18.9659503816707,,,,,,,,,,,,,,,,,,,,,,,,,,,,,,,,
"kappa1_coverage",1000,0.1,1,"Oracle-GMM",50,0.76,12,0.24,0.060398675482166,0.625873162420571,0.857026086030083,3.77075706869578,3.14285302780147,7.59640430163848,9.82383939811256,11.5161256594062,,,,,,,,,,,,,,,,,,,,,,,,,,,,,,,,
"kappa1_coverage",1000,0.1,1,"Full-GMM",50,0.36,32,0.64,0.0678822509939086,0.241387496518467,0.498589831238873,10.3309346323001,10.1874717770538,19.6017958105445,21.5540769777024,33.0846679843949,,,,,,,,,,,,,,,,,,,,,,,,,,,,,,,,
"kappa1_coverage",1000,0.1,1,"DML-IVQR",50,0.96,2,0.04,0.027712812921102,0.86539909312493,0.98896111567238,1.81267080927388,1.15816121462703,4.89382549418447,5.5573300375164,8.91270827188416,,,,,,,,,,,,,,,,,,,,,,,,,,,,,,,,
"kappa1_coverage",1000,0.25,1,"Oracle-GMM",50,0.9,5,0.1,0.0424264068711928,0.786397685625204,0.95652423506811,2.55679163947381,1.92435420771857,5.87872749501574,7.9727954729097,8.12634260968891,,,,,,,,,,,,,,,,,,,,,,,,,,,,,,,,
"kappa1_coverage",1000,0.25,1,"Full-GMM",50,0.74,13,0.26,0.0620322496770833,0.604468427351512,0.841284725064476,4.91020787912273,3.878843341786,12.9274125437577,15.6865316841371,22.2049664385699,,,,,,,,,,,,,,,,,,,,,,,,,,,,,,,,
"kappa1_coverage",1000,0.25,1,"DML-IVQR",50,0.9,5,0.1,0.0424264068711928,0.786397685625204,0.95652423506811,2.51408987191651,1.71290763379525,5.169092675445,7.07866103833669,14.4048573917162,,,,,,,,,,,,,,,,,,,,,,,,,,,,,,,,
"kappa1_coverage",1000,0.5,1,"Oracle-GMM",50,0.88,6,0.12,0.0459565011723042,0.76195182616797,0.943823998490677,2.42159742320493,1.57070105014845,6.12881222254228,8.02318344004753,10.2814142544475,,,,,,,,,,,,,,,,,,,,,,,,,,,,,,,,
"kappa1_coverage",1000,0.5,1,"Full-GMM",50,0.84,8,0.16,0.0518459255872629,0.71485783936965,0.916625793219666,2.82511504397638,1.86319927099098,6.62088821664227,8.47799185466797,14.0255261211246,,,,,,,,,,,,,,,,,,,,,,,,,,,,,,,,
"kappa1_coverage",1000,0.5,1,"DML-IVQR",50,0.84,8,0.16,0.0518459255872629,0.71485783936965,0.916625793219666,3.29505635310336,2.52767602940994,7.14783903026726,8.62479750739634,12.9221342447782,,,,,,,,,,,,,,,,,,,,,,,,,,,,,,,,
"kappa1_coverage",1000,0.75,1,"Oracle-GMM",50,0.92,4,0.08,0.0383666521865017,0.811617530816572,0.968450485911407,2.65891185900343,1.73354259048114,5.31857978906639,7.31657768651735,15.2930646220486,,,,,,,,,,,,,,,,,,,,,,,,,,,,,,,,
"kappa1_coverage",1000,0.75,1,"Full-GMM",50,0.8,10,0.2,0.0565685424949238,0.669628940677746,0.887562499842239,4.0169825924241,2.85626728556116,9.60609384491297,11.272166034559,23.9947069274453,,,,,,,,,,,,,,,,,,,,,,,,,,,,,,,,
"kappa1_coverage",1000,0.75,1,"DML-IVQR",50,0.68,16,0.32,0.0659696900098826,0.541897026918559,0.792417837393432,5.70356281960699,4.32303724260713,13.2088412971741,15.9283683843099,29.9303059276301,,,,,,,,,,,,,,,,,,,,,,,,,,,,,,,,
"kappa1_coverage",1000,0.9,1,"Oracle-GMM",50,0.92,4,0.08,0.0383666521865017,0.811617530816572,0.968450485911407,2.87152706178727,2.51704329848138,5.92854793067274,6.52207100982023,9.00077535349469,,,,,,,,,,,,,,,,,,,,,,,,,,,,,,,,
"kappa1_coverage",1000,0.9,1,"Full-GMM",50,0.64,18,0.36,0.0678822509939086,0.501410168761127,0.758612503481533,6.27709273196839,4.3849575870277,15.4838303455086,18.7794709259582,21.2761951362424,,,,,,,,,,,,,,,,,,,,,,,,,,,,,,,,
"kappa1_coverage",1000,0.9,1,"DML-IVQR",50,0.5,25,0.5,0.0707106781186548,0.366445143168286,0.633554856831714,6.67614567265552,5.99628831560352,12.6478673760134,14.2429834468756,21.0453763289558,,,,,,,,,,,,,,,,,,,,,,,,,,,,,,,,
"chi_square_diagnostic",500,0.1,1,"Oracle-GMM",,,,,,,,,,,,,,2.6438482502728,7.41353197051233,8.09270270166436,14.7533350126915,3.35868768770907,15.5431658482303,4.60517018598809,5.99146454710798,9.21034037197618,,,,,,,,,,,,,,,,,,,,,,
"chi_square_diagnostic",500,0.1,1,"Full-GMM",,,,,,,,,,,,,,6.87719322188836,15.9947452842865,18.3802439395531,20.842589908656,7.91472597364359,21.8241494924673,4.60517018598809,5.99146454710798,9.21034037197618,,,,,,,,,,,,,,,,,,,,,,
"chi_square_diagnostic",500,0.1,1,"DML-IVQR",,,,,,,,,,,,,,1.52081302141691,4.54403125162998,5.40305325696722,8.72619434510962,2.06710959298234,9.52010404584779,4.60517018598809,5.99146454710798,9.21034037197618,,,,,,,,,,,,,,,,,,,,,,
"chi_square_diagnostic",500,0.1,0.5,"Oracle-GMM",,,,,,,,,,,,,,1.66289019013342,6.61613648292553,7.10694692235361,9.30596894031535,2.72022808579967,10.2573033217547,4.60517018598809,5.99146454710798,9.21034037197618,,,,,,,,,,,,,,,,,,,,,,
"chi_square_diagnostic",500,0.1,0.5,"Full-GMM",,,,,,,,,,,,,,2.10515878556439,6.14752811500312,7.83909755543029,10.4895487065855,2.93936950777663,10.8578185510946,4.60517018598809,5.99146454710798,9.21034037197618,,,,,,,,,,,,,,,,,,,,,,
"chi_square_diagnostic",500,0.1,0.5,"DML-IVQR",,,,,,,,,,,,,,1.53266854934984,4.52351706357191,5.80223186040666,6.92933633790208,1.98621319862294,7.40857046680383,4.60517018598809,5.99146454710798,9.21034037197618,,,,,,,,,,,,,,,,,,,,,,
"chi_square_diagnostic",500,0.1,0.25,"Oracle-GMM",,,,,,,,,,,,,,1.49480760451737,4.77488788187709,5.89597067500767,6.9814831674339,2.13802292619986,7.54723893402806,4.60517018598809,5.99146454710798,9.21034037197618,,,,,,,,,,,,,,,,,,,,,,
"chi_square_diagnostic",500,0.1,0.25,"Full-GMM",,,,,,,,,,,,,,1.64055904545286,4.98841151262754,6.40744232089001,10.6861557041938,2.23054565437752,12.4582449488985,4.60517018598809,5.99146454710798,9.21034037197618,,,,,,,,,,,,,,,,,,,,,,
"chi_square_diagnostic",500,0.1,0.25,"DML-IVQR",,,,,,,,,,,,,,1.63160655835814,5.20739606724278,6.65938281531699,8.10781779211641,2.37045003349467,8.90080293049707,4.60517018598809,5.99146454710798,9.21034037197618,,,,,,,,,,,,,,,,,,,,,,
"chi_square_diagnostic",500,0.1,0.1,"Oracle-GMM",,,,,,,,,,,,,,1.52077221240118,5.75056832234382,7.23578747468959,9.22986194592615,2.42834105022323,10.359082498478,4.60517018598809,5.99146454710798,9.21034037197618,,,,,,,,,,,,,,,,,,,,,,
"chi_square_diagnostic",500,0.1,0.1,"Full-GMM",,,,,,,,,,,,,,1.76421532216132,4.3534897275156,4.74150396695928,5.70399043302761,1.9304100273591,6.42041627644827,4.60517018598809,5.99146454710798,9.21034037197618,,,,,,,,,,,,,,,,,,,,,,
"chi_square_diagnostic",500,0.1,0.1,"DML-IVQR",,,,,,,,,,,,,,2.12934922433743,5.83805744069387,6.65202723463543,7.61029851499552,2.47899374213252,8.27945323803199,4.60517018598809,5.99146454710798,9.21034037197618,,,,,,,,,,,,,,,,,,,,,,
"chi_square_diagnostic",500,0.25,1,"Oracle-GMM",,,,,,,,,,,,,,1.97609496814672,9.18187481725067,12.7259155325295,15.8291313196005,3.56934814823149,18.2816659993776,4.60517018598809,5.99146454710798,9.21034037197618,,,,,,,,,,,,,,,,,,,,,,
"chi_square_diagnostic",500,0.25,1,"Full-GMM",,,,,,,,,,,,,,2.97547678542424,10.2853269755287,10.8321692132645,13.6565105168368,3.86196382470721,15.8391758461801,4.60517018598809,5.99146454710798,9.21034037197618,,,,,,,,,,,,,,,,,,,,,,
"chi_square_diagnostic",500,0.25,1,"DML-IVQR",,,,,,,,,,,,,,1.74853233088897,4.05078083269106,6.44979598517071,8.88355091905257,2.14757841755426,10.4477765091847,4.60517018598809,5.99146454710798,9.21034037197618,,,,,,,,,,,,,,,,,,,,,,
"chi_square_diagnostic",500,0.25,0.5,"Oracle-GMM",,,,,,,,,,,,,,1.52456814457679,5.04935435296366,7.73124629676452,13.367665570059,2.40864498301415,15.6449964788181,4.60517018598809,5.99146454710798,9.21034037197618,,,,,,,,,,,,,,,,,,,,,,
"chi_square_diagnostic",500,0.25,0.5,"Full-GMM",,,,,,,,,,,,,,2.36597687137505,6.27383029279342,9.87970117613103,12.8246331304935,3.20539486604632,13.0725163359567,4.60517018598809,5.99146454710798,9.21034037197618,,,,,,,,,,,,,,,,,,,,,,
"chi_square_diagnostic",500,0.25,0.5,"DML-IVQR",,,,,,,,,,,,,,1.52359929631475,4.85446102079188,6.15637340625526,7.32102879563513,2.23837787546961,7.95790817911211,4.60517018598809,5.99146454710798,9.21034037197618,,,,,,,,,,,,,,,,,,,,,,
"chi_square_diagnostic",500,0.25,0.25,"Oracle-GMM",,,,,,,,,,,,,,1.62885862122015,5.70133882155836,7.50748855729646,10.0515785815461,2.34347786780683,10.9894560852292,4.60517018598809,5.99146454710798,9.21034037197618,,,,,,,,,,,,,,,,,,,,,,
"chi_square_diagnostic",500,0.25,0.25,"Full-GMM",,,,,,,,,,,,,,1.58744441680676,4.52517394664718,5.22639666336069,13.4064023735783,2.26077745557348,13.9164180425436,4.60517018598809,5.99146454710798,9.21034037197618,,,,,,,,,,,,,,,,,,,,,,
"chi_square_diagnostic",500,0.25,0.25,"DML-IVQR",,,,,,,,,,,,,,1.39759865343626,4.7296579653572,7.63536920992817,8.54540267909992,2.077423542476,8.62082291140518,4.60517018598809,5.99146454710798,9.21034037197618,,,,,,,,,,,,,,,,,,,,,,
"chi_square_diagnostic",500,0.25,0.1,"Oracle-GMM",,,,,,,,,,,,,,1.43783673436551,6.04258226441601,6.87028899542167,9.31760780512079,2.25137679791964,10.9152426217347,4.60517018598809,5.99146454710798,9.21034037197618,,,,,,,,,,,,,,,,,,,,,,
"chi_square_diagnostic",500,0.25,0.1,"Full-GMM",,,,,,,,,,,,,,1.21038382977847,4.07446790815646,6.1855765272565,8.77437376453021,1.93223911254754,9.30413758028198,4.60517018598809,5.99146454710798,9.21034037197618,,,,,,,,,,,,,,,,,,,,,,
"chi_square_diagnostic",500,0.25,0.1,"DML-IVQR",,,,,,,,,,,,,,1.42915182697508,5.44867201642808,7.101792842402,10.4571366757989,2.0927328942805,11.7095744897832,4.60517018598809,5.99146454710798,9.21034037197618,,,,,,,,,,,,,,,,,,,,,,
"chi_square_diagnostic",500,0.5,1,"Oracle-GMM",,,,,,,,,,,,,,2.37494376045033,6.16194240240497,7.9065366366625,12.0935409133249,2.83313854438493,13.080543986974,4.60517018598809,5.99146454710798,9.21034037197618,,,,,,,,,,,,,,,,,,,,,,
"chi_square_diagnostic",500,0.5,1,"Full-GMM",,,,,,,,,,,,,,0.958278130061869,4.23103979235863,5.92494764900566,10.6042254945342,2.09139226214415,12.7326399318843,4.60517018598809,5.99146454710798,9.21034037197618,,,,,,,,,,,,,,,,,,,,,,
"chi_square_diagnostic",500,0.5,1,"DML-IVQR",,,,,,,,,,,,,,1.60471669407201,4.87005173821667,6.49384731187726,12.4971426229569,2.54250225890496,16.6994023521728,4.60517018598809,5.99146454710798,9.21034037197618,,,,,,,,,,,,,,,,,,,,,,
"chi_square_diagnostic",500,0.5,0.5,"Oracle-GMM",,,,,,,,,,,,,,1.71229078275877,5.6105018421573,8.7683659035404,10.7873518202605,2.58645088129509,11.0392014476917,4.60517018598809,5.99146454710798,9.21034037197618,,,,,,,,,,,,,,,,,,,,,,
"chi_square_diagnostic",500,0.5,0.5,"Full-GMM",,,,,,,,,,,,,,1.97997238997698,5.74785454949042,6.93183476795698,7.70341720880722,2.50019980952191,7.7949925824844,4.60517018598809,5.99146454710798,9.21034037197618,,,,,,,,,,,,,,,,,,,,,,
"chi_square_diagnostic",500,0.5,0.5,"DML-IVQR",,,,,,,,,,,,,,1.35383490702994,5.10080355881422,6.26786875459067,9.4960337384908,2.25371941175054,9.95069590427748,4.60517018598809,5.99146454710798,9.21034037197618,,,,,,,,,,,,,,,,,,,,,,
"chi_square_diagnostic",500,0.5,0.25,"Oracle-GMM",,,,,,,,,,,,,,1.41663481839955,5.30191275196378,8.70613199249683,10.6177583688301,2.46943464752418,11.0073252092537,4.60517018598809,5.99146454710798,9.21034037197618,,,,,,,,,,,,,,,,,,,,,,
"chi_square_diagnostic",500,0.5,0.25,"Full-GMM",,,,,,,,,,,,,,1.48779611521788,5.76475631361387,6.33500658080105,7.76142707443099,2.10178923001666,8.5194996226454,4.60517018598809,5.99146454710798,9.21034037197618,,,,,,,,,,,,,,,,,,,,,,
"chi_square_diagnostic",500,0.5,0.25,"DML-IVQR",,,,,,,,,,,,,,1.76179775743518,4.44779408563554,6.26525437474023,9.44687174155392,2.24058609795596,10.4056498151138,4.60517018598809,5.99146454710798,9.21034037197618,,,,,,,,,,,,,,,,,,,,,,
"chi_square_diagnostic",500,0.5,0.1,"Oracle-GMM",,,,,,,,,,,,,,1.7137669188782,5.8212759391737,7.67849074798745,10.2286087064528,2.48124547229872,11.6256956678611,4.60517018598809,5.99146454710798,9.21034037197618,,,,,,,,,,,,,,,,,,,,,,
"chi_square_diagnostic",500,0.5,0.1,"Full-GMM",,,,,,,,,,,,,,1.32853950119389,5.31953669016192,5.66771316006353,6.85597174166107,2.07714912085779,7.48334949264514,4.60517018598809,5.99146454710798,9.21034037197618,,,,,,,,,,,,,,,,,,,,,,
"chi_square_diagnostic",500,0.5,0.1,"DML-IVQR",,,,,,,,,,,,,,1.95834885648631,5.32092132135234,5.8548737685072,7.93063233749924,2.40755522588439,8.30827251173482,4.60517018598809,5.99146454710798,9.21034037197618,,,,,,,,,,,,,,,,,,,,,,
"chi_square_diagnostic",500,0.75,1,"Oracle-GMM",,,,,,,,,,,,,,1.68231785879652,5.71170777940063,6.31500029937021,8.58004620663344,2.39523113751024,9.19378381918158,4.60517018598809,5.99146454710798,9.21034037197618,,,,,,,,,,,,,,,,,,,,,,
"chi_square_diagnostic",500,0.75,1,"Full-GMM",,,,,,,,,,,,,,2.34471512462387,7.52884574564591,8.99504523202605,10.1102820668257,3.19352750712613,10.3390281208711,4.60517018598809,5.99146454710798,9.21034037197618,,,,,,,,,,,,,,,,,,,,,,
"chi_square_diagnostic",500,0.75,1,"DML-IVQR",,,,,,,,,,,,,,3.05255741263151,8.58930573207662,9.51187687333193,11.9500567753613,4.11877063805546,12.5652586704655,4.60517018598809,5.99146454710798,9.21034037197618,,,,,,,,,,,,,,,,,,,,,,
"chi_square_diagnostic",500,0.75,0.5,"Oracle-GMM",,,,,,,,,,,,,,1.13147973268253,3.72135888117009,4.2780085782567,5.75531048154739,1.6451310427815,7.05540700099716,4.60517018598809,5.99146454710798,9.21034037197618,,,,,,,,,,,,,,,,,,,,,,
"chi_square_diagnostic",500,0.75,0.5,"Full-GMM",,,,,,,,,,,,,,1.80869727793359,5.60016401779417,8.62653973737015,11.3653593321215,2.76848551994599,12.7721954209299,4.60517018598809,5.99146454710798,9.21034037197618,,,,,,,,,,,,,,,,,,,,,,
"chi_square_diagnostic",500,0.75,0.5,"DML-IVQR",,,,,,,,,,,,,,1.40147640555939,4.33748242671349,4.50484994289902,5.25598213255033,1.8931010500433,5.76955814771603,4.60517018598809,5.99146454710798,9.21034037197618,,,,,,,,,,,,,,,,,,,,,,
"chi_square_diagnostic",500,0.75,0.25,"Oracle-GMM",,,,,,,,,,,,,,0.923897956376444,2.90498115429184,3.79233201372268,6.06014197894367,1.50507197948023,6.33818842077948,4.60517018598809,5.99146454710798,9.21034037197618,,,,,,,,,,,,,,,,,,,,,,
"chi_square_diagnostic",500,0.75,0.25,"Full-GMM",,,,,,,,,,,,,,1.7844475307271,5.35955460947739,7.58704675993525,9.79936289250523,2.36236766135661,10.1611301666473,4.60517018598809,5.99146454710798,9.21034037197618,,,,,,,,,,,,,,,,,,,,,,
"chi_square_diagnostic",500,0.75,0.25,"DML-IVQR",,,,,,,,,,,,,,1.06748679928068,4.13641231133663,4.22448039979464,4.90857441515575,1.69906152018403,5.3050781498183,4.60517018598809,5.99146454710798,9.21034037197618,,,,,,,,,,,,,,,,,,,,,,
"chi_square_diagnostic",500,0.75,0.1,"Oracle-GMM",,,,,,,,,,,,,,1.17697975460094,2.80703946278195,3.40744279753594,5.77668156866091,1.44412427705896,7.6767973912176,4.60517018598809,5.99146454710798,9.21034037197618,,,,,,,,,,,,,,,,,,,,,,
"chi_square_diagnostic",500,0.75,0.1,"Full-GMM",,,,,,,,,,,,,,1.6308239166931,4.53785142840969,4.98078668119179,6.94390646168068,2.17576985615711,8.70773492548894,4.60517018598809,5.99146454710798,9.21034037197618,,,,,,,,,,,,,,,,,,,,,,
"chi_square_diagnostic",500,0.75,0.1,"DML-IVQR",,,,,,,,,,,,,,1.33725769337771,3.76256167871425,4.6827502961668,5.32129142160895,1.65565603333459,5.33236334616506,4.60517018598809,5.99146454710798,9.21034037197618,,,,,,,,,,,,,,,,,,,,,,
"chi_square_diagnostic",500,0.9,1,"Oracle-GMM",,,,,,,,,,,,,,1.49485492805336,4.41838027200215,6.9754419150033,15.1027637571452,2.51275175670737,17.7322454298241,4.60517018598809,5.99146454710798,9.21034037197618,,,,,,,,,,,,,,,,,,,,,,
"chi_square_diagnostic",500,0.9,1,"Full-GMM",,,,,,,,,,,,,,6.44391228208959,15.5703790745233,16.2751649434889,23.8569587073643,7.57994765790494,25.0006541183203,4.60517018598809,5.99146454710798,9.21034037197618,,,,,,,,,,,,,,,,,,,,,,
"chi_square_diagnostic",500,0.9,1,"DML-IVQR",,,,,,,,,,,,,,4.41729240447183,9.30369801329616,15.0070832467695,18.7217699737199,5.45141149585494,18.9659503816707,4.60517018598809,5.99146454710798,9.21034037197618,,,,,,,,,,,,,,,,,,,,,,
"chi_square_diagnostic",500,0.9,0.5,"Oracle-GMM",,,,,,,,,,,,,,1.35341753842676,4.35273179487815,4.90843130710223,8.70466177991239,1.87530809835638,8.84809878275008,4.60517018598809,5.99146454710798,9.21034037197618,,,,,,,,,,,,,,,,,,,,,,
"chi_square_diagnostic",500,0.9,0.5,"Full-GMM",,,,,,,,,,,,,,2.13323874987405,5.11170536602804,6.16372230460659,8.62893726757169,2.59300782144521,9.98882064054732,4.60517018598809,5.99146454710798,9.21034037197618,,,,,,,,,,,,,,,,,,,,,,
"chi_square_diagnostic",500,0.9,0.5,"DML-IVQR",,,,,,,,,,,,,,1.60135799860135,4.79877406363181,6.52200102585591,12.9916755540383,2.52407552499739,16.6511900075547,4.60517018598809,5.99146454710798,9.21034037197618,,,,,,,,,,,,,,,,,,,,,,
"chi_square_diagnostic",500,0.9,0.25,"Oracle-GMM",,,,,,,,,,,,,,1.22734203749624,3.15631045982472,3.55739121653567,6.25522820066238,1.59948332854734,8.06731195099121,4.60517018598809,5.99146454710798,9.21034037197618,,,,,,,,,,,,,,,,,,,,,,
"chi_square_diagnostic",500,0.9,0.25,"Full-GMM",,,,,,,,,,,,,,1.93796013428424,8.43954267523615,8.70121090876908,8.85478831572208,2.92713906202307,8.86650332847323,4.60517018598809,5.99146454710798,9.21034037197618,,,,,,,,,,,,,,,,,,,,,,
"chi_square_diagnostic",500,0.9,0.25,"DML-IVQR",,,,,,,,,,,,,,1.39420540766258,3.78363298970658,5.39379830338491,9.37071891940773,1.88408237124074,11.7007368338642,4.60517018598809,5.99146454710798,9.21034037197618,,,,,,,,,,,,,,,,,,,,,,
"chi_square_diagnostic",500,0.9,0.1,"Oracle-GMM",,,,,,,,,,,,,,1.23201676205923,3.75774470372621,4.06289600560621,5.45254326921135,1.70279036213092,6.47334429889797,4.60517018598809,5.99146454710798,9.21034037197618,,,,,,,,,,,,,,,,,,,,,,
"chi_square_diagnostic",500,0.9,0.1,"Full-GMM",,,,,,,,,,,,,,1.09926674342016,4.06557618142807,5.10658334953254,7.86637372485537,1.77196999986945,8.37804120359158,4.60517018598809,5.99146454710798,9.21034037197618,,,,,,,,,,,,,,,,,,,,,,
"chi_square_diagnostic",500,0.9,0.1,"DML-IVQR",,,,,,,,,,,,,,1.05274927871992,3.84557173132931,4.52478407417996,9.15406514032993,1.68791883062702,11.1096191786113,4.60517018598809,5.99146454710798,9.21034037197618,,,,,,,,,,,,,,,,,,,,,,
"chi_square_diagnostic",1000,0.1,1,"Oracle-GMM",,,,,,,,,,,,,,3.14285302780147,7.59640430163848,9.82383939811256,11.1866470250583,3.77075706869578,11.5161256594062,4.60517018598809,5.99146454710798,9.21034037197618,,,,,,,,,,,,,,,,,,,,,,
"chi_square_diagnostic",1000,0.1,1,"Full-GMM",,,,,,,,,,,,,,10.1874717770538,19.6017958105445,21.5540769777024,27.8968222824363,10.3309346323001,33.0846679843949,4.60517018598809,5.99146454710798,9.21034037197618,,,,,,,,,,,,,,,,,,,,,,
"chi_square_diagnostic",1000,0.1,1,"DML-IVQR",,,,,,,,,,,,,,1.15816121462703,4.89382549418447,5.5573300375164,7.54028361809356,1.81267080927388,8.91270827188416,4.60517018598809,5.99146454710798,9.21034037197618,,,,,,,,,,,,,,,,,,,,,,
"chi_square_diagnostic",1000,0.1,0.5,"Oracle-GMM",,,,,,,,,,,,,,2.28543111709797,5.46754500885573,6.53094459401436,6.69983918065607,2.60347204617737,6.74636536933963,4.60517018598809,5.99146454710798,9.21034037197618,,,,,,,,,,,,,,,,,,,,,,
"chi_square_diagnostic",1000,0.1,0.5,"Full-GMM",,,,,,,,,,,,,,2.53756187114393,8.12661639878314,9.46671594070053,11.89890736561,3.39949223032992,13.4100931044407,4.60517018598809,5.99146454710798,9.21034037197618,,,,,,,,,,,,,,,,,,,,,,
"chi_square_diagnostic",1000,0.1,0.5,"DML-IVQR",,,,,,,,,,,,,,1.4481530238727,4.65444764457826,6.84815353378631,8.68602658492296,1.97885860790356,9.14603394606853,4.60517018598809,5.99146454710798,9.21034037197618,,,,,,,,,,,,,,,,,,,,,,
"chi_square_diagnostic",1000,0.1,0.25,"Oracle-GMM",,,,,,,,,,,,,,1.65122158326063,4.18365052806613,5.98895407057487,8.65431263264247,2.15508603379109,8.691486016915,4.60517018598809,5.99146454710798,9.21034037197618,,,,,,,,,,,,,,,,,,,,,,
"chi_square_diagnostic",1000,0.1,0.25,"Full-GMM",,,,,,,,,,,,,,1.73696803573921,5.40065597813981,7.3454932677394,7.63093438860648,2.38159435557021,7.7841374825455,4.60517018598809,5.99146454710798,9.21034037197618,,,,,,,,,,,,,,,,,,,,,,
"chi_square_diagnostic",1000,0.1,0.25,"DML-IVQR",,,,,,,,,,,,,,1.38071638251763,5.54550022565691,6.738337713169,8.44487798102217,2.32039829720292,9.24910705270979,4.60517018598809,5.99146454710798,9.21034037197618,,,,,,,,,,,,,,,,,,,,,,
"chi_square_diagnostic",1000,0.1,0.1,"Oracle-GMM",,,,,,,,,,,,,,1.54532350629705,5.10118047877382,6.3302418224269,9.87805471795698,2.12098159660431,11.6701506401888,4.60517018598809,5.99146454710798,9.21034037197618,,,,,,,,,,,,,,,,,,,,,,
"chi_square_diagnostic",1000,0.1,0.1,"Full-GMM",,,,,,,,,,,,,,1.15175391752847,6.18496064226807,7.2330733505751,9.81443848044229,2.28946380598426,10.8161959977269,4.60517018598809,5.99146454710798,9.21034037197618,,,,,,,,,,,,,,,,,,,,,,
"chi_square_diagnostic",1000,0.1,0.1,"DML-IVQR",,,,,,,,,,,,,,1.79533428147983,5.71651976853369,6.51016445429744,8.64833368916885,2.4247248108398,9.65175818813827,4.60517018598809,5.99146454710798,9.21034037197618,,,,,,,,,,,,,,,,,,,,,,
"chi_square_diagnostic",1000,0.25,1,"Oracle-GMM",,,,,,,,,,,,,,1.92435420771857,5.87872749501574,7.9727954729097,8.08056794760028,2.55679163947381,8.12634260968891,4.60517018598809,5.99146454710798,9.21034037197618,,,,,,,,,,,,,,,,,,,,,,
"chi_square_diagnostic",1000,0.25,1,"Full-GMM",,,,,,,,,,,,,,3.878843341786,12.9274125437577,15.6865316841371,20.4667408709167,4.91020787912273,22.2049664385699,4.60517018598809,5.99146454710798,9.21034037197618,,,,,,,,,,,,,,,,,,,,,,
"chi_square_diagnostic",1000,0.25,1,"DML-IVQR",,,,,,,,,,,,,,1.71290763379525,5.169092675445,7.07866103833669,11.6100889257921,2.51408987191651,14.4048573917162,4.60517018598809,5.99146454710798,9.21034037197618,,,,,,,,,,,,,,,,,,,,,,
"chi_square_diagnostic",1000,0.25,0.5,"Oracle-GMM",,,,,,,,,,,,,,1.45871077859436,5.73365906381376,6.66199520744089,8.25720964318662,2.26143563140423,8.88965185746114,4.60517018598809,5.99146454710798,9.21034037197618,,,,,,,,,,,,,,,,,,,,,,
"chi_square_diagnostic",1000,0.25,0.5,"Full-GMM",,,,,,,,,,,,,,1.49161897425701,5.4361406789971,6.41090195881284,8.1424689093739,2.31769947604615,9.18985473535798,4.60517018598809,5.99146454710798,9.21034037197618,,,,,,,,,,,,,,,,,,,,,,
"chi_square_diagnostic",1000,0.25,0.5,"DML-IVQR",,,,,,,,,,,,,,1.3306811568549,3.58547891352534,4.855788587675,9.53246428873498,1.79781657488299,10.8393810773609,4.60517018598809,5.99146454710798,9.21034037197618,,,,,,,,,,,,,,,,,,,,,,
"chi_square_diagnostic",1000,0.25,0.25,"Oracle-GMM",,,,,,,,,,,,,,1.55541953508088,5.25529225358466,5.66523253221208,7.20416768472158,2.11494141436723,7.71871053687077,4.60517018598809,5.99146454710798,9.21034037197618,,,,,,,,,,,,,,,,,,,,,,
"chi_square_diagnostic",1000,0.25,0.25,"Full-GMM",,,,,,,,,,,,,,1.40599852776041,4.52003519394788,6.29887290990622,8.48128168269468,2.09171593648077,9.42327681935691,4.60517018598809,5.99146454710798,9.21034037197618,,,,,,,,,,,,,,,,,,,,,,
"chi_square_diagnostic",1000,0.25,0.25,"DML-IVQR",,,,,,,,,,,,,,0.920998333455259,4.14960554360275,4.79965480512489,7.8264781162238,1.71666984478127,8.71252773551328,4.60517018598809,5.99146454710798,9.21034037197618,,,,,,,,,,,,,,,,,,,,,,
"chi_square_diagnostic",1000,0.25,0.1,"Oracle-GMM",,,,,,,,,,,,,,1.51544833217236,4.19561951028005,5.08946827277968,8.16709962459538,1.92671783284565,8.65055426898583,4.60517018598809,5.99146454710798,9.21034037197618,,,,,,,,,,,,,,,,,,,,,,
"chi_square_diagnostic",1000,0.25,0.1,"Full-GMM",,,,,,,,,,,,,,1.38763758358412,4.1058251829665,5.31715291824091,6.0173516790209,1.82873286261612,6.50821322756833,4.60517018598809,5.99146454710798,9.21034037197618,,,,,,,,,,,,,,,,,,,,,,
"chi_square_diagnostic",1000,0.25,0.1,"DML-IVQR",,,,,,,,,,,,,,1.0565573773237,3.50940924737604,4.21475378187205,6.29818238946984,1.54830430107378,7.96773840129056,4.60517018598809,5.99146454710798,9.21034037197618,,,,,,,,,,,,,,,,,,,,,,
"chi_square_diagnostic",1000,0.5,1,"Oracle-GMM",,,,,,,,,,,,,,1.57070105014845,6.12881222254228,8.02318344004753,9.54332844533747,2.42159742320493,10.2814142544475,4.60517018598809,5.99146454710798,9.21034037197618,,,,,,,,,,,,,,,,,,,,,,
"chi_square_diagnostic",1000,0.5,1,"Full-GMM",,,,,,,,,,,,,,1.86319927099098,6.62088821664227,8.47799185466797,12.3949654108499,2.82511504397638,14.0255261211246,4.60517018598809,5.99146454710798,9.21034037197618,,,,,,,,,,,,,,,,,,,,,,
"chi_square_diagnostic",1000,0.5,1,"DML-IVQR",,,,,,,,,,,,,,2.52767602940994,7.14783903026726,8.62479750739634,12.5301303179921,3.29505635310336,12.9221342447782,4.60517018598809,5.99146454710798,9.21034037197618,,,,,,,,,,,,,,,,,,,,,,
"chi_square_diagnostic",1000,0.5,0.5,"Oracle-GMM",,,,,,,,,,,,,,1.42196560489029,6.18759092044681,6.58219106462878,11.3173686694003,2.43959239214096,11.6354108751572,4.60517018598809,5.99146454710798,9.21034037197618,,,,,,,,,,,,,,,,,,,,,,
"chi_square_diagnostic",1000,0.5,0.5,"Full-GMM",,,,,,,,,,,,,,1.72013534332962,5.17762399318081,6.24749422738963,10.4065230808985,2.34867442543022,11.605644317412,4.60517018598809,5.99146454710798,9.21034037197618,,,,,,,,,,,,,,,,,,,,,,
"chi_square_diagnostic",1000,0.5,0.5,"DML-IVQR",,,,,,,,,,,,,,1.69346954215508,7.11550249960138,8.65710132969311,9.64100652892816,2.35230635719258,10.3782477431245,4.60517018598809,5.99146454710798,9.21034037197618,,,,,,,,,,,,,,,,,,,,,,
"chi_square_diagnostic",1000,0.5,0.25,"Oracle-GMM",,,,,,,,,,,,,,1.15980455983718,5.74485144533057,7.20219098649604,8.56464636684233,2.1537607689036,9.41629656517335,4.60517018598809,5.99146454710798,9.21034037197618,,,,,,,,,,,,,,,,,,,,,,
"chi_square_diagnostic",1000,0.5,0.25,"Full-GMM",,,,,,,,,,,,,,1.5511792403975,5.46559581988886,7.17056097436242,9.41222612003105,2.42205937368211,11.2623575876031,4.60517018598809,5.99146454710798,9.21034037197618,,,,,,,,,,,,,,,,,,,,,,
"chi_square_diagnostic",1000,0.5,0.25,"DML-IVQR",,,,,,,,,,,,,,1.49209027137021,5.52916160579948,7.54355987422504,10.6017562262201,2.2547882556996,12.2180591096732,4.60517018598809,5.99146454710798,9.21034037197618,,,,,,,,,,,,,,,,,,,,,,
"chi_square_diagnostic",1000,0.5,0.1,"Oracle-GMM",,,,,,,,,,,,,,1.29487572284974,6.40824056681602,7.26954345492514,8.66332320675671,2.15035868463012,9.40075835814663,4.60517018598809,5.99146454710798,9.21034037197618,,,,,,,,,,,,,,,,,,,,,,
"chi_square_diagnostic",1000,0.5,0.1,"Full-GMM",,,,,,,,,,,,,,1.95353544855936,4.70179846381334,6.04692557250771,10.3633079337008,2.33611601667071,11.6795931784862,4.60517018598809,5.99146454710798,9.21034037197618,,,,,,,,,,,,,,,,,,,,,,
"chi_square_diagnostic",1000,0.5,0.1,"DML-IVQR",,,,,,,,,,,,,,1.07334770134846,5.03653763598211,8.76095839399678,9.7947900729254,2.11774858593044,10.3603678118039,4.60517018598809,5.99146454710798,9.21034037197618,,,,,,,,,,,,,,,,,,,,,,
"chi_square_diagnostic",1000,0.75,1,"Oracle-GMM",,,,,,,,,,,,,,1.73354259048114,5.31857978906639,7.31657768651735,12.477474051568,2.65891185900343,15.2930646220486,4.60517018598809,5.99146454710798,9.21034037197618,,,,,,,,,,,,,,,,,,,,,,
"chi_square_diagnostic",1000,0.75,1,"Full-GMM",,,,,,,,,,,,,,2.85626728556116,9.60609384491297,11.272166034559,20.1379712621403,4.0169825924241,23.9947069274453,4.60517018598809,5.99146454710798,9.21034037197618,,,,,,,,,,,,,,,,,,,,,,
"chi_square_diagnostic",1000,0.75,1,"DML-IVQR",,,,,,,,,,,,,,4.32303724260713,13.2088412971741,15.9283683843099,23.5481166940363,5.70356281960699,29.9303059276301,4.60517018598809,5.99146454710798,9.21034037197618,,,,,,,,,,,,,,,,,,,,,,
"chi_square_diagnostic",1000,0.75,0.5,"Oracle-GMM",,,,,,,,,,,,,,1.73299922426568,5.91320884382235,6.52411667037451,10.7477707164005,2.7091366521343,14.2670131691065,4.60517018598809,5.99146454710798,9.21034037197618,,,,,,,,,,,,,,,,,,,,,,
"chi_square_diagnostic",1000,0.75,0.5,"Full-GMM",,,,,,,,,,,,,,1.64268030063647,5.06047356166452,6.88312412020979,13.922967506882,2.48263090567671,15.4704985712731,4.60517018598809,5.99146454710798,9.21034037197618,,,,,,,,,,,,,,,,,,,,,,
"chi_square_diagnostic",1000,0.75,0.5,"DML-IVQR",,,,,,,,,,,,,,1.61247126748116,6.9620548508509,11.7772635315736,17.0057809613459,3.27046856147402,21.0781420903125,4.60517018598809,5.99146454710798,9.21034037197618,,,,,,,,,,,,,,,,,,,,,,
"chi_square_diagnostic",1000,0.75,0.25,"Oracle-GMM",,,,,,,,,,,,,,1.3551492394608,6.44879183273019,7.90161105482235,10.1159075840013,2.53875034919406,12.1094469527164,4.60517018598809,5.99146454710798,9.21034037197618,,,,,,,,,,,,,,,,,,,,,,
"chi_square_diagnostic",1000,0.75,0.25,"Full-GMM",,,,,,,,,,,,,,1.66303437290447,4.01304800788095,5.06157876812945,10.793299736306,2.25791085267987,12.879980956075,4.60517018598809,5.99146454710798,9.21034037197618,,,,,,,,,,,,,,,,,,,,,,
"chi_square_diagnostic",1000,0.75,0.25,"DML-IVQR",,,,,,,,,,,,,,1.59865259308429,7.0555061412314,8.95699516647788,10.3905386596011,2.45332265250436,10.8832313713577,4.60517018598809,5.99146454710798,9.21034037197618,,,,,,,,,,,,,,,,,,,,,,
"chi_square_diagnostic",1000,0.75,0.1,"Oracle-GMM",,,,,,,,,,,,,,1.96783834883947,6.11535450877053,7.77008784598024,8.90517253685661,2.42426147081461,8.9926852277697,4.60517018598809,5.99146454710798,9.21034037197618,,,,,,,,,,,,,,,,,,,,,,
"chi_square_diagnostic",1000,0.75,0.1,"Full-GMM",,,,,,,,,,,,,,1.78622300620771,4.90018244894396,6.27196133932677,12.5915921128633,2.48243662224655,13.6717993449504,4.60517018598809,5.99146454710798,9.21034037197618,,,,,,,,,,,,,,,,,,,,,,
"chi_square_diagnostic",1000,0.75,0.1,"DML-IVQR",,,,,,,,,,,,,,1.70786631148619,5.00318089245762,6.88077681966593,7.58331029663866,2.26111188488855,7.58511162312328,4.60517018598809,5.99146454710798,9.21034037197618,,,,,,,,,,,,,,,,,,,,,,
"chi_square_diagnostic",1000,0.9,1,"Oracle-GMM",,,,,,,,,,,,,,2.51704329848138,5.92854793067274,6.52207100982023,8.6054205542884,2.87152706178727,9.00077535349469,4.60517018598809,5.99146454710798,9.21034037197618,,,,,,,,,,,,,,,,,,,,,,
"chi_square_diagnostic",1000,0.9,1,"Full-GMM",,,,,,,,,,,,,,4.3849575870277,15.4838303455086,18.7794709259582,21.0280296088644,6.27709273196839,21.2761951362424,4.60517018598809,5.99146454710798,9.21034037197618,,,,,,,,,,,,,,,,,,,,,,
"chi_square_diagnostic",1000,0.9,1,"DML-IVQR",,,,,,,,,,,,,,5.99628831560352,12.6478673760134,14.2429834468756,20.4857714035719,6.67614567265552,21.0453763289558,4.60517018598809,5.99146454710798,9.21034037197618,,,,,,,,,,,,,,,,,,,,,,
"chi_square_diagnostic",1000,0.9,0.5,"Oracle-GMM",,,,,,,,,,,,,,1.48268559012581,5.58324673086291,7.21551476402232,8.58903810042333,2.3647199095786,9.61389977260574,4.60517018598809,5.99146454710798,9.21034037197618,,,,,,,,,,,,,,,,,,,,,,
"chi_square_diagnostic",1000,0.9,0.5,"Full-GMM",,,,,,,,,,,,,,2.1632339276566,8.07530703582837,8.60741425513274,11.3899218465705,3.22645755866836,13.6538865715211,4.60517018598809,5.99146454710798,9.21034037197618,,,,,,,,,,,,,,,,,,,,,,
"chi_square_diagnostic",1000,0.9,0.5,"DML-IVQR",,,,,,,,,,,,,,2.47698188997687,6.96125478722119,9.00097164875326,12.0107813756223,3.34734687818495,13.1113203655946,4.60517018598809,5.99146454710798,9.21034037197618,,,,,,,,,,,,,,,,,,,,,,
"chi_square_diagnostic",1000,0.9,0.25,"Oracle-GMM",,,,,,,,,,,,,,1.53538870969644,5.80153345368706,6.40144441795894,10.5992645949795,2.43154101757376,10.8666808213212,4.60517018598809,5.99146454710798,9.21034037197618,,,,,,,,,,,,,,,,,,,,,,
"chi_square_diagnostic",1000,0.9,0.25,"Full-GMM",,,,,,,,,,,,,,1.5295225216772,4.85473065633303,5.99729489946109,8.02069957034837,2.23039764037427,8.85139617374311,4.60517018598809,5.99146454710798,9.21034037197618,,,,,,,,,,,,,,,,,,,,,,
"chi_square_diagnostic",1000,0.9,0.25,"DML-IVQR",,,,,,,,,,,,,,1.46421569807874,4.54821993889242,6.83873006814348,9.28504145663964,2.35694152077881,11.2475393440804,4.60517018598809,5.99146454710798,9.21034037197618,,,,,,,,,,,,,,,,,,,,,,
"chi_square_diagnostic",1000,0.9,0.1,"Oracle-GMM",,,,,,,,,,,,,,1.89489545628693,5.53497218604067,6.53430015408914,7.80507777874693,2.37396601363522,8.1550459883222,4.60517018598809,5.99146454710798,9.21034037197618,,,,,,,,,,,,,,,,,,,,,,
"chi_square_diagnostic",1000,0.9,0.1,"Full-GMM",,,,,,,,,,,,,,1.96654670976046,5.50897109235708,6.13779313136258,8.90365476109274,2.39048442728846,11.0424409296306,4.60517018598809,5.99146454710798,9.21034037197618,,,,,,,,,,,,,,,,,,,,,,
"chi_square_diagnostic",1000,0.9,0.1,"DML-IVQR",,,,,,,,,,,,,,1.51335064975122,4.35983262128582,6.63468291624659,9.33188174980448,2.18851234967213,9.83230634698121,4.60517018598809,5.99146454710798,9.21034037197618,,,,,,,,,,,,,,,,,,,,,,
"coverage_aggregates",,,0.1,"DML-IVQR",,0.94,,,,,,,,,,,,,,,,,,,,,"estimator x kappa",,,,,,,,,,,,,,,,,,,,,
"coverage_aggregates",,,0.1,"Full-GMM",,0.946,,,,,,,,,,,,,,,,,,,,,"estimator x kappa",,,,,,,,,,,,,,,,,,,,,
"coverage_aggregates",,,0.1,"Oracle-GMM",,0.918,,,,,,,,,,,,,,,,,,,,,"estimator x kappa",,,,,,,,,,,,,,,,,,,,,
"coverage_aggregates",,,0.25,"DML-IVQR",,0.928,,,,,,,,,,,,,,,,,,,,,"estimator x kappa",,,,,,,,,,,,,,,,,,,,,
"coverage_aggregates",,,0.25,"Full-GMM",,0.924,,,,,,,,,,,,,,,,,,,,,"estimator x kappa",,,,,,,,,,,,,,,,,,,,,
"coverage_aggregates",,,0.25,"Oracle-GMM",,0.93,,,,,,,,,,,,,,,,,,,,,"estimator x kappa",,,,,,,,,,,,,,,,,,,,,
"coverage_aggregates",,,0.5,"DML-IVQR",,0.916,,,,,,,,,,,,,,,,,,,,,"estimator x kappa",,,,,,,,,,,,,,,,,,,,,
"coverage_aggregates",,,0.5,"Full-GMM",,0.898,,,,,,,,,,,,,,,,,,,,,"estimator x kappa",,,,,,,,,,,,,,,,,,,,,
"coverage_aggregates",,,0.5,"Oracle-GMM",,0.91,,,,,,,,,,,,,,,,,,,,,"estimator x kappa",,,,,,,,,,,,,,,,,,,,,
"coverage_aggregates",,,1,"DML-IVQR",,0.81,,,,,,,,,,,,,,,,,,,,,"estimator x kappa",,,,,,,,,,,,,,,,,,,,,
"coverage_aggregates",,,1,"Full-GMM",,0.688,,,,,,,,,,,,,,,,,,,,,"estimator x kappa",,,,,,,,,,,,,,,,,,,,,
"coverage_aggregates",,,1,"Oracle-GMM",,0.874,,,,,,,,,,,,,,,,,,,,,"estimator x kappa",,,,,,,,,,,,,,,,,,,,,
"coverage_aggregates",,0.1,,"DML-IVQR",,0.93,,,,,,,,,,,,,,,,,,,,,"estimator x tau",,,,,,,,,,,,,,,,,,,,,
"coverage_aggregates",,0.1,,"Full-GMM",,0.785,,,,,,,,,,,,,,,,,,,,,"estimator x tau",,,,,,,,,,,,,,,,,,,,,
"coverage_aggregates",,0.1,,"Oracle-GMM",,0.88,,,,,,,,,,,,,,,,,,,,,"estimator x tau",,,,,,,,,,,,,,,,,,,,,
"coverage_aggregates",,0.25,,"DML-IVQR",,0.9375,,,,,,,,,,,,,,,,,,,,,"estimator x tau",,,,,,,,,,,,,,,,,,,,,
"coverage_aggregates",,0.25,,"Full-GMM",,0.9,,,,,,,,,,,,,,,,,,,,,"estimator x tau",,,,,,,,,,,,,,,,,,,,,
"coverage_aggregates",,0.25,,"Oracle-GMM",,0.9025,,,,,,,,,,,,,,,,,,,,,"estimator x tau",,,,,,,,,,,,,,,,,,,,,
"coverage_aggregates",,0.5,,"DML-IVQR",,0.9075,,,,,,,,,,,,,,,,,,,,,"estimator x tau",,,,,,,,,,,,,,,,,,,,,
"coverage_aggregates",,0.5,,"Full-GMM",,0.9225,,,,,,,,,,,,,,,,,,,,,"estimator x tau",,,,,,,,,,,,,,,,,,,,,
"coverage_aggregates",,0.5,,"Oracle-GMM",,0.8925,,,,,,,,,,,,,,,,,,,,,"estimator x tau",,,,,,,,,,,,,,,,,,,,,
"coverage_aggregates",,0.75,,"DML-IVQR",,0.8775,,,,,,,,,,,,,,,,,,,,,"estimator x tau",,,,,,,,,,,,,,,,,,,,,
"coverage_aggregates",,0.75,,"Full-GMM",,0.905,,,,,,,,,,,,,,,,,,,,,"estimator x tau",,,,,,,,,,,,,,,,,,,,,
"coverage_aggregates",,0.75,,"Oracle-GMM",,0.9275,,,,,,,,,,,,,,,,,,,,,"estimator x tau",,,,,,,,,,,,,,,,,,,,,
"coverage_aggregates",,0.9,,"DML-IVQR",,0.84,,,,,,,,,,,,,,,,,,,,,"estimator x tau",,,,,,,,,,,,,,,,,,,,,
"coverage_aggregates",,0.9,,"Full-GMM",,0.8075,,,,,,,,,,,,,,,,,,,,,"estimator x tau",,,,,,,,,,,,,,,,,,,,,
"coverage_aggregates",,0.9,,"Oracle-GMM",,0.9375,,,,,,,,,,,,,,,,,,,,,"estimator x tau",,,,,,,,,,,,,,,,,,,,,
"coverage_aggregates",500,,,"DML-IVQR",,0.919,,,,,,,,,,,,,,,,,,,,,"estimator x n",,,,,,,,,,,,,,,,,,,,,
"coverage_aggregates",500,,,"Full-GMM",,0.87,,,,,,,,,,,,,,,,,,,,,"estimator x n",,,,,,,,,,,,,,,,,,,,,
"coverage_aggregates",500,,,"Oracle-GMM",,0.916,,,,,,,,,,,,,,,,,,,,,"estimator x n",,,,,,,,,,,,,,,,,,,,,
"coverage_aggregates",1000,,,"DML-IVQR",,0.878,,,,,,,,,,,,,,,,,,,,,"estimator x n",,,,,,,,,,,,,,,,,,,,,
"coverage_aggregates",1000,,,"Full-GMM",,0.858,,,,,,,,,,,,,,,,,,,,,"estimator x n",,,,,,,,,,,,,,,,,,,,,
"coverage_aggregates",1000,,,"Oracle-GMM",,0.9,,,,,,,,,,,,,,,,,,,,,"estimator x n",,,,,,,,,,,,,,,,,,,,,
"coverage_across_kappa",500,0.1,1,"Oracle-GMM",,0.82,,0.18,0.0543323108288245,,,,,,,,,,,,,,,,,,,,,,,,,,,,,,,,,,,,,,,
"coverage_across_kappa",500,0.1,0.5,"Oracle-GMM",,0.84,,0.16,0.0518459255872629,,,,,,,,,,,,,,,,,,,,,,,,,,,,,,,,,,,,,,,
"coverage_across_kappa",500,0.1,0.25,"Oracle-GMM",,0.94,,0.06,0.0335857112474933,,,,,,,,,,,,,,,,,,,,,,,,,,,,,,,,,,,,,,,
"coverage_across_kappa",500,0.1,0.1,"Oracle-GMM",,0.9,,0.1,0.0424264068711928,,,,,,,,,,,,,,,,,,,,,,,,,,,,,,,,,,,,,,,
"coverage_across_kappa",500,0.1,1,"Full-GMM",,0.48,,0.52,0.0706540869306228,,,,,,,,,,,,,,,,,,,,,,,,,,,,,,,,,,,,,,,
"coverage_across_kappa",500,0.1,0.5,"Full-GMM",,0.88,,0.12,0.0459565011723042,,,,,,,,,,,,,,,,,,,,,,,,,,,,,,,,,,,,,,,
"coverage_across_kappa",500,0.1,0.25,"Full-GMM",,0.94,,0.06,0.0335857112474933,,,,,,,,,,,,,,,,,,,,,,,,,,,,,,,,,,,,,,,
"coverage_across_kappa",500,0.1,0.1,"Full-GMM",,0.98,,0.02,0.0197989898732233,,,,,,,,,,,,,,,,,,,,,,,,,,,,,,,,,,,,,,,
"coverage_across_kappa",500,0.1,1,"DML-IVQR",,0.96,,0.04,0.027712812921102,,,,,,,,,,,,,,,,,,,,,,,,,,,,,,,,,,,,,,,
"coverage_across_kappa",500,0.1,0.5,"DML-IVQR",,0.94,,0.06,0.0335857112474933,,,,,,,,,,,,,,,,,,,,,,,,,,,,,,,,,,,,,,,
"coverage_across_kappa",500,0.1,0.25,"DML-IVQR",,0.92,,0.08,0.0383666521865017,,,,,,,,,,,,,,,,,,,,,,,,,,,,,,,,,,,,,,,
"coverage_across_kappa",500,0.1,0.1,"DML-IVQR",,0.92,,0.08,0.0383666521865017,,,,,,,,,,,,,,,,,,,,,,,,,,,,,,,,,,,,,,,
"coverage_across_kappa",500,0.25,1,"Oracle-GMM",,0.8,,0.2,0.0565685424949238,,,,,,,,,,,,,,,,,,,,,,,,,,,,,,,,,,,,,,,
"coverage_across_kappa",500,0.25,0.5,"Oracle-GMM",,0.92,,0.08,0.0383666521865017,,,,,,,,,,,,,,,,,,,,,,,,,,,,,,,,,,,,,,,
"coverage_across_kappa",500,0.25,0.25,"Oracle-GMM",,0.9,,0.1,0.0424264068711928,,,,,,,,,,,,,,,,,,,,,,,,,,,,,,,,,,,,,,,
"coverage_across_kappa",500,0.25,0.1,"Oracle-GMM",,0.88,,0.12,0.0459565011723042,,,,,,,,,,,,,,,,,,,,,,,,,,,,,,,,,,,,,,,
"coverage_across_kappa",500,0.25,1,"Full-GMM",,0.82,,0.18,0.0543323108288245,,,,,,,,,,,,,,,,,,,,,,,,,,,,,,,,,,,,,,,
"coverage_across_kappa",500,0.25,0.5,"Full-GMM",,0.88,,0.12,0.0459565011723042,,,,,,,,,,,,,,,,,,,,,,,,,,,,,,,,,,,,,,,
"coverage_across_kappa",500,0.25,0.25,"Full-GMM",,0.96,,0.04,0.027712812921102,,,,,,,,,,,,,,,,,,,,,,,,,,,,,,,,,,,,,,,
"coverage_across_kappa",500,0.25,0.1,"Full-GMM",,0.94,,0.06,0.0335857112474933,,,,,,,,,,,,,,,,,,,,,,,,,,,,,,,,,,,,,,,
"coverage_across_kappa",500,0.25,1,"DML-IVQR",,0.94,,0.06,0.0335857112474933,,,,,,,,,,,,,,,,,,,,,,,,,,,,,,,,,,,,,,,
"coverage_across_kappa",500,0.25,0.5,"DML-IVQR",,0.92,,0.08,0.0383666521865017,,,,,,,,,,,,,,,,,,,,,,,,,,,,,,,,,,,,,,,
"coverage_across_kappa",500,0.25,0.25,"DML-IVQR",,0.92,,0.08,0.0383666521865017,,,,,,,,,,,,,,,,,,,,,,,,,,,,,,,,,,,,,,,
"coverage_across_kappa",500,0.25,0.1,"DML-IVQR",,0.92,,0.08,0.0383666521865017,,,,,,,,,,,,,,,,,,,,,,,,,,,,,,,,,,,,,,,
"coverage_across_kappa",500,0.5,1,"Oracle-GMM",,0.88,,0.12,0.0459565011723042,,,,,,,,,,,,,,,,,,,,,,,,,,,,,,,,,,,,,,,
"coverage_across_kappa",500,0.5,0.5,"Oracle-GMM",,0.9,,0.1,0.0424264068711928,,,,,,,,,,,,,,,,,,,,,,,,,,,,,,,,,,,,,,,
"coverage_across_kappa",500,0.5,0.25,"Oracle-GMM",,0.92,,0.08,0.0383666521865017,,,,,,,,,,,,,,,,,,,,,,,,,,,,,,,,,,,,,,,
"coverage_across_kappa",500,0.5,0.1,"Oracle-GMM",,0.9,,0.1,0.0424264068711928,,,,,,,,,,,,,,,,,,,,,,,,,,,,,,,,,,,,,,,
"coverage_across_kappa",500,0.5,1,"Full-GMM",,0.94,,0.06,0.0335857112474933,,,,,,,,,,,,,,,,,,,,,,,,,,,,,,,,,,,,,,,
"coverage_across_kappa",500,0.5,0.5,"Full-GMM",,0.92,,0.08,0.0383666521865017,,,,,,,,,,,,,,,,,,,,,,,,,,,,,,,,,,,,,,,
"coverage_across_kappa",500,0.5,0.25,"Full-GMM",,0.92,,0.08,0.0383666521865017,,,,,,,,,,,,,,,,,,,,,,,,,,,,,,,,,,,,,,,
"coverage_across_kappa",500,0.5,0.1,"Full-GMM",,0.96,,0.04,0.027712812921102,,,,,,,,,,,,,,,,,,,,,,,,,,,,,,,,,,,,,,,
"coverage_across_kappa",500,0.5,1,"DML-IVQR",,0.94,,0.06,0.0335857112474933,,,,,,,,,,,,,,,,,,,,,,,,,,,,,,,,,,,,,,,
"coverage_across_kappa",500,0.5,0.5,"DML-IVQR",,0.9,,0.1,0.0424264068711928,,,,,,,,,,,,,,,,,,,,,,,,,,,,,,,,,,,,,,,
"coverage_across_kappa",500,0.5,0.25,"DML-IVQR",,0.94,,0.06,0.0335857112474933,,,,,,,,,,,,,,,,,,,,,,,,,,,,,,,,,,,,,,,
"coverage_across_kappa",500,0.5,0.1,"DML-IVQR",,0.94,,0.06,0.0335857112474933,,,,,,,,,,,,,,,,,,,,,,,,,,,,,,,,,,,,,,,
"coverage_across_kappa",500,0.75,1,"Oracle-GMM",,0.92,,0.08,0.0383666521865017,,,,,,,,,,,,,,,,,,,,,,,,,,,,,,,,,,,,,,,
"coverage_across_kappa",500,0.75,0.5,"Oracle-GMM",,0.98,,0.02,0.0197989898732233,,,,,,,,,,,,,,,,,,,,,,,,,,,,,,,,,,,,,,,
"coverage_across_kappa",500,0.75,0.25,"Oracle-GMM",,0.98,,0.02,0.0197989898732233,,,,,,,,,,,,,,,,,,,,,,,,,,,,,,,,,,,,,,,
"coverage_across_kappa",500,0.75,0.1,"Oracle-GMM",,0.98,,0.02,0.0197989898732233,,,,,,,,,,,,,,,,,,,,,,,,,,,,,,,,,,,,,,,
"coverage_across_kappa",500,0.75,1,"Full-GMM",,0.84,,0.16,0.0518459255872629,,,,,,,,,,,,,,,,,,,,,,,,,,,,,,,,,,,,,,,
"coverage_across_kappa",500,0.75,0.5,"Full-GMM",,0.9,,0.1,0.0424264068711928,,,,,,,,,,,,,,,,,,,,,,,,,,,,,,,,,,,,,,,
"coverage_across_kappa",500,0.75,0.25,"Full-GMM",,0.92,,0.08,0.0383666521865017,,,,,,,,,,,,,,,,,,,,,,,,,,,,,,,,,,,,,,,
"coverage_across_kappa",500,0.75,0.1,"Full-GMM",,0.98,,0.02,0.0197989898732233,,,,,,,,,,,,,,,,,,,,,,,,,,,,,,,,,,,,,,,
"coverage_across_kappa",500,0.75,1,"DML-IVQR",,0.74,,0.26,0.0620322496770833,,,,,,,,,,,,,,,,,,,,,,,,,,,,,,,,,,,,,,,
"coverage_across_kappa",500,0.75,0.5,"DML-IVQR",,1,,0,0,,,,,,,,,,,,,,,,,,,,,,,,,,,,,,,,,,,,,,,
"coverage_across_kappa",500,0.75,0.25,"DML-IVQR",,1,,0,0,,,,,,,,,,,,,,,,,,,,,,,,,,,,,,,,,,,,,,,
"coverage_across_kappa",500,0.75,0.1,"DML-IVQR",,1,,0,0,,,,,,,,,,,,,,,,,,,,,,,,,,,,,,,,,,,,,,,
"coverage_across_kappa",500,0.9,1,"Oracle-GMM",,0.94,,0.06,0.0335857112474933,,,,,,,,,,,,,,,,,,,,,,,,,,,,,,,,,,,,,,,
"coverage_across_kappa",500,0.9,0.5,"Oracle-GMM",,0.96,,0.04,0.027712812921102,,,,,,,,,,,,,,,,,,,,,,,,,,,,,,,,,,,,,,,
"coverage_across_kappa",500,0.9,0.25,"Oracle-GMM",,0.98,,0.02,0.0197989898732233,,,,,,,,,,,,,,,,,,,,,,,,,,,,,,,,,,,,,,,
"coverage_across_kappa",500,0.9,0.1,"Oracle-GMM",,0.98,,0.02,0.0197989898732233,,,,,,,,,,,,,,,,,,,,,,,,,,,,,,,,,,,,,,,
"coverage_across_kappa",500,0.9,1,"Full-GMM",,0.42,,0.58,0.0697997134664606,,,,,,,,,,,,,,,,,,,,,,,,,,,,,,,,,,,,,,,
"coverage_across_kappa",500,0.9,0.5,"Full-GMM",,0.94,,0.06,0.0335857112474933,,,,,,,,,,,,,,,,,,,,,,,,,,,,,,,,,,,,,,,
"coverage_across_kappa",500,0.9,0.25,"Full-GMM",,0.82,,0.18,0.0543323108288245,,,,,,,,,,,,,,,,,,,,,,,,,,,,,,,,,,,,,,,
"coverage_across_kappa",500,0.9,0.1,"Full-GMM",,0.96,,0.04,0.027712812921102,,,,,,,,,,,,,,,,,,,,,,,,,,,,,,,,,,,,,,,
"coverage_across_kappa",500,0.9,1,"DML-IVQR",,0.64,,0.36,0.0678822509939086,,,,,,,,,,,,,,,,,,,,,,,,,,,,,,,,,,,,,,,
"coverage_across_kappa",500,0.9,0.5,"DML-IVQR",,0.94,,0.06,0.0335857112474933,,,,,,,,,,,,,,,,,,,,,,,,,,,,,,,,,,,,,,,
"coverage_across_kappa",500,0.9,0.25,"DML-IVQR",,0.94,,0.06,0.0335857112474933,,,,,,,,,,,,,,,,,,,,,,,,,,,,,,,,,,,,,,,
"coverage_across_kappa",500,0.9,0.1,"DML-IVQR",,0.96,,0.04,0.027712812921102,,,,,,,,,,,,,,,,,,,,,,,,,,,,,,,,,,,,,,,
"coverage_across_kappa",1000,0.1,1,"Oracle-GMM",,0.76,,0.24,0.060398675482166,,,,,,,,,,,,,,,,,,,,,,,,,,,,,,,,,,,,,,,
"coverage_across_kappa",1000,0.1,0.5,"Oracle-GMM",,0.92,,0.08,0.0383666521865017,,,,,,,,,,,,,,,,,,,,,,,,,,,,,,,,,,,,,,,
"coverage_across_kappa",1000,0.1,0.25,"Oracle-GMM",,0.94,,0.06,0.0335857112474933,,,,,,,,,,,,,,,,,,,,,,,,,,,,,,,,,,,,,,,
"coverage_across_kappa",1000,0.1,0.1,"Oracle-GMM",,0.92,,0.08,0.0383666521865017,,,,,,,,,,,,,,,,,,,,,,,,,,,,,,,,,,,,,,,
"coverage_across_kappa",1000,0.1,1,"Full-GMM",,0.36,,0.64,0.0678822509939086,,,,,,,,,,,,,,,,,,,,,,,,,,,,,,,,,,,,,,,
"coverage_across_kappa",1000,0.1,0.5,"Full-GMM",,0.84,,0.16,0.0518459255872629,,,,,,,,,,,,,,,,,,,,,,,,,,,,,,,,,,,,,,,
"coverage_across_kappa",1000,0.1,0.25,"Full-GMM",,0.92,,0.08,0.0383666521865017,,,,,,,,,,,,,,,,,,,,,,,,,,,,,,,,,,,,,,,
"coverage_across_kappa",1000,0.1,0.1,"Full-GMM",,0.88,,0.12,0.0459565011723042,,,,,,,,,,,,,,,,,,,,,,,,,,,,,,,,,,,,,,,
"coverage_across_kappa",1000,0.1,1,"DML-IVQR",,0.96,,0.04,0.027712812921102,,,,,,,,,,,,,,,,,,,,,,,,,,,,,,,,,,,,,,,
"coverage_across_kappa",1000,0.1,0.5,"DML-IVQR",,0.92,,0.08,0.0383666521865017,,,,,,,,,,,,,,,,,,,,,,,,,,,,,,,,,,,,,,,
"coverage_across_kappa",1000,0.1,0.25,"DML-IVQR",,0.9,,0.1,0.0424264068711928,,,,,,,,,,,,,,,,,,,,,,,,,,,,,,,,,,,,,,,
"coverage_across_kappa",1000,0.1,0.1,"DML-IVQR",,0.92,,0.08,0.0383666521865017,,,,,,,,,,,,,,,,,,,,,,,,,,,,,,,,,,,,,,,
"coverage_across_kappa",1000,0.25,1,"Oracle-GMM",,0.9,,0.1,0.0424264068711928,,,,,,,,,,,,,,,,,,,,,,,,,,,,,,,,,,,,,,,
"coverage_across_kappa",1000,0.25,0.5,"Oracle-GMM",,0.9,,0.1,0.0424264068711928,,,,,,,,,,,,,,,,,,,,,,,,,,,,,,,,,,,,,,,
"coverage_across_kappa",1000,0.25,0.25,"Oracle-GMM",,0.96,,0.04,0.027712812921102,,,,,,,,,,,,,,,,,,,,,,,,,,,,,,,,,,,,,,,
"coverage_across_kappa",1000,0.25,0.1,"Oracle-GMM",,0.96,,0.04,0.027712812921102,,,,,,,,,,,,,,,,,,,,,,,,,,,,,,,,,,,,,,,
"coverage_across_kappa",1000,0.25,1,"Full-GMM",,0.74,,0.26,0.0620322496770833,,,,,,,,,,,,,,,,,,,,,,,,,,,,,,,,,,,,,,,
"coverage_across_kappa",1000,0.25,0.5,"Full-GMM",,0.94,,0.06,0.0335857112474933,,,,,,,,,,,,,,,,,,,,,,,,,,,,,,,,,,,,,,,
"coverage_across_kappa",1000,0.25,0.25,"Full-GMM",,0.94,,0.06,0.0335857112474933,,,,,,,,,,,,,,,,,,,,,,,,,,,,,,,,,,,,,,,
"coverage_across_kappa",1000,0.25,0.1,"Full-GMM",,0.98,,0.02,0.0197989898732233,,,,,,,,,,,,,,,,,,,,,,,,,,,,,,,,,,,,,,,
"coverage_across_kappa",1000,0.25,1,"DML-IVQR",,0.9,,0.1,0.0424264068711928,,,,,,,,,,,,,,,,,,,,,,,,,,,,,,,,,,,,,,,
"coverage_across_kappa",1000,0.25,0.5,"DML-IVQR",,0.96,,0.04,0.027712812921102,,,,,,,,,,,,,,,,,,,,,,,,,,,,,,,,,,,,,,,
"coverage_across_kappa",1000,0.25,0.25,"DML-IVQR",,0.96,,0.04,0.027712812921102,,,,,,,,,,,,,,,,,,,,,,,,,,,,,,,,,,,,,,,
"coverage_across_kappa",1000,0.25,0.1,"DML-IVQR",,0.98,,0.02,0.0197989898732233,,,,,,,,,,,,,,,,,,,,,,,,,,,,,,,,,,,,,,,
"coverage_across_kappa",1000,0.5,1,"Oracle-GMM",,0.88,,0.12,0.0459565011723042,,,,,,,,,,,,,,,,,,,,,,,,,,,,,,,,,,,,,,,
"coverage_across_kappa",1000,0.5,0.5,"Oracle-GMM",,0.88,,0.12,0.0459565011723042,,,,,,,,,,,,,,,,,,,,,,,,,,,,,,,,,,,,,,,
"coverage_across_kappa",1000,0.5,0.25,"Oracle-GMM",,0.92,,0.08,0.0383666521865017,,,,,,,,,,,,,,,,,,,,,,,,,,,,,,,,,,,,,,,
"coverage_across_kappa",1000,0.5,0.1,"Oracle-GMM",,0.86,,0.14,0.0490713765855412,,,,,,,,,,,,,,,,,,,,,,,,,,,,,,,,,,,,,,,
"coverage_across_kappa",1000,0.5,1,"Full-GMM",,0.84,,0.16,0.0518459255872629,,,,,,,,,,,,,,,,,,,,,,,,,,,,,,,,,,,,,,,
"coverage_across_kappa",1000,0.5,0.5,"Full-GMM",,0.94,,0.06,0.0335857112474933,,,,,,,,,,,,,,,,,,,,,,,,,,,,,,,,,,,,,,,
"coverage_across_kappa",1000,0.5,0.25,"Full-GMM",,0.92,,0.08,0.0383666521865017,,,,,,,,,,,,,,,,,,,,,,,,,,,,,,,,,,,,,,,
"coverage_across_kappa",1000,0.5,0.1,"Full-GMM",,0.94,,0.06,0.0335857112474933,,,,,,,,,,,,,,,,,,,,,,,,,,,,,,,,,,,,,,,
"coverage_across_kappa",1000,0.5,1,"DML-IVQR",,0.84,,0.16,0.0518459255872629,,,,,,,,,,,,,,,,,,,,,,,,,,,,,,,,,,,,,,,
"coverage_across_kappa",1000,0.5,0.5,"DML-IVQR",,0.88,,0.12,0.0459565011723042,,,,,,,,,,,,,,,,,,,,,,,,,,,,,,,,,,,,,,,
"coverage_across_kappa",1000,0.5,0.25,"DML-IVQR",,0.9,,0.1,0.0424264068711928,,,,,,,,,,,,,,,,,,,,,,,,,,,,,,,,,,,,,,,
"coverage_across_kappa",1000,0.5,0.1,"DML-IVQR",,0.92,,0.08,0.0383666521865017,,,,,,,,,,,,,,,,,,,,,,,,,,,,,,,,,,,,,,,
"coverage_across_kappa",1000,0.75,1,"Oracle-GMM",,0.92,,0.08,0.0383666521865017,,,,,,,,,,,,,,,,,,,,,,,,,,,,,,,,,,,,,,,
"coverage_across_kappa",1000,0.75,0.5,"Oracle-GMM",,0.9,,0.1,0.0424264068711928,,,,,,,,,,,,,,,,,,,,,,,,,,,,,,,,,,,,,,,
"coverage_across_kappa",1000,0.75,0.25,"Oracle-GMM",,0.86,,0.14,0.0490713765855412,,,,,,,,,,,,,,,,,,,,,,,,,,,,,,,,,,,,,,,
"coverage_across_kappa",1000,0.75,0.1,"Oracle-GMM",,0.88,,0.12,0.0459565011723042,,,,,,,,,,,,,,,,,,,,,,,,,,,,,,,,,,,,,,,
"coverage_across_kappa",1000,0.75,1,"Full-GMM",,0.8,,0.2,0.0565685424949238,,,,,,,,,,,,,,,,,,,,,,,,,,,,,,,,,,,,,,,
"coverage_across_kappa",1000,0.75,0.5,"Full-GMM",,0.92,,0.08,0.0383666521865017,,,,,,,,,,,,,,,,,,,,,,,,,,,,,,,,,,,,,,,
"coverage_across_kappa",1000,0.75,0.25,"Full-GMM",,0.96,,0.04,0.027712812921102,,,,,,,,,,,,,,,,,,,,,,,,,,,,,,,,,,,,,,,
"coverage_across_kappa",1000,0.75,0.1,"Full-GMM",,0.92,,0.08,0.0383666521865017,,,,,,,,,,,,,,,,,,,,,,,,,,,,,,,,,,,,,,,
"coverage_across_kappa",1000,0.75,1,"DML-IVQR",,0.68,,0.32,0.0659696900098826,,,,,,,,,,,,,,,,,,,,,,,,,,,,,,,,,,,,,,,
"coverage_across_kappa",1000,0.75,0.5,"DML-IVQR",,0.82,,0.18,0.0543323108288245,,,,,,,,,,,,,,,,,,,,,,,,,,,,,,,,,,,,,,,
"coverage_across_kappa",1000,0.75,0.25,"DML-IVQR",,0.88,,0.12,0.0459565011723042,,,,,,,,,,,,,,,,,,,,,,,,,,,,,,,,,,,,,,,
"coverage_across_kappa",1000,0.75,0.1,"DML-IVQR",,0.9,,0.1,0.0424264068711928,,,,,,,,,,,,,,,,,,,,,,,,,,,,,,,,,,,,,,,
"coverage_across_kappa",1000,0.9,1,"Oracle-GMM",,0.92,,0.08,0.0383666521865017,,,,,,,,,,,,,,,,,,,,,,,,,,,,,,,,,,,,,,,
"coverage_across_kappa",1000,0.9,0.5,"Oracle-GMM",,0.9,,0.1,0.0424264068711928,,,,,,,,,,,,,,,,,,,,,,,,,,,,,,,,,,,,,,,
"coverage_across_kappa",1000,0.9,0.25,"Oracle-GMM",,0.9,,0.1,0.0424264068711928,,,,,,,,,,,,,,,,,,,,,,,,,,,,,,,,,,,,,,,
"coverage_across_kappa",1000,0.9,0.1,"Oracle-GMM",,0.92,,0.08,0.0383666521865017,,,,,,,,,,,,,,,,,,,,,,,,,,,,,,,,,,,,,,,
"coverage_across_kappa",1000,0.9,1,"Full-GMM",,0.64,,0.36,0.0678822509939086,,,,,,,,,,,,,,,,,,,,,,,,,,,,,,,,,,,,,,,
"coverage_across_kappa",1000,0.9,0.5,"Full-GMM",,0.82,,0.18,0.0543323108288245,,,,,,,,,,,,,,,,,,,,,,,,,,,,,,,,,,,,,,,
"coverage_across_kappa",1000,0.9,0.25,"Full-GMM",,0.94,,0.06,0.0335857112474933,,,,,,,,,,,,,,,,,,,,,,,,,,,,,,,,,,,,,,,
"coverage_across_kappa",1000,0.9,0.1,"Full-GMM",,0.92,,0.08,0.0383666521865017,,,,,,,,,,,,,,,,,,,,,,,,,,,,,,,,,,,,,,,
"coverage_across_kappa",1000,0.9,1,"DML-IVQR",,0.5,,0.5,0.0707106781186548,,,,,,,,,,,,,,,,,,,,,,,,,,,,,,,,,,,,,,,
"coverage_across_kappa",1000,0.9,0.5,"DML-IVQR",,0.88,,0.12,0.0459565011723042,,,,,,,,,,,,,,,,,,,,,,,,,,,,,,,,,,,,,,,
"coverage_across_kappa",1000,0.9,0.25,"DML-IVQR",,0.92,,0.08,0.0383666521865017,,,,,,,,,,,,,,,,,,,,,,,,,,,,,,,,,,,,,,,
"coverage_across_kappa",1000,0.9,0.1,"DML-IVQR",,0.94,,0.06,0.0335857112474933,,,,,,,,,,,,,,,,,,,,,,,,,,,,,,,,,,,,,,,
"dml_table3_comparison",500,0.25,1,"DML-IVQR",,,,,,,,,,,,,,,,,,,,,,,,0.154410520523038,0.1716,-0.0171894794769618,0.899828208176214,0.12306122997647,0.1325,-0.00943877002352983,0.928763999822416,-0.0175102498039181,0.0175102498039181,-0.0716,0.0891102498039181,,,,,,,,,
"dml_table3_comparison",500,0.5,1,"DML-IVQR",,,,,,,,,,,,,,,,,,,,,,,,0.123288280059379,0.1273,-0.00401171994062052,0.968486096303059,0.088,0.0962,-0.00820000000000003,0.914760914760914,-0.052,0.052,0.027,0.025,,,,,,,,,
"dml_table3_comparison",500,0.75,1,"DML-IVQR",,,,,,,,,,,,,,,,,,,,,,,,0.192528135387137,0.1572,0.0353281353871367,1.22473368566881,0.160612210149022,0.1272,0.033412210149022,1.2626746080898,-0.154489750196082,0.154489750196082,0.0876,0.0668897501960815,,,,,,,,,
"dml_table3_comparison",1000,0.25,1,"DML-IVQR",,,,,,,,,,,,,,,,,,,,,,,,0.102288898910646,0.0849,0.0173888989106459,1.20481624158594,0.0812653298980374,0.0683,0.0129653298980374,1.18982913467112,-0.0375102498039182,0.0375102498039182,0.0056,0.0319102498039182,,,,,,,,,
"dml_table3_comparison",1000,0.5,1,"DML-IVQR",,,,,,,,,,,,,,,,,,,,,,,,0.0999999999999999,0.08,0.0199999999999999,1.25,0.072,0.0556,0.0164,1.29496402877698,-0.056,0.056,0.0384,0.0176,,,,,,,,,
"dml_table3_comparison",1000,0.75,1,"DML-IVQR",,,,,,,,,,,,,,,,,,,,,,,,0.131264442600933,0.1142,0.0170644426009328,1.14942594221482,0.103714260109806,0.0961,0.00761426010980579,1.07923267544023,-0.0924897501960816,0.0924897501960816,0.0839,0.0085897501960816,,,,,,,,,
"oracle_full_table2_comparison",500,0.1,1,"Oracle-GMM",,,,,,,,,,,,,,,,,,,,,,,,0.237568783148666,0.188846133837236,0.0487226493114298,1.2580018363173,0.17831031310892,0.151034438352488,0.0272758747564322,1.18059374440666,0.103551565544601,-0.103551565544601,-0.0893515655446008,-0.0142000000000002,,,,,,,,,
"oracle_full_table2_comparison",500,0.1,1,"Full-GMM",,,,,,,,,,,,,,,,,,,,,,,,0.828179633404133,0.764835294818159,0.0633443385859743,1.08282088838622,0.685765377679249,0.664575027776676,0.0211903499025727,1.03188556448391,0.671551565544601,-0.671551565544601,-0.653351565544601,-0.0181999999999998,,,,,,,,,
"oracle_full_table2_comparison",500,0.25,1,"Oracle-GMM",,,,,,,,,,,,,,,,,,,,,,,,0.125249757961333,0.121080813377661,0.00416894458367179,1.03443109165999,0.10293877002353,0.0966775490086276,0.00626122101490226,1.06476396101378,0.0364897501960819,-0.0364897501960819,-0.0334897501960817,-0.00300000000000016,,,,,,,,,
"oracle_full_table2_comparison",500,0.25,1,"Full-GMM",,,,,,,,,,,,,,,,,,,,,,,,0.339516061405806,0.271243806065074,0.0682722553407322,1.25170069809577,0.282693850117649,0.22129793211608,0.0613959180015692,1.27743557029428,0.248489750196082,-0.248489750196082,-0.187689750196082,-0.0607999999999999,,,,,,,,,
"oracle_full_table2_comparison",500,0.5,1,"Oracle-GMM",,,,,,,,,,,,,,,,,,,,,,,,0.10770329614269,0.0989949493661167,0.00870834677657337,1.08796758655199,0.08,0.0716,0.00839999999999998,1.11731843575419,0.00800000000000003,-0.00800000000000003,0.00919999999999999,-0.0172,,,,,,,,,
"oracle_full_table2_comparison",500,0.5,1,"Full-GMM",,,,,,,,,,,,,,,,,,,,,,,,0.174355957741627,0.162788205960997,0.01156775178063,1.07106013431588,0.132,0.1234,0.00859999999999998,1.06969205834684,0.024,-0.024,0.019,-0.043,,,,,,,,,
"oracle_full_table2_comparison",500,0.75,1,"Oracle-GMM",,,,,,,,,,,,,,,,,,,,,,,,0.112620690243583,0.137434771716422,-0.0248140814728389,0.819448301452857,0.0939183600313732,0.106608155035295,-0.0126897950039218,0.880967877178622,-0.0404897501960815,0.0404897501960815,0.0552897501960816,-0.0148000000000001,,,,,,,,,
"oracle_full_table2_comparison",500,0.75,1,"Full-GMM",,,,,,,,,,,,,,,,,,,,,,,,0.340080619792992,0.342168553571507,-0.00208793377851507,0.993897937853372,0.283632620141179,0.280648948134904,0.0029836720062747,1.01063133151256,-0.264489750196081,0.264489750196081,0.250289750196082,0.0141999999999994,,,,,,,,,
"oracle_full_table2_comparison",500,0.9,1,"Oracle-GMM",,,,,,,,,,,,,,,,,,,,,,,,0.242214526853819,0.243798864266084,-0.00158433741226491,0.993501456961113,0.195358563596056,0.183939263401202,0.0114193001948544,1.06208190673215,-0.151551565544601,0.151551565544601,0.122551565544601,0.0289999999999996,,,,,,,,,
"oracle_full_table2_comparison",500,0.9,1,"Full-GMM",,,,,,,,,,,,,,,,,,,,,,,,0.935342510544745,0.944913982011852,-0.00957147146710691,0.989870536737399,0.770289502922817,0.803217790203606,-0.0329282872807894,0.959004534408479,-0.7695515655446,0.7695515655446,0.789151565544601,-0.0196000000000005,,,,,,,,,
"oracle_full_table2_comparison",1000,0.1,1,"Oracle-GMM",,,,,,,,,,,,,,,,,,,,,,,,0.130578167557886,0.121921020263203,0.00865714729468292,1.07100619135235,0.110406814083192,0.0950482504871361,0.0153585635960564,1.16158702045899,0.0815515655446009,-0.0815515655446009,-0.0551515655446008,-0.0264000000000001,,,,,,,,,
"oracle_full_table2_comparison",1000,0.1,1,"Full-GMM",,,,,,,,,,,,,,,,,,,,,,,,0.401554156758376,0.391753387806371,0.00980076895200471,1.02501770056638,0.364289502922817,0.344208140106178,0.0200813628166389,1.05834075513276,0.363551565544601,-0.363551565544601,-0.330351565544601,-0.0332,,,,,,,,,
"oracle_full_table2_comparison",1000,0.25,1,"Oracle-GMM",,,,,,,,,,,,,,,,,,,,,,,,0.0692654810526197,0.0812312948631073,-0.0119658138104876,0.852694533176497,0.0589795900078433,0.065412245995294,-0.00643265598745068,0.901659759734997,0.0264897501960818,-0.0264897501960818,-0.0256897501960817,-0.000800000000000071,,,,,,,,,
"oracle_full_table2_comparison",1000,0.25,1,"Full-GMM",,,,,,,,,,,,,,,,,,,,,,,,0.189170430851623,0.16461750635813,0.0245529244934934,1.14915135720789,0.153673440125492,0.136110178111374,0.0175632620141185,1.12903709522551,0.136489750196082,-0.136489750196082,-0.113489750196082,-0.0229999999999999,,,,,,,,,
"oracle_full_table2_comparison",1000,0.5,1,"Oracle-GMM",,,,,,,,,,,,,,,,,,,,,,,,0.058309518948453,0.0689927532426414,-0.0106832342941884,0.845154254728516,0.034,0.0436,-0.00960000000000001,0.779816513761468,0.014,-0.014,-0.002,-0.012,,,,,,,,,
"oracle_full_table2_comparison",1000,0.5,1,"Full-GMM",,,,,,,,,,,,,,,,,,,,,,,,0.103923048454133,0.103826778819339,9.6269634793672e-05,1.00092721392196,0.08,0.0754,0.00459999999999999,1.06100795755968,0.032,-0.032,-0.000199999999999978,-0.0318,,,,,,,,,
"oracle_full_table2_comparison",1000,0.75,1,"Oracle-GMM",,,,,,,,,,,,,,,,,,,,,,,,0.0964986728404103,0.0828433066904717,0.0136553661499386,1.16483366846955,0.0651428699450973,0.0676326559874507,-0.00248978604235341,0.963186629210372,-0.0124897501960814,0.0124897501960814,0.0212897501960816,-0.00880000000000019,,,,,,,,,
"oracle_full_table2_comparison",1000,0.75,1,"Full-GMM",,,,,,,,,,,,,,,,,,,,,,,,0.211866686639982,0.17474221413596,0.0371244725040222,1.21245279904223,0.153795900078433,0.145232629102747,0.00856327097568563,1.05896244548205,-0.134489750196081,0.134489750196081,0.117489750196082,0.0169999999999994,,,,,,,,,
"oracle_full_table2_comparison",1000,0.9,1,"Oracle-GMM",,,,,,,,,,,,,,,,,,,,,,,,0.166127196203447,0.139128471215115,0.0269987249883318,1.19405607459445,0.117048250487136,0.10671031310892,0.0103379373782163,1.09687852164452,-0.0775515655446006,0.0775515655446006,0.0667515655446009,0.0107999999999997,,,,,,,,,
"oracle_full_table2_comparison",1000,0.9,1,"Full-GMM",,,,,,,,,,,,,,,,,,,,,,,,0.485669322793001,0.432021176534995,0.0536481462580056,1.12417943649959,0.423979189813897,0.368188839911324,0.0557903499025726,1.15152645559819,-0.411551565544601,0.411551565544601,0.349551565544601,0.0619999999999998,,,,,,,,,
"cr_exact_consistency",500,0.1,1,"Oracle-GMM",,,,,,,,,,,,,,,,,,,,,,,,,,,,,,,,,,,,0,0,0,,,,,,
"cr_exact_consistency",500,0.1,1,"Full-GMM",,,,,,,,,,,,,,,,,,,,,,,,,,,,,,,,,,,,0,0,0,,,,,,
"cr_exact_consistency",500,0.1,1,"DML-IVQR",,,,,,,,,,,,,,,,,,,,,,,,,,,,,,,,,,,,0,0,0,,,,,,
"cr_exact_consistency",500,0.1,0.5,"Oracle-GMM",,,,,,,,,,,,,,,,,,,,,,,,,,,,,,,,,,,,0,0,0,,,,,,
"cr_exact_consistency",500,0.1,0.5,"Full-GMM",,,,,,,,,,,,,,,,,,,,,,,,,,,,,,,,,,,,0,0,0,,,,,,
"cr_exact_consistency",500,0.1,0.5,"DML-IVQR",,,,,,,,,,,,,,,,,,,,,,,,,,,,,,,,,,,,0,0,0,,,,,,
"cr_exact_consistency",500,0.1,0.25,"Oracle-GMM",,,,,,,,,,,,,,,,,,,,,,,,,,,,,,,,,,,,0,0,0,,,,,,
"cr_exact_consistency",500,0.1,0.25,"Full-GMM",,,,,,,,,,,,,,,,,,,,,,,,,,,,,,,,,,,,0,0,0,,,,,,
"cr_exact_consistency",500,0.1,0.25,"DML-IVQR",,,,,,,,,,,,,,,,,,,,,,,,,,,,,,,,,,,,0,0,0,,,,,,
"cr_exact_consistency",500,0.1,0.1,"Oracle-GMM",,,,,,,,,,,,,,,,,,,,,,,,,,,,,,,,,,,,1,0,1,,,,,,
"cr_exact_consistency",500,0.1,0.1,"Full-GMM",,,,,,,,,,,,,,,,,,,,,,,,,,,,,,,,,,,,0,0,0,,,,,,
"cr_exact_consistency",500,0.1,0.1,"DML-IVQR",,,,,,,,,,,,,,,,,,,,,,,,,,,,,,,,,,,,0,0,0,,,,,,
"cr_exact_consistency",500,0.25,1,"Oracle-GMM",,,,,,,,,,,,,,,,,,,,,,,,,,,,,,,,,,,,0,0,0,,,,,,
"cr_exact_consistency",500,0.25,1,"Full-GMM",,,,,,,,,,,,,,,,,,,,,,,,,,,,,,,,,,,,0,0,0,,,,,,
"cr_exact_consistency",500,0.25,1,"DML-IVQR",,,,,,,,,,,,,,,,,,,,,,,,,,,,,,,,,,,,0,0,0,,,,,,
"cr_exact_consistency",500,0.25,0.5,"Oracle-GMM",,,,,,,,,,,,,,,,,,,,,,,,,,,,,,,,,,,,0,0,0,,,,,,
"cr_exact_consistency",500,0.25,0.5,"Full-GMM",,,,,,,,,,,,,,,,,,,,,,,,,,,,,,,,,,,,0,0,0,,,,,,
"cr_exact_consistency",500,0.25,0.5,"DML-IVQR",,,,,,,,,,,,,,,,,,,,,,,,,,,,,,,,,,,,0,0,0,,,,,,
"cr_exact_consistency",500,0.25,0.25,"Oracle-GMM",,,,,,,,,,,,,,,,,,,,,,,,,,,,,,,,,,,,0,0,0,,,,,,
"cr_exact_consistency",500,0.25,0.25,"Full-GMM",,,,,,,,,,,,,,,,,,,,,,,,,,,,,,,,,,,,0,0,0,,,,,,
"cr_exact_consistency",500,0.25,0.25,"DML-IVQR",,,,,,,,,,,,,,,,,,,,,,,,,,,,,,,,,,,,0,0,0,,,,,,
"cr_exact_consistency",500,0.25,0.1,"Oracle-GMM",,,,,,,,,,,,,,,,,,,,,,,,,,,,,,,,,,,,0,0,0,,,,,,
"cr_exact_consistency",500,0.25,0.1,"Full-GMM",,,,,,,,,,,,,,,,,,,,,,,,,,,,,,,,,,,,0,0,0,,,,,,
"cr_exact_consistency",500,0.25,0.1,"DML-IVQR",,,,,,,,,,,,,,,,,,,,,,,,,,,,,,,,,,,,0,0,0,,,,,,
"cr_exact_consistency",500,0.5,1,"Oracle-GMM",,,,,,,,,,,,,,,,,,,,,,,,,,,,,,,,,,,,0,0,0,,,,,,
"cr_exact_consistency",500,0.5,1,"Full-GMM",,,,,,,,,,,,,,,,,,,,,,,,,,,,,,,,,,,,0,0,0,,,,,,
"cr_exact_consistency",500,0.5,1,"DML-IVQR",,,,,,,,,,,,,,,,,,,,,,,,,,,,,,,,,,,,0,0,0,,,,,,
"cr_exact_consistency",500,0.5,0.5,"Oracle-GMM",,,,,,,,,,,,,,,,,,,,,,,,,,,,,,,,,,,,0,0,0,,,,,,
"cr_exact_consistency",500,0.5,0.5,"Full-GMM",,,,,,,,,,,,,,,,,,,,,,,,,,,,,,,,,,,,0,0,0,,,,,,
"cr_exact_consistency",500,0.5,0.5,"DML-IVQR",,,,,,,,,,,,,,,,,,,,,,,,,,,,,,,,,,,,0,0,0,,,,,,
"cr_exact_consistency",500,0.5,0.25,"Oracle-GMM",,,,,,,,,,,,,,,,,,,,,,,,,,,,,,,,,,,,0,0,0,,,,,,
"cr_exact_consistency",500,0.5,0.25,"Full-GMM",,,,,,,,,,,,,,,,,,,,,,,,,,,,,,,,,,,,0,0,0,,,,,,
"cr_exact_consistency",500,0.5,0.25,"DML-IVQR",,,,,,,,,,,,,,,,,,,,,,,,,,,,,,,,,,,,0,0,0,,,,,,
"cr_exact_consistency",500,0.5,0.1,"Oracle-GMM",,,,,,,,,,,,,,,,,,,,,,,,,,,,,,,,,,,,0,0,0,,,,,,
"cr_exact_consistency",500,0.5,0.1,"Full-GMM",,,,,,,,,,,,,,,,,,,,,,,,,,,,,,,,,,,,0,0,0,,,,,,
"cr_exact_consistency",500,0.5,0.1,"DML-IVQR",,,,,,,,,,,,,,,,,,,,,,,,,,,,,,,,,,,,0,0,0,,,,,,
"cr_exact_consistency",500,0.75,1,"Oracle-GMM",,,,,,,,,,,,,,,,,,,,,,,,,,,,,,,,,,,,0,0,0,,,,,,
"cr_exact_consistency",500,0.75,1,"Full-GMM",,,,,,,,,,,,,,,,,,,,,,,,,,,,,,,,,,,,0,0,0,,,,,,
"cr_exact_consistency",500,0.75,1,"DML-IVQR",,,,,,,,,,,,,,,,,,,,,,,,,,,,,,,,,,,,0,0,0,,,,,,
"cr_exact_consistency",500,0.75,0.5,"Oracle-GMM",,,,,,,,,,,,,,,,,,,,,,,,,,,,,,,,,,,,0,0,0,,,,,,
"cr_exact_consistency",500,0.75,0.5,"Full-GMM",,,,,,,,,,,,,,,,,,,,,,,,,,,,,,,,,,,,0,0,0,,,,,,
"cr_exact_consistency",500,0.75,0.5,"DML-IVQR",,,,,,,,,,,,,,,,,,,,,,,,,,,,,,,,,,,,0,0,0,,,,,,
"cr_exact_consistency",500,0.75,0.25,"Oracle-GMM",,,,,,,,,,,,,,,,,,,,,,,,,,,,,,,,,,,,0,0,0,,,,,,
"cr_exact_consistency",500,0.75,0.25,"Full-GMM",,,,,,,,,,,,,,,,,,,,,,,,,,,,,,,,,,,,0,0,0,,,,,,
"cr_exact_consistency",500,0.75,0.25,"DML-IVQR",,,,,,,,,,,,,,,,,,,,,,,,,,,,,,,,,,,,0,0,0,,,,,,
"cr_exact_consistency",500,0.75,0.1,"Oracle-GMM",,,,,,,,,,,,,,,,,,,,,,,,,,,,,,,,,,,,0,0,0,,,,,,
"cr_exact_consistency",500,0.75,0.1,"Full-GMM",,,,,,,,,,,,,,,,,,,,,,,,,,,,,,,,,,,,0,0,0,,,,,,
"cr_exact_consistency",500,0.75,0.1,"DML-IVQR",,,,,,,,,,,,,,,,,,,,,,,,,,,,,,,,,,,,0,0,0,,,,,,
"cr_exact_consistency",500,0.9,1,"Oracle-GMM",,,,,,,,,,,,,,,,,,,,,,,,,,,,,,,,,,,,0,0,0,,,,,,
"cr_exact_consistency",500,0.9,1,"Full-GMM",,,,,,,,,,,,,,,,,,,,,,,,,,,,,,,,,,,,0,0,0,,,,,,
"cr_exact_consistency",500,0.9,1,"DML-IVQR",,,,,,,,,,,,,,,,,,,,,,,,,,,,,,,,,,,,0,0,0,,,,,,
"cr_exact_consistency",500,0.9,0.5,"Oracle-GMM",,,,,,,,,,,,,,,,,,,,,,,,,,,,,,,,,,,,0,0,0,,,,,,
"cr_exact_consistency",500,0.9,0.5,"Full-GMM",,,,,,,,,,,,,,,,,,,,,,,,,,,,,,,,,,,,0,0,0,,,,,,
"cr_exact_consistency",500,0.9,0.5,"DML-IVQR",,,,,,,,,,,,,,,,,,,,,,,,,,,,,,,,,,,,0,0,0,,,,,,
"cr_exact_consistency",500,0.9,0.25,"Oracle-GMM",,,,,,,,,,,,,,,,,,,,,,,,,,,,,,,,,,,,0,0,0,,,,,,
"cr_exact_consistency",500,0.9,0.25,"Full-GMM",,,,,,,,,,,,,,,,,,,,,,,,,,,,,,,,,,,,0,0,0,,,,,,
"cr_exact_consistency",500,0.9,0.25,"DML-IVQR",,,,,,,,,,,,,,,,,,,,,,,,,,,,,,,,,,,,0,0,0,,,,,,
"cr_exact_consistency",500,0.9,0.1,"Oracle-GMM",,,,,,,,,,,,,,,,,,,,,,,,,,,,,,,,,,,,0,0,0,,,,,,
"cr_exact_consistency",500,0.9,0.1,"Full-GMM",,,,,,,,,,,,,,,,,,,,,,,,,,,,,,,,,,,,0,0,0,,,,,,
"cr_exact_consistency",500,0.9,0.1,"DML-IVQR",,,,,,,,,,,,,,,,,,,,,,,,,,,,,,,,,,,,0,0,0,,,,,,
"cr_exact_consistency",1000,0.1,1,"Oracle-GMM",,,,,,,,,,,,,,,,,,,,,,,,,,,,,,,,,,,,0,0,0,,,,,,
"cr_exact_consistency",1000,0.1,1,"Full-GMM",,,,,,,,,,,,,,,,,,,,,,,,,,,,,,,,,,,,0,0,0,,,,,,
"cr_exact_consistency",1000,0.1,1,"DML-IVQR",,,,,,,,,,,,,,,,,,,,,,,,,,,,,,,,,,,,0,0,0,,,,,,
"cr_exact_consistency",1000,0.1,0.5,"Oracle-GMM",,,,,,,,,,,,,,,,,,,,,,,,,,,,,,,,,,,,0,0,0,,,,,,
"cr_exact_consistency",1000,0.1,0.5,"Full-GMM",,,,,,,,,,,,,,,,,,,,,,,,,,,,,,,,,,,,0,0,0,,,,,,
"cr_exact_consistency",1000,0.1,0.5,"DML-IVQR",,,,,,,,,,,,,,,,,,,,,,,,,,,,,,,,,,,,0,0,0,,,,,,
"cr_exact_consistency",1000,0.1,0.25,"Oracle-GMM",,,,,,,,,,,,,,,,,,,,,,,,,,,,,,,,,,,,0,0,0,,,,,,
"cr_exact_consistency",1000,0.1,0.25,"Full-GMM",,,,,,,,,,,,,,,,,,,,,,,,,,,,,,,,,,,,0,0,0,,,,,,
"cr_exact_consistency",1000,0.1,0.25,"DML-IVQR",,,,,,,,,,,,,,,,,,,,,,,,,,,,,,,,,,,,0,0,0,,,,,,
"cr_exact_consistency",1000,0.1,0.1,"Oracle-GMM",,,,,,,,,,,,,,,,,,,,,,,,,,,,,,,,,,,,0,0,0,,,,,,
"cr_exact_consistency",1000,0.1,0.1,"Full-GMM",,,,,,,,,,,,,,,,,,,,,,,,,,,,,,,,,,,,0,0,0,,,,,,
"cr_exact_consistency",1000,0.1,0.1,"DML-IVQR",,,,,,,,,,,,,,,,,,,,,,,,,,,,,,,,,,,,0,0,0,,,,,,
"cr_exact_consistency",1000,0.25,1,"Oracle-GMM",,,,,,,,,,,,,,,,,,,,,,,,,,,,,,,,,,,,0,0,0,,,,,,
"cr_exact_consistency",1000,0.25,1,"Full-GMM",,,,,,,,,,,,,,,,,,,,,,,,,,,,,,,,,,,,0,0,0,,,,,,
"cr_exact_consistency",1000,0.25,1,"DML-IVQR",,,,,,,,,,,,,,,,,,,,,,,,,,,,,,,,,,,,0,0,0,,,,,,
"cr_exact_consistency",1000,0.25,0.5,"Oracle-GMM",,,,,,,,,,,,,,,,,,,,,,,,,,,,,,,,,,,,0,0,0,,,,,,
"cr_exact_consistency",1000,0.25,0.5,"Full-GMM",,,,,,,,,,,,,,,,,,,,,,,,,,,,,,,,,,,,0,0,0,,,,,,
"cr_exact_consistency",1000,0.25,0.5,"DML-IVQR",,,,,,,,,,,,,,,,,,,,,,,,,,,,,,,,,,,,0,0,0,,,,,,
"cr_exact_consistency",1000,0.25,0.25,"Oracle-GMM",,,,,,,,,,,,,,,,,,,,,,,,,,,,,,,,,,,,0,0,0,,,,,,
"cr_exact_consistency",1000,0.25,0.25,"Full-GMM",,,,,,,,,,,,,,,,,,,,,,,,,,,,,,,,,,,,0,0,0,,,,,,
"cr_exact_consistency",1000,0.25,0.25,"DML-IVQR",,,,,,,,,,,,,,,,,,,,,,,,,,,,,,,,,,,,0,0,0,,,,,,
"cr_exact_consistency",1000,0.25,0.1,"Oracle-GMM",,,,,,,,,,,,,,,,,,,,,,,,,,,,,,,,,,,,0,0,0,,,,,,
"cr_exact_consistency",1000,0.25,0.1,"Full-GMM",,,,,,,,,,,,,,,,,,,,,,,,,,,,,,,,,,,,0,0,0,,,,,,
"cr_exact_consistency",1000,0.25,0.1,"DML-IVQR",,,,,,,,,,,,,,,,,,,,,,,,,,,,,,,,,,,,0,0,0,,,,,,
"cr_exact_consistency",1000,0.5,1,"Oracle-GMM",,,,,,,,,,,,,,,,,,,,,,,,,,,,,,,,,,,,0,0,0,,,,,,
"cr_exact_consistency",1000,0.5,1,"Full-GMM",,,,,,,,,,,,,,,,,,,,,,,,,,,,,,,,,,,,0,0,0,,,,,,
"cr_exact_consistency",1000,0.5,1,"DML-IVQR",,,,,,,,,,,,,,,,,,,,,,,,,,,,,,,,,,,,0,0,0,,,,,,
"cr_exact_consistency",1000,0.5,0.5,"Oracle-GMM",,,,,,,,,,,,,,,,,,,,,,,,,,,,,,,,,,,,0,0,0,,,,,,
"cr_exact_consistency",1000,0.5,0.5,"Full-GMM",,,,,,,,,,,,,,,,,,,,,,,,,,,,,,,,,,,,0,0,0,,,,,,
"cr_exact_consistency",1000,0.5,0.5,"DML-IVQR",,,,,,,,,,,,,,,,,,,,,,,,,,,,,,,,,,,,0,0,0,,,,,,
"cr_exact_consistency",1000,0.5,0.25,"Oracle-GMM",,,,,,,,,,,,,,,,,,,,,,,,,,,,,,,,,,,,0,0,0,,,,,,
"cr_exact_consistency",1000,0.5,0.25,"Full-GMM",,,,,,,,,,,,,,,,,,,,,,,,,,,,,,,,,,,,0,0,0,,,,,,
"cr_exact_consistency",1000,0.5,0.25,"DML-IVQR",,,,,,,,,,,,,,,,,,,,,,,,,,,,,,,,,,,,0,0,0,,,,,,
"cr_exact_consistency",1000,0.5,0.1,"Oracle-GMM",,,,,,,,,,,,,,,,,,,,,,,,,,,,,,,,,,,,0,0,0,,,,,,
"cr_exact_consistency",1000,0.5,0.1,"Full-GMM",,,,,,,,,,,,,,,,,,,,,,,,,,,,,,,,,,,,0,0,0,,,,,,
"cr_exact_consistency",1000,0.5,0.1,"DML-IVQR",,,,,,,,,,,,,,,,,,,,,,,,,,,,,,,,,,,,0,0,0,,,,,,
"cr_exact_consistency",1000,0.75,1,"Oracle-GMM",,,,,,,,,,,,,,,,,,,,,,,,,,,,,,,,,,,,0,0,0,,,,,,
"cr_exact_consistency",1000,0.75,1,"Full-GMM",,,,,,,,,,,,,,,,,,,,,,,,,,,,,,,,,,,,0,0,0,,,,,,
"cr_exact_consistency",1000,0.75,1,"DML-IVQR",,,,,,,,,,,,,,,,,,,,,,,,,,,,,,,,,,,,0,0,0,,,,,,
"cr_exact_consistency",1000,0.75,0.5,"Oracle-GMM",,,,,,,,,,,,,,,,,,,,,,,,,,,,,,,,,,,,0,0,0,,,,,,
"cr_exact_consistency",1000,0.75,0.5,"Full-GMM",,,,,,,,,,,,,,,,,,,,,,,,,,,,,,,,,,,,0,0,0,,,,,,
"cr_exact_consistency",1000,0.75,0.5,"DML-IVQR",,,,,,,,,,,,,,,,,,,,,,,,,,,,,,,,,,,,0,0,0,,,,,,
"cr_exact_consistency",1000,0.75,0.25,"Oracle-GMM",,,,,,,,,,,,,,,,,,,,,,,,,,,,,,,,,,,,0,0,0,,,,,,
"cr_exact_consistency",1000,0.75,0.25,"Full-GMM",,,,,,,,,,,,,,,,,,,,,,,,,,,,,,,,,,,,0,0,0,,,,,,
"cr_exact_consistency",1000,0.75,0.25,"DML-IVQR",,,,,,,,,,,,,,,,,,,,,,,,,,,,,,,,,,,,0,0,0,,,,,,
"cr_exact_consistency",1000,0.75,0.1,"Oracle-GMM",,,,,,,,,,,,,,,,,,,,,,,,,,,,,,,,,,,,0,0,0,,,,,,
"cr_exact_consistency",1000,0.75,0.1,"Full-GMM",,,,,,,,,,,,,,,,,,,,,,,,,,,,,,,,,,,,0,0,0,,,,,,
"cr_exact_consistency",1000,0.75,0.1,"DML-IVQR",,,,,,,,,,,,,,,,,,,,,,,,,,,,,,,,,,,,0,0,0,,,,,,
"cr_exact_consistency",1000,0.9,1,"Oracle-GMM",,,,,,,,,,,,,,,,,,,,,,,,,,,,,,,,,,,,0,0,0,,,,,,
"cr_exact_consistency",1000,0.9,1,"Full-GMM",,,,,,,,,,,,,,,,,,,,,,,,,,,,,,,,,,,,0,0,0,,,,,,
"cr_exact_consistency",1000,0.9,1,"DML-IVQR",,,,,,,,,,,,,,,,,,,,,,,,,,,,,,,,,,,,0,0,0,,,,,,
"cr_exact_consistency",1000,0.9,0.5,"Oracle-GMM",,,,,,,,,,,,,,,,,,,,,,,,,,,,,,,,,,,,0,0,0,,,,,,
"cr_exact_consistency",1000,0.9,0.5,"Full-GMM",,,,,,,,,,,,,,,,,,,,,,,,,,,,,,,,,,,,0,0,0,,,,,,
"cr_exact_consistency",1000,0.9,0.5,"DML-IVQR",,,,,,,,,,,,,,,,,,,,,,,,,,,,,,,,,,,,0,0,0,,,,,,
"cr_exact_consistency",1000,0.9,0.25,"Oracle-GMM",,,,,,,,,,,,,,,,,,,,,,,,,,,,,,,,,,,,0,0,0,,,,,,
"cr_exact_consistency",1000,0.9,0.25,"Full-GMM",,,,,,,,,,,,,,,,,,,,,,,,,,,,,,,,,,,,0,0,0,,,,,,
"cr_exact_consistency",1000,0.9,0.25,"DML-IVQR",,,,,,,,,,,,,,,,,,,,,,,,,,,,,,,,,,,,0,0,0,,,,,,
"cr_exact_consistency",1000,0.9,0.1,"Oracle-GMM",,,,,,,,,,,,,,,,,,,,,,,,,,,,,,,,,,,,0,0,0,,,,,,
"cr_exact_consistency",1000,0.9,0.1,"Full-GMM",,,,,,,,,,,,,,,,,,,,,,,,,,,,,,,,,,,,0,0,0,,,,,,
"cr_exact_consistency",1000,0.9,0.1,"DML-IVQR",,,,,,,,,,,,,,,,,,,,,,,,,,,,,,,,,,,,0,0,0,,,,,,
"power_versus_size",500,0.1,1,"Oracle-GMM",,,,,,,,,,,,,,,,,,,,,,,,,,,,,,,,,,,,,,,-0.5,0.94,0.18,FALSE,,
"power_versus_size",500,0.1,1,"Oracle-GMM",,,,,,,,,,,,,,,,,,,,,,,,,,,,,,,,,,,,,,,-0.25,0.7,0.18,FALSE,,
"power_versus_size",500,0.1,1,"Oracle-GMM",,,,,,,,,,,,,,,,,,,,,,,,,,,,,,,,,,,,,,,0.25,0.2,0.18,FALSE,,
"power_versus_size",500,0.1,1,"Oracle-GMM",,,,,,,,,,,,,,,,,,,,,,,,,,,,,,,,,,,,,,,0.5,0.58,0.18,FALSE,,
"power_versus_size",500,0.1,1,"Full-GMM",,,,,,,,,,,,,,,,,,,,,,,,,,,,,,,,,,,,,,,-0.5,0.94,0.52,FALSE,,
"power_versus_size",500,0.1,1,"Full-GMM",,,,,,,,,,,,,,,,,,,,,,,,,,,,,,,,,,,,,,,-0.25,0.78,0.52,FALSE,,
"power_versus_size",500,0.1,1,"Full-GMM",,,,,,,,,,,,,,,,,,,,,,,,,,,,,,,,,,,,,,,0.25,0.16,0.52,TRUE,,
"power_versus_size",500,0.1,1,"Full-GMM",,,,,,,,,,,,,,,,,,,,,,,,,,,,,,,,,,,,,,,0.5,0.12,0.52,TRUE,,
"power_versus_size",500,0.1,1,"DML-IVQR",,,,,,,,,,,,,,,,,,,,,,,,,,,,,,,,,,,,,,,-0.5,0.74,0.04,FALSE,,
"power_versus_size",500,0.1,1,"DML-IVQR",,,,,,,,,,,,,,,,,,,,,,,,,,,,,,,,,,,,,,,-0.25,0.2,0.04,FALSE,,
"power_versus_size",500,0.1,1,"DML-IVQR",,,,,,,,,,,,,,,,,,,,,,,,,,,,,,,,,,,,,,,0.25,0,0.04,TRUE,,
"power_versus_size",500,0.1,1,"DML-IVQR",,,,,,,,,,,,,,,,,,,,,,,,,,,,,,,,,,,,,,,0.5,0.02,0.04,TRUE,,
"power_versus_size",500,0.1,0.5,"Oracle-GMM",,,,,,,,,,,,,,,,,,,,,,,,,,,,,,,,,,,,,,,-0.5,0.52,0.16,FALSE,,
"power_versus_size",500,0.1,0.5,"Oracle-GMM",,,,,,,,,,,,,,,,,,,,,,,,,,,,,,,,,,,,,,,-0.25,0.28,0.16,FALSE,,
"power_versus_size",500,0.1,0.5,"Oracle-GMM",,,,,,,,,,,,,,,,,,,,,,,,,,,,,,,,,,,,,,,0.25,0.08,0.16,TRUE,,
"power_versus_size",500,0.1,0.5,"Oracle-GMM",,,,,,,,,,,,,,,,,,,,,,,,,,,,,,,,,,,,,,,0.5,0.14,0.16,TRUE,,
"power_versus_size",500,0.1,0.5,"Full-GMM",,,,,,,,,,,,,,,,,,,,,,,,,,,,,,,,,,,,,,,-0.5,0.32,0.12,FALSE,,
"power_versus_size",500,0.1,0.5,"Full-GMM",,,,,,,,,,,,,,,,,,,,,,,,,,,,,,,,,,,,,,,-0.25,0.24,0.12,FALSE,,
"power_versus_size",500,0.1,0.5,"Full-GMM",,,,,,,,,,,,,,,,,,,,,,,,,,,,,,,,,,,,,,,0.25,0.04,0.12,TRUE,,
"power_versus_size",500,0.1,0.5,"Full-GMM",,,,,,,,,,,,,,,,,,,,,,,,,,,,,,,,,,,,,,,0.5,0.04,0.12,TRUE,,
"power_versus_size",500,0.1,0.5,"DML-IVQR",,,,,,,,,,,,,,,,,,,,,,,,,,,,,,,,,,,,,,,-0.5,0.44,0.06,FALSE,,
"power_versus_size",500,0.1,0.5,"DML-IVQR",,,,,,,,,,,,,,,,,,,,,,,,,,,,,,,,,,,,,,,-0.25,0.14,0.06,FALSE,,
"power_versus_size",500,0.1,0.5,"DML-IVQR",,,,,,,,,,,,,,,,,,,,,,,,,,,,,,,,,,,,,,,0.25,0.04,0.06,TRUE,,
"power_versus_size",500,0.1,0.5,"DML-IVQR",,,,,,,,,,,,,,,,,,,,,,,,,,,,,,,,,,,,,,,0.5,0.02,0.06,TRUE,,
"power_versus_size",500,0.1,0.25,"Oracle-GMM",,,,,,,,,,,,,,,,,,,,,,,,,,,,,,,,,,,,,,,-0.5,0.16,0.06,FALSE,,
"power_versus_size",500,0.1,0.25,"Oracle-GMM",,,,,,,,,,,,,,,,,,,,,,,,,,,,,,,,,,,,,,,-0.25,0.1,0.06,FALSE,,
"power_versus_size",500,0.1,0.25,"Oracle-GMM",,,,,,,,,,,,,,,,,,,,,,,,,,,,,,,,,,,,,,,0.25,0.04,0.06,TRUE,,
"power_versus_size",500,0.1,0.25,"Oracle-GMM",,,,,,,,,,,,,,,,,,,,,,,,,,,,,,,,,,,,,,,0.5,0.12,0.06,FALSE,,
"power_versus_size",500,0.1,0.25,"Full-GMM",,,,,,,,,,,,,,,,,,,,,,,,,,,,,,,,,,,,,,,-0.5,0.12,0.06,FALSE,,
"power_versus_size",500,0.1,0.25,"Full-GMM",,,,,,,,,,,,,,,,,,,,,,,,,,,,,,,,,,,,,,,-0.25,0.04,0.06,TRUE,,
"power_versus_size",500,0.1,0.25,"Full-GMM",,,,,,,,,,,,,,,,,,,,,,,,,,,,,,,,,,,,,,,0.25,0.04,0.06,TRUE,,
"power_versus_size",500,0.1,0.25,"Full-GMM",,,,,,,,,,,,,,,,,,,,,,,,,,,,,,,,,,,,,,,0.5,0.02,0.06,TRUE,,
"power_versus_size",500,0.1,0.25,"DML-IVQR",,,,,,,,,,,,,,,,,,,,,,,,,,,,,,,,,,,,,,,-0.5,0.14,0.08,FALSE,,
"power_versus_size",500,0.1,0.25,"DML-IVQR",,,,,,,,,,,,,,,,,,,,,,,,,,,,,,,,,,,,,,,-0.25,0.14,0.08,FALSE,,
"power_versus_size",500,0.1,0.25,"DML-IVQR",,,,,,,,,,,,,,,,,,,,,,,,,,,,,,,,,,,,,,,0.25,0.04,0.08,TRUE,,
"power_versus_size",500,0.1,0.25,"DML-IVQR",,,,,,,,,,,,,,,,,,,,,,,,,,,,,,,,,,,,,,,0.5,0.04,0.08,TRUE,,
"power_versus_size",500,0.1,0.1,"Oracle-GMM",,,,,,,,,,,,,,,,,,,,,,,,,,,,,,,,,,,,,,,-0.5,0.06,0.1,TRUE,,
"power_versus_size",500,0.1,0.1,"Oracle-GMM",,,,,,,,,,,,,,,,,,,,,,,,,,,,,,,,,,,,,,,-0.25,0.08,0.1,TRUE,,
"power_versus_size",500,0.1,0.1,"Oracle-GMM",,,,,,,,,,,,,,,,,,,,,,,,,,,,,,,,,,,,,,,0.25,0.08,0.1,TRUE,,
"power_versus_size",500,0.1,0.1,"Oracle-GMM",,,,,,,,,,,,,,,,,,,,,,,,,,,,,,,,,,,,,,,0.5,0.08,0.1,TRUE,,
"power_versus_size",500,0.1,0.1,"Full-GMM",,,,,,,,,,,,,,,,,,,,,,,,,,,,,,,,,,,,,,,-0.5,0.02,0.02,FALSE,,
"power_versus_size",500,0.1,0.1,"Full-GMM",,,,,,,,,,,,,,,,,,,,,,,,,,,,,,,,,,,,,,,-0.25,0.04,0.02,FALSE,,
"power_versus_size",500,0.1,0.1,"Full-GMM",,,,,,,,,,,,,,,,,,,,,,,,,,,,,,,,,,,,,,,0.25,0.02,0.02,FALSE,,
"power_versus_size",500,0.1,0.1,"Full-GMM",,,,,,,,,,,,,,,,,,,,,,,,,,,,,,,,,,,,,,,0.5,0.06,0.02,FALSE,,
"power_versus_size",500,0.1,0.1,"DML-IVQR",,,,,,,,,,,,,,,,,,,,,,,,,,,,,,,,,,,,,,,-0.5,0.14,0.08,FALSE,,
"power_versus_size",500,0.1,0.1,"DML-IVQR",,,,,,,,,,,,,,,,,,,,,,,,,,,,,,,,,,,,,,,-0.25,0.1,0.08,FALSE,,
"power_versus_size",500,0.1,0.1,"DML-IVQR",,,,,,,,,,,,,,,,,,,,,,,,,,,,,,,,,,,,,,,0.25,0.08,0.08,FALSE,,
"power_versus_size",500,0.1,0.1,"DML-IVQR",,,,,,,,,,,,,,,,,,,,,,,,,,,,,,,,,,,,,,,0.5,0.06,0.08,TRUE,,
"power_versus_size",500,0.25,1,"Oracle-GMM",,,,,,,,,,,,,,,,,,,,,,,,,,,,,,,,,,,,,,,-0.5,1,0.2,FALSE,,
"power_versus_size",500,0.25,1,"Oracle-GMM",,,,,,,,,,,,,,,,,,,,,,,,,,,,,,,,,,,,,,,-0.25,0.78,0.2,FALSE,,
"power_versus_size",500,0.25,1,"Oracle-GMM",,,,,,,,,,,,,,,,,,,,,,,,,,,,,,,,,,,,,,,0.25,0.44,0.2,FALSE,,
"power_versus_size",500,0.25,1,"Oracle-GMM",,,,,,,,,,,,,,,,,,,,,,,,,,,,,,,,,,,,,,,0.5,0.9,0.2,FALSE,,
"power_versus_size",500,0.25,1,"Full-GMM",,,,,,,,,,,,,,,,,,,,,,,,,,,,,,,,,,,,,,,-0.5,0.94,0.18,FALSE,,
"power_versus_size",500,0.25,1,"Full-GMM",,,,,,,,,,,,,,,,,,,,,,,,,,,,,,,,,,,,,,,-0.25,0.68,0.18,FALSE,,
"power_versus_size",500,0.25,1,"Full-GMM",,,,,,,,,,,,,,,,,,,,,,,,,,,,,,,,,,,,,,,0.25,0.12,0.18,TRUE,,
"power_versus_size",500,0.25,1,"Full-GMM",,,,,,,,,,,,,,,,,,,,,,,,,,,,,,,,,,,,,,,0.5,0.26,0.18,FALSE,,
"power_versus_size",500,0.25,1,"DML-IVQR",,,,,,,,,,,,,,,,,,,,,,,,,,,,,,,,,,,,,,,-0.5,0.88,0.06,FALSE,,
"power_versus_size",500,0.25,1,"DML-IVQR",,,,,,,,,,,,,,,,,,,,,,,,,,,,,,,,,,,,,,,-0.25,0.4,0.06,FALSE,,
"power_versus_size",500,0.25,1,"DML-IVQR",,,,,,,,,,,,,,,,,,,,,,,,,,,,,,,,,,,,,,,0.25,0.32,0.06,FALSE,,
"power_versus_size",500,0.25,1,"DML-IVQR",,,,,,,,,,,,,,,,,,,,,,,,,,,,,,,,,,,,,,,0.5,0.72,0.06,FALSE,,
"power_versus_size",500,0.25,0.5,"Oracle-GMM",,,,,,,,,,,,,,,,,,,,,,,,,,,,,,,,,,,,,,,-0.5,0.56,0.08,FALSE,,
"power_versus_size",500,0.25,0.5,"Oracle-GMM",,,,,,,,,,,,,,,,,,,,,,,,,,,,,,,,,,,,,,,-0.25,0.36,0.08,FALSE,,
"power_versus_size",500,0.25,0.5,"Oracle-GMM",,,,,,,,,,,,,,,,,,,,,,,,,,,,,,,,,,,,,,,0.25,0.16,0.08,FALSE,,
"power_versus_size",500,0.25,0.5,"Oracle-GMM",,,,,,,,,,,,,,,,,,,,,,,,,,,,,,,,,,,,,,,0.5,0.4,0.08,FALSE,,
"power_versus_size",500,0.25,0.5,"Full-GMM",,,,,,,,,,,,,,,,,,,,,,,,,,,,,,,,,,,,,,,-0.5,0.32,0.12,FALSE,,
"power_versus_size",500,0.25,0.5,"Full-GMM",,,,,,,,,,,,,,,,,,,,,,,,,,,,,,,,,,,,,,,-0.25,0.2,0.12,FALSE,,
"power_versus_size",500,0.25,0.5,"Full-GMM",,,,,,,,,,,,,,,,,,,,,,,,,,,,,,,,,,,,,,,0.25,0.08,0.12,TRUE,,
"power_versus_size",500,0.25,0.5,"Full-GMM",,,,,,,,,,,,,,,,,,,,,,,,,,,,,,,,,,,,,,,0.5,0.16,0.12,FALSE,,
"power_versus_size",500,0.25,0.5,"DML-IVQR",,,,,,,,,,,,,,,,,,,,,,,,,,,,,,,,,,,,,,,-0.5,0.4,0.08,FALSE,,
"power_versus_size",500,0.25,0.5,"DML-IVQR",,,,,,,,,,,,,,,,,,,,,,,,,,,,,,,,,,,,,,,-0.25,0.26,0.08,FALSE,,
"power_versus_size",500,0.25,0.5,"DML-IVQR",,,,,,,,,,,,,,,,,,,,,,,,,,,,,,,,,,,,,,,0.25,0.12,0.08,FALSE,,
"power_versus_size",500,0.25,0.5,"DML-IVQR",,,,,,,,,,,,,,,,,,,,,,,,,,,,,,,,,,,,,,,0.5,0.2,0.08,FALSE,,
"power_versus_size",500,0.25,0.25,"Oracle-GMM",,,,,,,,,,,,,,,,,,,,,,,,,,,,,,,,,,,,,,,-0.5,0.26,0.1,FALSE,,
"power_versus_size",500,0.25,0.25,"Oracle-GMM",,,,,,,,,,,,,,,,,,,,,,,,,,,,,,,,,,,,,,,-0.25,0.12,0.1,FALSE,,
"power_versus_size",500,0.25,0.25,"Oracle-GMM",,,,,,,,,,,,,,,,,,,,,,,,,,,,,,,,,,,,,,,0.25,0.1,0.1,FALSE,,
"power_versus_size",500,0.25,0.25,"Oracle-GMM",,,,,,,,,,,,,,,,,,,,,,,,,,,,,,,,,,,,,,,0.5,0.18,0.1,FALSE,,
"power_versus_size",500,0.25,0.25,"Full-GMM",,,,,,,,,,,,,,,,,,,,,,,,,,,,,,,,,,,,,,,-0.5,0.12,0.04,FALSE,,
"power_versus_size",500,0.25,0.25,"Full-GMM",,,,,,,,,,,,,,,,,,,,,,,,,,,,,,,,,,,,,,,-0.25,0.1,0.04,FALSE,,
"power_versus_size",500,0.25,0.25,"Full-GMM",,,,,,,,,,,,,,,,,,,,,,,,,,,,,,,,,,,,,,,0.25,0.08,0.04,FALSE,,
"power_versus_size",500,0.25,0.25,"Full-GMM",,,,,,,,,,,,,,,,,,,,,,,,,,,,,,,,,,,,,,,0.5,0.08,0.04,FALSE,,
"power_versus_size",500,0.25,0.25,"DML-IVQR",,,,,,,,,,,,,,,,,,,,,,,,,,,,,,,,,,,,,,,-0.5,0.22,0.08,FALSE,,
"power_versus_size",500,0.25,0.25,"DML-IVQR",,,,,,,,,,,,,,,,,,,,,,,,,,,,,,,,,,,,,,,-0.25,0.1,0.08,FALSE,,
"power_versus_size",500,0.25,0.25,"DML-IVQR",,,,,,,,,,,,,,,,,,,,,,,,,,,,,,,,,,,,,,,0.25,0.08,0.08,FALSE,,
"power_versus_size",500,0.25,0.25,"DML-IVQR",,,,,,,,,,,,,,,,,,,,,,,,,,,,,,,,,,,,,,,0.5,0.14,0.08,FALSE,,
"power_versus_size",500,0.25,0.1,"Oracle-GMM",,,,,,,,,,,,,,,,,,,,,,,,,,,,,,,,,,,,,,,-0.5,0.12,0.12,FALSE,,
"power_versus_size",500,0.25,0.1,"Oracle-GMM",,,,,,,,,,,,,,,,,,,,,,,,,,,,,,,,,,,,,,,-0.25,0.18,0.12,FALSE,,
"power_versus_size",500,0.25,0.1,"Oracle-GMM",,,,,,,,,,,,,,,,,,,,,,,,,,,,,,,,,,,,,,,0.25,0.1,0.12,TRUE,,
"power_versus_size",500,0.25,0.1,"Oracle-GMM",,,,,,,,,,,,,,,,,,,,,,,,,,,,,,,,,,,,,,,0.5,0.08,0.12,TRUE,,
"power_versus_size",500,0.25,0.1,"Full-GMM",,,,,,,,,,,,,,,,,,,,,,,,,,,,,,,,,,,,,,,-0.5,0.1,0.06,FALSE,,
"power_versus_size",500,0.25,0.1,"Full-GMM",,,,,,,,,,,,,,,,,,,,,,,,,,,,,,,,,,,,,,,-0.25,0.1,0.06,FALSE,,
"power_versus_size",500,0.25,0.1,"Full-GMM",,,,,,,,,,,,,,,,,,,,,,,,,,,,,,,,,,,,,,,0.25,0.1,0.06,FALSE,,
"power_versus_size",500,0.25,0.1,"Full-GMM",,,,,,,,,,,,,,,,,,,,,,,,,,,,,,,,,,,,,,,0.5,0.04,0.06,TRUE,,
"power_versus_size",500,0.25,0.1,"DML-IVQR",,,,,,,,,,,,,,,,,,,,,,,,,,,,,,,,,,,,,,,-0.5,0.08,0.08,FALSE,,
"power_versus_size",500,0.25,0.1,"DML-IVQR",,,,,,,,,,,,,,,,,,,,,,,,,,,,,,,,,,,,,,,-0.25,0.12,0.08,FALSE,,
"power_versus_size",500,0.25,0.1,"DML-IVQR",,,,,,,,,,,,,,,,,,,,,,,,,,,,,,,,,,,,,,,0.25,0.04,0.08,TRUE,,
"power_versus_size",500,0.25,0.1,"DML-IVQR",,,,,,,,,,,,,,,,,,,,,,,,,,,,,,,,,,,,,,,0.5,0.08,0.08,FALSE,,
"power_versus_size",500,0.5,1,"Oracle-GMM",,,,,,,,,,,,,,,,,,,,,,,,,,,,,,,,,,,,,,,-0.5,0.98,0.12,FALSE,,
"power_versus_size",500,0.5,1,"Oracle-GMM",,,,,,,,,,,,,,,,,,,,,,,,,,,,,,,,,,,,,,,-0.25,0.72,0.12,FALSE,,
"power_versus_size",500,0.5,1,"Oracle-GMM",,,,,,,,,,,,,,,,,,,,,,,,,,,,,,,,,,,,,,,0.25,0.64,0.12,FALSE,,
"power_versus_size",500,0.5,1,"Oracle-GMM",,,,,,,,,,,,,,,,,,,,,,,,,,,,,,,,,,,,,,,0.5,0.98,0.12,FALSE,,
"power_versus_size",500,0.5,1,"Full-GMM",,,,,,,,,,,,,,,,,,,,,,,,,,,,,,,,,,,,,,,-0.5,0.88,0.06,FALSE,,
"power_versus_size",500,0.5,1,"Full-GMM",,,,,,,,,,,,,,,,,,,,,,,,,,,,,,,,,,,,,,,-0.25,0.4,0.06,FALSE,,
"power_versus_size",500,0.5,1,"Full-GMM",,,,,,,,,,,,,,,,,,,,,,,,,,,,,,,,,,,,,,,0.25,0.3,0.06,FALSE,,
"power_versus_size",500,0.5,1,"Full-GMM",,,,,,,,,,,,,,,,,,,,,,,,,,,,,,,,,,,,,,,0.5,0.8,0.06,FALSE,,
"power_versus_size",500,0.5,1,"DML-IVQR",,,,,,,,,,,,,,,,,,,,,,,,,,,,,,,,,,,,,,,-0.5,0.92,0.06,FALSE,,
"power_versus_size",500,0.5,1,"DML-IVQR",,,,,,,,,,,,,,,,,,,,,,,,,,,,,,,,,,,,,,,-0.25,0.42,0.06,FALSE,,
"power_versus_size",500,0.5,1,"DML-IVQR",,,,,,,,,,,,,,,,,,,,,,,,,,,,,,,,,,,,,,,0.25,0.56,0.06,FALSE,,
"power_versus_size",500,0.5,1,"DML-IVQR",,,,,,,,,,,,,,,,,,,,,,,,,,,,,,,,,,,,,,,0.5,0.96,0.06,FALSE,,
"power_versus_size",500,0.5,0.5,"Oracle-GMM",,,,,,,,,,,,,,,,,,,,,,,,,,,,,,,,,,,,,,,-0.5,0.56,0.1,FALSE,,
"power_versus_size",500,0.5,0.5,"Oracle-GMM",,,,,,,,,,,,,,,,,,,,,,,,,,,,,,,,,,,,,,,-0.25,0.34,0.1,FALSE,,
"power_versus_size",500,0.5,0.5,"Oracle-GMM",,,,,,,,,,,,,,,,,,,,,,,,,,,,,,,,,,,,,,,0.25,0.2,0.1,FALSE,,
"power_versus_size",500,0.5,0.5,"Oracle-GMM",,,,,,,,,,,,,,,,,,,,,,,,,,,,,,,,,,,,,,,0.5,0.66,0.1,FALSE,,
"power_versus_size",500,0.5,0.5,"Full-GMM",,,,,,,,,,,,,,,,,,,,,,,,,,,,,,,,,,,,,,,-0.5,0.26,0.08,FALSE,,
"power_versus_size",500,0.5,0.5,"Full-GMM",,,,,,,,,,,,,,,,,,,,,,,,,,,,,,,,,,,,,,,-0.25,0.16,0.08,FALSE,,
"power_versus_size",500,0.5,0.5,"Full-GMM",,,,,,,,,,,,,,,,,,,,,,,,,,,,,,,,,,,,,,,0.25,0.14,0.08,FALSE,,
"power_versus_size",500,0.5,0.5,"Full-GMM",,,,,,,,,,,,,,,,,,,,,,,,,,,,,,,,,,,,,,,0.5,0.28,0.08,FALSE,,
"power_versus_size",500,0.5,0.5,"DML-IVQR",,,,,,,,,,,,,,,,,,,,,,,,,,,,,,,,,,,,,,,-0.5,0.48,0.1,FALSE,,
"power_versus_size",500,0.5,0.5,"DML-IVQR",,,,,,,,,,,,,,,,,,,,,,,,,,,,,,,,,,,,,,,-0.25,0.16,0.1,FALSE,,
"power_versus_size",500,0.5,0.5,"DML-IVQR",,,,,,,,,,,,,,,,,,,,,,,,,,,,,,,,,,,,,,,0.25,0.16,0.1,FALSE,,
"power_versus_size",500,0.5,0.5,"DML-IVQR",,,,,,,,,,,,,,,,,,,,,,,,,,,,,,,,,,,,,,,0.5,0.46,0.1,FALSE,,
"power_versus_size",500,0.5,0.25,"Oracle-GMM",,,,,,,,,,,,,,,,,,,,,,,,,,,,,,,,,,,,,,,-0.5,0.22,0.08,FALSE,,
"power_versus_size",500,0.5,0.25,"Oracle-GMM",,,,,,,,,,,,,,,,,,,,,,,,,,,,,,,,,,,,,,,-0.25,0.18,0.08,FALSE,,
"power_versus_size",500,0.5,0.25,"Oracle-GMM",,,,,,,,,,,,,,,,,,,,,,,,,,,,,,,,,,,,,,,0.25,0.08,0.08,FALSE,,
"power_versus_size",500,0.5,0.25,"Oracle-GMM",,,,,,,,,,,,,,,,,,,,,,,,,,,,,,,,,,,,,,,0.5,0.24,0.08,FALSE,,
"power_versus_size",500,0.5,0.25,"Full-GMM",,,,,,,,,,,,,,,,,,,,,,,,,,,,,,,,,,,,,,,-0.5,0.06,0.08,TRUE,,
"power_versus_size",500,0.5,0.25,"Full-GMM",,,,,,,,,,,,,,,,,,,,,,,,,,,,,,,,,,,,,,,-0.25,0.06,0.08,TRUE,,
"power_versus_size",500,0.5,0.25,"Full-GMM",,,,,,,,,,,,,,,,,,,,,,,,,,,,,,,,,,,,,,,0.25,0.04,0.08,TRUE,,
"power_versus_size",500,0.5,0.25,"Full-GMM",,,,,,,,,,,,,,,,,,,,,,,,,,,,,,,,,,,,,,,0.5,0.1,0.08,FALSE,,
"power_versus_size",500,0.5,0.25,"DML-IVQR",,,,,,,,,,,,,,,,,,,,,,,,,,,,,,,,,,,,,,,-0.5,0.18,0.06,FALSE,,
"power_versus_size",500,0.5,0.25,"DML-IVQR",,,,,,,,,,,,,,,,,,,,,,,,,,,,,,,,,,,,,,,-0.25,0.08,0.06,FALSE,,
"power_versus_size",500,0.5,0.25,"DML-IVQR",,,,,,,,,,,,,,,,,,,,,,,,,,,,,,,,,,,,,,,0.25,0.02,0.06,TRUE,,
"power_versus_size",500,0.5,0.25,"DML-IVQR",,,,,,,,,,,,,,,,,,,,,,,,,,,,,,,,,,,,,,,0.5,0.04,0.06,TRUE,,
"power_versus_size",500,0.5,0.1,"Oracle-GMM",,,,,,,,,,,,,,,,,,,,,,,,,,,,,,,,,,,,,,,-0.5,0.08,0.1,TRUE,,
"power_versus_size",500,0.5,0.1,"Oracle-GMM",,,,,,,,,,,,,,,,,,,,,,,,,,,,,,,,,,,,,,,-0.25,0.1,0.1,FALSE,,
"power_versus_size",500,0.5,0.1,"Oracle-GMM",,,,,,,,,,,,,,,,,,,,,,,,,,,,,,,,,,,,,,,0.25,0.06,0.1,TRUE,,
"power_versus_size",500,0.5,0.1,"Oracle-GMM",,,,,,,,,,,,,,,,,,,,,,,,,,,,,,,,,,,,,,,0.5,0.04,0.1,TRUE,,
"power_versus_size",500,0.5,0.1,"Full-GMM",,,,,,,,,,,,,,,,,,,,,,,,,,,,,,,,,,,,,,,-0.5,0.04,0.04,FALSE,,
"power_versus_size",500,0.5,0.1,"Full-GMM",,,,,,,,,,,,,,,,,,,,,,,,,,,,,,,,,,,,,,,-0.25,0.08,0.04,FALSE,,
"power_versus_size",500,0.5,0.1,"Full-GMM",,,,,,,,,,,,,,,,,,,,,,,,,,,,,,,,,,,,,,,0.25,0.06,0.04,FALSE,,
"power_versus_size",500,0.5,0.1,"Full-GMM",,,,,,,,,,,,,,,,,,,,,,,,,,,,,,,,,,,,,,,0.5,0.06,0.04,FALSE,,
"power_versus_size",500,0.5,0.1,"DML-IVQR",,,,,,,,,,,,,,,,,,,,,,,,,,,,,,,,,,,,,,,-0.5,0.16,0.06,FALSE,,
"power_versus_size",500,0.5,0.1,"DML-IVQR",,,,,,,,,,,,,,,,,,,,,,,,,,,,,,,,,,,,,,,-0.25,0.08,0.06,FALSE,,
"power_versus_size",500,0.5,0.1,"DML-IVQR",,,,,,,,,,,,,,,,,,,,,,,,,,,,,,,,,,,,,,,0.25,0.02,0.06,TRUE,,
"power_versus_size",500,0.5,0.1,"DML-IVQR",,,,,,,,,,,,,,,,,,,,,,,,,,,,,,,,,,,,,,,0.5,0.04,0.06,TRUE,,
"power_versus_size",500,0.75,1,"Oracle-GMM",,,,,,,,,,,,,,,,,,,,,,,,,,,,,,,,,,,,,,,-0.5,0.86,0.08,FALSE,,
"power_versus_size",500,0.75,1,"Oracle-GMM",,,,,,,,,,,,,,,,,,,,,,,,,,,,,,,,,,,,,,,-0.25,0.4,0.08,FALSE,,
"power_versus_size",500,0.75,1,"Oracle-GMM",,,,,,,,,,,,,,,,,,,,,,,,,,,,,,,,,,,,,,,0.25,0.84,0.08,FALSE,,
"power_versus_size",500,0.75,1,"Oracle-GMM",,,,,,,,,,,,,,,,,,,,,,,,,,,,,,,,,,,,,,,0.5,1,0.08,FALSE,,
"power_versus_size",500,0.75,1,"Full-GMM",,,,,,,,,,,,,,,,,,,,,,,,,,,,,,,,,,,,,,,-0.5,0.18,0.16,FALSE,,
"power_versus_size",500,0.75,1,"Full-GMM",,,,,,,,,,,,,,,,,,,,,,,,,,,,,,,,,,,,,,,-0.25,0.08,0.16,TRUE,,
"power_versus_size",500,0.75,1,"Full-GMM",,,,,,,,,,,,,,,,,,,,,,,,,,,,,,,,,,,,,,,0.25,0.74,0.16,FALSE,,
"power_versus_size",500,0.75,1,"Full-GMM",,,,,,,,,,,,,,,,,,,,,,,,,,,,,,,,,,,,,,,0.5,0.98,0.16,FALSE,,
"power_versus_size",500,0.75,1,"DML-IVQR",,,,,,,,,,,,,,,,,,,,,,,,,,,,,,,,,,,,,,,-0.5,0.78,0.26,FALSE,,
"power_versus_size",500,0.75,1,"DML-IVQR",,,,,,,,,,,,,,,,,,,,,,,,,,,,,,,,,,,,,,,-0.25,0.14,0.26,TRUE,,
"power_versus_size",500,0.75,1,"DML-IVQR",,,,,,,,,,,,,,,,,,,,,,,,,,,,,,,,,,,,,,,0.25,0.94,0.26,FALSE,,
"power_versus_size",500,0.75,1,"DML-IVQR",,,,,,,,,,,,,,,,,,,,,,,,,,,,,,,,,,,,,,,0.5,1,0.26,FALSE,,
"power_versus_size",500,0.75,0.5,"Oracle-GMM",,,,,,,,,,,,,,,,,,,,,,,,,,,,,,,,,,,,,,,-0.5,0.26,0.02,FALSE,,
"power_versus_size",500,0.75,0.5,"Oracle-GMM",,,,,,,,,,,,,,,,,,,,,,,,,,,,,,,,,,,,,,,-0.25,0.04,0.02,FALSE,,
"power_versus_size",500,0.75,0.5,"Oracle-GMM",,,,,,,,,,,,,,,,,,,,,,,,,,,,,,,,,,,,,,,0.25,0.24,0.02,FALSE,,
"power_versus_size",500,0.75,0.5,"Oracle-GMM",,,,,,,,,,,,,,,,,,,,,,,,,,,,,,,,,,,,,,,0.5,0.8,0.02,FALSE,,
"power_versus_size",500,0.75,0.5,"Full-GMM",,,,,,,,,,,,,,,,,,,,,,,,,,,,,,,,,,,,,,,-0.5,0.04,0.1,TRUE,,
"power_versus_size",500,0.75,0.5,"Full-GMM",,,,,,,,,,,,,,,,,,,,,,,,,,,,,,,,,,,,,,,-0.25,0.06,0.1,TRUE,,
"power_versus_size",500,0.75,0.5,"Full-GMM",,,,,,,,,,,,,,,,,,,,,,,,,,,,,,,,,,,,,,,0.25,0.2,0.1,FALSE,,
"power_versus_size",500,0.75,0.5,"Full-GMM",,,,,,,,,,,,,,,,,,,,,,,,,,,,,,,,,,,,,,,0.5,0.38,0.1,FALSE,,
"power_versus_size",500,0.75,0.5,"DML-IVQR",,,,,,,,,,,,,,,,,,,,,,,,,,,,,,,,,,,,,,,-0.5,0.28,0,FALSE,,
"power_versus_size",500,0.75,0.5,"DML-IVQR",,,,,,,,,,,,,,,,,,,,,,,,,,,,,,,,,,,,,,,-0.25,0.02,0,FALSE,,
"power_versus_size",500,0.75,0.5,"DML-IVQR",,,,,,,,,,,,,,,,,,,,,,,,,,,,,,,,,,,,,,,0.25,0.28,0,FALSE,,
"power_versus_size",500,0.75,0.5,"DML-IVQR",,,,,,,,,,,,,,,,,,,,,,,,,,,,,,,,,,,,,,,0.5,0.64,0,FALSE,,
"power_versus_size",500,0.75,0.25,"Oracle-GMM",,,,,,,,,,,,,,,,,,,,,,,,,,,,,,,,,,,,,,,-0.5,0.04,0.02,FALSE,,
"power_versus_size",500,0.75,0.25,"Oracle-GMM",,,,,,,,,,,,,,,,,,,,,,,,,,,,,,,,,,,,,,,-0.25,0.02,0.02,FALSE,,
"power_versus_size",500,0.75,0.25,"Oracle-GMM",,,,,,,,,,,,,,,,,,,,,,,,,,,,,,,,,,,,,,,0.25,0.16,0.02,FALSE,,
"power_versus_size",500,0.75,0.25,"Oracle-GMM",,,,,,,,,,,,,,,,,,,,,,,,,,,,,,,,,,,,,,,0.5,0.26,0.02,FALSE,,
"power_versus_size",500,0.75,0.25,"Full-GMM",,,,,,,,,,,,,,,,,,,,,,,,,,,,,,,,,,,,,,,-0.5,0.1,0.08,FALSE,,
"power_versus_size",500,0.75,0.25,"Full-GMM",,,,,,,,,,,,,,,,,,,,,,,,,,,,,,,,,,,,,,,-0.25,0.08,0.08,FALSE,,
"power_versus_size",500,0.75,0.25,"Full-GMM",,,,,,,,,,,,,,,,,,,,,,,,,,,,,,,,,,,,,,,0.25,0.1,0.08,FALSE,,
"power_versus_size",500,0.75,0.25,"Full-GMM",,,,,,,,,,,,,,,,,,,,,,,,,,,,,,,,,,,,,,,0.5,0.16,0.08,FALSE,,
"power_versus_size",500,0.75,0.25,"DML-IVQR",,,,,,,,,,,,,,,,,,,,,,,,,,,,,,,,,,,,,,,-0.5,0.06,0,FALSE,,
"power_versus_size",500,0.75,0.25,"DML-IVQR",,,,,,,,,,,,,,,,,,,,,,,,,,,,,,,,,,,,,,,-0.25,0.02,0,FALSE,,
"power_versus_size",500,0.75,0.25,"DML-IVQR",,,,,,,,,,,,,,,,,,,,,,,,,,,,,,,,,,,,,,,0.25,0.1,0,FALSE,,
"power_versus_size",500,0.75,0.25,"DML-IVQR",,,,,,,,,,,,,,,,,,,,,,,,,,,,,,,,,,,,,,,0.5,0.18,0,FALSE,,
"power_versus_size",500,0.75,0.1,"Oracle-GMM",,,,,,,,,,,,,,,,,,,,,,,,,,,,,,,,,,,,,,,-0.5,0.02,0.02,FALSE,,
"power_versus_size",500,0.75,0.1,"Oracle-GMM",,,,,,,,,,,,,,,,,,,,,,,,,,,,,,,,,,,,,,,-0.25,0.02,0.02,FALSE,,
"power_versus_size",500,0.75,0.1,"Oracle-GMM",,,,,,,,,,,,,,,,,,,,,,,,,,,,,,,,,,,,,,,0.25,0.04,0.02,FALSE,,
"power_versus_size",500,0.75,0.1,"Oracle-GMM",,,,,,,,,,,,,,,,,,,,,,,,,,,,,,,,,,,,,,,0.5,0.1,0.02,FALSE,,
"power_versus_size",500,0.75,0.1,"Full-GMM",,,,,,,,,,,,,,,,,,,,,,,,,,,,,,,,,,,,,,,-0.5,0.04,0.02,FALSE,,
"power_versus_size",500,0.75,0.1,"Full-GMM",,,,,,,,,,,,,,,,,,,,,,,,,,,,,,,,,,,,,,,-0.25,0.08,0.02,FALSE,,
"power_versus_size",500,0.75,0.1,"Full-GMM",,,,,,,,,,,,,,,,,,,,,,,,,,,,,,,,,,,,,,,0.25,0.06,0.02,FALSE,,
"power_versus_size",500,0.75,0.1,"Full-GMM",,,,,,,,,,,,,,,,,,,,,,,,,,,,,,,,,,,,,,,0.5,0.1,0.02,FALSE,,
"power_versus_size",500,0.75,0.1,"DML-IVQR",,,,,,,,,,,,,,,,,,,,,,,,,,,,,,,,,,,,,,,-0.5,0.06,0,FALSE,,
"power_versus_size",500,0.75,0.1,"DML-IVQR",,,,,,,,,,,,,,,,,,,,,,,,,,,,,,,,,,,,,,,-0.25,0,0,FALSE,,
"power_versus_size",500,0.75,0.1,"DML-IVQR",,,,,,,,,,,,,,,,,,,,,,,,,,,,,,,,,,,,,,,0.25,0.06,0,FALSE,,
"power_versus_size",500,0.75,0.1,"DML-IVQR",,,,,,,,,,,,,,,,,,,,,,,,,,,,,,,,,,,,,,,0.5,0.12,0,FALSE,,
"power_versus_size",500,0.9,1,"Oracle-GMM",,,,,,,,,,,,,,,,,,,,,,,,,,,,,,,,,,,,,,,-0.5,0.26,0.06,FALSE,,
"power_versus_size",500,0.9,1,"Oracle-GMM",,,,,,,,,,,,,,,,,,,,,,,,,,,,,,,,,,,,,,,-0.25,0.1,0.06,FALSE,,
"power_versus_size",500,0.9,1,"Oracle-GMM",,,,,,,,,,,,,,,,,,,,,,,,,,,,,,,,,,,,,,,0.25,0.62,0.06,FALSE,,
"power_versus_size",500,0.9,1,"Oracle-GMM",,,,,,,,,,,,,,,,,,,,,,,,,,,,,,,,,,,,,,,0.5,0.98,0.06,FALSE,,
"power_versus_size",500,0.9,1,"Full-GMM",,,,,,,,,,,,,,,,,,,,,,,,,,,,,,,,,,,,,,,-0.5,0.04,0.58,TRUE,,
"power_versus_size",500,0.9,1,"Full-GMM",,,,,,,,,,,,,,,,,,,,,,,,,,,,,,,,,,,,,,,-0.25,0.14,0.58,TRUE,,
"power_versus_size",500,0.9,1,"Full-GMM",,,,,,,,,,,,,,,,,,,,,,,,,,,,,,,,,,,,,,,0.25,0.68,0.58,FALSE,,
"power_versus_size",500,0.9,1,"Full-GMM",,,,,,,,,,,,,,,,,,,,,,,,,,,,,,,,,,,,,,,0.5,0.82,0.58,FALSE,,
"power_versus_size",500,0.9,1,"DML-IVQR",,,,,,,,,,,,,,,,,,,,,,,,,,,,,,,,,,,,,,,-0.5,0.34,0.36,TRUE,,
"power_versus_size",500,0.9,1,"DML-IVQR",,,,,,,,,,,,,,,,,,,,,,,,,,,,,,,,,,,,,,,-0.25,0.02,0.36,TRUE,,
"power_versus_size",500,0.9,1,"DML-IVQR",,,,,,,,,,,,,,,,,,,,,,,,,,,,,,,,,,,,,,,0.25,0.94,0.36,FALSE,,
"power_versus_size",500,0.9,1,"DML-IVQR",,,,,,,,,,,,,,,,,,,,,,,,,,,,,,,,,,,,,,,0.5,1,0.36,FALSE,,
"power_versus_size",500,0.9,0.5,"Oracle-GMM",,,,,,,,,,,,,,,,,,,,,,,,,,,,,,,,,,,,,,,-0.5,0.1,0.04,FALSE,,
"power_versus_size",500,0.9,0.5,"Oracle-GMM",,,,,,,,,,,,,,,,,,,,,,,,,,,,,,,,,,,,,,,-0.25,0.02,0.04,TRUE,,
"power_versus_size",500,0.9,0.5,"Oracle-GMM",,,,,,,,,,,,,,,,,,,,,,,,,,,,,,,,,,,,,,,0.25,0.22,0.04,FALSE,,
"power_versus_size",500,0.9,0.5,"Oracle-GMM",,,,,,,,,,,,,,,,,,,,,,,,,,,,,,,,,,,,,,,0.5,0.54,0.04,FALSE,,
"power_versus_size",500,0.9,0.5,"Full-GMM",,,,,,,,,,,,,,,,,,,,,,,,,,,,,,,,,,,,,,,-0.5,0.04,0.06,TRUE,,
"power_versus_size",500,0.9,0.5,"Full-GMM",,,,,,,,,,,,,,,,,,,,,,,,,,,,,,,,,,,,,,,-0.25,0.04,0.06,TRUE,,
"power_versus_size",500,0.9,0.5,"Full-GMM",,,,,,,,,,,,,,,,,,,,,,,,,,,,,,,,,,,,,,,0.25,0.3,0.06,FALSE,,
"power_versus_size",500,0.9,0.5,"Full-GMM",,,,,,,,,,,,,,,,,,,,,,,,,,,,,,,,,,,,,,,0.5,0.32,0.06,FALSE,,
"power_versus_size",500,0.9,0.5,"DML-IVQR",,,,,,,,,,,,,,,,,,,,,,,,,,,,,,,,,,,,,,,-0.5,0.16,0.06,FALSE,,
"power_versus_size",500,0.9,0.5,"DML-IVQR",,,,,,,,,,,,,,,,,,,,,,,,,,,,,,,,,,,,,,,-0.25,0,0.06,TRUE,,
"power_versus_size",500,0.9,0.5,"DML-IVQR",,,,,,,,,,,,,,,,,,,,,,,,,,,,,,,,,,,,,,,0.25,0.34,0.06,FALSE,,
"power_versus_size",500,0.9,0.5,"DML-IVQR",,,,,,,,,,,,,,,,,,,,,,,,,,,,,,,,,,,,,,,0.5,0.56,0.06,FALSE,,
"power_versus_size",500,0.9,0.25,"Oracle-GMM",,,,,,,,,,,,,,,,,,,,,,,,,,,,,,,,,,,,,,,-0.5,0.04,0.02,FALSE,,
"power_versus_size",500,0.9,0.25,"Oracle-GMM",,,,,,,,,,,,,,,,,,,,,,,,,,,,,,,,,,,,,,,-0.25,0.02,0.02,FALSE,,
"power_versus_size",500,0.9,0.25,"Oracle-GMM",,,,,,,,,,,,,,,,,,,,,,,,,,,,,,,,,,,,,,,0.25,0.1,0.02,FALSE,,
"power_versus_size",500,0.9,0.25,"Oracle-GMM",,,,,,,,,,,,,,,,,,,,,,,,,,,,,,,,,,,,,,,0.5,0.14,0.02,FALSE,,
"power_versus_size",500,0.9,0.25,"Full-GMM",,,,,,,,,,,,,,,,,,,,,,,,,,,,,,,,,,,,,,,-0.5,0.04,0.18,TRUE,,
"power_versus_size",500,0.9,0.25,"Full-GMM",,,,,,,,,,,,,,,,,,,,,,,,,,,,,,,,,,,,,,,-0.25,0.06,0.18,TRUE,,
"power_versus_size",500,0.9,0.25,"Full-GMM",,,,,,,,,,,,,,,,,,,,,,,,,,,,,,,,,,,,,,,0.25,0.06,0.18,TRUE,,
"power_versus_size",500,0.9,0.25,"Full-GMM",,,,,,,,,,,,,,,,,,,,,,,,,,,,,,,,,,,,,,,0.5,0.14,0.18,TRUE,,
"power_versus_size",500,0.9,0.25,"DML-IVQR",,,,,,,,,,,,,,,,,,,,,,,,,,,,,,,,,,,,,,,-0.5,0.06,0.06,FALSE,,
"power_versus_size",500,0.9,0.25,"DML-IVQR",,,,,,,,,,,,,,,,,,,,,,,,,,,,,,,,,,,,,,,-0.25,0.04,0.06,TRUE,,
"power_versus_size",500,0.9,0.25,"DML-IVQR",,,,,,,,,,,,,,,,,,,,,,,,,,,,,,,,,,,,,,,0.25,0.1,0.06,FALSE,,
"power_versus_size",500,0.9,0.25,"DML-IVQR",,,,,,,,,,,,,,,,,,,,,,,,,,,,,,,,,,,,,,,0.5,0.2,0.06,FALSE,,
"power_versus_size",500,0.9,0.1,"Oracle-GMM",,,,,,,,,,,,,,,,,,,,,,,,,,,,,,,,,,,,,,,-0.5,0.02,0.02,FALSE,,
"power_versus_size",500,0.9,0.1,"Oracle-GMM",,,,,,,,,,,,,,,,,,,,,,,,,,,,,,,,,,,,,,,-0.25,0,0.02,TRUE,,
"power_versus_size",500,0.9,0.1,"Oracle-GMM",,,,,,,,,,,,,,,,,,,,,,,,,,,,,,,,,,,,,,,0.25,0.06,0.02,FALSE,,
"power_versus_size",500,0.9,0.1,"Oracle-GMM",,,,,,,,,,,,,,,,,,,,,,,,,,,,,,,,,,,,,,,0.5,0.08,0.02,FALSE,,
"power_versus_size",500,0.9,0.1,"Full-GMM",,,,,,,,,,,,,,,,,,,,,,,,,,,,,,,,,,,,,,,-0.5,0.12,0.04,FALSE,,
"power_versus_size",500,0.9,0.1,"Full-GMM",,,,,,,,,,,,,,,,,,,,,,,,,,,,,,,,,,,,,,,-0.25,0.04,0.04,FALSE,,
"power_versus_size",500,0.9,0.1,"Full-GMM",,,,,,,,,,,,,,,,,,,,,,,,,,,,,,,,,,,,,,,0.25,0.06,0.04,FALSE,,
"power_versus_size",500,0.9,0.1,"Full-GMM",,,,,,,,,,,,,,,,,,,,,,,,,,,,,,,,,,,,,,,0.5,0.08,0.04,FALSE,,
"power_versus_size",500,0.9,0.1,"DML-IVQR",,,,,,,,,,,,,,,,,,,,,,,,,,,,,,,,,,,,,,,-0.5,0.04,0.04,FALSE,,
"power_versus_size",500,0.9,0.1,"DML-IVQR",,,,,,,,,,,,,,,,,,,,,,,,,,,,,,,,,,,,,,,-0.25,0.04,0.04,FALSE,,
"power_versus_size",500,0.9,0.1,"DML-IVQR",,,,,,,,,,,,,,,,,,,,,,,,,,,,,,,,,,,,,,,0.25,0.08,0.04,FALSE,,
"power_versus_size",500,0.9,0.1,"DML-IVQR",,,,,,,,,,,,,,,,,,,,,,,,,,,,,,,,,,,,,,,0.5,0.12,0.04,FALSE,,
"power_versus_size",1000,0.1,1,"Oracle-GMM",,,,,,,,,,,,,,,,,,,,,,,,,,,,,,,,,,,,,,,-0.5,1,0.24,FALSE,,
"power_versus_size",1000,0.1,1,"Oracle-GMM",,,,,,,,,,,,,,,,,,,,,,,,,,,,,,,,,,,,,,,-0.25,0.98,0.24,FALSE,,
"power_versus_size",1000,0.1,1,"Oracle-GMM",,,,,,,,,,,,,,,,,,,,,,,,,,,,,,,,,,,,,,,0.25,0.44,0.24,FALSE,,
"power_versus_size",1000,0.1,1,"Oracle-GMM",,,,,,,,,,,,,,,,,,,,,,,,,,,,,,,,,,,,,,,0.5,0.92,0.24,FALSE,,
"power_versus_size",1000,0.1,1,"Full-GMM",,,,,,,,,,,,,,,,,,,,,,,,,,,,,,,,,,,,,,,-0.5,1,0.64,FALSE,,
"power_versus_size",1000,0.1,1,"Full-GMM",,,,,,,,,,,,,,,,,,,,,,,,,,,,,,,,,,,,,,,-0.25,0.86,0.64,FALSE,,
"power_versus_size",1000,0.1,1,"Full-GMM",,,,,,,,,,,,,,,,,,,,,,,,,,,,,,,,,,,,,,,0.25,0.14,0.64,TRUE,,
"power_versus_size",1000,0.1,1,"Full-GMM",,,,,,,,,,,,,,,,,,,,,,,,,,,,,,,,,,,,,,,0.5,0.14,0.64,TRUE,,
"power_versus_size",1000,0.1,1,"DML-IVQR",,,,,,,,,,,,,,,,,,,,,,,,,,,,,,,,,,,,,,,-0.5,1,0.04,FALSE,,
"power_versus_size",1000,0.1,1,"DML-IVQR",,,,,,,,,,,,,,,,,,,,,,,,,,,,,,,,,,,,,,,-0.25,0.54,0.04,FALSE,,
"power_versus_size",1000,0.1,1,"DML-IVQR",,,,,,,,,,,,,,,,,,,,,,,,,,,,,,,,,,,,,,,0.25,0.26,0.04,FALSE,,
"power_versus_size",1000,0.1,1,"DML-IVQR",,,,,,,,,,,,,,,,,,,,,,,,,,,,,,,,,,,,,,,0.5,0.74,0.04,FALSE,,
"power_versus_size",1000,0.1,0.5,"Oracle-GMM",,,,,,,,,,,,,,,,,,,,,,,,,,,,,,,,,,,,,,,-0.5,0.88,0.08,FALSE,,
"power_versus_size",1000,0.1,0.5,"Oracle-GMM",,,,,,,,,,,,,,,,,,,,,,,,,,,,,,,,,,,,,,,-0.25,0.48,0.08,FALSE,,
"power_versus_size",1000,0.1,0.5,"Oracle-GMM",,,,,,,,,,,,,,,,,,,,,,,,,,,,,,,,,,,,,,,0.25,0.08,0.08,FALSE,,
"power_versus_size",1000,0.1,0.5,"Oracle-GMM",,,,,,,,,,,,,,,,,,,,,,,,,,,,,,,,,,,,,,,0.5,0.3,0.08,FALSE,,
"power_versus_size",1000,0.1,0.5,"Full-GMM",,,,,,,,,,,,,,,,,,,,,,,,,,,,,,,,,,,,,,,-0.5,0.64,0.16,FALSE,,
"power_versus_size",1000,0.1,0.5,"Full-GMM",,,,,,,,,,,,,,,,,,,,,,,,,,,,,,,,,,,,,,,-0.25,0.42,0.16,FALSE,,
"power_versus_size",1000,0.1,0.5,"Full-GMM",,,,,,,,,,,,,,,,,,,,,,,,,,,,,,,,,,,,,,,0.25,0.02,0.16,TRUE,,
"power_versus_size",1000,0.1,0.5,"Full-GMM",,,,,,,,,,,,,,,,,,,,,,,,,,,,,,,,,,,,,,,0.5,0.04,0.16,TRUE,,
"power_versus_size",1000,0.1,0.5,"DML-IVQR",,,,,,,,,,,,,,,,,,,,,,,,,,,,,,,,,,,,,,,-0.5,0.7,0.08,FALSE,,
"power_versus_size",1000,0.1,0.5,"DML-IVQR",,,,,,,,,,,,,,,,,,,,,,,,,,,,,,,,,,,,,,,-0.25,0.22,0.08,FALSE,,
"power_versus_size",1000,0.1,0.5,"DML-IVQR",,,,,,,,,,,,,,,,,,,,,,,,,,,,,,,,,,,,,,,0.25,0.06,0.08,TRUE,,
"power_versus_size",1000,0.1,0.5,"DML-IVQR",,,,,,,,,,,,,,,,,,,,,,,,,,,,,,,,,,,,,,,0.5,0.1,0.08,FALSE,,
"power_versus_size",1000,0.1,0.25,"Oracle-GMM",,,,,,,,,,,,,,,,,,,,,,,,,,,,,,,,,,,,,,,-0.5,0.36,0.06,FALSE,,
"power_versus_size",1000,0.1,0.25,"Oracle-GMM",,,,,,,,,,,,,,,,,,,,,,,,,,,,,,,,,,,,,,,-0.25,0.2,0.06,FALSE,,
"power_versus_size",1000,0.1,0.25,"Oracle-GMM",,,,,,,,,,,,,,,,,,,,,,,,,,,,,,,,,,,,,,,0.25,0.06,0.06,FALSE,,
"power_versus_size",1000,0.1,0.25,"Oracle-GMM",,,,,,,,,,,,,,,,,,,,,,,,,,,,,,,,,,,,,,,0.5,0.08,0.06,FALSE,,
"power_versus_size",1000,0.1,0.25,"Full-GMM",,,,,,,,,,,,,,,,,,,,,,,,,,,,,,,,,,,,,,,-0.5,0.32,0.08,FALSE,,
"power_versus_size",1000,0.1,0.25,"Full-GMM",,,,,,,,,,,,,,,,,,,,,,,,,,,,,,,,,,,,,,,-0.25,0.14,0.08,FALSE,,
"power_versus_size",1000,0.1,0.25,"Full-GMM",,,,,,,,,,,,,,,,,,,,,,,,,,,,,,,,,,,,,,,0.25,0,0.08,TRUE,,
"power_versus_size",1000,0.1,0.25,"Full-GMM",,,,,,,,,,,,,,,,,,,,,,,,,,,,,,,,,,,,,,,0.5,0.04,0.08,TRUE,,
"power_versus_size",1000,0.1,0.25,"DML-IVQR",,,,,,,,,,,,,,,,,,,,,,,,,,,,,,,,,,,,,,,-0.5,0.36,0.1,FALSE,,
"power_versus_size",1000,0.1,0.25,"DML-IVQR",,,,,,,,,,,,,,,,,,,,,,,,,,,,,,,,,,,,,,,-0.25,0.12,0.1,FALSE,,
"power_versus_size",1000,0.1,0.25,"DML-IVQR",,,,,,,,,,,,,,,,,,,,,,,,,,,,,,,,,,,,,,,0.25,0.04,0.1,TRUE,,
"power_versus_size",1000,0.1,0.25,"DML-IVQR",,,,,,,,,,,,,,,,,,,,,,,,,,,,,,,,,,,,,,,0.5,0.02,0.1,TRUE,,
"power_versus_size",1000,0.1,0.1,"Oracle-GMM",,,,,,,,,,,,,,,,,,,,,,,,,,,,,,,,,,,,,,,-0.5,0.1,0.08,FALSE,,
"power_versus_size",1000,0.1,0.1,"Oracle-GMM",,,,,,,,,,,,,,,,,,,,,,,,,,,,,,,,,,,,,,,-0.25,0.08,0.08,FALSE,,
"power_versus_size",1000,0.1,0.1,"Oracle-GMM",,,,,,,,,,,,,,,,,,,,,,,,,,,,,,,,,,,,,,,0.25,0,0.08,TRUE,,
"power_versus_size",1000,0.1,0.1,"Oracle-GMM",,,,,,,,,,,,,,,,,,,,,,,,,,,,,,,,,,,,,,,0.5,0.04,0.08,TRUE,,
"power_versus_size",1000,0.1,0.1,"Full-GMM",,,,,,,,,,,,,,,,,,,,,,,,,,,,,,,,,,,,,,,-0.5,0.12,0.12,FALSE,,
"power_versus_size",1000,0.1,0.1,"Full-GMM",,,,,,,,,,,,,,,,,,,,,,,,,,,,,,,,,,,,,,,-0.25,0.04,0.12,TRUE,,
"power_versus_size",1000,0.1,0.1,"Full-GMM",,,,,,,,,,,,,,,,,,,,,,,,,,,,,,,,,,,,,,,0.25,0.08,0.12,TRUE,,
"power_versus_size",1000,0.1,0.1,"Full-GMM",,,,,,,,,,,,,,,,,,,,,,,,,,,,,,,,,,,,,,,0.5,0.02,0.12,TRUE,,
"power_versus_size",1000,0.1,0.1,"DML-IVQR",,,,,,,,,,,,,,,,,,,,,,,,,,,,,,,,,,,,,,,-0.5,0.16,0.08,FALSE,,
"power_versus_size",1000,0.1,0.1,"DML-IVQR",,,,,,,,,,,,,,,,,,,,,,,,,,,,,,,,,,,,,,,-0.25,0.12,0.08,FALSE,,
"power_versus_size",1000,0.1,0.1,"DML-IVQR",,,,,,,,,,,,,,,,,,,,,,,,,,,,,,,,,,,,,,,0.25,0,0.08,TRUE,,
"power_versus_size",1000,0.1,0.1,"DML-IVQR",,,,,,,,,,,,,,,,,,,,,,,,,,,,,,,,,,,,,,,0.5,0.06,0.08,TRUE,,
"power_versus_size",1000,0.25,1,"Oracle-GMM",,,,,,,,,,,,,,,,,,,,,,,,,,,,,,,,,,,,,,,-0.5,1,0.1,FALSE,,
"power_versus_size",1000,0.25,1,"Oracle-GMM",,,,,,,,,,,,,,,,,,,,,,,,,,,,,,,,,,,,,,,-0.25,0.98,0.1,FALSE,,
"power_versus_size",1000,0.25,1,"Oracle-GMM",,,,,,,,,,,,,,,,,,,,,,,,,,,,,,,,,,,,,,,0.25,0.9,0.1,FALSE,,
"power_versus_size",1000,0.25,1,"Oracle-GMM",,,,,,,,,,,,,,,,,,,,,,,,,,,,,,,,,,,,,,,0.5,1,0.1,FALSE,,
"power_versus_size",1000,0.25,1,"Full-GMM",,,,,,,,,,,,,,,,,,,,,,,,,,,,,,,,,,,,,,,-0.5,1,0.26,FALSE,,
"power_versus_size",1000,0.25,1,"Full-GMM",,,,,,,,,,,,,,,,,,,,,,,,,,,,,,,,,,,,,,,-0.25,0.92,0.26,FALSE,,
"power_versus_size",1000,0.25,1,"Full-GMM",,,,,,,,,,,,,,,,,,,,,,,,,,,,,,,,,,,,,,,0.25,0.22,0.26,TRUE,,
"power_versus_size",1000,0.25,1,"Full-GMM",,,,,,,,,,,,,,,,,,,,,,,,,,,,,,,,,,,,,,,0.5,0.9,0.26,FALSE,,
"power_versus_size",1000,0.25,1,"DML-IVQR",,,,,,,,,,,,,,,,,,,,,,,,,,,,,,,,,,,,,,,-0.5,1,0.1,FALSE,,
"power_versus_size",1000,0.25,1,"DML-IVQR",,,,,,,,,,,,,,,,,,,,,,,,,,,,,,,,,,,,,,,-0.25,0.9,0.1,FALSE,,
"power_versus_size",1000,0.25,1,"DML-IVQR",,,,,,,,,,,,,,,,,,,,,,,,,,,,,,,,,,,,,,,0.25,0.76,0.1,FALSE,,
"power_versus_size",1000,0.25,1,"DML-IVQR",,,,,,,,,,,,,,,,,,,,,,,,,,,,,,,,,,,,,,,0.5,0.98,0.1,FALSE,,
"power_versus_size",1000,0.25,0.5,"Oracle-GMM",,,,,,,,,,,,,,,,,,,,,,,,,,,,,,,,,,,,,,,-0.5,0.96,0.1,FALSE,,
"power_versus_size",1000,0.25,0.5,"Oracle-GMM",,,,,,,,,,,,,,,,,,,,,,,,,,,,,,,,,,,,,,,-0.25,0.68,0.1,FALSE,,
"power_versus_size",1000,0.25,0.5,"Oracle-GMM",,,,,,,,,,,,,,,,,,,,,,,,,,,,,,,,,,,,,,,0.25,0.3,0.1,FALSE,,
"power_versus_size",1000,0.25,0.5,"Oracle-GMM",,,,,,,,,,,,,,,,,,,,,,,,,,,,,,,,,,,,,,,0.5,0.74,0.1,FALSE,,
"power_versus_size",1000,0.25,0.5,"Full-GMM",,,,,,,,,,,,,,,,,,,,,,,,,,,,,,,,,,,,,,,-0.5,0.84,0.06,FALSE,,
"power_versus_size",1000,0.25,0.5,"Full-GMM",,,,,,,,,,,,,,,,,,,,,,,,,,,,,,,,,,,,,,,-0.25,0.48,0.06,FALSE,,
"power_versus_size",1000,0.25,0.5,"Full-GMM",,,,,,,,,,,,,,,,,,,,,,,,,,,,,,,,,,,,,,,0.25,0.08,0.06,FALSE,,
"power_versus_size",1000,0.25,0.5,"Full-GMM",,,,,,,,,,,,,,,,,,,,,,,,,,,,,,,,,,,,,,,0.5,0.28,0.06,FALSE,,
"power_versus_size",1000,0.25,0.5,"DML-IVQR",,,,,,,,,,,,,,,,,,,,,,,,,,,,,,,,,,,,,,,-0.5,0.92,0.04,FALSE,,
"power_versus_size",1000,0.25,0.5,"DML-IVQR",,,,,,,,,,,,,,,,,,,,,,,,,,,,,,,,,,,,,,,-0.25,0.24,0.04,FALSE,,
"power_versus_size",1000,0.25,0.5,"DML-IVQR",,,,,,,,,,,,,,,,,,,,,,,,,,,,,,,,,,,,,,,0.25,0.2,0.04,FALSE,,
"power_versus_size",1000,0.25,0.5,"DML-IVQR",,,,,,,,,,,,,,,,,,,,,,,,,,,,,,,,,,,,,,,0.5,0.48,0.04,FALSE,,
"power_versus_size",1000,0.25,0.25,"Oracle-GMM",,,,,,,,,,,,,,,,,,,,,,,,,,,,,,,,,,,,,,,-0.5,0.5,0.04,FALSE,,
"power_versus_size",1000,0.25,0.25,"Oracle-GMM",,,,,,,,,,,,,,,,,,,,,,,,,,,,,,,,,,,,,,,-0.25,0.26,0.04,FALSE,,
"power_versus_size",1000,0.25,0.25,"Oracle-GMM",,,,,,,,,,,,,,,,,,,,,,,,,,,,,,,,,,,,,,,0.25,0.08,0.04,FALSE,,
"power_versus_size",1000,0.25,0.25,"Oracle-GMM",,,,,,,,,,,,,,,,,,,,,,,,,,,,,,,,,,,,,,,0.5,0.22,0.04,FALSE,,
"power_versus_size",1000,0.25,0.25,"Full-GMM",,,,,,,,,,,,,,,,,,,,,,,,,,,,,,,,,,,,,,,-0.5,0.44,0.06,FALSE,,
"power_versus_size",1000,0.25,0.25,"Full-GMM",,,,,,,,,,,,,,,,,,,,,,,,,,,,,,,,,,,,,,,-0.25,0.12,0.06,FALSE,,
"power_versus_size",1000,0.25,0.25,"Full-GMM",,,,,,,,,,,,,,,,,,,,,,,,,,,,,,,,,,,,,,,0.25,0.06,0.06,FALSE,,
"power_versus_size",1000,0.25,0.25,"Full-GMM",,,,,,,,,,,,,,,,,,,,,,,,,,,,,,,,,,,,,,,0.5,0.06,0.06,FALSE,,
"power_versus_size",1000,0.25,0.25,"DML-IVQR",,,,,,,,,,,,,,,,,,,,,,,,,,,,,,,,,,,,,,,-0.5,0.46,0.04,FALSE,,
"power_versus_size",1000,0.25,0.25,"DML-IVQR",,,,,,,,,,,,,,,,,,,,,,,,,,,,,,,,,,,,,,,-0.25,0.1,0.04,FALSE,,
"power_versus_size",1000,0.25,0.25,"DML-IVQR",,,,,,,,,,,,,,,,,,,,,,,,,,,,,,,,,,,,,,,0.25,0.06,0.04,FALSE,,
"power_versus_size",1000,0.25,0.25,"DML-IVQR",,,,,,,,,,,,,,,,,,,,,,,,,,,,,,,,,,,,,,,0.5,0.12,0.04,FALSE,,
"power_versus_size",1000,0.25,0.1,"Oracle-GMM",,,,,,,,,,,,,,,,,,,,,,,,,,,,,,,,,,,,,,,-0.5,0.12,0.04,FALSE,,
"power_versus_size",1000,0.25,0.1,"Oracle-GMM",,,,,,,,,,,,,,,,,,,,,,,,,,,,,,,,,,,,,,,-0.25,0.04,0.04,FALSE,,
"power_versus_size",1000,0.25,0.1,"Oracle-GMM",,,,,,,,,,,,,,,,,,,,,,,,,,,,,,,,,,,,,,,0.25,0.06,0.04,FALSE,,
"power_versus_size",1000,0.25,0.1,"Oracle-GMM",,,,,,,,,,,,,,,,,,,,,,,,,,,,,,,,,,,,,,,0.5,0.06,0.04,FALSE,,
"power_versus_size",1000,0.25,0.1,"Full-GMM",,,,,,,,,,,,,,,,,,,,,,,,,,,,,,,,,,,,,,,-0.5,0.12,0.02,FALSE,,
"power_versus_size",1000,0.25,0.1,"Full-GMM",,,,,,,,,,,,,,,,,,,,,,,,,,,,,,,,,,,,,,,-0.25,0.06,0.02,FALSE,,
"power_versus_size",1000,0.25,0.1,"Full-GMM",,,,,,,,,,,,,,,,,,,,,,,,,,,,,,,,,,,,,,,0.25,0.04,0.02,FALSE,,
"power_versus_size",1000,0.25,0.1,"Full-GMM",,,,,,,,,,,,,,,,,,,,,,,,,,,,,,,,,,,,,,,0.5,0.02,0.02,FALSE,,
"power_versus_size",1000,0.25,0.1,"DML-IVQR",,,,,,,,,,,,,,,,,,,,,,,,,,,,,,,,,,,,,,,-0.5,0.18,0.02,FALSE,,
"power_versus_size",1000,0.25,0.1,"DML-IVQR",,,,,,,,,,,,,,,,,,,,,,,,,,,,,,,,,,,,,,,-0.25,0.02,0.02,FALSE,,
"power_versus_size",1000,0.25,0.1,"DML-IVQR",,,,,,,,,,,,,,,,,,,,,,,,,,,,,,,,,,,,,,,0.25,0.04,0.02,FALSE,,
"power_versus_size",1000,0.25,0.1,"DML-IVQR",,,,,,,,,,,,,,,,,,,,,,,,,,,,,,,,,,,,,,,0.5,0.06,0.02,FALSE,,
"power_versus_size",1000,0.5,1,"Oracle-GMM",,,,,,,,,,,,,,,,,,,,,,,,,,,,,,,,,,,,,,,-0.5,1,0.12,FALSE,,
"power_versus_size",1000,0.5,1,"Oracle-GMM",,,,,,,,,,,,,,,,,,,,,,,,,,,,,,,,,,,,,,,-0.25,0.98,0.12,FALSE,,
"power_versus_size",1000,0.5,1,"Oracle-GMM",,,,,,,,,,,,,,,,,,,,,,,,,,,,,,,,,,,,,,,0.25,0.96,0.12,FALSE,,
"power_versus_size",1000,0.5,1,"Oracle-GMM",,,,,,,,,,,,,,,,,,,,,,,,,,,,,,,,,,,,,,,0.5,1,0.12,FALSE,,
"power_versus_size",1000,0.5,1,"Full-GMM",,,,,,,,,,,,,,,,,,,,,,,,,,,,,,,,,,,,,,,-0.5,1,0.16,FALSE,,
"power_versus_size",1000,0.5,1,"Full-GMM",,,,,,,,,,,,,,,,,,,,,,,,,,,,,,,,,,,,,,,-0.25,0.82,0.16,FALSE,,
"power_versus_size",1000,0.5,1,"Full-GMM",,,,,,,,,,,,,,,,,,,,,,,,,,,,,,,,,,,,,,,0.25,0.66,0.16,FALSE,,
"power_versus_size",1000,0.5,1,"Full-GMM",,,,,,,,,,,,,,,,,,,,,,,,,,,,,,,,,,,,,,,0.5,1,0.16,FALSE,,
"power_versus_size",1000,0.5,1,"DML-IVQR",,,,,,,,,,,,,,,,,,,,,,,,,,,,,,,,,,,,,,,-0.5,1,0.16,FALSE,,
"power_versus_size",1000,0.5,1,"DML-IVQR",,,,,,,,,,,,,,,,,,,,,,,,,,,,,,,,,,,,,,,-0.25,0.78,0.16,FALSE,,
"power_versus_size",1000,0.5,1,"DML-IVQR",,,,,,,,,,,,,,,,,,,,,,,,,,,,,,,,,,,,,,,0.25,0.98,0.16,FALSE,,
"power_versus_size",1000,0.5,1,"DML-IVQR",,,,,,,,,,,,,,,,,,,,,,,,,,,,,,,,,,,,,,,0.5,1,0.16,FALSE,,
"power_versus_size",1000,0.5,0.5,"Oracle-GMM",,,,,,,,,,,,,,,,,,,,,,,,,,,,,,,,,,,,,,,-0.5,0.92,0.12,FALSE,,
"power_versus_size",1000,0.5,0.5,"Oracle-GMM",,,,,,,,,,,,,,,,,,,,,,,,,,,,,,,,,,,,,,,-0.25,0.56,0.12,FALSE,,
"power_versus_size",1000,0.5,0.5,"Oracle-GMM",,,,,,,,,,,,,,,,,,,,,,,,,,,,,,,,,,,,,,,0.25,0.52,0.12,FALSE,,
"power_versus_size",1000,0.5,0.5,"Oracle-GMM",,,,,,,,,,,,,,,,,,,,,,,,,,,,,,,,,,,,,,,0.5,0.96,0.12,FALSE,,
"power_versus_size",1000,0.5,0.5,"Full-GMM",,,,,,,,,,,,,,,,,,,,,,,,,,,,,,,,,,,,,,,-0.5,0.74,0.06,FALSE,,
"power_versus_size",1000,0.5,0.5,"Full-GMM",,,,,,,,,,,,,,,,,,,,,,,,,,,,,,,,,,,,,,,-0.25,0.32,0.06,FALSE,,
"power_versus_size",1000,0.5,0.5,"Full-GMM",,,,,,,,,,,,,,,,,,,,,,,,,,,,,,,,,,,,,,,0.25,0.3,0.06,FALSE,,
"power_versus_size",1000,0.5,0.5,"Full-GMM",,,,,,,,,,,,,,,,,,,,,,,,,,,,,,,,,,,,,,,0.5,0.7,0.06,FALSE,,
"power_versus_size",1000,0.5,0.5,"DML-IVQR",,,,,,,,,,,,,,,,,,,,,,,,,,,,,,,,,,,,,,,-0.5,0.86,0.12,FALSE,,
"power_versus_size",1000,0.5,0.5,"DML-IVQR",,,,,,,,,,,,,,,,,,,,,,,,,,,,,,,,,,,,,,,-0.25,0.32,0.12,FALSE,,
"power_versus_size",1000,0.5,0.5,"DML-IVQR",,,,,,,,,,,,,,,,,,,,,,,,,,,,,,,,,,,,,,,0.25,0.48,0.12,FALSE,,
"power_versus_size",1000,0.5,0.5,"DML-IVQR",,,,,,,,,,,,,,,,,,,,,,,,,,,,,,,,,,,,,,,0.5,0.88,0.12,FALSE,,
"power_versus_size",1000,0.5,0.25,"Oracle-GMM",,,,,,,,,,,,,,,,,,,,,,,,,,,,,,,,,,,,,,,-0.5,0.32,0.08,FALSE,,
"power_versus_size",1000,0.5,0.25,"Oracle-GMM",,,,,,,,,,,,,,,,,,,,,,,,,,,,,,,,,,,,,,,-0.25,0.22,0.08,FALSE,,
"power_versus_size",1000,0.5,0.25,"Oracle-GMM",,,,,,,,,,,,,,,,,,,,,,,,,,,,,,,,,,,,,,,0.25,0.12,0.08,FALSE,,
"power_versus_size",1000,0.5,0.25,"Oracle-GMM",,,,,,,,,,,,,,,,,,,,,,,,,,,,,,,,,,,,,,,0.5,0.42,0.08,FALSE,,
"power_versus_size",1000,0.5,0.25,"Full-GMM",,,,,,,,,,,,,,,,,,,,,,,,,,,,,,,,,,,,,,,-0.5,0.22,0.08,FALSE,,
"power_versus_size",1000,0.5,0.25,"Full-GMM",,,,,,,,,,,,,,,,,,,,,,,,,,,,,,,,,,,,,,,-0.25,0.14,0.08,FALSE,,
"power_versus_size",1000,0.5,0.25,"Full-GMM",,,,,,,,,,,,,,,,,,,,,,,,,,,,,,,,,,,,,,,0.25,0.12,0.08,FALSE,,
"power_versus_size",1000,0.5,0.25,"Full-GMM",,,,,,,,,,,,,,,,,,,,,,,,,,,,,,,,,,,,,,,0.5,0.22,0.08,FALSE,,
"power_versus_size",1000,0.5,0.25,"DML-IVQR",,,,,,,,,,,,,,,,,,,,,,,,,,,,,,,,,,,,,,,-0.5,0.34,0.1,FALSE,,
"power_versus_size",1000,0.5,0.25,"DML-IVQR",,,,,,,,,,,,,,,,,,,,,,,,,,,,,,,,,,,,,,,-0.25,0.16,0.1,FALSE,,
"power_versus_size",1000,0.5,0.25,"DML-IVQR",,,,,,,,,,,,,,,,,,,,,,,,,,,,,,,,,,,,,,,0.25,0.14,0.1,FALSE,,
"power_versus_size",1000,0.5,0.25,"DML-IVQR",,,,,,,,,,,,,,,,,,,,,,,,,,,,,,,,,,,,,,,0.5,0.34,0.1,FALSE,,
"power_versus_size",1000,0.5,0.1,"Oracle-GMM",,,,,,,,,,,,,,,,,,,,,,,,,,,,,,,,,,,,,,,-0.5,0.1,0.14,TRUE,,
"power_versus_size",1000,0.5,0.1,"Oracle-GMM",,,,,,,,,,,,,,,,,,,,,,,,,,,,,,,,,,,,,,,-0.25,0.12,0.14,TRUE,,
"power_versus_size",1000,0.5,0.1,"Oracle-GMM",,,,,,,,,,,,,,,,,,,,,,,,,,,,,,,,,,,,,,,0.25,0.12,0.14,TRUE,,
"power_versus_size",1000,0.5,0.1,"Oracle-GMM",,,,,,,,,,,,,,,,,,,,,,,,,,,,,,,,,,,,,,,0.5,0.16,0.14,FALSE,,
"power_versus_size",1000,0.5,0.1,"Full-GMM",,,,,,,,,,,,,,,,,,,,,,,,,,,,,,,,,,,,,,,-0.5,0.1,0.06,FALSE,,
"power_versus_size",1000,0.5,0.1,"Full-GMM",,,,,,,,,,,,,,,,,,,,,,,,,,,,,,,,,,,,,,,-0.25,0.14,0.06,FALSE,,
"power_versus_size",1000,0.5,0.1,"Full-GMM",,,,,,,,,,,,,,,,,,,,,,,,,,,,,,,,,,,,,,,0.25,0.02,0.06,TRUE,,
"power_versus_size",1000,0.5,0.1,"Full-GMM",,,,,,,,,,,,,,,,,,,,,,,,,,,,,,,,,,,,,,,0.5,0.1,0.06,FALSE,,
"power_versus_size",1000,0.5,0.1,"DML-IVQR",,,,,,,,,,,,,,,,,,,,,,,,,,,,,,,,,,,,,,,-0.5,0.12,0.08,FALSE,,
"power_versus_size",1000,0.5,0.1,"DML-IVQR",,,,,,,,,,,,,,,,,,,,,,,,,,,,,,,,,,,,,,,-0.25,0.14,0.08,FALSE,,
"power_versus_size",1000,0.5,0.1,"DML-IVQR",,,,,,,,,,,,,,,,,,,,,,,,,,,,,,,,,,,,,,,0.25,0.08,0.08,FALSE,,
"power_versus_size",1000,0.5,0.1,"DML-IVQR",,,,,,,,,,,,,,,,,,,,,,,,,,,,,,,,,,,,,,,0.5,0.12,0.08,FALSE,,
"power_versus_size",1000,0.75,1,"Oracle-GMM",,,,,,,,,,,,,,,,,,,,,,,,,,,,,,,,,,,,,,,-0.5,0.98,0.08,FALSE,,
"power_versus_size",1000,0.75,1,"Oracle-GMM",,,,,,,,,,,,,,,,,,,,,,,,,,,,,,,,,,,,,,,-0.25,0.78,0.08,FALSE,,
"power_versus_size",1000,0.75,1,"Oracle-GMM",,,,,,,,,,,,,,,,,,,,,,,,,,,,,,,,,,,,,,,0.25,0.92,0.08,FALSE,,
"power_versus_size",1000,0.75,1,"Oracle-GMM",,,,,,,,,,,,,,,,,,,,,,,,,,,,,,,,,,,,,,,0.5,1,0.08,FALSE,,
"power_versus_size",1000,0.75,1,"Full-GMM",,,,,,,,,,,,,,,,,,,,,,,,,,,,,,,,,,,,,,,-0.5,0.86,0.2,FALSE,,
"power_versus_size",1000,0.75,1,"Full-GMM",,,,,,,,,,,,,,,,,,,,,,,,,,,,,,,,,,,,,,,-0.25,0.26,0.2,FALSE,,
"power_versus_size",1000,0.75,1,"Full-GMM",,,,,,,,,,,,,,,,,,,,,,,,,,,,,,,,,,,,,,,0.25,0.82,0.2,FALSE,,
"power_versus_size",1000,0.75,1,"Full-GMM",,,,,,,,,,,,,,,,,,,,,,,,,,,,,,,,,,,,,,,0.5,1,0.2,FALSE,,
"power_versus_size",1000,0.75,1,"DML-IVQR",,,,,,,,,,,,,,,,,,,,,,,,,,,,,,,,,,,,,,,-0.5,0.98,0.32,FALSE,,
"power_versus_size",1000,0.75,1,"DML-IVQR",,,,,,,,,,,,,,,,,,,,,,,,,,,,,,,,,,,,,,,-0.25,0.6,0.32,FALSE,,
"power_versus_size",1000,0.75,1,"DML-IVQR",,,,,,,,,,,,,,,,,,,,,,,,,,,,,,,,,,,,,,,0.25,1,0.32,FALSE,,
"power_versus_size",1000,0.75,1,"DML-IVQR",,,,,,,,,,,,,,,,,,,,,,,,,,,,,,,,,,,,,,,0.5,1,0.32,FALSE,,
"power_versus_size",1000,0.75,0.5,"Oracle-GMM",,,,,,,,,,,,,,,,,,,,,,,,,,,,,,,,,,,,,,,-0.5,0.66,0.1,FALSE,,
"power_versus_size",1000,0.75,0.5,"Oracle-GMM",,,,,,,,,,,,,,,,,,,,,,,,,,,,,,,,,,,,,,,-0.25,0.36,0.1,FALSE,,
"power_versus_size",1000,0.75,0.5,"Oracle-GMM",,,,,,,,,,,,,,,,,,,,,,,,,,,,,,,,,,,,,,,0.25,0.42,0.1,FALSE,,
"power_versus_size",1000,0.75,0.5,"Oracle-GMM",,,,,,,,,,,,,,,,,,,,,,,,,,,,,,,,,,,,,,,0.5,0.9,0.1,FALSE,,
"power_versus_size",1000,0.75,0.5,"Full-GMM",,,,,,,,,,,,,,,,,,,,,,,,,,,,,,,,,,,,,,,-0.5,0.28,0.08,FALSE,,
"power_versus_size",1000,0.75,0.5,"Full-GMM",,,,,,,,,,,,,,,,,,,,,,,,,,,,,,,,,,,,,,,-0.25,0.12,0.08,FALSE,,
"power_versus_size",1000,0.75,0.5,"Full-GMM",,,,,,,,,,,,,,,,,,,,,,,,,,,,,,,,,,,,,,,0.25,0.34,0.08,FALSE,,
"power_versus_size",1000,0.75,0.5,"Full-GMM",,,,,,,,,,,,,,,,,,,,,,,,,,,,,,,,,,,,,,,0.5,0.82,0.08,FALSE,,
"power_versus_size",1000,0.75,0.5,"DML-IVQR",,,,,,,,,,,,,,,,,,,,,,,,,,,,,,,,,,,,,,,-0.5,0.66,0.18,FALSE,,
"power_versus_size",1000,0.75,0.5,"DML-IVQR",,,,,,,,,,,,,,,,,,,,,,,,,,,,,,,,,,,,,,,-0.25,0.22,0.18,FALSE,,
"power_versus_size",1000,0.75,0.5,"DML-IVQR",,,,,,,,,,,,,,,,,,,,,,,,,,,,,,,,,,,,,,,0.25,0.66,0.18,FALSE,,
"power_versus_size",1000,0.75,0.5,"DML-IVQR",,,,,,,,,,,,,,,,,,,,,,,,,,,,,,,,,,,,,,,0.5,0.94,0.18,FALSE,,
"power_versus_size",1000,0.75,0.25,"Oracle-GMM",,,,,,,,,,,,,,,,,,,,,,,,,,,,,,,,,,,,,,,-0.5,0.24,0.14,FALSE,,
"power_versus_size",1000,0.75,0.25,"Oracle-GMM",,,,,,,,,,,,,,,,,,,,,,,,,,,,,,,,,,,,,,,-0.25,0.16,0.14,FALSE,,
"power_versus_size",1000,0.75,0.25,"Oracle-GMM",,,,,,,,,,,,,,,,,,,,,,,,,,,,,,,,,,,,,,,0.25,0.18,0.14,FALSE,,
"power_versus_size",1000,0.75,0.25,"Oracle-GMM",,,,,,,,,,,,,,,,,,,,,,,,,,,,,,,,,,,,,,,0.5,0.36,0.14,FALSE,,
"power_versus_size",1000,0.75,0.25,"Full-GMM",,,,,,,,,,,,,,,,,,,,,,,,,,,,,,,,,,,,,,,-0.5,0.16,0.04,FALSE,,
"power_versus_size",1000,0.75,0.25,"Full-GMM",,,,,,,,,,,,,,,,,,,,,,,,,,,,,,,,,,,,,,,-0.25,0.12,0.04,FALSE,,
"power_versus_size",1000,0.75,0.25,"Full-GMM",,,,,,,,,,,,,,,,,,,,,,,,,,,,,,,,,,,,,,,0.25,0.14,0.04,FALSE,,
"power_versus_size",1000,0.75,0.25,"Full-GMM",,,,,,,,,,,,,,,,,,,,,,,,,,,,,,,,,,,,,,,0.5,0.26,0.04,FALSE,,
"power_versus_size",1000,0.75,0.25,"DML-IVQR",,,,,,,,,,,,,,,,,,,,,,,,,,,,,,,,,,,,,,,-0.5,0.34,0.12,FALSE,,
"power_versus_size",1000,0.75,0.25,"DML-IVQR",,,,,,,,,,,,,,,,,,,,,,,,,,,,,,,,,,,,,,,-0.25,0.1,0.12,TRUE,,
"power_versus_size",1000,0.75,0.25,"DML-IVQR",,,,,,,,,,,,,,,,,,,,,,,,,,,,,,,,,,,,,,,0.25,0.14,0.12,FALSE,,
"power_versus_size",1000,0.75,0.25,"DML-IVQR",,,,,,,,,,,,,,,,,,,,,,,,,,,,,,,,,,,,,,,0.5,0.36,0.12,FALSE,,
"power_versus_size",1000,0.75,0.1,"Oracle-GMM",,,,,,,,,,,,,,,,,,,,,,,,,,,,,,,,,,,,,,,-0.5,0.14,0.12,FALSE,,
"power_versus_size",1000,0.75,0.1,"Oracle-GMM",,,,,,,,,,,,,,,,,,,,,,,,,,,,,,,,,,,,,,,-0.25,0.08,0.12,TRUE,,
"power_versus_size",1000,0.75,0.1,"Oracle-GMM",,,,,,,,,,,,,,,,,,,,,,,,,,,,,,,,,,,,,,,0.25,0.08,0.12,TRUE,,
"power_versus_size",1000,0.75,0.1,"Oracle-GMM",,,,,,,,,,,,,,,,,,,,,,,,,,,,,,,,,,,,,,,0.5,0.08,0.12,TRUE,,
"power_versus_size",1000,0.75,0.1,"Full-GMM",,,,,,,,,,,,,,,,,,,,,,,,,,,,,,,,,,,,,,,-0.5,0.08,0.08,FALSE,,
"power_versus_size",1000,0.75,0.1,"Full-GMM",,,,,,,,,,,,,,,,,,,,,,,,,,,,,,,,,,,,,,,-0.25,0.08,0.08,FALSE,,
"power_versus_size",1000,0.75,0.1,"Full-GMM",,,,,,,,,,,,,,,,,,,,,,,,,,,,,,,,,,,,,,,0.25,0.06,0.08,TRUE,,
"power_versus_size",1000,0.75,0.1,"Full-GMM",,,,,,,,,,,,,,,,,,,,,,,,,,,,,,,,,,,,,,,0.5,0.06,0.08,TRUE,,
"power_versus_size",1000,0.75,0.1,"DML-IVQR",,,,,,,,,,,,,,,,,,,,,,,,,,,,,,,,,,,,,,,-0.5,0.22,0.1,FALSE,,
"power_versus_size",1000,0.75,0.1,"DML-IVQR",,,,,,,,,,,,,,,,,,,,,,,,,,,,,,,,,,,,,,,-0.25,0.06,0.1,TRUE,,
"power_versus_size",1000,0.75,0.1,"DML-IVQR",,,,,,,,,,,,,,,,,,,,,,,,,,,,,,,,,,,,,,,0.25,0.06,0.1,TRUE,,
"power_versus_size",1000,0.75,0.1,"DML-IVQR",,,,,,,,,,,,,,,,,,,,,,,,,,,,,,,,,,,,,,,0.5,0.12,0.1,FALSE,,
"power_versus_size",1000,0.9,1,"Oracle-GMM",,,,,,,,,,,,,,,,,,,,,,,,,,,,,,,,,,,,,,,-0.5,0.84,0.08,FALSE,,
"power_versus_size",1000,0.9,1,"Oracle-GMM",,,,,,,,,,,,,,,,,,,,,,,,,,,,,,,,,,,,,,,-0.25,0.36,0.08,FALSE,,
"power_versus_size",1000,0.9,1,"Oracle-GMM",,,,,,,,,,,,,,,,,,,,,,,,,,,,,,,,,,,,,,,0.25,0.96,0.08,FALSE,,
"power_versus_size",1000,0.9,1,"Oracle-GMM",,,,,,,,,,,,,,,,,,,,,,,,,,,,,,,,,,,,,,,0.5,1,0.08,FALSE,,
"power_versus_size",1000,0.9,1,"Full-GMM",,,,,,,,,,,,,,,,,,,,,,,,,,,,,,,,,,,,,,,-0.5,0.12,0.36,TRUE,,
"power_versus_size",1000,0.9,1,"Full-GMM",,,,,,,,,,,,,,,,,,,,,,,,,,,,,,,,,,,,,,,-0.25,0.1,0.36,TRUE,,
"power_versus_size",1000,0.9,1,"Full-GMM",,,,,,,,,,,,,,,,,,,,,,,,,,,,,,,,,,,,,,,0.25,0.88,0.36,FALSE,,
"power_versus_size",1000,0.9,1,"Full-GMM",,,,,,,,,,,,,,,,,,,,,,,,,,,,,,,,,,,,,,,0.5,1,0.36,FALSE,,
"power_versus_size",1000,0.9,1,"DML-IVQR",,,,,,,,,,,,,,,,,,,,,,,,,,,,,,,,,,,,,,,-0.5,0.78,0.5,FALSE,,
"power_versus_size",1000,0.9,1,"DML-IVQR",,,,,,,,,,,,,,,,,,,,,,,,,,,,,,,,,,,,,,,-0.25,0.14,0.5,TRUE,,
"power_versus_size",1000,0.9,1,"DML-IVQR",,,,,,,,,,,,,,,,,,,,,,,,,,,,,,,,,,,,,,,0.25,1,0.5,FALSE,,
"power_versus_size",1000,0.9,1,"DML-IVQR",,,,,,,,,,,,,,,,,,,,,,,,,,,,,,,,,,,,,,,0.5,1,0.5,FALSE,,
"power_versus_size",1000,0.9,0.5,"Oracle-GMM",,,,,,,,,,,,,,,,,,,,,,,,,,,,,,,,,,,,,,,-0.5,0.24,0.1,FALSE,,
"power_versus_size",1000,0.9,0.5,"Oracle-GMM",,,,,,,,,,,,,,,,,,,,,,,,,,,,,,,,,,,,,,,-0.25,0.1,0.1,FALSE,,
"power_versus_size",1000,0.9,0.5,"Oracle-GMM",,,,,,,,,,,,,,,,,,,,,,,,,,,,,,,,,,,,,,,0.25,0.56,0.1,FALSE,,
"power_versus_size",1000,0.9,0.5,"Oracle-GMM",,,,,,,,,,,,,,,,,,,,,,,,,,,,,,,,,,,,,,,0.5,0.84,0.1,FALSE,,
"power_versus_size",1000,0.9,0.5,"Full-GMM",,,,,,,,,,,,,,,,,,,,,,,,,,,,,,,,,,,,,,,-0.5,0.14,0.18,TRUE,,
"power_versus_size",1000,0.9,0.5,"Full-GMM",,,,,,,,,,,,,,,,,,,,,,,,,,,,,,,,,,,,,,,-0.25,0.14,0.18,TRUE,,
"power_versus_size",1000,0.9,0.5,"Full-GMM",,,,,,,,,,,,,,,,,,,,,,,,,,,,,,,,,,,,,,,0.25,0.42,0.18,FALSE,,
"power_versus_size",1000,0.9,0.5,"Full-GMM",,,,,,,,,,,,,,,,,,,,,,,,,,,,,,,,,,,,,,,0.5,0.58,0.18,FALSE,,
"power_versus_size",1000,0.9,0.5,"DML-IVQR",,,,,,,,,,,,,,,,,,,,,,,,,,,,,,,,,,,,,,,-0.5,0.24,0.12,FALSE,,
"power_versus_size",1000,0.9,0.5,"DML-IVQR",,,,,,,,,,,,,,,,,,,,,,,,,,,,,,,,,,,,,,,-0.25,0.12,0.12,FALSE,,
"power_versus_size",1000,0.9,0.5,"DML-IVQR",,,,,,,,,,,,,,,,,,,,,,,,,,,,,,,,,,,,,,,0.25,0.68,0.12,FALSE,,
"power_versus_size",1000,0.9,0.5,"DML-IVQR",,,,,,,,,,,,,,,,,,,,,,,,,,,,,,,,,,,,,,,0.5,0.96,0.12,FALSE,,
"power_versus_size",1000,0.9,0.25,"Oracle-GMM",,,,,,,,,,,,,,,,,,,,,,,,,,,,,,,,,,,,,,,-0.5,0.16,0.1,FALSE,,
"power_versus_size",1000,0.9,0.25,"Oracle-GMM",,,,,,,,,,,,,,,,,,,,,,,,,,,,,,,,,,,,,,,-0.25,0.08,0.1,TRUE,,
"power_versus_size",1000,0.9,0.25,"Oracle-GMM",,,,,,,,,,,,,,,,,,,,,,,,,,,,,,,,,,,,,,,0.25,0.16,0.1,FALSE,,
"power_versus_size",1000,0.9,0.25,"Oracle-GMM",,,,,,,,,,,,,,,,,,,,,,,,,,,,,,,,,,,,,,,0.5,0.24,0.1,FALSE,,
"power_versus_size",1000,0.9,0.25,"Full-GMM",,,,,,,,,,,,,,,,,,,,,,,,,,,,,,,,,,,,,,,-0.5,0.08,0.06,FALSE,,
"power_versus_size",1000,0.9,0.25,"Full-GMM",,,,,,,,,,,,,,,,,,,,,,,,,,,,,,,,,,,,,,,-0.25,0.06,0.06,FALSE,,
"power_versus_size",1000,0.9,0.25,"Full-GMM",,,,,,,,,,,,,,,,,,,,,,,,,,,,,,,,,,,,,,,0.25,0.12,0.06,FALSE,,
"power_versus_size",1000,0.9,0.25,"Full-GMM",,,,,,,,,,,,,,,,,,,,,,,,,,,,,,,,,,,,,,,0.5,0.2,0.06,FALSE,,
"power_versus_size",1000,0.9,0.25,"DML-IVQR",,,,,,,,,,,,,,,,,,,,,,,,,,,,,,,,,,,,,,,-0.5,0.12,0.08,FALSE,,
"power_versus_size",1000,0.9,0.25,"DML-IVQR",,,,,,,,,,,,,,,,,,,,,,,,,,,,,,,,,,,,,,,-0.25,0.1,0.08,FALSE,,
"power_versus_size",1000,0.9,0.25,"DML-IVQR",,,,,,,,,,,,,,,,,,,,,,,,,,,,,,,,,,,,,,,0.25,0.26,0.08,FALSE,,
"power_versus_size",1000,0.9,0.25,"DML-IVQR",,,,,,,,,,,,,,,,,,,,,,,,,,,,,,,,,,,,,,,0.5,0.34,0.08,FALSE,,
"power_versus_size",1000,0.9,0.1,"Oracle-GMM",,,,,,,,,,,,,,,,,,,,,,,,,,,,,,,,,,,,,,,-0.5,0.08,0.08,FALSE,,
"power_versus_size",1000,0.9,0.1,"Oracle-GMM",,,,,,,,,,,,,,,,,,,,,,,,,,,,,,,,,,,,,,,-0.25,0.04,0.08,TRUE,,
"power_versus_size",1000,0.9,0.1,"Oracle-GMM",,,,,,,,,,,,,,,,,,,,,,,,,,,,,,,,,,,,,,,0.25,0.12,0.08,FALSE,,
"power_versus_size",1000,0.9,0.1,"Oracle-GMM",,,,,,,,,,,,,,,,,,,,,,,,,,,,,,,,,,,,,,,0.5,0.14,0.08,FALSE,,
"power_versus_size",1000,0.9,0.1,"Full-GMM",,,,,,,,,,,,,,,,,,,,,,,,,,,,,,,,,,,,,,,-0.5,0.04,0.08,TRUE,,
"power_versus_size",1000,0.9,0.1,"Full-GMM",,,,,,,,,,,,,,,,,,,,,,,,,,,,,,,,,,,,,,,-0.25,0.08,0.08,FALSE,,
"power_versus_size",1000,0.9,0.1,"Full-GMM",,,,,,,,,,,,,,,,,,,,,,,,,,,,,,,,,,,,,,,0.25,0.1,0.08,FALSE,,
"power_versus_size",1000,0.9,0.1,"Full-GMM",,,,,,,,,,,,,,,,,,,,,,,,,,,,,,,,,,,,,,,0.5,0.04,0.08,TRUE,,
"power_versus_size",1000,0.9,0.1,"DML-IVQR",,,,,,,,,,,,,,,,,,,,,,,,,,,,,,,,,,,,,,,-0.5,0.1,0.06,FALSE,,
"power_versus_size",1000,0.9,0.1,"DML-IVQR",,,,,,,,,,,,,,,,,,,,,,,,,,,,,,,,,,,,,,,-0.25,0.06,0.06,FALSE,,
"power_versus_size",1000,0.9,0.1,"DML-IVQR",,,,,,,,,,,,,,,,,,,,,,,,,,,,,,,,,,,,,,,0.25,0.06,0.06,FALSE,,
"power_versus_size",1000,0.9,0.1,"DML-IVQR",,,,,,,,,,,,,,,,,,,,,,,,,,,,,,,,,,,,,,,0.5,0.1,0.06,FALSE,,
"numerical_reliability",,,,,,,,,,,,,,,,,,,,,,,,,,,,,,,,,,,,,,,,,,,,,,,"raw_W_failures",0
"numerical_reliability",,,,,,,,,,,,,,,,,,,,,,,,,,,,,,,,,,,,,,,,,,,,,,,"raw_non_OK_rows",0
"numerical_reliability",,,,,,,,,,,,,,,,,,,,,,,,,,,,,,,,,,,,,,,,,,,,,,,"power_non_OK_rows",0
"numerical_reliability",,,,,,,,,,,,,,,,,,,,,,,,,,,,,,,,,,,,,,,,,,,,,,,"missing_CR_lengths",0
"numerical_reliability",,,,,,,,,,,,,,,,,,,,,,,,,,,,,,,,,,,,,,,,,,,,,,,"alpha_hat_outside_A",0
"numerical_reliability",,,,,,,,,,,,,,,,,,,,,,,,,,,,,,,,,,,,,,,,,,,,,,,"CR_length_outside_0_4",0
"numerical_reliability",,,,,,,,,,,,,,,,,,,,,,,,,,,,,,,,,,,,,,,,,,,,,,,"point_left_boundary_count",47
"numerical_reliability",,,,,,,,,,,,,,,,,,,,,,,,,,,,,,,,,,,,,,,,,,,,,,,"point_right_boundary_count",61
