"row_type","dataset_id","estimator","comparison","alpha","max_abs_latent_d_difference","max_abs_D_difference","exact_latent_d_identity","exact_D_identity","max_abs_W_difference","W_reference","W_thesis","difference","alpha_hat_reference","alpha_hat_thesis","min_W_reference","min_W_thesis","alpha_hat_exact_match","W_tolerance_match","selected_lambda_reference","lambda_vector_exact_match","status"
"dataset_summary",1,"Treatment DGP","DGP_KAPPA1",NA,0,0,TRUE,TRUE,NA,NA,NA,NA,NA,NA,NA,NA,NA,NA,NA,NA,"PASS"
"dataset_summary",2,"Treatment DGP","DGP_KAPPA1",NA,0,0,TRUE,TRUE,NA,NA,NA,NA,NA,NA,NA,NA,NA,NA,NA,NA,"PASS"
"dataset_summary",3,"Treatment DGP","DGP_KAPPA1",NA,0,0,TRUE,TRUE,NA,NA,NA,NA,NA,NA,NA,NA,NA,NA,NA,NA,"PASS"
"dataset_summary",4,"Treatment DGP","DGP_KAPPA1",NA,0,0,TRUE,TRUE,NA,NA,NA,NA,NA,NA,NA,NA,NA,NA,NA,NA,"PASS"
"dataset_summary",5,"Treatment DGP","DGP_KAPPA1",NA,0,0,TRUE,TRUE,NA,NA,NA,NA,NA,NA,NA,NA,NA,NA,NA,NA,"PASS"
"dataset_summary",6,"Treatment DGP","DGP_KAPPA1",NA,0,0,TRUE,TRUE,NA,NA,NA,NA,NA,NA,NA,NA,NA,NA,NA,NA,"PASS"
"dataset_summary",7,"Treatment DGP","DGP_KAPPA1",NA,0,0,TRUE,TRUE,NA,NA,NA,NA,NA,NA,NA,NA,NA,NA,NA,NA,"PASS"
"dataset_summary",8,"Treatment DGP","DGP_KAPPA1",NA,0,0,TRUE,TRUE,NA,NA,NA,NA,NA,NA,NA,NA,NA,NA,NA,NA,"PASS"
"dataset_summary",9,"Treatment DGP","DGP_KAPPA1",NA,0,0,TRUE,TRUE,NA,NA,NA,NA,NA,NA,NA,NA,NA,NA,NA,NA,"PASS"
"dataset_summary",10,"Treatment DGP","DGP_KAPPA1",NA,0,0,TRUE,TRUE,NA,NA,NA,NA,NA,NA,NA,NA,NA,NA,NA,NA,"PASS"
"dataset_summary",1,"Oracle-GMM","ORACLE_TABLE2",NA,NA,NA,NA,NA,0,NA,NA,NA,0.9,0.9,0.753375197581095,0.753375197581095,TRUE,TRUE,NA,NA,"PASS"
"alpha_detail",1,"Oracle-GMM","ORACLE_TABLE2",-1,NA,NA,NA,NA,NA,71.3577213094881,71.3577213094881,0,NA,NA,NA,NA,NA,NA,NA,NA,"PASS"
"alpha_detail",1,"Oracle-GMM","ORACLE_TABLE2",-0.9,NA,NA,NA,NA,NA,73.8441725375143,73.8441725375143,0,NA,NA,NA,NA,NA,NA,NA,NA,"PASS"
"alpha_detail",1,"Oracle-GMM","ORACLE_TABLE2",-0.8,NA,NA,NA,NA,NA,74.0042425791706,74.0042425791706,0,NA,NA,NA,NA,NA,NA,NA,NA,"PASS"
"alpha_detail",1,"Oracle-GMM","ORACLE_TABLE2",-0.7,NA,NA,NA,NA,NA,71.4145472809029,71.4145472809029,0,NA,NA,NA,NA,NA,NA,NA,NA,"PASS"
"alpha_detail",1,"Oracle-GMM","ORACLE_TABLE2",-0.6,NA,NA,NA,NA,NA,65.2022022017937,65.2022022017937,0,NA,NA,NA,NA,NA,NA,NA,NA,"PASS"
"alpha_detail",1,"Oracle-GMM","ORACLE_TABLE2",-0.5,NA,NA,NA,NA,NA,72.7401022729856,72.7401022729856,0,NA,NA,NA,NA,NA,NA,NA,NA,"PASS"
"alpha_detail",1,"Oracle-GMM","ORACLE_TABLE2",-0.4,NA,NA,NA,NA,NA,66.4295835141616,66.4295835141616,0,NA,NA,NA,NA,NA,NA,NA,NA,"PASS"
"alpha_detail",1,"Oracle-GMM","ORACLE_TABLE2",-0.3,NA,NA,NA,NA,NA,64.952329920175,64.952329920175,0,NA,NA,NA,NA,NA,NA,NA,NA,"PASS"
"alpha_detail",1,"Oracle-GMM","ORACLE_TABLE2",-0.2,NA,NA,NA,NA,NA,57.7823018216175,57.7823018216175,0,NA,NA,NA,NA,NA,NA,NA,NA,"PASS"
"alpha_detail",1,"Oracle-GMM","ORACLE_TABLE2",-0.1,NA,NA,NA,NA,NA,56.1522023924677,56.1522023924677,0,NA,NA,NA,NA,NA,NA,NA,NA,"PASS"
"alpha_detail",1,"Oracle-GMM","ORACLE_TABLE2",0,NA,NA,NA,NA,NA,57.3536202160795,57.3536202160795,0,NA,NA,NA,NA,NA,NA,NA,NA,"PASS"
"alpha_detail",1,"Oracle-GMM","ORACLE_TABLE2",0.1,NA,NA,NA,NA,NA,41.2124859411958,41.2124859411958,0,NA,NA,NA,NA,NA,NA,NA,NA,"PASS"
"alpha_detail",1,"Oracle-GMM","ORACLE_TABLE2",0.2,NA,NA,NA,NA,NA,31.3724068198912,31.3724068198912,0,NA,NA,NA,NA,NA,NA,NA,NA,"PASS"
"alpha_detail",1,"Oracle-GMM","ORACLE_TABLE2",0.3,NA,NA,NA,NA,NA,36.4259421456897,36.4259421456897,0,NA,NA,NA,NA,NA,NA,NA,NA,"PASS"
"alpha_detail",1,"Oracle-GMM","ORACLE_TABLE2",0.4,NA,NA,NA,NA,NA,30.4082546521704,30.4082546521704,0,NA,NA,NA,NA,NA,NA,NA,NA,"PASS"
"alpha_detail",1,"Oracle-GMM","ORACLE_TABLE2",0.5,NA,NA,NA,NA,NA,29.7854409479872,29.7854409479872,0,NA,NA,NA,NA,NA,NA,NA,NA,"PASS"
"alpha_detail",1,"Oracle-GMM","ORACLE_TABLE2",0.6,NA,NA,NA,NA,NA,23.7657790539653,23.7657790539653,0,NA,NA,NA,NA,NA,NA,NA,NA,"PASS"
"alpha_detail",1,"Oracle-GMM","ORACLE_TABLE2",0.7,NA,NA,NA,NA,NA,8.55722612676948,8.55722612676948,0,NA,NA,NA,NA,NA,NA,NA,NA,"PASS"
"alpha_detail",1,"Oracle-GMM","ORACLE_TABLE2",0.8,NA,NA,NA,NA,NA,5.55206541097518,5.55206541097518,0,NA,NA,NA,NA,NA,NA,NA,NA,"PASS"
"alpha_detail",1,"Oracle-GMM","ORACLE_TABLE2",0.9,NA,NA,NA,NA,NA,0.753375197581095,0.753375197581095,0,NA,NA,NA,NA,NA,NA,NA,NA,"PASS"
"alpha_detail",1,"Oracle-GMM","ORACLE_TABLE2",1,NA,NA,NA,NA,NA,3.08679900046003,3.08679900046003,0,NA,NA,NA,NA,NA,NA,NA,NA,"PASS"
"alpha_detail",1,"Oracle-GMM","ORACLE_TABLE2",1.1,NA,NA,NA,NA,NA,7.26139073187298,7.26139073187298,0,NA,NA,NA,NA,NA,NA,NA,NA,"PASS"
"alpha_detail",1,"Oracle-GMM","ORACLE_TABLE2",1.2,NA,NA,NA,NA,NA,8.53701021135492,8.53701021135492,0,NA,NA,NA,NA,NA,NA,NA,NA,"PASS"
"alpha_detail",1,"Oracle-GMM","ORACLE_TABLE2",1.3,NA,NA,NA,NA,NA,10.3577621463731,10.3577621463731,0,NA,NA,NA,NA,NA,NA,NA,NA,"PASS"
"alpha_detail",1,"Oracle-GMM","ORACLE_TABLE2",1.4,NA,NA,NA,NA,NA,22.2298221944269,22.2298221944269,0,NA,NA,NA,NA,NA,NA,NA,NA,"PASS"
"alpha_detail",1,"Oracle-GMM","ORACLE_TABLE2",1.5,NA,NA,NA,NA,NA,24.8738102466498,24.8738102466498,0,NA,NA,NA,NA,NA,NA,NA,NA,"PASS"
"alpha_detail",1,"Oracle-GMM","ORACLE_TABLE2",1.6,NA,NA,NA,NA,NA,33.199280425623,33.199280425623,0,NA,NA,NA,NA,NA,NA,NA,NA,"PASS"
"alpha_detail",1,"Oracle-GMM","ORACLE_TABLE2",1.7,NA,NA,NA,NA,NA,38.762989259497,38.762989259497,0,NA,NA,NA,NA,NA,NA,NA,NA,"PASS"
"alpha_detail",1,"Oracle-GMM","ORACLE_TABLE2",1.8,NA,NA,NA,NA,NA,42.7130111885125,42.7130111885125,0,NA,NA,NA,NA,NA,NA,NA,NA,"PASS"
"alpha_detail",1,"Oracle-GMM","ORACLE_TABLE2",1.9,NA,NA,NA,NA,NA,46.1079774890178,46.1079774890178,0,NA,NA,NA,NA,NA,NA,NA,NA,"PASS"
"alpha_detail",1,"Oracle-GMM","ORACLE_TABLE2",2,NA,NA,NA,NA,NA,59.9442537641329,59.9442537641329,0,NA,NA,NA,NA,NA,NA,NA,NA,"PASS"
"alpha_detail",1,"Oracle-GMM","ORACLE_TABLE2",2.1,NA,NA,NA,NA,NA,62.9299005419131,62.9299005419131,0,NA,NA,NA,NA,NA,NA,NA,NA,"PASS"
"alpha_detail",1,"Oracle-GMM","ORACLE_TABLE2",2.2,NA,NA,NA,NA,NA,71.6109561607546,71.6109561607546,0,NA,NA,NA,NA,NA,NA,NA,NA,"PASS"
"alpha_detail",1,"Oracle-GMM","ORACLE_TABLE2",2.3,NA,NA,NA,NA,NA,78.826761284189,78.826761284189,0,NA,NA,NA,NA,NA,NA,NA,NA,"PASS"
"alpha_detail",1,"Oracle-GMM","ORACLE_TABLE2",2.4,NA,NA,NA,NA,NA,77.0444831471935,77.0444831471935,0,NA,NA,NA,NA,NA,NA,NA,NA,"PASS"
"alpha_detail",1,"Oracle-GMM","ORACLE_TABLE2",2.5,NA,NA,NA,NA,NA,75.1674628547229,75.1674628547229,0,NA,NA,NA,NA,NA,NA,NA,NA,"PASS"
"alpha_detail",1,"Oracle-GMM","ORACLE_TABLE2",2.6,NA,NA,NA,NA,NA,80.8535832755056,80.8535832755056,0,NA,NA,NA,NA,NA,NA,NA,NA,"PASS"
"alpha_detail",1,"Oracle-GMM","ORACLE_TABLE2",2.7,NA,NA,NA,NA,NA,78.5635737549446,78.5635737549446,0,NA,NA,NA,NA,NA,NA,NA,NA,"PASS"
"alpha_detail",1,"Oracle-GMM","ORACLE_TABLE2",2.8,NA,NA,NA,NA,NA,85.6349970190664,85.6349970190664,0,NA,NA,NA,NA,NA,NA,NA,NA,"PASS"
"alpha_detail",1,"Oracle-GMM","ORACLE_TABLE2",2.9,NA,NA,NA,NA,NA,87.9222369145681,87.9222369145681,0,NA,NA,NA,NA,NA,NA,NA,NA,"PASS"
"alpha_detail",1,"Oracle-GMM","ORACLE_TABLE2",3,NA,NA,NA,NA,NA,91.9736221403211,91.9736221403211,0,NA,NA,NA,NA,NA,NA,NA,NA,"PASS"
"dataset_summary",1,"Full-GMM","FULL_TABLE2",NA,NA,NA,NA,NA,0,NA,NA,NA,0.9,0.9,1.74675423654429,1.74675423654429,TRUE,TRUE,NA,NA,"PASS"
"alpha_detail",1,"Full-GMM","FULL_TABLE2",-1,NA,NA,NA,NA,NA,60.468639218653,60.468639218653,0,NA,NA,NA,NA,NA,NA,NA,NA,"PASS"
"alpha_detail",1,"Full-GMM","FULL_TABLE2",-0.9,NA,NA,NA,NA,NA,69.9095597974373,69.9095597974373,0,NA,NA,NA,NA,NA,NA,NA,NA,"PASS"
"alpha_detail",1,"Full-GMM","FULL_TABLE2",-0.8,NA,NA,NA,NA,NA,60.6374997053241,60.6374997053241,0,NA,NA,NA,NA,NA,NA,NA,NA,"PASS"
"alpha_detail",1,"Full-GMM","FULL_TABLE2",-0.7,NA,NA,NA,NA,NA,52.4670293182125,52.4670293182125,0,NA,NA,NA,NA,NA,NA,NA,NA,"PASS"
"alpha_detail",1,"Full-GMM","FULL_TABLE2",-0.6,NA,NA,NA,NA,NA,47.3649457605509,47.3649457605509,0,NA,NA,NA,NA,NA,NA,NA,NA,"PASS"
"alpha_detail",1,"Full-GMM","FULL_TABLE2",-0.5,NA,NA,NA,NA,NA,42.4881673833677,42.4881673833677,0,NA,NA,NA,NA,NA,NA,NA,NA,"PASS"
"alpha_detail",1,"Full-GMM","FULL_TABLE2",-0.4,NA,NA,NA,NA,NA,43.839520060141,43.839520060141,0,NA,NA,NA,NA,NA,NA,NA,NA,"PASS"
"alpha_detail",1,"Full-GMM","FULL_TABLE2",-0.3,NA,NA,NA,NA,NA,47.5004700387644,47.5004700387644,0,NA,NA,NA,NA,NA,NA,NA,NA,"PASS"
"alpha_detail",1,"Full-GMM","FULL_TABLE2",-0.2,NA,NA,NA,NA,NA,42.1409740665521,42.1409740665521,0,NA,NA,NA,NA,NA,NA,NA,NA,"PASS"
"alpha_detail",1,"Full-GMM","FULL_TABLE2",-0.1,NA,NA,NA,NA,NA,34.0621890208012,34.0621890208012,0,NA,NA,NA,NA,NA,NA,NA,NA,"PASS"
"alpha_detail",1,"Full-GMM","FULL_TABLE2",0,NA,NA,NA,NA,NA,37.1449013049211,37.1449013049211,0,NA,NA,NA,NA,NA,NA,NA,NA,"PASS"
"alpha_detail",1,"Full-GMM","FULL_TABLE2",0.1,NA,NA,NA,NA,NA,24.4334569898071,24.4334569898071,0,NA,NA,NA,NA,NA,NA,NA,NA,"PASS"
"alpha_detail",1,"Full-GMM","FULL_TABLE2",0.2,NA,NA,NA,NA,NA,23.2063055633447,23.2063055633447,0,NA,NA,NA,NA,NA,NA,NA,NA,"PASS"
"alpha_detail",1,"Full-GMM","FULL_TABLE2",0.3,NA,NA,NA,NA,NA,22.9506564736001,22.9506564736001,0,NA,NA,NA,NA,NA,NA,NA,NA,"PASS"
"alpha_detail",1,"Full-GMM","FULL_TABLE2",0.4,NA,NA,NA,NA,NA,17.8084611132699,17.8084611132699,0,NA,NA,NA,NA,NA,NA,NA,NA,"PASS"
"alpha_detail",1,"Full-GMM","FULL_TABLE2",0.5,NA,NA,NA,NA,NA,9.97567818030236,9.97567818030236,0,NA,NA,NA,NA,NA,NA,NA,NA,"PASS"
"alpha_detail",1,"Full-GMM","FULL_TABLE2",0.6,NA,NA,NA,NA,NA,16.6854145830502,16.6854145830502,0,NA,NA,NA,NA,NA,NA,NA,NA,"PASS"
"alpha_detail",1,"Full-GMM","FULL_TABLE2",0.7,NA,NA,NA,NA,NA,6.61458245319571,6.61458245319571,0,NA,NA,NA,NA,NA,NA,NA,NA,"PASS"
"alpha_detail",1,"Full-GMM","FULL_TABLE2",0.8,NA,NA,NA,NA,NA,7.07270178531475,7.07270178531475,0,NA,NA,NA,NA,NA,NA,NA,NA,"PASS"
"alpha_detail",1,"Full-GMM","FULL_TABLE2",0.9,NA,NA,NA,NA,NA,1.74675423654429,1.74675423654429,0,NA,NA,NA,NA,NA,NA,NA,NA,"PASS"
"alpha_detail",1,"Full-GMM","FULL_TABLE2",1,NA,NA,NA,NA,NA,3.49975993494198,3.49975993494198,0,NA,NA,NA,NA,NA,NA,NA,NA,"PASS"
"alpha_detail",1,"Full-GMM","FULL_TABLE2",1.1,NA,NA,NA,NA,NA,3.46509095005413,3.46509095005413,0,NA,NA,NA,NA,NA,NA,NA,NA,"PASS"
"alpha_detail",1,"Full-GMM","FULL_TABLE2",1.2,NA,NA,NA,NA,NA,2.40105681088108,2.40105681088108,0,NA,NA,NA,NA,NA,NA,NA,NA,"PASS"
"alpha_detail",1,"Full-GMM","FULL_TABLE2",1.3,NA,NA,NA,NA,NA,8.60162062626275,8.60162062626275,0,NA,NA,NA,NA,NA,NA,NA,NA,"PASS"
"alpha_detail",1,"Full-GMM","FULL_TABLE2",1.4,NA,NA,NA,NA,NA,8.96640608326007,8.96640608326007,0,NA,NA,NA,NA,NA,NA,NA,NA,"PASS"
"alpha_detail",1,"Full-GMM","FULL_TABLE2",1.5,NA,NA,NA,NA,NA,13.3782154474287,13.3782154474287,0,NA,NA,NA,NA,NA,NA,NA,NA,"PASS"
"alpha_detail",1,"Full-GMM","FULL_TABLE2",1.6,NA,NA,NA,NA,NA,20.832670233922,20.832670233922,0,NA,NA,NA,NA,NA,NA,NA,NA,"PASS"
"alpha_detail",1,"Full-GMM","FULL_TABLE2",1.7,NA,NA,NA,NA,NA,30.0089322551492,30.0089322551492,0,NA,NA,NA,NA,NA,NA,NA,NA,"PASS"
"alpha_detail",1,"Full-GMM","FULL_TABLE2",1.8,NA,NA,NA,NA,NA,29.5161128778462,29.5161128778462,0,NA,NA,NA,NA,NA,NA,NA,NA,"PASS"
"alpha_detail",1,"Full-GMM","FULL_TABLE2",1.9,NA,NA,NA,NA,NA,43.8162077071188,43.8162077071188,0,NA,NA,NA,NA,NA,NA,NA,NA,"PASS"
"alpha_detail",1,"Full-GMM","FULL_TABLE2",2,NA,NA,NA,NA,NA,40.1326100533519,40.1326100533519,0,NA,NA,NA,NA,NA,NA,NA,NA,"PASS"
"alpha_detail",1,"Full-GMM","FULL_TABLE2",2.1,NA,NA,NA,NA,NA,44.4611688421101,44.4611688421101,0,NA,NA,NA,NA,NA,NA,NA,NA,"PASS"
"alpha_detail",1,"Full-GMM","FULL_TABLE2",2.2,NA,NA,NA,NA,NA,52.1661576638539,52.1661576638539,0,NA,NA,NA,NA,NA,NA,NA,NA,"PASS"
"alpha_detail",1,"Full-GMM","FULL_TABLE2",2.3,NA,NA,NA,NA,NA,63.7289294090554,63.7289294090554,0,NA,NA,NA,NA,NA,NA,NA,NA,"PASS"
"alpha_detail",1,"Full-GMM","FULL_TABLE2",2.4,NA,NA,NA,NA,NA,55.7282983079143,55.7282983079143,0,NA,NA,NA,NA,NA,NA,NA,NA,"PASS"
"alpha_detail",1,"Full-GMM","FULL_TABLE2",2.5,NA,NA,NA,NA,NA,64.0623180520685,64.0623180520685,0,NA,NA,NA,NA,NA,NA,NA,NA,"PASS"
"alpha_detail",1,"Full-GMM","FULL_TABLE2",2.6,NA,NA,NA,NA,NA,61.1369312782762,61.1369312782762,0,NA,NA,NA,NA,NA,NA,NA,NA,"PASS"
"alpha_detail",1,"Full-GMM","FULL_TABLE2",2.7,NA,NA,NA,NA,NA,54.1871090713132,54.1871090713132,0,NA,NA,NA,NA,NA,NA,NA,NA,"PASS"
"alpha_detail",1,"Full-GMM","FULL_TABLE2",2.8,NA,NA,NA,NA,NA,59.7449653367043,59.7449653367043,0,NA,NA,NA,NA,NA,NA,NA,NA,"PASS"
"alpha_detail",1,"Full-GMM","FULL_TABLE2",2.9,NA,NA,NA,NA,NA,61.9972978257183,61.9972978257183,0,NA,NA,NA,NA,NA,NA,NA,NA,"PASS"
"alpha_detail",1,"Full-GMM","FULL_TABLE2",3,NA,NA,NA,NA,NA,70.7670957055766,70.7670957055766,0,NA,NA,NA,NA,NA,NA,NA,NA,"PASS"
"dataset_summary",1,"DML-CV","DML_TABLE2_CV",NA,NA,NA,NA,NA,0,NA,NA,NA,0.9,0.9,2.42315882124016,2.42315882124016,TRUE,TRUE,NA,NA,"PASS"
"alpha_detail",1,"DML-CV","DML_TABLE2_CV",-1,NA,NA,NA,NA,NA,80.4797932047387,80.4797932047387,0,NA,NA,NA,NA,NA,NA,0.0335049426894087,NA,"PASS"
"alpha_detail",1,"DML-CV","DML_TABLE2_CV",-0.9,NA,NA,NA,NA,NA,79.36043052363,79.36043052363,0,NA,NA,NA,NA,NA,NA,0.0279420700215162,NA,"PASS"
"alpha_detail",1,"DML-CV","DML_TABLE2_CV",-0.8,NA,NA,NA,NA,NA,75.5300081939923,75.5300081939923,0,NA,NA,NA,NA,NA,NA,0.0276903921271123,NA,"PASS"
"alpha_detail",1,"DML-CV","DML_TABLE2_CV",-0.7,NA,NA,NA,NA,NA,76.2271779052075,76.2271779052075,0,NA,NA,NA,NA,NA,NA,0.0290205232509616,NA,"PASS"
"alpha_detail",1,"DML-CV","DML_TABLE2_CV",-0.6,NA,NA,NA,NA,NA,76.9676215749538,76.9676215749538,0,NA,NA,NA,NA,NA,NA,0.0305461169070342,NA,"PASS"
"alpha_detail",1,"DML-CV","DML_TABLE2_CV",-0.5,NA,NA,NA,NA,NA,76.1059402936795,76.1059402936795,0,NA,NA,NA,NA,NA,NA,0.0315521741750376,NA,"PASS"
"alpha_detail",1,"DML-CV","DML_TABLE2_CV",-0.4,NA,NA,NA,NA,NA,72.5304442687323,72.5304442687323,0,NA,NA,NA,NA,NA,NA,0.0373334031808918,NA,"PASS"
"alpha_detail",1,"DML-CV","DML_TABLE2_CV",-0.3,NA,NA,NA,NA,NA,70.5255083446735,70.5255083446735,0,NA,NA,NA,NA,NA,NA,0.0315066443854865,NA,"PASS"
"alpha_detail",1,"DML-CV","DML_TABLE2_CV",-0.2,NA,NA,NA,NA,NA,67.6902403720466,67.6902403720466,0,NA,NA,NA,NA,NA,NA,0.0328239091860571,NA,"PASS"
"alpha_detail",1,"DML-CV","DML_TABLE2_CV",-0.1,NA,NA,NA,NA,NA,65.1698455161204,65.1698455161204,0,NA,NA,NA,NA,NA,NA,0.0279817853968048,NA,"PASS"
"alpha_detail",1,"DML-CV","DML_TABLE2_CV",0,NA,NA,NA,NA,NA,56.752909775909,56.752909775909,0,NA,NA,NA,NA,NA,NA,0.0325544391253599,NA,"PASS"
"alpha_detail",1,"DML-CV","DML_TABLE2_CV",0.1,NA,NA,NA,NA,NA,47.2323288046206,47.2323288046206,0,NA,NA,NA,NA,NA,NA,0.0314592797305399,NA,"PASS"
"alpha_detail",1,"DML-CV","DML_TABLE2_CV",0.2,NA,NA,NA,NA,NA,43.5771385644134,43.5771385644134,0,NA,NA,NA,NA,NA,NA,0.0254235994971724,NA,"PASS"
"alpha_detail",1,"DML-CV","DML_TABLE2_CV",0.3,NA,NA,NA,NA,NA,38.5569881450507,38.5569881450507,0,NA,NA,NA,NA,NA,NA,0.0313832104440342,NA,"PASS"
"alpha_detail",1,"DML-CV","DML_TABLE2_CV",0.4,NA,NA,NA,NA,NA,26.2085742135215,26.2085742135215,0,NA,NA,NA,NA,NA,NA,0.0294959095247282,NA,"PASS"
"alpha_detail",1,"DML-CV","DML_TABLE2_CV",0.5,NA,NA,NA,NA,NA,21.7780233402433,21.7780233402433,0,NA,NA,NA,NA,NA,NA,0.0322703605073035,NA,"PASS"
"alpha_detail",1,"DML-CV","DML_TABLE2_CV",0.6,NA,NA,NA,NA,NA,22.0741226412616,22.0741226412616,0,NA,NA,NA,NA,NA,NA,0.0313134362367333,NA,"PASS"
"alpha_detail",1,"DML-CV","DML_TABLE2_CV",0.7,NA,NA,NA,NA,NA,9.77244086154019,9.77244086154019,0,NA,NA,NA,NA,NA,NA,0.031284336392858,NA,"PASS"
"alpha_detail",1,"DML-CV","DML_TABLE2_CV",0.8,NA,NA,NA,NA,NA,5.03917096744796,5.03917096744796,0,NA,NA,NA,NA,NA,NA,0.0285204472037669,NA,"PASS"
"alpha_detail",1,"DML-CV","DML_TABLE2_CV",0.9,NA,NA,NA,NA,NA,2.42315882124016,2.42315882124016,0,NA,NA,NA,NA,NA,NA,0.030238250429452,NA,"PASS"
"alpha_detail",1,"DML-CV","DML_TABLE2_CV",1,NA,NA,NA,NA,NA,2.65806383269352,2.65806383269352,0,NA,NA,NA,NA,NA,NA,0.0301336942988764,NA,"PASS"
"alpha_detail",1,"DML-CV","DML_TABLE2_CV",1.1,NA,NA,NA,NA,NA,5.72228675387571,5.72228675387571,0,NA,NA,NA,NA,NA,NA,0.0275611953863184,NA,"PASS"
"alpha_detail",1,"DML-CV","DML_TABLE2_CV",1.2,NA,NA,NA,NA,NA,5.70734754786639,5.70734754786639,0,NA,NA,NA,NA,NA,NA,0.0295055862688688,NA,"PASS"
"alpha_detail",1,"DML-CV","DML_TABLE2_CV",1.3,NA,NA,NA,NA,NA,13.363635366436,13.363635366436,0,NA,NA,NA,NA,NA,NA,0.0295055862688688,NA,"PASS"
"alpha_detail",1,"DML-CV","DML_TABLE2_CV",1.4,NA,NA,NA,NA,NA,14.2622361381447,14.2622361381447,0,NA,NA,NA,NA,NA,NA,0.0343267604757325,NA,"PASS"
"alpha_detail",1,"DML-CV","DML_TABLE2_CV",1.5,NA,NA,NA,NA,NA,22.6723180059098,22.6723180059098,0,NA,NA,NA,NA,NA,NA,0.0171460467291221,NA,"PASS"
"alpha_detail",1,"DML-CV","DML_TABLE2_CV",1.6,NA,NA,NA,NA,NA,27.7747432030809,27.7747432030809,0,NA,NA,NA,NA,NA,NA,0.0283832874151562,NA,"PASS"
"alpha_detail",1,"DML-CV","DML_TABLE2_CV",1.7,NA,NA,NA,NA,NA,33.6357225162187,33.6357225162187,0,NA,NA,NA,NA,NA,NA,0.0330918106157251,NA,"PASS"
"alpha_detail",1,"DML-CV","DML_TABLE2_CV",1.8,NA,NA,NA,NA,NA,39.5283427100389,39.5283427100389,0,NA,NA,NA,NA,NA,NA,0.0272272148077136,NA,"PASS"
"alpha_detail",1,"DML-CV","DML_TABLE2_CV",1.9,NA,NA,NA,NA,NA,43.7673577453131,43.7673577453131,0,NA,NA,NA,NA,NA,NA,0.034417050763691,NA,"PASS"
"alpha_detail",1,"DML-CV","DML_TABLE2_CV",2,NA,NA,NA,NA,NA,52.3727186342768,52.3727186342768,0,NA,NA,NA,NA,NA,NA,0.0303291476262838,NA,"PASS"
"alpha_detail",1,"DML-CV","DML_TABLE2_CV",2.1,NA,NA,NA,NA,NA,54.2968684101632,54.2968684101632,0,NA,NA,NA,NA,NA,NA,0.0324883532474829,NA,"PASS"
"alpha_detail",1,"DML-CV","DML_TABLE2_CV",2.2,NA,NA,NA,NA,NA,56.9957873183115,56.9957873183115,0,NA,NA,NA,NA,NA,NA,0.0345903839517397,NA,"PASS"
"alpha_detail",1,"DML-CV","DML_TABLE2_CV",2.3,NA,NA,NA,NA,NA,58.5439896876503,58.5439896876503,0,NA,NA,NA,NA,NA,NA,0.0374952930972896,NA,"PASS"
"alpha_detail",1,"DML-CV","DML_TABLE2_CV",2.4,NA,NA,NA,NA,NA,56.1479637999982,56.1479637999982,0,NA,NA,NA,NA,NA,NA,0.0283689790087384,NA,"PASS"
"alpha_detail",1,"DML-CV","DML_TABLE2_CV",2.5,NA,NA,NA,NA,NA,59.5834674209758,59.5834674209758,0,NA,NA,NA,NA,NA,NA,0.0312951083833797,NA,"PASS"
"alpha_detail",1,"DML-CV","DML_TABLE2_CV",2.6,NA,NA,NA,NA,NA,61.7989608099756,61.7989608099756,0,NA,NA,NA,NA,NA,NA,0.0342690141906946,NA,"PASS"
"alpha_detail",1,"DML-CV","DML_TABLE2_CV",2.7,NA,NA,NA,NA,NA,66.0135490031784,66.0135490031784,0,NA,NA,NA,NA,NA,NA,0.0318192787121061,NA,"PASS"
"alpha_detail",1,"DML-CV","DML_TABLE2_CV",2.8,NA,NA,NA,NA,NA,74.7120110033219,74.7120110033219,0,NA,NA,NA,NA,NA,NA,0.0170339724008688,NA,"PASS"
"alpha_detail",1,"DML-CV","DML_TABLE2_CV",2.9,NA,NA,NA,NA,NA,74.3300246785918,74.3300246785918,0,NA,NA,NA,NA,NA,NA,0.0213465021591327,NA,"PASS"
"alpha_detail",1,"DML-CV","DML_TABLE2_CV",3,NA,NA,NA,NA,NA,69.3503534735146,69.3503534735146,0,NA,NA,NA,NA,NA,NA,0.0363747204783005,NA,"PASS"
"dataset_summary",1,"DML-BC","DML_BC_CONDITIONAL",NA,NA,NA,NA,NA,0,NA,NA,NA,0.9,0.9,0.706535816466355,0.706535816466355,TRUE,TRUE,NA,TRUE,"PASS"
"alpha_detail",1,"DML-BC","DML_BC_CONDITIONAL",-1,NA,NA,NA,NA,NA,84.5535133069201,84.5535133069201,0,NA,NA,NA,NA,NA,NA,NA,NA,"PASS"
"alpha_detail",1,"DML-BC","DML_BC_CONDITIONAL",-0.9,NA,NA,NA,NA,NA,83.6637279252668,83.6637279252668,0,NA,NA,NA,NA,NA,NA,NA,NA,"PASS"
"alpha_detail",1,"DML-BC","DML_BC_CONDITIONAL",-0.8,NA,NA,NA,NA,NA,82.3022702507498,82.3022702507498,0,NA,NA,NA,NA,NA,NA,NA,NA,"PASS"
"alpha_detail",1,"DML-BC","DML_BC_CONDITIONAL",-0.7,NA,NA,NA,NA,NA,79.9918368586889,79.9918368586889,0,NA,NA,NA,NA,NA,NA,NA,NA,"PASS"
"alpha_detail",1,"DML-BC","DML_BC_CONDITIONAL",-0.6,NA,NA,NA,NA,NA,70.2795616106784,70.2795616106784,0,NA,NA,NA,NA,NA,NA,NA,NA,"PASS"
"alpha_detail",1,"DML-BC","DML_BC_CONDITIONAL",-0.5,NA,NA,NA,NA,NA,82.4328563115052,82.4328563115052,0,NA,NA,NA,NA,NA,NA,NA,NA,"PASS"
"alpha_detail",1,"DML-BC","DML_BC_CONDITIONAL",-0.4,NA,NA,NA,NA,NA,71.1375210967931,71.1375210967931,0,NA,NA,NA,NA,NA,NA,NA,NA,"PASS"
"alpha_detail",1,"DML-BC","DML_BC_CONDITIONAL",-0.3,NA,NA,NA,NA,NA,64.3901562853623,64.3901562853623,0,NA,NA,NA,NA,NA,NA,NA,NA,"PASS"
"alpha_detail",1,"DML-BC","DML_BC_CONDITIONAL",-0.2,NA,NA,NA,NA,NA,68.2957950526604,68.2957950526604,0,NA,NA,NA,NA,NA,NA,NA,NA,"PASS"
"alpha_detail",1,"DML-BC","DML_BC_CONDITIONAL",-0.1,NA,NA,NA,NA,NA,61.0683781544095,61.0683781544095,0,NA,NA,NA,NA,NA,NA,NA,NA,"PASS"
"alpha_detail",1,"DML-BC","DML_BC_CONDITIONAL",0,NA,NA,NA,NA,NA,58.7404800767439,58.7404800767439,0,NA,NA,NA,NA,NA,NA,NA,NA,"PASS"
"alpha_detail",1,"DML-BC","DML_BC_CONDITIONAL",0.1,NA,NA,NA,NA,NA,57.4107371773158,57.4107371773158,0,NA,NA,NA,NA,NA,NA,NA,NA,"PASS"
"alpha_detail",1,"DML-BC","DML_BC_CONDITIONAL",0.2,NA,NA,NA,NA,NA,58.0757738190212,58.0757738190212,0,NA,NA,NA,NA,NA,NA,NA,NA,"PASS"
"alpha_detail",1,"DML-BC","DML_BC_CONDITIONAL",0.3,NA,NA,NA,NA,NA,49.5213622477527,49.5213622477527,0,NA,NA,NA,NA,NA,NA,NA,NA,"PASS"
"alpha_detail",1,"DML-BC","DML_BC_CONDITIONAL",0.4,NA,NA,NA,NA,NA,32.1631407663396,32.1631407663396,0,NA,NA,NA,NA,NA,NA,NA,NA,"PASS"
"alpha_detail",1,"DML-BC","DML_BC_CONDITIONAL",0.5,NA,NA,NA,NA,NA,23.3330091261851,23.3330091261851,0,NA,NA,NA,NA,NA,NA,NA,NA,"PASS"
"alpha_detail",1,"DML-BC","DML_BC_CONDITIONAL",0.6,NA,NA,NA,NA,NA,14.804354705222,14.804354705222,0,NA,NA,NA,NA,NA,NA,NA,NA,"PASS"
"alpha_detail",1,"DML-BC","DML_BC_CONDITIONAL",0.7,NA,NA,NA,NA,NA,5.88684839604634,5.88684839604634,0,NA,NA,NA,NA,NA,NA,NA,NA,"PASS"
"alpha_detail",1,"DML-BC","DML_BC_CONDITIONAL",0.8,NA,NA,NA,NA,NA,1.1791879434177,1.1791879434177,0,NA,NA,NA,NA,NA,NA,NA,NA,"PASS"
"alpha_detail",1,"DML-BC","DML_BC_CONDITIONAL",0.9,NA,NA,NA,NA,NA,0.706535816466355,0.706535816466355,0,NA,NA,NA,NA,NA,NA,NA,NA,"PASS"
"alpha_detail",1,"DML-BC","DML_BC_CONDITIONAL",1,NA,NA,NA,NA,NA,3.90725393678947,3.90725393678947,0,NA,NA,NA,NA,NA,NA,NA,NA,"PASS"
"alpha_detail",1,"DML-BC","DML_BC_CONDITIONAL",1.1,NA,NA,NA,NA,NA,7.87061113782773,7.87061113782773,0,NA,NA,NA,NA,NA,NA,NA,NA,"PASS"
"alpha_detail",1,"DML-BC","DML_BC_CONDITIONAL",1.2,NA,NA,NA,NA,NA,7.61586374027108,7.61586374027108,0,NA,NA,NA,NA,NA,NA,NA,NA,"PASS"
"alpha_detail",1,"DML-BC","DML_BC_CONDITIONAL",1.3,NA,NA,NA,NA,NA,13.688197822815,13.688197822815,0,NA,NA,NA,NA,NA,NA,NA,NA,"PASS"
"alpha_detail",1,"DML-BC","DML_BC_CONDITIONAL",1.4,NA,NA,NA,NA,NA,16.0878698377426,16.0878698377426,0,NA,NA,NA,NA,NA,NA,NA,NA,"PASS"
"alpha_detail",1,"DML-BC","DML_BC_CONDITIONAL",1.5,NA,NA,NA,NA,NA,19.0215359007992,19.0215359007992,0,NA,NA,NA,NA,NA,NA,NA,NA,"PASS"
"alpha_detail",1,"DML-BC","DML_BC_CONDITIONAL",1.6,NA,NA,NA,NA,NA,26.8831628127793,26.8831628127793,0,NA,NA,NA,NA,NA,NA,NA,NA,"PASS"
"alpha_detail",1,"DML-BC","DML_BC_CONDITIONAL",1.7,NA,NA,NA,NA,NA,34.0358885549836,34.0358885549836,0,NA,NA,NA,NA,NA,NA,NA,NA,"PASS"
"alpha_detail",1,"DML-BC","DML_BC_CONDITIONAL",1.8,NA,NA,NA,NA,NA,39.4718203441864,39.4718203441864,0,NA,NA,NA,NA,NA,NA,NA,NA,"PASS"
"alpha_detail",1,"DML-BC","DML_BC_CONDITIONAL",1.9,NA,NA,NA,NA,NA,39.7947041603748,39.7947041603748,0,NA,NA,NA,NA,NA,NA,NA,NA,"PASS"
"alpha_detail",1,"DML-BC","DML_BC_CONDITIONAL",2,NA,NA,NA,NA,NA,39.6524001984517,39.6524001984517,0,NA,NA,NA,NA,NA,NA,NA,NA,"PASS"
"alpha_detail",1,"DML-BC","DML_BC_CONDITIONAL",2.1,NA,NA,NA,NA,NA,44.8566877303606,44.8566877303606,0,NA,NA,NA,NA,NA,NA,NA,NA,"PASS"
"alpha_detail",1,"DML-BC","DML_BC_CONDITIONAL",2.2,NA,NA,NA,NA,NA,48.5118131982054,48.5118131982054,0,NA,NA,NA,NA,NA,NA,NA,NA,"PASS"
"alpha_detail",1,"DML-BC","DML_BC_CONDITIONAL",2.3,NA,NA,NA,NA,NA,48.6077654821857,48.6077654821857,0,NA,NA,NA,NA,NA,NA,NA,NA,"PASS"
"alpha_detail",1,"DML-BC","DML_BC_CONDITIONAL",2.4,NA,NA,NA,NA,NA,51.2561164544641,51.2561164544641,0,NA,NA,NA,NA,NA,NA,NA,NA,"PASS"
"alpha_detail",1,"DML-BC","DML_BC_CONDITIONAL",2.5,NA,NA,NA,NA,NA,51.9437798281802,51.9437798281802,0,NA,NA,NA,NA,NA,NA,NA,NA,"PASS"
"alpha_detail",1,"DML-BC","DML_BC_CONDITIONAL",2.6,NA,NA,NA,NA,NA,51.8218254151779,51.8218254151779,0,NA,NA,NA,NA,NA,NA,NA,NA,"PASS"
"alpha_detail",1,"DML-BC","DML_BC_CONDITIONAL",2.7,NA,NA,NA,NA,NA,54.8618346744375,54.8618346744375,0,NA,NA,NA,NA,NA,NA,NA,NA,"PASS"
"alpha_detail",1,"DML-BC","DML_BC_CONDITIONAL",2.8,NA,NA,NA,NA,NA,54.2147143262116,54.2147143262116,0,NA,NA,NA,NA,NA,NA,NA,NA,"PASS"
"alpha_detail",1,"DML-BC","DML_BC_CONDITIONAL",2.9,NA,NA,NA,NA,NA,54.8496191150261,54.8496191150261,0,NA,NA,NA,NA,NA,NA,NA,NA,"PASS"
"alpha_detail",1,"DML-BC","DML_BC_CONDITIONAL",3,NA,NA,NA,NA,NA,56.6133967930256,56.6133967930256,0,NA,NA,NA,NA,NA,NA,NA,NA,"PASS"
"dataset_summary",1,"DML-CV vs DML-BC","DML_CV_VS_BC_EXPECTED_DIFFERENCE",NA,NA,NA,NA,NA,20.4972966771103,NA,NA,NA,0.9,0.9,2.42315882124016,0.706535816466355,TRUE,FALSE,NA,NA,"EXPECTED METHOD DIFFERENCE"
"alpha_detail",1,"DML-CV vs DML-BC","DML_CV_VS_BC_EXPECTED_DIFFERENCE",-1,NA,NA,NA,NA,NA,80.4797932047387,84.5535133069201,4.07372010218148,NA,NA,NA,NA,NA,NA,NA,NA,"EXPECTED METHOD DIFFERENCE"
"alpha_detail",1,"DML-CV vs DML-BC","DML_CV_VS_BC_EXPECTED_DIFFERENCE",-0.9,NA,NA,NA,NA,NA,79.36043052363,83.6637279252668,4.30329740163685,NA,NA,NA,NA,NA,NA,NA,NA,"EXPECTED METHOD DIFFERENCE"
"alpha_detail",1,"DML-CV vs DML-BC","DML_CV_VS_BC_EXPECTED_DIFFERENCE",-0.8,NA,NA,NA,NA,NA,75.5300081939923,82.3022702507498,6.77226205675751,NA,NA,NA,NA,NA,NA,NA,NA,"EXPECTED METHOD DIFFERENCE"
"alpha_detail",1,"DML-CV vs DML-BC","DML_CV_VS_BC_EXPECTED_DIFFERENCE",-0.7,NA,NA,NA,NA,NA,76.2271779052075,79.9918368586889,3.76465895348136,NA,NA,NA,NA,NA,NA,NA,NA,"EXPECTED METHOD DIFFERENCE"
"alpha_detail",1,"DML-CV vs DML-BC","DML_CV_VS_BC_EXPECTED_DIFFERENCE",-0.6,NA,NA,NA,NA,NA,76.9676215749538,70.2795616106784,-6.68805996427544,NA,NA,NA,NA,NA,NA,NA,NA,"EXPECTED METHOD DIFFERENCE"
"alpha_detail",1,"DML-CV vs DML-BC","DML_CV_VS_BC_EXPECTED_DIFFERENCE",-0.5,NA,NA,NA,NA,NA,76.1059402936795,82.4328563115052,6.32691601782574,NA,NA,NA,NA,NA,NA,NA,NA,"EXPECTED METHOD DIFFERENCE"
"alpha_detail",1,"DML-CV vs DML-BC","DML_CV_VS_BC_EXPECTED_DIFFERENCE",-0.4,NA,NA,NA,NA,NA,72.5304442687323,71.1375210967931,-1.39292317193917,NA,NA,NA,NA,NA,NA,NA,NA,"EXPECTED METHOD DIFFERENCE"
"alpha_detail",1,"DML-CV vs DML-BC","DML_CV_VS_BC_EXPECTED_DIFFERENCE",-0.3,NA,NA,NA,NA,NA,70.5255083446735,64.3901562853623,-6.13535205931123,NA,NA,NA,NA,NA,NA,NA,NA,"EXPECTED METHOD DIFFERENCE"
"alpha_detail",1,"DML-CV vs DML-BC","DML_CV_VS_BC_EXPECTED_DIFFERENCE",-0.2,NA,NA,NA,NA,NA,67.6902403720466,68.2957950526604,0.60555468061375,NA,NA,NA,NA,NA,NA,NA,NA,"EXPECTED METHOD DIFFERENCE"
"alpha_detail",1,"DML-CV vs DML-BC","DML_CV_VS_BC_EXPECTED_DIFFERENCE",-0.1,NA,NA,NA,NA,NA,65.1698455161204,61.0683781544095,-4.10146736171097,NA,NA,NA,NA,NA,NA,NA,NA,"EXPECTED METHOD DIFFERENCE"
"alpha_detail",1,"DML-CV vs DML-BC","DML_CV_VS_BC_EXPECTED_DIFFERENCE",0,NA,NA,NA,NA,NA,56.752909775909,58.7404800767439,1.98757030083488,NA,NA,NA,NA,NA,NA,NA,NA,"EXPECTED METHOD DIFFERENCE"
"alpha_detail",1,"DML-CV vs DML-BC","DML_CV_VS_BC_EXPECTED_DIFFERENCE",0.1,NA,NA,NA,NA,NA,47.2323288046206,57.4107371773158,10.1784083726953,NA,NA,NA,NA,NA,NA,NA,NA,"EXPECTED METHOD DIFFERENCE"
"alpha_detail",1,"DML-CV vs DML-BC","DML_CV_VS_BC_EXPECTED_DIFFERENCE",0.2,NA,NA,NA,NA,NA,43.5771385644134,58.0757738190212,14.4986352546078,NA,NA,NA,NA,NA,NA,NA,NA,"EXPECTED METHOD DIFFERENCE"
"alpha_detail",1,"DML-CV vs DML-BC","DML_CV_VS_BC_EXPECTED_DIFFERENCE",0.3,NA,NA,NA,NA,NA,38.5569881450507,49.5213622477527,10.9643741027019,NA,NA,NA,NA,NA,NA,NA,NA,"EXPECTED METHOD DIFFERENCE"
"alpha_detail",1,"DML-CV vs DML-BC","DML_CV_VS_BC_EXPECTED_DIFFERENCE",0.4,NA,NA,NA,NA,NA,26.2085742135215,32.1631407663396,5.95456655281808,NA,NA,NA,NA,NA,NA,NA,NA,"EXPECTED METHOD DIFFERENCE"
"alpha_detail",1,"DML-CV vs DML-BC","DML_CV_VS_BC_EXPECTED_DIFFERENCE",0.5,NA,NA,NA,NA,NA,21.7780233402433,23.3330091261851,1.5549857859418,NA,NA,NA,NA,NA,NA,NA,NA,"EXPECTED METHOD DIFFERENCE"
"alpha_detail",1,"DML-CV vs DML-BC","DML_CV_VS_BC_EXPECTED_DIFFERENCE",0.6,NA,NA,NA,NA,NA,22.0741226412616,14.804354705222,-7.26976793603955,NA,NA,NA,NA,NA,NA,NA,NA,"EXPECTED METHOD DIFFERENCE"
"alpha_detail",1,"DML-CV vs DML-BC","DML_CV_VS_BC_EXPECTED_DIFFERENCE",0.7,NA,NA,NA,NA,NA,9.77244086154019,5.88684839604634,-3.88559246549385,NA,NA,NA,NA,NA,NA,NA,NA,"EXPECTED METHOD DIFFERENCE"
"alpha_detail",1,"DML-CV vs DML-BC","DML_CV_VS_BC_EXPECTED_DIFFERENCE",0.8,NA,NA,NA,NA,NA,5.03917096744796,1.1791879434177,-3.85998302403026,NA,NA,NA,NA,NA,NA,NA,NA,"EXPECTED METHOD DIFFERENCE"
"alpha_detail",1,"DML-CV vs DML-BC","DML_CV_VS_BC_EXPECTED_DIFFERENCE",0.9,NA,NA,NA,NA,NA,2.42315882124016,0.706535816466355,-1.71662300477381,NA,NA,NA,NA,NA,NA,NA,NA,"EXPECTED METHOD DIFFERENCE"
"alpha_detail",1,"DML-CV vs DML-BC","DML_CV_VS_BC_EXPECTED_DIFFERENCE",1,NA,NA,NA,NA,NA,2.65806383269352,3.90725393678947,1.24919010409595,NA,NA,NA,NA,NA,NA,NA,NA,"EXPECTED METHOD DIFFERENCE"
"alpha_detail",1,"DML-CV vs DML-BC","DML_CV_VS_BC_EXPECTED_DIFFERENCE",1.1,NA,NA,NA,NA,NA,5.72228675387571,7.87061113782773,2.14832438395202,NA,NA,NA,NA,NA,NA,NA,NA,"EXPECTED METHOD DIFFERENCE"
"alpha_detail",1,"DML-CV vs DML-BC","DML_CV_VS_BC_EXPECTED_DIFFERENCE",1.2,NA,NA,NA,NA,NA,5.70734754786639,7.61586374027108,1.90851619240469,NA,NA,NA,NA,NA,NA,NA,NA,"EXPECTED METHOD DIFFERENCE"
"alpha_detail",1,"DML-CV vs DML-BC","DML_CV_VS_BC_EXPECTED_DIFFERENCE",1.3,NA,NA,NA,NA,NA,13.363635366436,13.688197822815,0.324562456378965,NA,NA,NA,NA,NA,NA,NA,NA,"EXPECTED METHOD DIFFERENCE"
"alpha_detail",1,"DML-CV vs DML-BC","DML_CV_VS_BC_EXPECTED_DIFFERENCE",1.4,NA,NA,NA,NA,NA,14.2622361381447,16.0878698377426,1.82563369959785,NA,NA,NA,NA,NA,NA,NA,NA,"EXPECTED METHOD DIFFERENCE"
"alpha_detail",1,"DML-CV vs DML-BC","DML_CV_VS_BC_EXPECTED_DIFFERENCE",1.5,NA,NA,NA,NA,NA,22.6723180059098,19.0215359007992,-3.65078210511065,NA,NA,NA,NA,NA,NA,NA,NA,"EXPECTED METHOD DIFFERENCE"
"alpha_detail",1,"DML-CV vs DML-BC","DML_CV_VS_BC_EXPECTED_DIFFERENCE",1.6,NA,NA,NA,NA,NA,27.7747432030809,26.8831628127793,-0.89158039030157,NA,NA,NA,NA,NA,NA,NA,NA,"EXPECTED METHOD DIFFERENCE"
"alpha_detail",1,"DML-CV vs DML-BC","DML_CV_VS_BC_EXPECTED_DIFFERENCE",1.7,NA,NA,NA,NA,NA,33.6357225162187,34.0358885549836,0.40016603876488,NA,NA,NA,NA,NA,NA,NA,NA,"EXPECTED METHOD DIFFERENCE"
"alpha_detail",1,"DML-CV vs DML-BC","DML_CV_VS_BC_EXPECTED_DIFFERENCE",1.8,NA,NA,NA,NA,NA,39.5283427100389,39.4718203441864,-0.0565223658525795,NA,NA,NA,NA,NA,NA,NA,NA,"EXPECTED METHOD DIFFERENCE"
"alpha_detail",1,"DML-CV vs DML-BC","DML_CV_VS_BC_EXPECTED_DIFFERENCE",1.9,NA,NA,NA,NA,NA,43.7673577453131,39.7947041603748,-3.97265358493826,NA,NA,NA,NA,NA,NA,NA,NA,"EXPECTED METHOD DIFFERENCE"
"alpha_detail",1,"DML-CV vs DML-BC","DML_CV_VS_BC_EXPECTED_DIFFERENCE",2,NA,NA,NA,NA,NA,52.3727186342768,39.6524001984517,-12.7203184358251,NA,NA,NA,NA,NA,NA,NA,NA,"EXPECTED METHOD DIFFERENCE"
"alpha_detail",1,"DML-CV vs DML-BC","DML_CV_VS_BC_EXPECTED_DIFFERENCE",2.1,NA,NA,NA,NA,NA,54.2968684101632,44.8566877303606,-9.44018067980256,NA,NA,NA,NA,NA,NA,NA,NA,"EXPECTED METHOD DIFFERENCE"
"alpha_detail",1,"DML-CV vs DML-BC","DML_CV_VS_BC_EXPECTED_DIFFERENCE",2.2,NA,NA,NA,NA,NA,56.9957873183115,48.5118131982054,-8.48397412010604,NA,NA,NA,NA,NA,NA,NA,NA,"EXPECTED METHOD DIFFERENCE"
"alpha_detail",1,"DML-CV vs DML-BC","DML_CV_VS_BC_EXPECTED_DIFFERENCE",2.3,NA,NA,NA,NA,NA,58.5439896876503,48.6077654821857,-9.93622420546464,NA,NA,NA,NA,NA,NA,NA,NA,"EXPECTED METHOD DIFFERENCE"
"alpha_detail",1,"DML-CV vs DML-BC","DML_CV_VS_BC_EXPECTED_DIFFERENCE",2.4,NA,NA,NA,NA,NA,56.1479637999982,51.2561164544641,-4.89184734553411,NA,NA,NA,NA,NA,NA,NA,NA,"EXPECTED METHOD DIFFERENCE"
"alpha_detail",1,"DML-CV vs DML-BC","DML_CV_VS_BC_EXPECTED_DIFFERENCE",2.5,NA,NA,NA,NA,NA,59.5834674209758,51.9437798281802,-7.63968759279557,NA,NA,NA,NA,NA,NA,NA,NA,"EXPECTED METHOD DIFFERENCE"
"alpha_detail",1,"DML-CV vs DML-BC","DML_CV_VS_BC_EXPECTED_DIFFERENCE",2.6,NA,NA,NA,NA,NA,61.7989608099756,51.8218254151779,-9.9771353947977,NA,NA,NA,NA,NA,NA,NA,NA,"EXPECTED METHOD DIFFERENCE"
"alpha_detail",1,"DML-CV vs DML-BC","DML_CV_VS_BC_EXPECTED_DIFFERENCE",2.7,NA,NA,NA,NA,NA,66.0135490031784,54.8618346744375,-11.151714328741,NA,NA,NA,NA,NA,NA,NA,NA,"EXPECTED METHOD DIFFERENCE"
"alpha_detail",1,"DML-CV vs DML-BC","DML_CV_VS_BC_EXPECTED_DIFFERENCE",2.8,NA,NA,NA,NA,NA,74.7120110033219,54.2147143262116,-20.4972966771103,NA,NA,NA,NA,NA,NA,NA,NA,"EXPECTED METHOD DIFFERENCE"
"alpha_detail",1,"DML-CV vs DML-BC","DML_CV_VS_BC_EXPECTED_DIFFERENCE",2.9,NA,NA,NA,NA,NA,74.3300246785918,54.8496191150261,-19.4804055635658,NA,NA,NA,NA,NA,NA,NA,NA,"EXPECTED METHOD DIFFERENCE"
"alpha_detail",1,"DML-CV vs DML-BC","DML_CV_VS_BC_EXPECTED_DIFFERENCE",3,NA,NA,NA,NA,NA,69.3503534735146,56.6133967930256,-12.736956680489,NA,NA,NA,NA,NA,NA,NA,NA,"EXPECTED METHOD DIFFERENCE"
"dataset_summary",2,"Oracle-GMM","ORACLE_TABLE2",NA,NA,NA,NA,NA,0,NA,NA,NA,1,1,0.111904160592019,0.111904160592019,TRUE,TRUE,NA,NA,"PASS"
"alpha_detail",2,"Oracle-GMM","ORACLE_TABLE2",-1,NA,NA,NA,NA,NA,64.7821070952868,64.7821070952868,0,NA,NA,NA,NA,NA,NA,NA,NA,"PASS"
"alpha_detail",2,"Oracle-GMM","ORACLE_TABLE2",-0.9,NA,NA,NA,NA,NA,63.5571250828814,63.5571250828814,0,NA,NA,NA,NA,NA,NA,NA,NA,"PASS"
"alpha_detail",2,"Oracle-GMM","ORACLE_TABLE2",-0.8,NA,NA,NA,NA,NA,62.3737673934154,62.3737673934154,0,NA,NA,NA,NA,NA,NA,NA,NA,"PASS"
"alpha_detail",2,"Oracle-GMM","ORACLE_TABLE2",-0.7,NA,NA,NA,NA,NA,59.5850862748267,59.5850862748267,0,NA,NA,NA,NA,NA,NA,NA,NA,"PASS"
"alpha_detail",2,"Oracle-GMM","ORACLE_TABLE2",-0.6,NA,NA,NA,NA,NA,60.7968352751345,60.7968352751345,0,NA,NA,NA,NA,NA,NA,NA,NA,"PASS"
"alpha_detail",2,"Oracle-GMM","ORACLE_TABLE2",-0.5,NA,NA,NA,NA,NA,57.7338139647323,57.7338139647323,0,NA,NA,NA,NA,NA,NA,NA,NA,"PASS"
"alpha_detail",2,"Oracle-GMM","ORACLE_TABLE2",-0.4,NA,NA,NA,NA,NA,54.3565967372176,54.3565967372176,0,NA,NA,NA,NA,NA,NA,NA,NA,"PASS"
"alpha_detail",2,"Oracle-GMM","ORACLE_TABLE2",-0.3,NA,NA,NA,NA,NA,53.0897535291372,53.0897535291372,0,NA,NA,NA,NA,NA,NA,NA,NA,"PASS"
"alpha_detail",2,"Oracle-GMM","ORACLE_TABLE2",-0.2,NA,NA,NA,NA,NA,54.9758317969397,54.9758317969397,0,NA,NA,NA,NA,NA,NA,NA,NA,"PASS"
"alpha_detail",2,"Oracle-GMM","ORACLE_TABLE2",-0.1,NA,NA,NA,NA,NA,51.9840849881934,51.9840849881934,0,NA,NA,NA,NA,NA,NA,NA,NA,"PASS"
"alpha_detail",2,"Oracle-GMM","ORACLE_TABLE2",0,NA,NA,NA,NA,NA,47.4430096447709,47.4430096447709,0,NA,NA,NA,NA,NA,NA,NA,NA,"PASS"
"alpha_detail",2,"Oracle-GMM","ORACLE_TABLE2",0.1,NA,NA,NA,NA,NA,43.5519798247961,43.5519798247961,0,NA,NA,NA,NA,NA,NA,NA,NA,"PASS"
"alpha_detail",2,"Oracle-GMM","ORACLE_TABLE2",0.2,NA,NA,NA,NA,NA,38.7525949381228,38.7525949381228,0,NA,NA,NA,NA,NA,NA,NA,NA,"PASS"
"alpha_detail",2,"Oracle-GMM","ORACLE_TABLE2",0.3,NA,NA,NA,NA,NA,33.4537304813894,33.4537304813894,0,NA,NA,NA,NA,NA,NA,NA,NA,"PASS"
"alpha_detail",2,"Oracle-GMM","ORACLE_TABLE2",0.4,NA,NA,NA,NA,NA,22.4039000818357,22.4039000818357,0,NA,NA,NA,NA,NA,NA,NA,NA,"PASS"
"alpha_detail",2,"Oracle-GMM","ORACLE_TABLE2",0.5,NA,NA,NA,NA,NA,19.8237373405017,19.8237373405017,0,NA,NA,NA,NA,NA,NA,NA,NA,"PASS"
"alpha_detail",2,"Oracle-GMM","ORACLE_TABLE2",0.6,NA,NA,NA,NA,NA,16.8233554097327,16.8233554097327,0,NA,NA,NA,NA,NA,NA,NA,NA,"PASS"
"alpha_detail",2,"Oracle-GMM","ORACLE_TABLE2",0.7,NA,NA,NA,NA,NA,14.0048756378038,14.0048756378038,0,NA,NA,NA,NA,NA,NA,NA,NA,"PASS"
"alpha_detail",2,"Oracle-GMM","ORACLE_TABLE2",0.8,NA,NA,NA,NA,NA,9.00523122973734,9.00523122973734,0,NA,NA,NA,NA,NA,NA,NA,NA,"PASS"
"alpha_detail",2,"Oracle-GMM","ORACLE_TABLE2",0.9,NA,NA,NA,NA,NA,2.63637980560528,2.63637980560528,0,NA,NA,NA,NA,NA,NA,NA,NA,"PASS"
"alpha_detail",2,"Oracle-GMM","ORACLE_TABLE2",1,NA,NA,NA,NA,NA,0.111904160592019,0.111904160592019,0,NA,NA,NA,NA,NA,NA,NA,NA,"PASS"
"alpha_detail",2,"Oracle-GMM","ORACLE_TABLE2",1.1,NA,NA,NA,NA,NA,0.621081822709653,0.621081822709653,0,NA,NA,NA,NA,NA,NA,NA,NA,"PASS"
"alpha_detail",2,"Oracle-GMM","ORACLE_TABLE2",1.2,NA,NA,NA,NA,NA,2.93418204626124,2.93418204626124,0,NA,NA,NA,NA,NA,NA,NA,NA,"PASS"
"alpha_detail",2,"Oracle-GMM","ORACLE_TABLE2",1.3,NA,NA,NA,NA,NA,7.1534842108791,7.1534842108791,0,NA,NA,NA,NA,NA,NA,NA,NA,"PASS"
"alpha_detail",2,"Oracle-GMM","ORACLE_TABLE2",1.4,NA,NA,NA,NA,NA,20.7396226625057,20.7396226625057,0,NA,NA,NA,NA,NA,NA,NA,NA,"PASS"
"alpha_detail",2,"Oracle-GMM","ORACLE_TABLE2",1.5,NA,NA,NA,NA,NA,29.6215851996645,29.6215851996645,0,NA,NA,NA,NA,NA,NA,NA,NA,"PASS"
"alpha_detail",2,"Oracle-GMM","ORACLE_TABLE2",1.6,NA,NA,NA,NA,NA,36.7748330300304,36.7748330300304,0,NA,NA,NA,NA,NA,NA,NA,NA,"PASS"
"alpha_detail",2,"Oracle-GMM","ORACLE_TABLE2",1.7,NA,NA,NA,NA,NA,40.9573863249068,40.9573863249068,0,NA,NA,NA,NA,NA,NA,NA,NA,"PASS"
"alpha_detail",2,"Oracle-GMM","ORACLE_TABLE2",1.8,NA,NA,NA,NA,NA,48.6858081107769,48.6858081107769,0,NA,NA,NA,NA,NA,NA,NA,NA,"PASS"
"alpha_detail",2,"Oracle-GMM","ORACLE_TABLE2",1.9,NA,NA,NA,NA,NA,48.728164721668,48.728164721668,0,NA,NA,NA,NA,NA,NA,NA,NA,"PASS"
"alpha_detail",2,"Oracle-GMM","ORACLE_TABLE2",2,NA,NA,NA,NA,NA,51.4250467824042,51.4250467824042,0,NA,NA,NA,NA,NA,NA,NA,NA,"PASS"
"alpha_detail",2,"Oracle-GMM","ORACLE_TABLE2",2.1,NA,NA,NA,NA,NA,56.5188025715154,56.5188025715154,0,NA,NA,NA,NA,NA,NA,NA,NA,"PASS"
"alpha_detail",2,"Oracle-GMM","ORACLE_TABLE2",2.2,NA,NA,NA,NA,NA,63.0051845606657,63.0051845606657,0,NA,NA,NA,NA,NA,NA,NA,NA,"PASS"
"alpha_detail",2,"Oracle-GMM","ORACLE_TABLE2",2.3,NA,NA,NA,NA,NA,68.9340423235306,68.9340423235306,0,NA,NA,NA,NA,NA,NA,NA,NA,"PASS"
"alpha_detail",2,"Oracle-GMM","ORACLE_TABLE2",2.4,NA,NA,NA,NA,NA,64.4087130751068,64.4087130751068,0,NA,NA,NA,NA,NA,NA,NA,NA,"PASS"
"alpha_detail",2,"Oracle-GMM","ORACLE_TABLE2",2.5,NA,NA,NA,NA,NA,71.9503411181409,71.9503411181409,0,NA,NA,NA,NA,NA,NA,NA,NA,"PASS"
"alpha_detail",2,"Oracle-GMM","ORACLE_TABLE2",2.6,NA,NA,NA,NA,NA,75.7605736213589,75.7605736213589,0,NA,NA,NA,NA,NA,NA,NA,NA,"PASS"
"alpha_detail",2,"Oracle-GMM","ORACLE_TABLE2",2.7,NA,NA,NA,NA,NA,76.0739631029372,76.0739631029372,0,NA,NA,NA,NA,NA,NA,NA,NA,"PASS"
"alpha_detail",2,"Oracle-GMM","ORACLE_TABLE2",2.8,NA,NA,NA,NA,NA,75.220962060141,75.220962060141,0,NA,NA,NA,NA,NA,NA,NA,NA,"PASS"
"alpha_detail",2,"Oracle-GMM","ORACLE_TABLE2",2.9,NA,NA,NA,NA,NA,80.7632898626947,80.7632898626947,0,NA,NA,NA,NA,NA,NA,NA,NA,"PASS"
"alpha_detail",2,"Oracle-GMM","ORACLE_TABLE2",3,NA,NA,NA,NA,NA,79.5524499983158,79.5524499983158,0,NA,NA,NA,NA,NA,NA,NA,NA,"PASS"
"dataset_summary",2,"Full-GMM","FULL_TABLE2",NA,NA,NA,NA,NA,0,NA,NA,NA,1,1,0.312483759022994,0.312483759022994,TRUE,TRUE,NA,NA,"PASS"
"alpha_detail",2,"Full-GMM","FULL_TABLE2",-1,NA,NA,NA,NA,NA,49.1900145794948,49.1900145794948,0,NA,NA,NA,NA,NA,NA,NA,NA,"PASS"
"alpha_detail",2,"Full-GMM","FULL_TABLE2",-0.9,NA,NA,NA,NA,NA,64.625139734071,64.625139734071,0,NA,NA,NA,NA,NA,NA,NA,NA,"PASS"
"alpha_detail",2,"Full-GMM","FULL_TABLE2",-0.8,NA,NA,NA,NA,NA,50.097543725934,50.097543725934,0,NA,NA,NA,NA,NA,NA,NA,NA,"PASS"
"alpha_detail",2,"Full-GMM","FULL_TABLE2",-0.7,NA,NA,NA,NA,NA,64.9805231857344,64.9805231857344,0,NA,NA,NA,NA,NA,NA,NA,NA,"PASS"
"alpha_detail",2,"Full-GMM","FULL_TABLE2",-0.6,NA,NA,NA,NA,NA,47.6834754600775,47.6834754600775,0,NA,NA,NA,NA,NA,NA,NA,NA,"PASS"
"alpha_detail",2,"Full-GMM","FULL_TABLE2",-0.5,NA,NA,NA,NA,NA,53.485396662157,53.485396662157,0,NA,NA,NA,NA,NA,NA,NA,NA,"PASS"
"alpha_detail",2,"Full-GMM","FULL_TABLE2",-0.4,NA,NA,NA,NA,NA,57.6891519890159,57.6891519890159,0,NA,NA,NA,NA,NA,NA,NA,NA,"PASS"
"alpha_detail",2,"Full-GMM","FULL_TABLE2",-0.3,NA,NA,NA,NA,NA,45.6899870204778,45.6899870204778,0,NA,NA,NA,NA,NA,NA,NA,NA,"PASS"
"alpha_detail",2,"Full-GMM","FULL_TABLE2",-0.2,NA,NA,NA,NA,NA,41.5502896984182,41.5502896984182,0,NA,NA,NA,NA,NA,NA,NA,NA,"PASS"
"alpha_detail",2,"Full-GMM","FULL_TABLE2",-0.1,NA,NA,NA,NA,NA,31.7302499253051,31.7302499253051,0,NA,NA,NA,NA,NA,NA,NA,NA,"PASS"
"alpha_detail",2,"Full-GMM","FULL_TABLE2",0,NA,NA,NA,NA,NA,32.8537372639756,32.8537372639756,0,NA,NA,NA,NA,NA,NA,NA,NA,"PASS"
"alpha_detail",2,"Full-GMM","FULL_TABLE2",0.1,NA,NA,NA,NA,NA,31.7687548225139,31.7687548225139,0,NA,NA,NA,NA,NA,NA,NA,NA,"PASS"
"alpha_detail",2,"Full-GMM","FULL_TABLE2",0.2,NA,NA,NA,NA,NA,21.5771779769593,21.5771779769593,0,NA,NA,NA,NA,NA,NA,NA,NA,"PASS"
"alpha_detail",2,"Full-GMM","FULL_TABLE2",0.3,NA,NA,NA,NA,NA,28.047144883058,28.047144883058,0,NA,NA,NA,NA,NA,NA,NA,NA,"PASS"
"alpha_detail",2,"Full-GMM","FULL_TABLE2",0.4,NA,NA,NA,NA,NA,15.9118496794675,15.9118496794675,0,NA,NA,NA,NA,NA,NA,NA,NA,"PASS"
"alpha_detail",2,"Full-GMM","FULL_TABLE2",0.5,NA,NA,NA,NA,NA,14.2616492145295,14.2616492145295,0,NA,NA,NA,NA,NA,NA,NA,NA,"PASS"
"alpha_detail",2,"Full-GMM","FULL_TABLE2",0.6,NA,NA,NA,NA,NA,14.2262922236042,14.2262922236042,0,NA,NA,NA,NA,NA,NA,NA,NA,"PASS"
"alpha_detail",2,"Full-GMM","FULL_TABLE2",0.7,NA,NA,NA,NA,NA,8.5910633045257,8.5910633045257,0,NA,NA,NA,NA,NA,NA,NA,NA,"PASS"
"alpha_detail",2,"Full-GMM","FULL_TABLE2",0.8,NA,NA,NA,NA,NA,1.0738149559181,1.0738149559181,0,NA,NA,NA,NA,NA,NA,NA,NA,"PASS"
"alpha_detail",2,"Full-GMM","FULL_TABLE2",0.9,NA,NA,NA,NA,NA,0.789188585135781,0.789188585135781,0,NA,NA,NA,NA,NA,NA,NA,NA,"PASS"
"alpha_detail",2,"Full-GMM","FULL_TABLE2",1,NA,NA,NA,NA,NA,0.312483759022994,0.312483759022994,0,NA,NA,NA,NA,NA,NA,NA,NA,"PASS"
"alpha_detail",2,"Full-GMM","FULL_TABLE2",1.1,NA,NA,NA,NA,NA,0.408361283016914,0.408361283016914,0,NA,NA,NA,NA,NA,NA,NA,NA,"PASS"
"alpha_detail",2,"Full-GMM","FULL_TABLE2",1.2,NA,NA,NA,NA,NA,2.98051839554625,2.98051839554625,0,NA,NA,NA,NA,NA,NA,NA,NA,"PASS"
"alpha_detail",2,"Full-GMM","FULL_TABLE2",1.3,NA,NA,NA,NA,NA,5.94320755924124,5.94320755924124,0,NA,NA,NA,NA,NA,NA,NA,NA,"PASS"
"alpha_detail",2,"Full-GMM","FULL_TABLE2",1.4,NA,NA,NA,NA,NA,9.18434396253338,9.18434396253338,0,NA,NA,NA,NA,NA,NA,NA,NA,"PASS"
"alpha_detail",2,"Full-GMM","FULL_TABLE2",1.5,NA,NA,NA,NA,NA,13.0493773398462,13.0493773398462,0,NA,NA,NA,NA,NA,NA,NA,NA,"PASS"
"alpha_detail",2,"Full-GMM","FULL_TABLE2",1.6,NA,NA,NA,NA,NA,17.6618815380933,17.6618815380933,0,NA,NA,NA,NA,NA,NA,NA,NA,"PASS"
"alpha_detail",2,"Full-GMM","FULL_TABLE2",1.7,NA,NA,NA,NA,NA,18.4090786495999,18.4090786495999,0,NA,NA,NA,NA,NA,NA,NA,NA,"PASS"
"alpha_detail",2,"Full-GMM","FULL_TABLE2",1.8,NA,NA,NA,NA,NA,23.1587896336802,23.1587896336802,0,NA,NA,NA,NA,NA,NA,NA,NA,"PASS"
"alpha_detail",2,"Full-GMM","FULL_TABLE2",1.9,NA,NA,NA,NA,NA,30.7056196925942,30.7056196925942,0,NA,NA,NA,NA,NA,NA,NA,NA,"PASS"
"alpha_detail",2,"Full-GMM","FULL_TABLE2",2,NA,NA,NA,NA,NA,37.2598835197862,37.2598835197862,0,NA,NA,NA,NA,NA,NA,NA,NA,"PASS"
"alpha_detail",2,"Full-GMM","FULL_TABLE2",2.1,NA,NA,NA,NA,NA,31.7864853132049,31.7864853132049,0,NA,NA,NA,NA,NA,NA,NA,NA,"PASS"
"alpha_detail",2,"Full-GMM","FULL_TABLE2",2.2,NA,NA,NA,NA,NA,34.8825143024213,34.8825143024213,0,NA,NA,NA,NA,NA,NA,NA,NA,"PASS"
"alpha_detail",2,"Full-GMM","FULL_TABLE2",2.3,NA,NA,NA,NA,NA,46.7331980632662,46.7331980632662,0,NA,NA,NA,NA,NA,NA,NA,NA,"PASS"
"alpha_detail",2,"Full-GMM","FULL_TABLE2",2.4,NA,NA,NA,NA,NA,57.4479835700988,57.4479835700988,0,NA,NA,NA,NA,NA,NA,NA,NA,"PASS"
"alpha_detail",2,"Full-GMM","FULL_TABLE2",2.5,NA,NA,NA,NA,NA,53.0041431624194,53.0041431624194,0,NA,NA,NA,NA,NA,NA,NA,NA,"PASS"
"alpha_detail",2,"Full-GMM","FULL_TABLE2",2.6,NA,NA,NA,NA,NA,69.4118731285523,69.4118731285523,0,NA,NA,NA,NA,NA,NA,NA,NA,"PASS"
"alpha_detail",2,"Full-GMM","FULL_TABLE2",2.7,NA,NA,NA,NA,NA,75.589189161872,75.589189161872,0,NA,NA,NA,NA,NA,NA,NA,NA,"PASS"
"alpha_detail",2,"Full-GMM","FULL_TABLE2",2.8,NA,NA,NA,NA,NA,68.3594463606738,68.3594463606738,0,NA,NA,NA,NA,NA,NA,NA,NA,"PASS"
"alpha_detail",2,"Full-GMM","FULL_TABLE2",2.9,NA,NA,NA,NA,NA,64.4056749661237,64.4056749661237,0,NA,NA,NA,NA,NA,NA,NA,NA,"PASS"
"alpha_detail",2,"Full-GMM","FULL_TABLE2",3,NA,NA,NA,NA,NA,72.1600978926186,72.1600978926186,0,NA,NA,NA,NA,NA,NA,NA,NA,"PASS"
"dataset_summary",2,"DML-CV","DML_TABLE2_CV",NA,NA,NA,NA,NA,0,NA,NA,NA,1,1,0.490154519347259,0.490154519347259,TRUE,TRUE,NA,NA,"PASS"
"alpha_detail",2,"DML-CV","DML_TABLE2_CV",-1,NA,NA,NA,NA,NA,69.1060624988907,69.1060624988907,0,NA,NA,NA,NA,NA,NA,0.0328246938109497,NA,"PASS"
"alpha_detail",2,"DML-CV","DML_TABLE2_CV",-0.9,NA,NA,NA,NA,NA,64.6629299259569,64.6629299259569,0,NA,NA,NA,NA,NA,NA,0.0289376244964078,NA,"PASS"
"alpha_detail",2,"DML-CV","DML_TABLE2_CV",-0.8,NA,NA,NA,NA,NA,67.9311777147864,67.9311777147864,0,NA,NA,NA,NA,NA,NA,0.0357647255481025,NA,"PASS"
"alpha_detail",2,"DML-CV","DML_TABLE2_CV",-0.7,NA,NA,NA,NA,NA,63.9696149701969,63.9696149701969,0,NA,NA,NA,NA,NA,NA,0.0351346145413883,NA,"PASS"
"alpha_detail",2,"DML-CV","DML_TABLE2_CV",-0.6,NA,NA,NA,NA,NA,59.823174470093,59.823174470093,0,NA,NA,NA,NA,NA,NA,0.0373377472322977,NA,"PASS"
"alpha_detail",2,"DML-CV","DML_TABLE2_CV",-0.5,NA,NA,NA,NA,NA,56.1347675103268,56.1347675103268,0,NA,NA,NA,NA,NA,NA,0.0276476543757733,NA,"PASS"
"alpha_detail",2,"DML-CV","DML_TABLE2_CV",-0.4,NA,NA,NA,NA,NA,57.0889622590342,57.0889622590342,0,NA,NA,NA,NA,NA,NA,0.0324845742080078,NA,"PASS"
"alpha_detail",2,"DML-CV","DML_TABLE2_CV",-0.3,NA,NA,NA,NA,NA,53.3057074800953,53.3057074800953,0,NA,NA,NA,NA,NA,NA,0.0320794019474202,NA,"PASS"
"alpha_detail",2,"DML-CV","DML_TABLE2_CV",-0.2,NA,NA,NA,NA,NA,49.2721279977762,49.2721279977762,0,NA,NA,NA,NA,NA,NA,0.0306340042387651,NA,"PASS"
"alpha_detail",2,"DML-CV","DML_TABLE2_CV",-0.1,NA,NA,NA,NA,NA,50.8939657579946,50.8939657579946,0,NA,NA,NA,NA,NA,NA,0.0361081399637984,NA,"PASS"
"alpha_detail",2,"DML-CV","DML_TABLE2_CV",0,NA,NA,NA,NA,NA,44.1417325655921,44.1417325655921,0,NA,NA,NA,NA,NA,NA,0.0284125506119549,NA,"PASS"
"alpha_detail",2,"DML-CV","DML_TABLE2_CV",0.1,NA,NA,NA,NA,NA,40.5444935135021,40.5444935135021,0,NA,NA,NA,NA,NA,NA,0.0312812930976661,NA,"PASS"
"alpha_detail",2,"DML-CV","DML_TABLE2_CV",0.2,NA,NA,NA,NA,NA,40.8565199611084,40.8565199611084,0,NA,NA,NA,NA,NA,NA,0.025418132696732,NA,"PASS"
"alpha_detail",2,"DML-CV","DML_TABLE2_CV",0.3,NA,NA,NA,NA,NA,35.9621561784261,35.9621561784261,0,NA,NA,NA,NA,NA,NA,0.0263940790719506,NA,"PASS"
"alpha_detail",2,"DML-CV","DML_TABLE2_CV",0.4,NA,NA,NA,NA,NA,31.9624284698805,31.9624284698805,0,NA,NA,NA,NA,NA,NA,0.025607359367505,NA,"PASS"
"alpha_detail",2,"DML-CV","DML_TABLE2_CV",0.5,NA,NA,NA,NA,NA,27.4024119983995,27.4024119983995,0,NA,NA,NA,NA,NA,NA,0.0229222026040088,NA,"PASS"
"alpha_detail",2,"DML-CV","DML_TABLE2_CV",0.6,NA,NA,NA,NA,NA,14.0937976098116,14.0937976098116,0,NA,NA,NA,NA,NA,NA,0.0360896029238458,NA,"PASS"
"alpha_detail",2,"DML-CV","DML_TABLE2_CV",0.7,NA,NA,NA,NA,NA,12.0336810537277,12.0336810537277,0,NA,NA,NA,NA,NA,NA,0.0337455377669744,NA,"PASS"
"alpha_detail",2,"DML-CV","DML_TABLE2_CV",0.8,NA,NA,NA,NA,NA,6.90817014937192,6.90817014937192,0,NA,NA,NA,NA,NA,NA,0.0318865385383032,NA,"PASS"
"alpha_detail",2,"DML-CV","DML_TABLE2_CV",0.9,NA,NA,NA,NA,NA,2.46925134987708,2.46925134987708,0,NA,NA,NA,NA,NA,NA,0.0298959028416463,NA,"PASS"
"alpha_detail",2,"DML-CV","DML_TABLE2_CV",1,NA,NA,NA,NA,NA,0.490154519347259,0.490154519347259,0,NA,NA,NA,NA,NA,NA,0.0294167393789168,NA,"PASS"
"alpha_detail",2,"DML-CV","DML_TABLE2_CV",1.1,NA,NA,NA,NA,NA,0.582891334353777,0.582891334353777,0,NA,NA,NA,NA,NA,NA,0.033741256423247,NA,"PASS"
"alpha_detail",2,"DML-CV","DML_TABLE2_CV",1.2,NA,NA,NA,NA,NA,2.95928434193263,2.95928434193263,0,NA,NA,NA,NA,NA,NA,0.0247811005680561,NA,"PASS"
"alpha_detail",2,"DML-CV","DML_TABLE2_CV",1.3,NA,NA,NA,NA,NA,5.43506830137006,5.43506830137006,0,NA,NA,NA,NA,NA,NA,0.0284331420137296,NA,"PASS"
"alpha_detail",2,"DML-CV","DML_TABLE2_CV",1.4,NA,NA,NA,NA,NA,8.70962482828287,8.70962482828287,0,NA,NA,NA,NA,NA,NA,0.0308014251477271,NA,"PASS"
"alpha_detail",2,"DML-CV","DML_TABLE2_CV",1.5,NA,NA,NA,NA,NA,16.0799569264368,16.0799569264368,0,NA,NA,NA,NA,NA,NA,0.0314865496217811,NA,"PASS"
"alpha_detail",2,"DML-CV","DML_TABLE2_CV",1.6,NA,NA,NA,NA,NA,19.7258265875838,19.7258265875838,0,NA,NA,NA,NA,NA,NA,0.0380956153710306,NA,"PASS"
"alpha_detail",2,"DML-CV","DML_TABLE2_CV",1.7,NA,NA,NA,NA,NA,22.6130285494546,22.6130285494546,0,NA,NA,NA,NA,NA,NA,0.0429973669976243,NA,"PASS"
"alpha_detail",2,"DML-CV","DML_TABLE2_CV",1.8,NA,NA,NA,NA,NA,31.2301777984618,31.2301777984618,0,NA,NA,NA,NA,NA,NA,0.0370949683823593,NA,"PASS"
"alpha_detail",2,"DML-CV","DML_TABLE2_CV",1.9,NA,NA,NA,NA,NA,35.6938953287148,35.6938953287148,0,NA,NA,NA,NA,NA,NA,0.0410655915926412,NA,"PASS"
"alpha_detail",2,"DML-CV","DML_TABLE2_CV",2,NA,NA,NA,NA,NA,41.2683399340295,41.2683399340295,0,NA,NA,NA,NA,NA,NA,0.0332266122840062,NA,"PASS"
"alpha_detail",2,"DML-CV","DML_TABLE2_CV",2.1,NA,NA,NA,NA,NA,48.785732954454,48.785732954454,0,NA,NA,NA,NA,NA,NA,0.0355503104444375,NA,"PASS"
"alpha_detail",2,"DML-CV","DML_TABLE2_CV",2.2,NA,NA,NA,NA,NA,55.0518260797998,55.0518260797998,0,NA,NA,NA,NA,NA,NA,0.0342017205355266,NA,"PASS"
"alpha_detail",2,"DML-CV","DML_TABLE2_CV",2.3,NA,NA,NA,NA,NA,57.5227867063325,57.5227867063325,0,NA,NA,NA,NA,NA,NA,0.0332591111884896,NA,"PASS"
"alpha_detail",2,"DML-CV","DML_TABLE2_CV",2.4,NA,NA,NA,NA,NA,60.2455719863448,60.2455719863448,0,NA,NA,NA,NA,NA,NA,0.0371922060308916,NA,"PASS"
"alpha_detail",2,"DML-CV","DML_TABLE2_CV",2.5,NA,NA,NA,NA,NA,68.4676968418391,68.4676968418391,0,NA,NA,NA,NA,NA,NA,0.0210859598492905,NA,"PASS"
"alpha_detail",2,"DML-CV","DML_TABLE2_CV",2.6,NA,NA,NA,NA,NA,69.6328090121384,69.6328090121384,0,NA,NA,NA,NA,NA,NA,0.0182796457001274,NA,"PASS"
"alpha_detail",2,"DML-CV","DML_TABLE2_CV",2.7,NA,NA,NA,NA,NA,72.6607702373449,72.6607702373449,0,NA,NA,NA,NA,NA,NA,0.0218057922739083,NA,"PASS"
"alpha_detail",2,"DML-CV","DML_TABLE2_CV",2.8,NA,NA,NA,NA,NA,67.3207175911417,67.3207175911417,0,NA,NA,NA,NA,NA,NA,0.039991401258671,NA,"PASS"
"alpha_detail",2,"DML-CV","DML_TABLE2_CV",2.9,NA,NA,NA,NA,NA,80.3890193390308,80.3890193390308,0,NA,NA,NA,NA,NA,NA,0.0204789819144113,NA,"PASS"
"alpha_detail",2,"DML-CV","DML_TABLE2_CV",3,NA,NA,NA,NA,NA,69.9254284586412,69.9254284586412,0,NA,NA,NA,NA,NA,NA,0.0423247860206666,NA,"PASS"
"dataset_summary",2,"DML-BC","DML_BC_CONDITIONAL",NA,NA,NA,NA,NA,0,NA,NA,NA,0.9,0.9,0.662905674128315,0.662905674128315,TRUE,TRUE,NA,TRUE,"PASS"
"alpha_detail",2,"DML-BC","DML_BC_CONDITIONAL",-1,NA,NA,NA,NA,NA,82.5103168324681,82.5103168324681,0,NA,NA,NA,NA,NA,NA,NA,NA,"PASS"
"alpha_detail",2,"DML-BC","DML_BC_CONDITIONAL",-0.9,NA,NA,NA,NA,NA,75.6279117559298,75.6279117559298,0,NA,NA,NA,NA,NA,NA,NA,NA,"PASS"
"alpha_detail",2,"DML-BC","DML_BC_CONDITIONAL",-0.8,NA,NA,NA,NA,NA,79.9716140744753,79.9716140744753,0,NA,NA,NA,NA,NA,NA,NA,NA,"PASS"
"alpha_detail",2,"DML-BC","DML_BC_CONDITIONAL",-0.7,NA,NA,NA,NA,NA,67.6247326397463,67.6247326397463,0,NA,NA,NA,NA,NA,NA,NA,NA,"PASS"
"alpha_detail",2,"DML-BC","DML_BC_CONDITIONAL",-0.6,NA,NA,NA,NA,NA,67.4349154780163,67.4349154780163,0,NA,NA,NA,NA,NA,NA,NA,NA,"PASS"
"alpha_detail",2,"DML-BC","DML_BC_CONDITIONAL",-0.5,NA,NA,NA,NA,NA,59.9131541291006,59.9131541291006,0,NA,NA,NA,NA,NA,NA,NA,NA,"PASS"
"alpha_detail",2,"DML-BC","DML_BC_CONDITIONAL",-0.4,NA,NA,NA,NA,NA,52.4725629438977,52.4725629438977,0,NA,NA,NA,NA,NA,NA,NA,NA,"PASS"
"alpha_detail",2,"DML-BC","DML_BC_CONDITIONAL",-0.3,NA,NA,NA,NA,NA,47.7596149336217,47.7596149336217,0,NA,NA,NA,NA,NA,NA,NA,NA,"PASS"
"alpha_detail",2,"DML-BC","DML_BC_CONDITIONAL",-0.2,NA,NA,NA,NA,NA,45.5580138566212,45.5580138566212,0,NA,NA,NA,NA,NA,NA,NA,NA,"PASS"
"alpha_detail",2,"DML-BC","DML_BC_CONDITIONAL",-0.1,NA,NA,NA,NA,NA,44.7312181557002,44.7312181557002,0,NA,NA,NA,NA,NA,NA,NA,NA,"PASS"
"alpha_detail",2,"DML-BC","DML_BC_CONDITIONAL",0,NA,NA,NA,NA,NA,43.1783655584928,43.1783655584928,0,NA,NA,NA,NA,NA,NA,NA,NA,"PASS"
"alpha_detail",2,"DML-BC","DML_BC_CONDITIONAL",0.1,NA,NA,NA,NA,NA,41.7345795104704,41.7345795104704,0,NA,NA,NA,NA,NA,NA,NA,NA,"PASS"
"alpha_detail",2,"DML-BC","DML_BC_CONDITIONAL",0.2,NA,NA,NA,NA,NA,35.7510478625015,35.7510478625015,0,NA,NA,NA,NA,NA,NA,NA,NA,"PASS"
"alpha_detail",2,"DML-BC","DML_BC_CONDITIONAL",0.3,NA,NA,NA,NA,NA,30.2745397167153,30.2745397167153,0,NA,NA,NA,NA,NA,NA,NA,NA,"PASS"
"alpha_detail",2,"DML-BC","DML_BC_CONDITIONAL",0.4,NA,NA,NA,NA,NA,21.5057726385007,21.5057726385007,0,NA,NA,NA,NA,NA,NA,NA,NA,"PASS"
"alpha_detail",2,"DML-BC","DML_BC_CONDITIONAL",0.5,NA,NA,NA,NA,NA,20.1568233981373,20.1568233981373,0,NA,NA,NA,NA,NA,NA,NA,NA,"PASS"
"alpha_detail",2,"DML-BC","DML_BC_CONDITIONAL",0.6,NA,NA,NA,NA,NA,17.6214139507325,17.6214139507325,0,NA,NA,NA,NA,NA,NA,NA,NA,"PASS"
"alpha_detail",2,"DML-BC","DML_BC_CONDITIONAL",0.7,NA,NA,NA,NA,NA,9.46576485804547,9.46576485804547,0,NA,NA,NA,NA,NA,NA,NA,NA,"PASS"
"alpha_detail",2,"DML-BC","DML_BC_CONDITIONAL",0.8,NA,NA,NA,NA,NA,2.34244816395375,2.34244816395375,0,NA,NA,NA,NA,NA,NA,NA,NA,"PASS"
"alpha_detail",2,"DML-BC","DML_BC_CONDITIONAL",0.9,NA,NA,NA,NA,NA,0.662905674128315,0.662905674128315,0,NA,NA,NA,NA,NA,NA,NA,NA,"PASS"
"alpha_detail",2,"DML-BC","DML_BC_CONDITIONAL",1,NA,NA,NA,NA,NA,0.810756810871417,0.810756810871417,0,NA,NA,NA,NA,NA,NA,NA,NA,"PASS"
"alpha_detail",2,"DML-BC","DML_BC_CONDITIONAL",1.1,NA,NA,NA,NA,NA,3.74094033827617,3.74094033827617,0,NA,NA,NA,NA,NA,NA,NA,NA,"PASS"
"alpha_detail",2,"DML-BC","DML_BC_CONDITIONAL",1.2,NA,NA,NA,NA,NA,8.69292890715738,8.69292890715738,0,NA,NA,NA,NA,NA,NA,NA,NA,"PASS"
"alpha_detail",2,"DML-BC","DML_BC_CONDITIONAL",1.3,NA,NA,NA,NA,NA,10.5652545591078,10.5652545591078,0,NA,NA,NA,NA,NA,NA,NA,NA,"PASS"
"alpha_detail",2,"DML-BC","DML_BC_CONDITIONAL",1.4,NA,NA,NA,NA,NA,13.8180855382401,13.8180855382401,0,NA,NA,NA,NA,NA,NA,NA,NA,"PASS"
"alpha_detail",2,"DML-BC","DML_BC_CONDITIONAL",1.5,NA,NA,NA,NA,NA,18.1677120317244,18.1677120317244,0,NA,NA,NA,NA,NA,NA,NA,NA,"PASS"
"alpha_detail",2,"DML-BC","DML_BC_CONDITIONAL",1.6,NA,NA,NA,NA,NA,30.2496919418957,30.2496919418957,0,NA,NA,NA,NA,NA,NA,NA,NA,"PASS"
"alpha_detail",2,"DML-BC","DML_BC_CONDITIONAL",1.7,NA,NA,NA,NA,NA,32.7688476986422,32.7688476986422,0,NA,NA,NA,NA,NA,NA,NA,NA,"PASS"
"alpha_detail",2,"DML-BC","DML_BC_CONDITIONAL",1.8,NA,NA,NA,NA,NA,39.6357884426693,39.6357884426693,0,NA,NA,NA,NA,NA,NA,NA,NA,"PASS"
"alpha_detail",2,"DML-BC","DML_BC_CONDITIONAL",1.9,NA,NA,NA,NA,NA,42.6198599437636,42.6198599437636,0,NA,NA,NA,NA,NA,NA,NA,NA,"PASS"
"alpha_detail",2,"DML-BC","DML_BC_CONDITIONAL",2,NA,NA,NA,NA,NA,42.4936300858038,42.4936300858038,0,NA,NA,NA,NA,NA,NA,NA,NA,"PASS"
"alpha_detail",2,"DML-BC","DML_BC_CONDITIONAL",2.1,NA,NA,NA,NA,NA,41.2452832781842,41.2452832781842,0,NA,NA,NA,NA,NA,NA,NA,NA,"PASS"
"alpha_detail",2,"DML-BC","DML_BC_CONDITIONAL",2.2,NA,NA,NA,NA,NA,52.7514502736702,52.7514502736702,0,NA,NA,NA,NA,NA,NA,NA,NA,"PASS"
"alpha_detail",2,"DML-BC","DML_BC_CONDITIONAL",2.3,NA,NA,NA,NA,NA,48.5352733708851,48.5352733708851,0,NA,NA,NA,NA,NA,NA,NA,NA,"PASS"
"alpha_detail",2,"DML-BC","DML_BC_CONDITIONAL",2.4,NA,NA,NA,NA,NA,53.7944982296259,53.7944982296259,0,NA,NA,NA,NA,NA,NA,NA,NA,"PASS"
"alpha_detail",2,"DML-BC","DML_BC_CONDITIONAL",2.5,NA,NA,NA,NA,NA,55.3619713346458,55.3619713346458,0,NA,NA,NA,NA,NA,NA,NA,NA,"PASS"
"alpha_detail",2,"DML-BC","DML_BC_CONDITIONAL",2.6,NA,NA,NA,NA,NA,53.5697797368818,53.5697797368818,0,NA,NA,NA,NA,NA,NA,NA,NA,"PASS"
"alpha_detail",2,"DML-BC","DML_BC_CONDITIONAL",2.7,NA,NA,NA,NA,NA,55.7151908572072,55.7151908572072,0,NA,NA,NA,NA,NA,NA,NA,NA,"PASS"
"alpha_detail",2,"DML-BC","DML_BC_CONDITIONAL",2.8,NA,NA,NA,NA,NA,60.6862677757067,60.6862677757067,0,NA,NA,NA,NA,NA,NA,NA,NA,"PASS"
"alpha_detail",2,"DML-BC","DML_BC_CONDITIONAL",2.9,NA,NA,NA,NA,NA,65.2142607291188,65.2142607291188,0,NA,NA,NA,NA,NA,NA,NA,NA,"PASS"
"alpha_detail",2,"DML-BC","DML_BC_CONDITIONAL",3,NA,NA,NA,NA,NA,62.5786357684315,62.5786357684315,0,NA,NA,NA,NA,NA,NA,NA,NA,"PASS"
"dataset_summary",2,"DML-CV vs DML-BC","DML_CV_VS_BC_EXPECTED_DIFFERENCE",NA,NA,NA,NA,NA,16.9455793801378,NA,NA,NA,1,0.9,0.490154519347259,0.662905674128315,FALSE,FALSE,NA,NA,"EXPECTED METHOD DIFFERENCE"
"alpha_detail",2,"DML-CV vs DML-BC","DML_CV_VS_BC_EXPECTED_DIFFERENCE",-1,NA,NA,NA,NA,NA,69.1060624988907,82.5103168324681,13.4042543335775,NA,NA,NA,NA,NA,NA,NA,NA,"EXPECTED METHOD DIFFERENCE"
"alpha_detail",2,"DML-CV vs DML-BC","DML_CV_VS_BC_EXPECTED_DIFFERENCE",-0.9,NA,NA,NA,NA,NA,64.6629299259569,75.6279117559298,10.9649818299729,NA,NA,NA,NA,NA,NA,NA,NA,"EXPECTED METHOD DIFFERENCE"
"alpha_detail",2,"DML-CV vs DML-BC","DML_CV_VS_BC_EXPECTED_DIFFERENCE",-0.8,NA,NA,NA,NA,NA,67.9311777147864,79.9716140744753,12.0404363596889,NA,NA,NA,NA,NA,NA,NA,NA,"EXPECTED METHOD DIFFERENCE"
"alpha_detail",2,"DML-CV vs DML-BC","DML_CV_VS_BC_EXPECTED_DIFFERENCE",-0.7,NA,NA,NA,NA,NA,63.9696149701969,67.6247326397463,3.65511766954945,NA,NA,NA,NA,NA,NA,NA,NA,"EXPECTED METHOD DIFFERENCE"
"alpha_detail",2,"DML-CV vs DML-BC","DML_CV_VS_BC_EXPECTED_DIFFERENCE",-0.6,NA,NA,NA,NA,NA,59.823174470093,67.4349154780163,7.61174100792334,NA,NA,NA,NA,NA,NA,NA,NA,"EXPECTED METHOD DIFFERENCE"
"alpha_detail",2,"DML-CV vs DML-BC","DML_CV_VS_BC_EXPECTED_DIFFERENCE",-0.5,NA,NA,NA,NA,NA,56.1347675103268,59.9131541291006,3.77838661877384,NA,NA,NA,NA,NA,NA,NA,NA,"EXPECTED METHOD DIFFERENCE"
"alpha_detail",2,"DML-CV vs DML-BC","DML_CV_VS_BC_EXPECTED_DIFFERENCE",-0.4,NA,NA,NA,NA,NA,57.0889622590342,52.4725629438977,-4.61639931513653,NA,NA,NA,NA,NA,NA,NA,NA,"EXPECTED METHOD DIFFERENCE"
"alpha_detail",2,"DML-CV vs DML-BC","DML_CV_VS_BC_EXPECTED_DIFFERENCE",-0.3,NA,NA,NA,NA,NA,53.3057074800953,47.7596149336217,-5.5460925464736,NA,NA,NA,NA,NA,NA,NA,NA,"EXPECTED METHOD DIFFERENCE"
"alpha_detail",2,"DML-CV vs DML-BC","DML_CV_VS_BC_EXPECTED_DIFFERENCE",-0.2,NA,NA,NA,NA,NA,49.2721279977762,45.5580138566212,-3.71411414115503,NA,NA,NA,NA,NA,NA,NA,NA,"EXPECTED METHOD DIFFERENCE"
"alpha_detail",2,"DML-CV vs DML-BC","DML_CV_VS_BC_EXPECTED_DIFFERENCE",-0.1,NA,NA,NA,NA,NA,50.8939657579946,44.7312181557002,-6.16274760229437,NA,NA,NA,NA,NA,NA,NA,NA,"EXPECTED METHOD DIFFERENCE"
"alpha_detail",2,"DML-CV vs DML-BC","DML_CV_VS_BC_EXPECTED_DIFFERENCE",0,NA,NA,NA,NA,NA,44.1417325655921,43.1783655584928,-0.96336700709923,NA,NA,NA,NA,NA,NA,NA,NA,"EXPECTED METHOD DIFFERENCE"
"alpha_detail",2,"DML-CV vs DML-BC","DML_CV_VS_BC_EXPECTED_DIFFERENCE",0.1,NA,NA,NA,NA,NA,40.5444935135021,41.7345795104704,1.19008599696835,NA,NA,NA,NA,NA,NA,NA,NA,"EXPECTED METHOD DIFFERENCE"
"alpha_detail",2,"DML-CV vs DML-BC","DML_CV_VS_BC_EXPECTED_DIFFERENCE",0.2,NA,NA,NA,NA,NA,40.8565199611084,35.7510478625015,-5.10547209860683,NA,NA,NA,NA,NA,NA,NA,NA,"EXPECTED METHOD DIFFERENCE"
"alpha_detail",2,"DML-CV vs DML-BC","DML_CV_VS_BC_EXPECTED_DIFFERENCE",0.3,NA,NA,NA,NA,NA,35.9621561784261,30.2745397167153,-5.68761646171081,NA,NA,NA,NA,NA,NA,NA,NA,"EXPECTED METHOD DIFFERENCE"
"alpha_detail",2,"DML-CV vs DML-BC","DML_CV_VS_BC_EXPECTED_DIFFERENCE",0.4,NA,NA,NA,NA,NA,31.9624284698805,21.5057726385007,-10.4566558313797,NA,NA,NA,NA,NA,NA,NA,NA,"EXPECTED METHOD DIFFERENCE"
"alpha_detail",2,"DML-CV vs DML-BC","DML_CV_VS_BC_EXPECTED_DIFFERENCE",0.5,NA,NA,NA,NA,NA,27.4024119983995,20.1568233981373,-7.24558860026221,NA,NA,NA,NA,NA,NA,NA,NA,"EXPECTED METHOD DIFFERENCE"
"alpha_detail",2,"DML-CV vs DML-BC","DML_CV_VS_BC_EXPECTED_DIFFERENCE",0.6,NA,NA,NA,NA,NA,14.0937976098116,17.6214139507325,3.52761634092084,NA,NA,NA,NA,NA,NA,NA,NA,"EXPECTED METHOD DIFFERENCE"
"alpha_detail",2,"DML-CV vs DML-BC","DML_CV_VS_BC_EXPECTED_DIFFERENCE",0.7,NA,NA,NA,NA,NA,12.0336810537277,9.46576485804547,-2.56791619568226,NA,NA,NA,NA,NA,NA,NA,NA,"EXPECTED METHOD DIFFERENCE"
"alpha_detail",2,"DML-CV vs DML-BC","DML_CV_VS_BC_EXPECTED_DIFFERENCE",0.8,NA,NA,NA,NA,NA,6.90817014937192,2.34244816395375,-4.56572198541817,NA,NA,NA,NA,NA,NA,NA,NA,"EXPECTED METHOD DIFFERENCE"
"alpha_detail",2,"DML-CV vs DML-BC","DML_CV_VS_BC_EXPECTED_DIFFERENCE",0.9,NA,NA,NA,NA,NA,2.46925134987708,0.662905674128315,-1.80634567574877,NA,NA,NA,NA,NA,NA,NA,NA,"EXPECTED METHOD DIFFERENCE"
"alpha_detail",2,"DML-CV vs DML-BC","DML_CV_VS_BC_EXPECTED_DIFFERENCE",1,NA,NA,NA,NA,NA,0.490154519347259,0.810756810871417,0.320602291524158,NA,NA,NA,NA,NA,NA,NA,NA,"EXPECTED METHOD DIFFERENCE"
"alpha_detail",2,"DML-CV vs DML-BC","DML_CV_VS_BC_EXPECTED_DIFFERENCE",1.1,NA,NA,NA,NA,NA,0.582891334353777,3.74094033827617,3.15804900392239,NA,NA,NA,NA,NA,NA,NA,NA,"EXPECTED METHOD DIFFERENCE"
"alpha_detail",2,"DML-CV vs DML-BC","DML_CV_VS_BC_EXPECTED_DIFFERENCE",1.2,NA,NA,NA,NA,NA,2.95928434193263,8.69292890715738,5.73364456522475,NA,NA,NA,NA,NA,NA,NA,NA,"EXPECTED METHOD DIFFERENCE"
"alpha_detail",2,"DML-CV vs DML-BC","DML_CV_VS_BC_EXPECTED_DIFFERENCE",1.3,NA,NA,NA,NA,NA,5.43506830137006,10.5652545591078,5.13018625773771,NA,NA,NA,NA,NA,NA,NA,NA,"EXPECTED METHOD DIFFERENCE"
"alpha_detail",2,"DML-CV vs DML-BC","DML_CV_VS_BC_EXPECTED_DIFFERENCE",1.4,NA,NA,NA,NA,NA,8.70962482828287,13.8180855382401,5.10846070995724,NA,NA,NA,NA,NA,NA,NA,NA,"EXPECTED METHOD DIFFERENCE"
"alpha_detail",2,"DML-CV vs DML-BC","DML_CV_VS_BC_EXPECTED_DIFFERENCE",1.5,NA,NA,NA,NA,NA,16.0799569264368,18.1677120317244,2.08775510528757,NA,NA,NA,NA,NA,NA,NA,NA,"EXPECTED METHOD DIFFERENCE"
"alpha_detail",2,"DML-CV vs DML-BC","DML_CV_VS_BC_EXPECTED_DIFFERENCE",1.6,NA,NA,NA,NA,NA,19.7258265875838,30.2496919418957,10.523865354312,NA,NA,NA,NA,NA,NA,NA,NA,"EXPECTED METHOD DIFFERENCE"
"alpha_detail",2,"DML-CV vs DML-BC","DML_CV_VS_BC_EXPECTED_DIFFERENCE",1.7,NA,NA,NA,NA,NA,22.6130285494546,32.7688476986422,10.1558191491876,NA,NA,NA,NA,NA,NA,NA,NA,"EXPECTED METHOD DIFFERENCE"
"alpha_detail",2,"DML-CV vs DML-BC","DML_CV_VS_BC_EXPECTED_DIFFERENCE",1.8,NA,NA,NA,NA,NA,31.2301777984618,39.6357884426693,8.4056106442075,NA,NA,NA,NA,NA,NA,NA,NA,"EXPECTED METHOD DIFFERENCE"
"alpha_detail",2,"DML-CV vs DML-BC","DML_CV_VS_BC_EXPECTED_DIFFERENCE",1.9,NA,NA,NA,NA,NA,35.6938953287148,42.6198599437636,6.92596461504884,NA,NA,NA,NA,NA,NA,NA,NA,"EXPECTED METHOD DIFFERENCE"
"alpha_detail",2,"DML-CV vs DML-BC","DML_CV_VS_BC_EXPECTED_DIFFERENCE",2,NA,NA,NA,NA,NA,41.2683399340295,42.4936300858038,1.2252901517743,NA,NA,NA,NA,NA,NA,NA,NA,"EXPECTED METHOD DIFFERENCE"
"alpha_detail",2,"DML-CV vs DML-BC","DML_CV_VS_BC_EXPECTED_DIFFERENCE",2.1,NA,NA,NA,NA,NA,48.785732954454,41.2452832781842,-7.54044967626979,NA,NA,NA,NA,NA,NA,NA,NA,"EXPECTED METHOD DIFFERENCE"
"alpha_detail",2,"DML-CV vs DML-BC","DML_CV_VS_BC_EXPECTED_DIFFERENCE",2.2,NA,NA,NA,NA,NA,55.0518260797998,52.7514502736702,-2.30037580612954,NA,NA,NA,NA,NA,NA,NA,NA,"EXPECTED METHOD DIFFERENCE"
"alpha_detail",2,"DML-CV vs DML-BC","DML_CV_VS_BC_EXPECTED_DIFFERENCE",2.3,NA,NA,NA,NA,NA,57.5227867063325,48.5352733708851,-8.98751333544745,NA,NA,NA,NA,NA,NA,NA,NA,"EXPECTED METHOD DIFFERENCE"
"alpha_detail",2,"DML-CV vs DML-BC","DML_CV_VS_BC_EXPECTED_DIFFERENCE",2.4,NA,NA,NA,NA,NA,60.2455719863448,53.7944982296259,-6.45107375671883,NA,NA,NA,NA,NA,NA,NA,NA,"EXPECTED METHOD DIFFERENCE"
"alpha_detail",2,"DML-CV vs DML-BC","DML_CV_VS_BC_EXPECTED_DIFFERENCE",2.5,NA,NA,NA,NA,NA,68.4676968418391,55.3619713346458,-13.1057255071934,NA,NA,NA,NA,NA,NA,NA,NA,"EXPECTED METHOD DIFFERENCE"
"alpha_detail",2,"DML-CV vs DML-BC","DML_CV_VS_BC_EXPECTED_DIFFERENCE",2.6,NA,NA,NA,NA,NA,69.6328090121384,53.5697797368818,-16.0630292752567,NA,NA,NA,NA,NA,NA,NA,NA,"EXPECTED METHOD DIFFERENCE"
"alpha_detail",2,"DML-CV vs DML-BC","DML_CV_VS_BC_EXPECTED_DIFFERENCE",2.7,NA,NA,NA,NA,NA,72.6607702373449,55.7151908572072,-16.9455793801378,NA,NA,NA,NA,NA,NA,NA,NA,"EXPECTED METHOD DIFFERENCE"
"alpha_detail",2,"DML-CV vs DML-BC","DML_CV_VS_BC_EXPECTED_DIFFERENCE",2.8,NA,NA,NA,NA,NA,67.3207175911417,60.6862677757067,-6.63444981543502,NA,NA,NA,NA,NA,NA,NA,NA,"EXPECTED METHOD DIFFERENCE"
"alpha_detail",2,"DML-CV vs DML-BC","DML_CV_VS_BC_EXPECTED_DIFFERENCE",2.9,NA,NA,NA,NA,NA,80.3890193390308,65.2142607291188,-15.174758609912,NA,NA,NA,NA,NA,NA,NA,NA,"EXPECTED METHOD DIFFERENCE"
"alpha_detail",2,"DML-CV vs DML-BC","DML_CV_VS_BC_EXPECTED_DIFFERENCE",3,NA,NA,NA,NA,NA,69.9254284586412,62.5786357684315,-7.34679269020968,NA,NA,NA,NA,NA,NA,NA,NA,"EXPECTED METHOD DIFFERENCE"
"dataset_summary",3,"Oracle-GMM","ORACLE_TABLE2",NA,NA,NA,NA,NA,0,NA,NA,NA,0.9,0.9,3.83412270215019,3.83412270215019,TRUE,TRUE,NA,NA,"PASS"
"alpha_detail",3,"Oracle-GMM","ORACLE_TABLE2",-1,NA,NA,NA,NA,NA,54.7457206370155,54.7457206370155,0,NA,NA,NA,NA,NA,NA,NA,NA,"PASS"
"alpha_detail",3,"Oracle-GMM","ORACLE_TABLE2",-0.9,NA,NA,NA,NA,NA,57.1496306146184,57.1496306146184,0,NA,NA,NA,NA,NA,NA,NA,NA,"PASS"
"alpha_detail",3,"Oracle-GMM","ORACLE_TABLE2",-0.8,NA,NA,NA,NA,NA,54.680205389822,54.680205389822,0,NA,NA,NA,NA,NA,NA,NA,NA,"PASS"
"alpha_detail",3,"Oracle-GMM","ORACLE_TABLE2",-0.7,NA,NA,NA,NA,NA,49.3814711323654,49.3814711323654,0,NA,NA,NA,NA,NA,NA,NA,NA,"PASS"
"alpha_detail",3,"Oracle-GMM","ORACLE_TABLE2",-0.6,NA,NA,NA,NA,NA,49.7822682969303,49.7822682969303,0,NA,NA,NA,NA,NA,NA,NA,NA,"PASS"
"alpha_detail",3,"Oracle-GMM","ORACLE_TABLE2",-0.5,NA,NA,NA,NA,NA,43.8522738181536,43.8522738181536,0,NA,NA,NA,NA,NA,NA,NA,NA,"PASS"
"alpha_detail",3,"Oracle-GMM","ORACLE_TABLE2",-0.4,NA,NA,NA,NA,NA,36.5413478001888,36.5413478001888,0,NA,NA,NA,NA,NA,NA,NA,NA,"PASS"
"alpha_detail",3,"Oracle-GMM","ORACLE_TABLE2",-0.3,NA,NA,NA,NA,NA,35.7243542039679,35.7243542039679,0,NA,NA,NA,NA,NA,NA,NA,NA,"PASS"
"alpha_detail",3,"Oracle-GMM","ORACLE_TABLE2",-0.2,NA,NA,NA,NA,NA,27.0155352195453,27.0155352195453,0,NA,NA,NA,NA,NA,NA,NA,NA,"PASS"
"alpha_detail",3,"Oracle-GMM","ORACLE_TABLE2",-0.1,NA,NA,NA,NA,NA,28.3278012049908,28.3278012049908,0,NA,NA,NA,NA,NA,NA,NA,NA,"PASS"
"alpha_detail",3,"Oracle-GMM","ORACLE_TABLE2",0,NA,NA,NA,NA,NA,26.611719598613,26.611719598613,0,NA,NA,NA,NA,NA,NA,NA,NA,"PASS"
"alpha_detail",3,"Oracle-GMM","ORACLE_TABLE2",0.1,NA,NA,NA,NA,NA,26.2244175973032,26.2244175973032,0,NA,NA,NA,NA,NA,NA,NA,NA,"PASS"
"alpha_detail",3,"Oracle-GMM","ORACLE_TABLE2",0.2,NA,NA,NA,NA,NA,18.5120238818339,18.5120238818339,0,NA,NA,NA,NA,NA,NA,NA,NA,"PASS"
"alpha_detail",3,"Oracle-GMM","ORACLE_TABLE2",0.3,NA,NA,NA,NA,NA,12.1237136461302,12.1237136461302,0,NA,NA,NA,NA,NA,NA,NA,NA,"PASS"
"alpha_detail",3,"Oracle-GMM","ORACLE_TABLE2",0.4,NA,NA,NA,NA,NA,10.3114019474025,10.3114019474025,0,NA,NA,NA,NA,NA,NA,NA,NA,"PASS"
"alpha_detail",3,"Oracle-GMM","ORACLE_TABLE2",0.5,NA,NA,NA,NA,NA,11.0872086663894,11.0872086663894,0,NA,NA,NA,NA,NA,NA,NA,NA,"PASS"
"alpha_detail",3,"Oracle-GMM","ORACLE_TABLE2",0.6,NA,NA,NA,NA,NA,8.55779627104013,8.55779627104013,0,NA,NA,NA,NA,NA,NA,NA,NA,"PASS"
"alpha_detail",3,"Oracle-GMM","ORACLE_TABLE2",0.7,NA,NA,NA,NA,NA,9.61835928446946,9.61835928446946,0,NA,NA,NA,NA,NA,NA,NA,NA,"PASS"
"alpha_detail",3,"Oracle-GMM","ORACLE_TABLE2",0.8,NA,NA,NA,NA,NA,5.24580009522096,5.24580009522096,0,NA,NA,NA,NA,NA,NA,NA,NA,"PASS"
"alpha_detail",3,"Oracle-GMM","ORACLE_TABLE2",0.9,NA,NA,NA,NA,NA,3.83412270215019,3.83412270215019,0,NA,NA,NA,NA,NA,NA,NA,NA,"PASS"
"alpha_detail",3,"Oracle-GMM","ORACLE_TABLE2",1,NA,NA,NA,NA,NA,3.99713535261369,3.99713535261369,0,NA,NA,NA,NA,NA,NA,NA,NA,"PASS"
"alpha_detail",3,"Oracle-GMM","ORACLE_TABLE2",1.1,NA,NA,NA,NA,NA,12.4173971875452,12.4173971875452,0,NA,NA,NA,NA,NA,NA,NA,NA,"PASS"
"alpha_detail",3,"Oracle-GMM","ORACLE_TABLE2",1.2,NA,NA,NA,NA,NA,21.3182374275381,21.3182374275381,0,NA,NA,NA,NA,NA,NA,NA,NA,"PASS"
"alpha_detail",3,"Oracle-GMM","ORACLE_TABLE2",1.3,NA,NA,NA,NA,NA,20.833487605277,20.833487605277,0,NA,NA,NA,NA,NA,NA,NA,NA,"PASS"
"alpha_detail",3,"Oracle-GMM","ORACLE_TABLE2",1.4,NA,NA,NA,NA,NA,31.272131039708,31.272131039708,0,NA,NA,NA,NA,NA,NA,NA,NA,"PASS"
"alpha_detail",3,"Oracle-GMM","ORACLE_TABLE2",1.5,NA,NA,NA,NA,NA,44.8988195454612,44.8988195454612,0,NA,NA,NA,NA,NA,NA,NA,NA,"PASS"
"alpha_detail",3,"Oracle-GMM","ORACLE_TABLE2",1.6,NA,NA,NA,NA,NA,49.2048777038567,49.2048777038567,0,NA,NA,NA,NA,NA,NA,NA,NA,"PASS"
"alpha_detail",3,"Oracle-GMM","ORACLE_TABLE2",1.7,NA,NA,NA,NA,NA,60.3949889210625,60.3949889210625,0,NA,NA,NA,NA,NA,NA,NA,NA,"PASS"
"alpha_detail",3,"Oracle-GMM","ORACLE_TABLE2",1.8,NA,NA,NA,NA,NA,62.1277431018283,62.1277431018283,0,NA,NA,NA,NA,NA,NA,NA,NA,"PASS"
"alpha_detail",3,"Oracle-GMM","ORACLE_TABLE2",1.9,NA,NA,NA,NA,NA,71.6846627645663,71.6846627645663,0,NA,NA,NA,NA,NA,NA,NA,NA,"PASS"
"alpha_detail",3,"Oracle-GMM","ORACLE_TABLE2",2,NA,NA,NA,NA,NA,72.2433353486157,72.2433353486157,0,NA,NA,NA,NA,NA,NA,NA,NA,"PASS"
"alpha_detail",3,"Oracle-GMM","ORACLE_TABLE2",2.1,NA,NA,NA,NA,NA,74.7743810636108,74.7743810636108,0,NA,NA,NA,NA,NA,NA,NA,NA,"PASS"
"alpha_detail",3,"Oracle-GMM","ORACLE_TABLE2",2.2,NA,NA,NA,NA,NA,79.9103602343098,79.9103602343098,0,NA,NA,NA,NA,NA,NA,NA,NA,"PASS"
"alpha_detail",3,"Oracle-GMM","ORACLE_TABLE2",2.3,NA,NA,NA,NA,NA,81.3048351942368,81.3048351942368,0,NA,NA,NA,NA,NA,NA,NA,NA,"PASS"
"alpha_detail",3,"Oracle-GMM","ORACLE_TABLE2",2.4,NA,NA,NA,NA,NA,88.9861384704424,88.9861384704424,0,NA,NA,NA,NA,NA,NA,NA,NA,"PASS"
"alpha_detail",3,"Oracle-GMM","ORACLE_TABLE2",2.5,NA,NA,NA,NA,NA,93.1057030630162,93.1057030630162,0,NA,NA,NA,NA,NA,NA,NA,NA,"PASS"
"alpha_detail",3,"Oracle-GMM","ORACLE_TABLE2",2.6,NA,NA,NA,NA,NA,85.4835137674477,85.4835137674477,0,NA,NA,NA,NA,NA,NA,NA,NA,"PASS"
"alpha_detail",3,"Oracle-GMM","ORACLE_TABLE2",2.7,NA,NA,NA,NA,NA,91.2053133847506,91.2053133847506,0,NA,NA,NA,NA,NA,NA,NA,NA,"PASS"
"alpha_detail",3,"Oracle-GMM","ORACLE_TABLE2",2.8,NA,NA,NA,NA,NA,93.6706293819821,93.6706293819821,0,NA,NA,NA,NA,NA,NA,NA,NA,"PASS"
"alpha_detail",3,"Oracle-GMM","ORACLE_TABLE2",2.9,NA,NA,NA,NA,NA,89.8522561166569,89.8522561166569,0,NA,NA,NA,NA,NA,NA,NA,NA,"PASS"
"alpha_detail",3,"Oracle-GMM","ORACLE_TABLE2",3,NA,NA,NA,NA,NA,96.1342964704419,96.1342964704419,0,NA,NA,NA,NA,NA,NA,NA,NA,"PASS"
"dataset_summary",3,"Full-GMM","FULL_TABLE2",NA,NA,NA,NA,NA,0,NA,NA,NA,0.9,0.9,0.033837405811465,0.033837405811465,TRUE,TRUE,NA,NA,"PASS"
"alpha_detail",3,"Full-GMM","FULL_TABLE2",-1,NA,NA,NA,NA,NA,37.8241034728554,37.8241034728554,0,NA,NA,NA,NA,NA,NA,NA,NA,"PASS"
"alpha_detail",3,"Full-GMM","FULL_TABLE2",-0.9,NA,NA,NA,NA,NA,46.6738225051317,46.6738225051317,0,NA,NA,NA,NA,NA,NA,NA,NA,"PASS"
"alpha_detail",3,"Full-GMM","FULL_TABLE2",-0.8,NA,NA,NA,NA,NA,38.0031874687694,38.0031874687694,0,NA,NA,NA,NA,NA,NA,NA,NA,"PASS"
"alpha_detail",3,"Full-GMM","FULL_TABLE2",-0.7,NA,NA,NA,NA,NA,38.6907721987619,38.6907721987619,0,NA,NA,NA,NA,NA,NA,NA,NA,"PASS"
"alpha_detail",3,"Full-GMM","FULL_TABLE2",-0.6,NA,NA,NA,NA,NA,41.3970421694653,41.3970421694653,0,NA,NA,NA,NA,NA,NA,NA,NA,"PASS"
"alpha_detail",3,"Full-GMM","FULL_TABLE2",-0.5,NA,NA,NA,NA,NA,45.0258395793705,45.0258395793705,0,NA,NA,NA,NA,NA,NA,NA,NA,"PASS"
"alpha_detail",3,"Full-GMM","FULL_TABLE2",-0.4,NA,NA,NA,NA,NA,33.2364007649967,33.2364007649967,0,NA,NA,NA,NA,NA,NA,NA,NA,"PASS"
"alpha_detail",3,"Full-GMM","FULL_TABLE2",-0.3,NA,NA,NA,NA,NA,32.9142557831263,32.9142557831263,0,NA,NA,NA,NA,NA,NA,NA,NA,"PASS"
"alpha_detail",3,"Full-GMM","FULL_TABLE2",-0.2,NA,NA,NA,NA,NA,23.7632316346039,23.7632316346039,0,NA,NA,NA,NA,NA,NA,NA,NA,"PASS"
"alpha_detail",3,"Full-GMM","FULL_TABLE2",-0.1,NA,NA,NA,NA,NA,22.9467548167177,22.9467548167177,0,NA,NA,NA,NA,NA,NA,NA,NA,"PASS"
"alpha_detail",3,"Full-GMM","FULL_TABLE2",0,NA,NA,NA,NA,NA,25.5886011071198,25.5886011071198,0,NA,NA,NA,NA,NA,NA,NA,NA,"PASS"
"alpha_detail",3,"Full-GMM","FULL_TABLE2",0.1,NA,NA,NA,NA,NA,18.5336600702716,18.5336600702716,0,NA,NA,NA,NA,NA,NA,NA,NA,"PASS"
"alpha_detail",3,"Full-GMM","FULL_TABLE2",0.2,NA,NA,NA,NA,NA,15.5245455274865,15.5245455274865,0,NA,NA,NA,NA,NA,NA,NA,NA,"PASS"
"alpha_detail",3,"Full-GMM","FULL_TABLE2",0.3,NA,NA,NA,NA,NA,16.0150892269022,16.0150892269022,0,NA,NA,NA,NA,NA,NA,NA,NA,"PASS"
"alpha_detail",3,"Full-GMM","FULL_TABLE2",0.4,NA,NA,NA,NA,NA,17.9872132267431,17.9872132267431,0,NA,NA,NA,NA,NA,NA,NA,NA,"PASS"
"alpha_detail",3,"Full-GMM","FULL_TABLE2",0.5,NA,NA,NA,NA,NA,5.36637096730523,5.36637096730523,0,NA,NA,NA,NA,NA,NA,NA,NA,"PASS"
"alpha_detail",3,"Full-GMM","FULL_TABLE2",0.6,NA,NA,NA,NA,NA,3.07416375271953,3.07416375271953,0,NA,NA,NA,NA,NA,NA,NA,NA,"PASS"
"alpha_detail",3,"Full-GMM","FULL_TABLE2",0.7,NA,NA,NA,NA,NA,2.45316347164237,2.45316347164237,0,NA,NA,NA,NA,NA,NA,NA,NA,"PASS"
"alpha_detail",3,"Full-GMM","FULL_TABLE2",0.8,NA,NA,NA,NA,NA,0.136235548678871,0.136235548678871,0,NA,NA,NA,NA,NA,NA,NA,NA,"PASS"
"alpha_detail",3,"Full-GMM","FULL_TABLE2",0.9,NA,NA,NA,NA,NA,0.033837405811465,0.033837405811465,0,NA,NA,NA,NA,NA,NA,NA,NA,"PASS"
"alpha_detail",3,"Full-GMM","FULL_TABLE2",1,NA,NA,NA,NA,NA,1.16372895342712,1.16372895342712,0,NA,NA,NA,NA,NA,NA,NA,NA,"PASS"
"alpha_detail",3,"Full-GMM","FULL_TABLE2",1.1,NA,NA,NA,NA,NA,3.46612725809321,3.46612725809321,0,NA,NA,NA,NA,NA,NA,NA,NA,"PASS"
"alpha_detail",3,"Full-GMM","FULL_TABLE2",1.2,NA,NA,NA,NA,NA,7.89406447369457,7.89406447369457,0,NA,NA,NA,NA,NA,NA,NA,NA,"PASS"
"alpha_detail",3,"Full-GMM","FULL_TABLE2",1.3,NA,NA,NA,NA,NA,12.8291995718521,12.8291995718521,0,NA,NA,NA,NA,NA,NA,NA,NA,"PASS"
"alpha_detail",3,"Full-GMM","FULL_TABLE2",1.4,NA,NA,NA,NA,NA,26.4171402120154,26.4171402120154,0,NA,NA,NA,NA,NA,NA,NA,NA,"PASS"
"alpha_detail",3,"Full-GMM","FULL_TABLE2",1.5,NA,NA,NA,NA,NA,26.7898317376029,26.7898317376029,0,NA,NA,NA,NA,NA,NA,NA,NA,"PASS"
"alpha_detail",3,"Full-GMM","FULL_TABLE2",1.6,NA,NA,NA,NA,NA,37.7064306343788,37.7064306343788,0,NA,NA,NA,NA,NA,NA,NA,NA,"PASS"
"alpha_detail",3,"Full-GMM","FULL_TABLE2",1.7,NA,NA,NA,NA,NA,43.0514055473981,43.0514055473981,0,NA,NA,NA,NA,NA,NA,NA,NA,"PASS"
"alpha_detail",3,"Full-GMM","FULL_TABLE2",1.8,NA,NA,NA,NA,NA,35.4046722205594,35.4046722205594,0,NA,NA,NA,NA,NA,NA,NA,NA,"PASS"
"alpha_detail",3,"Full-GMM","FULL_TABLE2",1.9,NA,NA,NA,NA,NA,55.1520783594545,55.1520783594545,0,NA,NA,NA,NA,NA,NA,NA,NA,"PASS"
"alpha_detail",3,"Full-GMM","FULL_TABLE2",2,NA,NA,NA,NA,NA,45.8575527595039,45.8575527595039,0,NA,NA,NA,NA,NA,NA,NA,NA,"PASS"
"alpha_detail",3,"Full-GMM","FULL_TABLE2",2.1,NA,NA,NA,NA,NA,47.3173531699474,47.3173531699474,0,NA,NA,NA,NA,NA,NA,NA,NA,"PASS"
"alpha_detail",3,"Full-GMM","FULL_TABLE2",2.2,NA,NA,NA,NA,NA,63.7131432451002,63.7131432451002,0,NA,NA,NA,NA,NA,NA,NA,NA,"PASS"
"alpha_detail",3,"Full-GMM","FULL_TABLE2",2.3,NA,NA,NA,NA,NA,49.6022943602282,49.6022943602282,0,NA,NA,NA,NA,NA,NA,NA,NA,"PASS"
"alpha_detail",3,"Full-GMM","FULL_TABLE2",2.4,NA,NA,NA,NA,NA,54.87945831778,54.87945831778,0,NA,NA,NA,NA,NA,NA,NA,NA,"PASS"
"alpha_detail",3,"Full-GMM","FULL_TABLE2",2.5,NA,NA,NA,NA,NA,56.8542390022925,56.8542390022925,0,NA,NA,NA,NA,NA,NA,NA,NA,"PASS"
"alpha_detail",3,"Full-GMM","FULL_TABLE2",2.6,NA,NA,NA,NA,NA,62.1753944654274,62.1753944654274,0,NA,NA,NA,NA,NA,NA,NA,NA,"PASS"
"alpha_detail",3,"Full-GMM","FULL_TABLE2",2.7,NA,NA,NA,NA,NA,62.3505987343629,62.3505987343629,0,NA,NA,NA,NA,NA,NA,NA,NA,"PASS"
"alpha_detail",3,"Full-GMM","FULL_TABLE2",2.8,NA,NA,NA,NA,NA,68.2468782681042,68.2468782681042,0,NA,NA,NA,NA,NA,NA,NA,NA,"PASS"
"alpha_detail",3,"Full-GMM","FULL_TABLE2",2.9,NA,NA,NA,NA,NA,73.6921199913948,73.6921199913948,0,NA,NA,NA,NA,NA,NA,NA,NA,"PASS"
"alpha_detail",3,"Full-GMM","FULL_TABLE2",3,NA,NA,NA,NA,NA,70.2287716992452,70.2287716992452,0,NA,NA,NA,NA,NA,NA,NA,NA,"PASS"
"dataset_summary",3,"DML-CV","DML_TABLE2_CV",NA,NA,NA,NA,NA,0,NA,NA,NA,0.8,0.8,2.19986825578648,2.19986825578648,TRUE,TRUE,NA,NA,"PASS"
"alpha_detail",3,"DML-CV","DML_TABLE2_CV",-1,NA,NA,NA,NA,NA,60.7056631179437,60.7056631179437,0,NA,NA,NA,NA,NA,NA,0.0283740815206672,NA,"PASS"
"alpha_detail",3,"DML-CV","DML_TABLE2_CV",-0.9,NA,NA,NA,NA,NA,56.254624718925,56.254624718925,0,NA,NA,NA,NA,NA,NA,0.0395002419143159,NA,"PASS"
"alpha_detail",3,"DML-CV","DML_TABLE2_CV",-0.8,NA,NA,NA,NA,NA,53.6325991153774,53.6325991153774,0,NA,NA,NA,NA,NA,NA,0.0274314693917809,NA,"PASS"
"alpha_detail",3,"DML-CV","DML_TABLE2_CV",-0.7,NA,NA,NA,NA,NA,53.4665773520928,53.4665773520928,0,NA,NA,NA,NA,NA,NA,0.0310136606835039,NA,"PASS"
"alpha_detail",3,"DML-CV","DML_TABLE2_CV",-0.6,NA,NA,NA,NA,NA,45.403967108225,45.403967108225,0,NA,NA,NA,NA,NA,NA,0.0408346895031706,NA,"PASS"
"alpha_detail",3,"DML-CV","DML_TABLE2_CV",-0.5,NA,NA,NA,NA,NA,54.3972377163556,54.3972377163556,0,NA,NA,NA,NA,NA,NA,0.0320479117187749,NA,"PASS"
"alpha_detail",3,"DML-CV","DML_TABLE2_CV",-0.4,NA,NA,NA,NA,NA,46.5212873598495,46.5212873598495,0,NA,NA,NA,NA,NA,NA,0.0373553167830126,NA,"PASS"
"alpha_detail",3,"DML-CV","DML_TABLE2_CV",-0.3,NA,NA,NA,NA,NA,48.7520016255784,48.7520016255784,0,NA,NA,NA,NA,NA,NA,0.0290305275166103,NA,"PASS"
"alpha_detail",3,"DML-CV","DML_TABLE2_CV",-0.2,NA,NA,NA,NA,NA,45.4901699636954,45.4901699636954,0,NA,NA,NA,NA,NA,NA,0.0315537333543061,NA,"PASS"
"alpha_detail",3,"DML-CV","DML_TABLE2_CV",-0.1,NA,NA,NA,NA,NA,42.7301573199254,42.7301573199254,0,NA,NA,NA,NA,NA,NA,0.0342464578574643,NA,"PASS"
"alpha_detail",3,"DML-CV","DML_TABLE2_CV",0,NA,NA,NA,NA,NA,36.5357586727591,36.5357586727591,0,NA,NA,NA,NA,NA,NA,0.0332256848602141,NA,"PASS"
"alpha_detail",3,"DML-CV","DML_TABLE2_CV",0.1,NA,NA,NA,NA,NA,27.1688085824821,27.1688085824821,0,NA,NA,NA,NA,NA,NA,0.032065032913658,NA,"PASS"
"alpha_detail",3,"DML-CV","DML_TABLE2_CV",0.2,NA,NA,NA,NA,NA,20.7379958015031,20.7379958015031,0,NA,NA,NA,NA,NA,NA,0.0340655279690664,NA,"PASS"
"alpha_detail",3,"DML-CV","DML_TABLE2_CV",0.3,NA,NA,NA,NA,NA,19.7211185433335,19.7211185433335,0,NA,NA,NA,NA,NA,NA,0.0315885872453501,NA,"PASS"
"alpha_detail",3,"DML-CV","DML_TABLE2_CV",0.4,NA,NA,NA,NA,NA,18.4891986040838,18.4891986040838,0,NA,NA,NA,NA,NA,NA,0.0316423923721933,NA,"PASS"
"alpha_detail",3,"DML-CV","DML_TABLE2_CV",0.5,NA,NA,NA,NA,NA,9.05811179301702,9.05811179301702,0,NA,NA,NA,NA,NA,NA,0.0313962434096338,NA,"PASS"
"alpha_detail",3,"DML-CV","DML_TABLE2_CV",0.6,NA,NA,NA,NA,NA,4.98657608380511,4.98657608380511,0,NA,NA,NA,NA,NA,NA,0.0344293341750492,NA,"PASS"
"alpha_detail",3,"DML-CV","DML_TABLE2_CV",0.7,NA,NA,NA,NA,NA,3.55603342731655,3.55603342731655,0,NA,NA,NA,NA,NA,NA,0.0323885832503622,NA,"PASS"
"alpha_detail",3,"DML-CV","DML_TABLE2_CV",0.8,NA,NA,NA,NA,NA,2.19986825578648,2.19986825578648,0,NA,NA,NA,NA,NA,NA,0.026960403472273,NA,"PASS"
"alpha_detail",3,"DML-CV","DML_TABLE2_CV",0.9,NA,NA,NA,NA,NA,2.80346593176558,2.80346593176558,0,NA,NA,NA,NA,NA,NA,0.0261302052631252,NA,"PASS"
"alpha_detail",3,"DML-CV","DML_TABLE2_CV",1,NA,NA,NA,NA,NA,3.2119804648183,3.2119804648183,0,NA,NA,NA,NA,NA,NA,0.0231239073829369,NA,"PASS"
"alpha_detail",3,"DML-CV","DML_TABLE2_CV",1.1,NA,NA,NA,NA,NA,6.54352228551161,6.54352228551161,0,NA,NA,NA,NA,NA,NA,0.028549469949436,NA,"PASS"
"alpha_detail",3,"DML-CV","DML_TABLE2_CV",1.2,NA,NA,NA,NA,NA,14.5952240614279,14.5952240614279,0,NA,NA,NA,NA,NA,NA,0.0276572672869779,NA,"PASS"
"alpha_detail",3,"DML-CV","DML_TABLE2_CV",1.3,NA,NA,NA,NA,NA,19.3170349104919,19.3170349104919,0,NA,NA,NA,NA,NA,NA,0.0263532798301,NA,"PASS"
"alpha_detail",3,"DML-CV","DML_TABLE2_CV",1.4,NA,NA,NA,NA,NA,31.6072449409209,31.6072449409209,0,NA,NA,NA,NA,NA,NA,0.0294436311386725,NA,"PASS"
"alpha_detail",3,"DML-CV","DML_TABLE2_CV",1.5,NA,NA,NA,NA,NA,36.0513267342374,36.0513267342374,0,NA,NA,NA,NA,NA,NA,0.0211072901396303,NA,"PASS"
"alpha_detail",3,"DML-CV","DML_TABLE2_CV",1.6,NA,NA,NA,NA,NA,47.1866906212533,47.1866906212533,0,NA,NA,NA,NA,NA,NA,0.0224153040127791,NA,"PASS"
"alpha_detail",3,"DML-CV","DML_TABLE2_CV",1.7,NA,NA,NA,NA,NA,50.7295884120825,50.7295884120825,0,NA,NA,NA,NA,NA,NA,0.0186845397251924,NA,"PASS"
"alpha_detail",3,"DML-CV","DML_TABLE2_CV",1.8,NA,NA,NA,NA,NA,73.6585779977773,73.6585779977773,0,NA,NA,NA,NA,NA,NA,0.0354663477913706,NA,"PASS"
"alpha_detail",3,"DML-CV","DML_TABLE2_CV",1.9,NA,NA,NA,NA,NA,62.4930878214437,62.4930878214437,0,NA,NA,NA,NA,NA,NA,0.0187862634703309,NA,"PASS"
"alpha_detail",3,"DML-CV","DML_TABLE2_CV",2,NA,NA,NA,NA,NA,75.493489737051,75.493489737051,0,NA,NA,NA,NA,NA,NA,0.0293430353770302,NA,"PASS"
"alpha_detail",3,"DML-CV","DML_TABLE2_CV",2.1,NA,NA,NA,NA,NA,75.0982218094499,75.0982218094499,0,NA,NA,NA,NA,NA,NA,0.0216814271653012,NA,"PASS"
"alpha_detail",3,"DML-CV","DML_TABLE2_CV",2.2,NA,NA,NA,NA,NA,81.6331945074889,81.6331945074889,0,NA,NA,NA,NA,NA,NA,0.0362657828785504,NA,"PASS"
"alpha_detail",3,"DML-CV","DML_TABLE2_CV",2.3,NA,NA,NA,NA,NA,77.0524688662285,77.0524688662285,0,NA,NA,NA,NA,NA,NA,0.0190023854081495,NA,"PASS"
"alpha_detail",3,"DML-CV","DML_TABLE2_CV",2.4,NA,NA,NA,NA,NA,78.5660498225516,78.5660498225516,0,NA,NA,NA,NA,NA,NA,0.020851638692798,NA,"PASS"
"alpha_detail",3,"DML-CV","DML_TABLE2_CV",2.5,NA,NA,NA,NA,NA,84.661982064317,84.661982064317,0,NA,NA,NA,NA,NA,NA,0.0282200229333161,NA,"PASS"
"alpha_detail",3,"DML-CV","DML_TABLE2_CV",2.6,NA,NA,NA,NA,NA,91.414043570038,91.414043570038,0,NA,NA,NA,NA,NA,NA,0.024580599182274,NA,"PASS"
"alpha_detail",3,"DML-CV","DML_TABLE2_CV",2.7,NA,NA,NA,NA,NA,83.46294862971,83.46294862971,0,NA,NA,NA,NA,NA,NA,0.0330803109780129,NA,"PASS"
"alpha_detail",3,"DML-CV","DML_TABLE2_CV",2.8,NA,NA,NA,NA,NA,80.5432601887728,80.5432601887728,0,NA,NA,NA,NA,NA,NA,0.0340966177397565,NA,"PASS"
"alpha_detail",3,"DML-CV","DML_TABLE2_CV",2.9,NA,NA,NA,NA,NA,76.4699571059373,76.4699571059373,0,NA,NA,NA,NA,NA,NA,0.0184231053114622,NA,"PASS"
"alpha_detail",3,"DML-CV","DML_TABLE2_CV",3,NA,NA,NA,NA,NA,84.9526294200918,84.9526294200918,0,NA,NA,NA,NA,NA,NA,0.0347807461236387,NA,"PASS"
"dataset_summary",3,"DML-BC","DML_BC_CONDITIONAL",NA,NA,NA,NA,NA,0,NA,NA,NA,0.9,0.9,2.73398559205469,2.73398559205469,TRUE,TRUE,NA,TRUE,"PASS"
"alpha_detail",3,"DML-BC","DML_BC_CONDITIONAL",-1,NA,NA,NA,NA,NA,67.5149332058318,67.5149332058318,0,NA,NA,NA,NA,NA,NA,NA,NA,"PASS"
"alpha_detail",3,"DML-BC","DML_BC_CONDITIONAL",-0.9,NA,NA,NA,NA,NA,65.7717145720264,65.7717145720264,0,NA,NA,NA,NA,NA,NA,NA,NA,"PASS"
"alpha_detail",3,"DML-BC","DML_BC_CONDITIONAL",-0.8,NA,NA,NA,NA,NA,60.0932279981889,60.0932279981889,0,NA,NA,NA,NA,NA,NA,NA,NA,"PASS"
"alpha_detail",3,"DML-BC","DML_BC_CONDITIONAL",-0.7,NA,NA,NA,NA,NA,60.5114906208873,60.5114906208873,0,NA,NA,NA,NA,NA,NA,NA,NA,"PASS"
"alpha_detail",3,"DML-BC","DML_BC_CONDITIONAL",-0.6,NA,NA,NA,NA,NA,55.6048681811703,55.6048681811703,0,NA,NA,NA,NA,NA,NA,NA,NA,"PASS"
"alpha_detail",3,"DML-BC","DML_BC_CONDITIONAL",-0.5,NA,NA,NA,NA,NA,55.9228546739446,55.9228546739446,0,NA,NA,NA,NA,NA,NA,NA,NA,"PASS"
"alpha_detail",3,"DML-BC","DML_BC_CONDITIONAL",-0.4,NA,NA,NA,NA,NA,44.3690288574412,44.3690288574412,0,NA,NA,NA,NA,NA,NA,NA,NA,"PASS"
"alpha_detail",3,"DML-BC","DML_BC_CONDITIONAL",-0.3,NA,NA,NA,NA,NA,44.6739571900806,44.6739571900806,0,NA,NA,NA,NA,NA,NA,NA,NA,"PASS"
"alpha_detail",3,"DML-BC","DML_BC_CONDITIONAL",-0.2,NA,NA,NA,NA,NA,40.2470478416402,40.2470478416402,0,NA,NA,NA,NA,NA,NA,NA,NA,"PASS"
"alpha_detail",3,"DML-BC","DML_BC_CONDITIONAL",-0.1,NA,NA,NA,NA,NA,34.0872147444919,34.0872147444919,0,NA,NA,NA,NA,NA,NA,NA,NA,"PASS"
"alpha_detail",3,"DML-BC","DML_BC_CONDITIONAL",0,NA,NA,NA,NA,NA,32.5524809533774,32.5524809533774,0,NA,NA,NA,NA,NA,NA,NA,NA,"PASS"
"alpha_detail",3,"DML-BC","DML_BC_CONDITIONAL",0.1,NA,NA,NA,NA,NA,27.2230817662991,27.2230817662991,0,NA,NA,NA,NA,NA,NA,NA,NA,"PASS"
"alpha_detail",3,"DML-BC","DML_BC_CONDITIONAL",0.2,NA,NA,NA,NA,NA,25.6485693968838,25.6485693968838,0,NA,NA,NA,NA,NA,NA,NA,NA,"PASS"
"alpha_detail",3,"DML-BC","DML_BC_CONDITIONAL",0.3,NA,NA,NA,NA,NA,17.8643555086406,17.8643555086406,0,NA,NA,NA,NA,NA,NA,NA,NA,"PASS"
"alpha_detail",3,"DML-BC","DML_BC_CONDITIONAL",0.4,NA,NA,NA,NA,NA,11.7836162872085,11.7836162872085,0,NA,NA,NA,NA,NA,NA,NA,NA,"PASS"
"alpha_detail",3,"DML-BC","DML_BC_CONDITIONAL",0.5,NA,NA,NA,NA,NA,6.7722004789695,6.7722004789695,0,NA,NA,NA,NA,NA,NA,NA,NA,"PASS"
"alpha_detail",3,"DML-BC","DML_BC_CONDITIONAL",0.6,NA,NA,NA,NA,NA,4.23404879295719,4.23404879295719,0,NA,NA,NA,NA,NA,NA,NA,NA,"PASS"
"alpha_detail",3,"DML-BC","DML_BC_CONDITIONAL",0.7,NA,NA,NA,NA,NA,3.19904551500122,3.19904551500122,0,NA,NA,NA,NA,NA,NA,NA,NA,"PASS"
"alpha_detail",3,"DML-BC","DML_BC_CONDITIONAL",0.8,NA,NA,NA,NA,NA,2.9172361564254,2.9172361564254,0,NA,NA,NA,NA,NA,NA,NA,NA,"PASS"
"alpha_detail",3,"DML-BC","DML_BC_CONDITIONAL",0.9,NA,NA,NA,NA,NA,2.73398559205469,2.73398559205469,0,NA,NA,NA,NA,NA,NA,NA,NA,"PASS"
"alpha_detail",3,"DML-BC","DML_BC_CONDITIONAL",1,NA,NA,NA,NA,NA,3.53395762952593,3.53395762952593,0,NA,NA,NA,NA,NA,NA,NA,NA,"PASS"
"alpha_detail",3,"DML-BC","DML_BC_CONDITIONAL",1.1,NA,NA,NA,NA,NA,10.7878168325087,10.7878168325087,0,NA,NA,NA,NA,NA,NA,NA,NA,"PASS"
"alpha_detail",3,"DML-BC","DML_BC_CONDITIONAL",1.2,NA,NA,NA,NA,NA,16.0428819985375,16.0428819985375,0,NA,NA,NA,NA,NA,NA,NA,NA,"PASS"
"alpha_detail",3,"DML-BC","DML_BC_CONDITIONAL",1.3,NA,NA,NA,NA,NA,23.9989065935603,23.9989065935603,0,NA,NA,NA,NA,NA,NA,NA,NA,"PASS"
"alpha_detail",3,"DML-BC","DML_BC_CONDITIONAL",1.4,NA,NA,NA,NA,NA,33.0178037180621,33.0178037180621,0,NA,NA,NA,NA,NA,NA,NA,NA,"PASS"
"alpha_detail",3,"DML-BC","DML_BC_CONDITIONAL",1.5,NA,NA,NA,NA,NA,37.5272076345543,37.5272076345543,0,NA,NA,NA,NA,NA,NA,NA,NA,"PASS"
"alpha_detail",3,"DML-BC","DML_BC_CONDITIONAL",1.6,NA,NA,NA,NA,NA,44.7026751323115,44.7026751323115,0,NA,NA,NA,NA,NA,NA,NA,NA,"PASS"
"alpha_detail",3,"DML-BC","DML_BC_CONDITIONAL",1.7,NA,NA,NA,NA,NA,43.9110570741973,43.9110570741973,0,NA,NA,NA,NA,NA,NA,NA,NA,"PASS"
"alpha_detail",3,"DML-BC","DML_BC_CONDITIONAL",1.8,NA,NA,NA,NA,NA,55.7855320637553,55.7855320637553,0,NA,NA,NA,NA,NA,NA,NA,NA,"PASS"
"alpha_detail",3,"DML-BC","DML_BC_CONDITIONAL",1.9,NA,NA,NA,NA,NA,61.4374596244178,61.4374596244178,0,NA,NA,NA,NA,NA,NA,NA,NA,"PASS"
"alpha_detail",3,"DML-BC","DML_BC_CONDITIONAL",2,NA,NA,NA,NA,NA,62.6523136019608,62.6523136019608,0,NA,NA,NA,NA,NA,NA,NA,NA,"PASS"
"alpha_detail",3,"DML-BC","DML_BC_CONDITIONAL",2.1,NA,NA,NA,NA,NA,75.6757645380087,75.6757645380087,0,NA,NA,NA,NA,NA,NA,NA,NA,"PASS"
"alpha_detail",3,"DML-BC","DML_BC_CONDITIONAL",2.2,NA,NA,NA,NA,NA,76.3677221418873,76.3677221418873,0,NA,NA,NA,NA,NA,NA,NA,NA,"PASS"
"alpha_detail",3,"DML-BC","DML_BC_CONDITIONAL",2.3,NA,NA,NA,NA,NA,77.4234181495284,77.4234181495284,0,NA,NA,NA,NA,NA,NA,NA,NA,"PASS"
"alpha_detail",3,"DML-BC","DML_BC_CONDITIONAL",2.4,NA,NA,NA,NA,NA,78.5698843701824,78.5698843701824,0,NA,NA,NA,NA,NA,NA,NA,NA,"PASS"
"alpha_detail",3,"DML-BC","DML_BC_CONDITIONAL",2.5,NA,NA,NA,NA,NA,82.3010488777264,82.3010488777264,0,NA,NA,NA,NA,NA,NA,NA,NA,"PASS"
"alpha_detail",3,"DML-BC","DML_BC_CONDITIONAL",2.6,NA,NA,NA,NA,NA,85.4108123744681,85.4108123744681,0,NA,NA,NA,NA,NA,NA,NA,NA,"PASS"
"alpha_detail",3,"DML-BC","DML_BC_CONDITIONAL",2.7,NA,NA,NA,NA,NA,84.66562664029,84.66562664029,0,NA,NA,NA,NA,NA,NA,NA,NA,"PASS"
"alpha_detail",3,"DML-BC","DML_BC_CONDITIONAL",2.8,NA,NA,NA,NA,NA,85.2327986523692,85.2327986523692,0,NA,NA,NA,NA,NA,NA,NA,NA,"PASS"
"alpha_detail",3,"DML-BC","DML_BC_CONDITIONAL",2.9,NA,NA,NA,NA,NA,84.7630670983123,84.7630670983123,0,NA,NA,NA,NA,NA,NA,NA,NA,"PASS"
"alpha_detail",3,"DML-BC","DML_BC_CONDITIONAL",3,NA,NA,NA,NA,NA,82.6849975880723,82.6849975880723,0,NA,NA,NA,NA,NA,NA,NA,NA,"PASS"
"dataset_summary",3,"DML-CV vs DML-BC","DML_CV_VS_BC_EXPECTED_DIFFERENCE",NA,NA,NA,NA,NA,17.8730459340219,NA,NA,NA,0.8,0.9,2.19986825578648,2.73398559205469,FALSE,FALSE,NA,NA,"EXPECTED METHOD DIFFERENCE"
"alpha_detail",3,"DML-CV vs DML-BC","DML_CV_VS_BC_EXPECTED_DIFFERENCE",-1,NA,NA,NA,NA,NA,60.7056631179437,67.5149332058318,6.80927008788808,NA,NA,NA,NA,NA,NA,NA,NA,"EXPECTED METHOD DIFFERENCE"
"alpha_detail",3,"DML-CV vs DML-BC","DML_CV_VS_BC_EXPECTED_DIFFERENCE",-0.9,NA,NA,NA,NA,NA,56.254624718925,65.7717145720264,9.51708985310147,NA,NA,NA,NA,NA,NA,NA,NA,"EXPECTED METHOD DIFFERENCE"
"alpha_detail",3,"DML-CV vs DML-BC","DML_CV_VS_BC_EXPECTED_DIFFERENCE",-0.8,NA,NA,NA,NA,NA,53.6325991153774,60.0932279981889,6.46062888281156,NA,NA,NA,NA,NA,NA,NA,NA,"EXPECTED METHOD DIFFERENCE"
"alpha_detail",3,"DML-CV vs DML-BC","DML_CV_VS_BC_EXPECTED_DIFFERENCE",-0.7,NA,NA,NA,NA,NA,53.4665773520928,60.5114906208873,7.04491326879454,NA,NA,NA,NA,NA,NA,NA,NA,"EXPECTED METHOD DIFFERENCE"
"alpha_detail",3,"DML-CV vs DML-BC","DML_CV_VS_BC_EXPECTED_DIFFERENCE",-0.6,NA,NA,NA,NA,NA,45.403967108225,55.6048681811703,10.2009010729453,NA,NA,NA,NA,NA,NA,NA,NA,"EXPECTED METHOD DIFFERENCE"
"alpha_detail",3,"DML-CV vs DML-BC","DML_CV_VS_BC_EXPECTED_DIFFERENCE",-0.5,NA,NA,NA,NA,NA,54.3972377163556,55.9228546739446,1.52561695758892,NA,NA,NA,NA,NA,NA,NA,NA,"EXPECTED METHOD DIFFERENCE"
"alpha_detail",3,"DML-CV vs DML-BC","DML_CV_VS_BC_EXPECTED_DIFFERENCE",-0.4,NA,NA,NA,NA,NA,46.5212873598495,44.3690288574412,-2.15225850240827,NA,NA,NA,NA,NA,NA,NA,NA,"EXPECTED METHOD DIFFERENCE"
"alpha_detail",3,"DML-CV vs DML-BC","DML_CV_VS_BC_EXPECTED_DIFFERENCE",-0.3,NA,NA,NA,NA,NA,48.7520016255784,44.6739571900806,-4.07804443549787,NA,NA,NA,NA,NA,NA,NA,NA,"EXPECTED METHOD DIFFERENCE"
"alpha_detail",3,"DML-CV vs DML-BC","DML_CV_VS_BC_EXPECTED_DIFFERENCE",-0.2,NA,NA,NA,NA,NA,45.4901699636954,40.2470478416402,-5.24312212205525,NA,NA,NA,NA,NA,NA,NA,NA,"EXPECTED METHOD DIFFERENCE"
"alpha_detail",3,"DML-CV vs DML-BC","DML_CV_VS_BC_EXPECTED_DIFFERENCE",-0.1,NA,NA,NA,NA,NA,42.7301573199254,34.0872147444919,-8.64294257543352,NA,NA,NA,NA,NA,NA,NA,NA,"EXPECTED METHOD DIFFERENCE"
"alpha_detail",3,"DML-CV vs DML-BC","DML_CV_VS_BC_EXPECTED_DIFFERENCE",0,NA,NA,NA,NA,NA,36.5357586727591,32.5524809533774,-3.98327771938173,NA,NA,NA,NA,NA,NA,NA,NA,"EXPECTED METHOD DIFFERENCE"
"alpha_detail",3,"DML-CV vs DML-BC","DML_CV_VS_BC_EXPECTED_DIFFERENCE",0.1,NA,NA,NA,NA,NA,27.1688085824821,27.2230817662991,0.0542731838169352,NA,NA,NA,NA,NA,NA,NA,NA,"EXPECTED METHOD DIFFERENCE"
"alpha_detail",3,"DML-CV vs DML-BC","DML_CV_VS_BC_EXPECTED_DIFFERENCE",0.2,NA,NA,NA,NA,NA,20.7379958015031,25.6485693968838,4.91057359538068,NA,NA,NA,NA,NA,NA,NA,NA,"EXPECTED METHOD DIFFERENCE"
"alpha_detail",3,"DML-CV vs DML-BC","DML_CV_VS_BC_EXPECTED_DIFFERENCE",0.3,NA,NA,NA,NA,NA,19.7211185433335,17.8643555086406,-1.85676303469283,NA,NA,NA,NA,NA,NA,NA,NA,"EXPECTED METHOD DIFFERENCE"
"alpha_detail",3,"DML-CV vs DML-BC","DML_CV_VS_BC_EXPECTED_DIFFERENCE",0.4,NA,NA,NA,NA,NA,18.4891986040838,11.7836162872085,-6.70558231687536,NA,NA,NA,NA,NA,NA,NA,NA,"EXPECTED METHOD DIFFERENCE"
"alpha_detail",3,"DML-CV vs DML-BC","DML_CV_VS_BC_EXPECTED_DIFFERENCE",0.5,NA,NA,NA,NA,NA,9.05811179301702,6.7722004789695,-2.28591131404752,NA,NA,NA,NA,NA,NA,NA,NA,"EXPECTED METHOD DIFFERENCE"
"alpha_detail",3,"DML-CV vs DML-BC","DML_CV_VS_BC_EXPECTED_DIFFERENCE",0.6,NA,NA,NA,NA,NA,4.98657608380511,4.23404879295719,-0.752527290847923,NA,NA,NA,NA,NA,NA,NA,NA,"EXPECTED METHOD DIFFERENCE"
"alpha_detail",3,"DML-CV vs DML-BC","DML_CV_VS_BC_EXPECTED_DIFFERENCE",0.7,NA,NA,NA,NA,NA,3.55603342731655,3.19904551500122,-0.356987912315324,NA,NA,NA,NA,NA,NA,NA,NA,"EXPECTED METHOD DIFFERENCE"
"alpha_detail",3,"DML-CV vs DML-BC","DML_CV_VS_BC_EXPECTED_DIFFERENCE",0.8,NA,NA,NA,NA,NA,2.19986825578648,2.9172361564254,0.717367900638924,NA,NA,NA,NA,NA,NA,NA,NA,"EXPECTED METHOD DIFFERENCE"
"alpha_detail",3,"DML-CV vs DML-BC","DML_CV_VS_BC_EXPECTED_DIFFERENCE",0.9,NA,NA,NA,NA,NA,2.80346593176558,2.73398559205469,-0.0694803397108905,NA,NA,NA,NA,NA,NA,NA,NA,"EXPECTED METHOD DIFFERENCE"
"alpha_detail",3,"DML-CV vs DML-BC","DML_CV_VS_BC_EXPECTED_DIFFERENCE",1,NA,NA,NA,NA,NA,3.2119804648183,3.53395762952593,0.321977164707631,NA,NA,NA,NA,NA,NA,NA,NA,"EXPECTED METHOD DIFFERENCE"
"alpha_detail",3,"DML-CV vs DML-BC","DML_CV_VS_BC_EXPECTED_DIFFERENCE",1.1,NA,NA,NA,NA,NA,6.54352228551161,10.7878168325087,4.24429454699714,NA,NA,NA,NA,NA,NA,NA,NA,"EXPECTED METHOD DIFFERENCE"
"alpha_detail",3,"DML-CV vs DML-BC","DML_CV_VS_BC_EXPECTED_DIFFERENCE",1.2,NA,NA,NA,NA,NA,14.5952240614279,16.0428819985375,1.44765793710959,NA,NA,NA,NA,NA,NA,NA,NA,"EXPECTED METHOD DIFFERENCE"
"alpha_detail",3,"DML-CV vs DML-BC","DML_CV_VS_BC_EXPECTED_DIFFERENCE",1.3,NA,NA,NA,NA,NA,19.3170349104919,23.9989065935603,4.6818716830684,NA,NA,NA,NA,NA,NA,NA,NA,"EXPECTED METHOD DIFFERENCE"
"alpha_detail",3,"DML-CV vs DML-BC","DML_CV_VS_BC_EXPECTED_DIFFERENCE",1.4,NA,NA,NA,NA,NA,31.6072449409209,33.0178037180621,1.4105587771412,NA,NA,NA,NA,NA,NA,NA,NA,"EXPECTED METHOD DIFFERENCE"
"alpha_detail",3,"DML-CV vs DML-BC","DML_CV_VS_BC_EXPECTED_DIFFERENCE",1.5,NA,NA,NA,NA,NA,36.0513267342374,37.5272076345543,1.47588090031685,NA,NA,NA,NA,NA,NA,NA,NA,"EXPECTED METHOD DIFFERENCE"
"alpha_detail",3,"DML-CV vs DML-BC","DML_CV_VS_BC_EXPECTED_DIFFERENCE",1.6,NA,NA,NA,NA,NA,47.1866906212533,44.7026751323115,-2.48401548894177,NA,NA,NA,NA,NA,NA,NA,NA,"EXPECTED METHOD DIFFERENCE"
"alpha_detail",3,"DML-CV vs DML-BC","DML_CV_VS_BC_EXPECTED_DIFFERENCE",1.7,NA,NA,NA,NA,NA,50.7295884120825,43.9110570741973,-6.8185313378852,NA,NA,NA,NA,NA,NA,NA,NA,"EXPECTED METHOD DIFFERENCE"
"alpha_detail",3,"DML-CV vs DML-BC","DML_CV_VS_BC_EXPECTED_DIFFERENCE",1.8,NA,NA,NA,NA,NA,73.6585779977773,55.7855320637553,-17.8730459340219,NA,NA,NA,NA,NA,NA,NA,NA,"EXPECTED METHOD DIFFERENCE"
"alpha_detail",3,"DML-CV vs DML-BC","DML_CV_VS_BC_EXPECTED_DIFFERENCE",1.9,NA,NA,NA,NA,NA,62.4930878214437,61.4374596244178,-1.05562819702592,NA,NA,NA,NA,NA,NA,NA,NA,"EXPECTED METHOD DIFFERENCE"
"alpha_detail",3,"DML-CV vs DML-BC","DML_CV_VS_BC_EXPECTED_DIFFERENCE",2,NA,NA,NA,NA,NA,75.493489737051,62.6523136019608,-12.8411761350902,NA,NA,NA,NA,NA,NA,NA,NA,"EXPECTED METHOD DIFFERENCE"
"alpha_detail",3,"DML-CV vs DML-BC","DML_CV_VS_BC_EXPECTED_DIFFERENCE",2.1,NA,NA,NA,NA,NA,75.0982218094499,75.6757645380087,0.577542728558711,NA,NA,NA,NA,NA,NA,NA,NA,"EXPECTED METHOD DIFFERENCE"
"alpha_detail",3,"DML-CV vs DML-BC","DML_CV_VS_BC_EXPECTED_DIFFERENCE",2.2,NA,NA,NA,NA,NA,81.6331945074889,76.3677221418873,-5.26547236560154,NA,NA,NA,NA,NA,NA,NA,NA,"EXPECTED METHOD DIFFERENCE"
"alpha_detail",3,"DML-CV vs DML-BC","DML_CV_VS_BC_EXPECTED_DIFFERENCE",2.3,NA,NA,NA,NA,NA,77.0524688662285,77.4234181495284,0.370949283299836,NA,NA,NA,NA,NA,NA,NA,NA,"EXPECTED METHOD DIFFERENCE"
"alpha_detail",3,"DML-CV vs DML-BC","DML_CV_VS_BC_EXPECTED_DIFFERENCE",2.4,NA,NA,NA,NA,NA,78.5660498225516,78.5698843701824,0.00383454763081659,NA,NA,NA,NA,NA,NA,NA,NA,"EXPECTED METHOD DIFFERENCE"
"alpha_detail",3,"DML-CV vs DML-BC","DML_CV_VS_BC_EXPECTED_DIFFERENCE",2.5,NA,NA,NA,NA,NA,84.661982064317,82.3010488777264,-2.36093318659053,NA,NA,NA,NA,NA,NA,NA,NA,"EXPECTED METHOD DIFFERENCE"
"alpha_detail",3,"DML-CV vs DML-BC","DML_CV_VS_BC_EXPECTED_DIFFERENCE",2.6,NA,NA,NA,NA,NA,91.414043570038,85.4108123744681,-6.00323119556995,NA,NA,NA,NA,NA,NA,NA,NA,"EXPECTED METHOD DIFFERENCE"
"alpha_detail",3,"DML-CV vs DML-BC","DML_CV_VS_BC_EXPECTED_DIFFERENCE",2.7,NA,NA,NA,NA,NA,83.46294862971,84.66562664029,1.20267801057999,NA,NA,NA,NA,NA,NA,NA,NA,"EXPECTED METHOD DIFFERENCE"
"alpha_detail",3,"DML-CV vs DML-BC","DML_CV_VS_BC_EXPECTED_DIFFERENCE",2.8,NA,NA,NA,NA,NA,80.5432601887728,85.2327986523692,4.68953846359631,NA,NA,NA,NA,NA,NA,NA,NA,"EXPECTED METHOD DIFFERENCE"
"alpha_detail",3,"DML-CV vs DML-BC","DML_CV_VS_BC_EXPECTED_DIFFERENCE",2.9,NA,NA,NA,NA,NA,76.4699571059373,84.7630670983123,8.29310999237504,NA,NA,NA,NA,NA,NA,NA,NA,"EXPECTED METHOD DIFFERENCE"
"alpha_detail",3,"DML-CV vs DML-BC","DML_CV_VS_BC_EXPECTED_DIFFERENCE",3,NA,NA,NA,NA,NA,84.9526294200918,82.6849975880723,-2.26763183201949,NA,NA,NA,NA,NA,NA,NA,NA,"EXPECTED METHOD DIFFERENCE"
"dataset_summary",4,"Oracle-GMM","ORACLE_TABLE2",NA,NA,NA,NA,NA,0,NA,NA,NA,0.9,0.9,0.929426209277459,0.929426209277459,TRUE,TRUE,NA,NA,"PASS"
"alpha_detail",4,"Oracle-GMM","ORACLE_TABLE2",-1,NA,NA,NA,NA,NA,79.1585470833715,79.1585470833715,0,NA,NA,NA,NA,NA,NA,NA,NA,"PASS"
"alpha_detail",4,"Oracle-GMM","ORACLE_TABLE2",-0.9,NA,NA,NA,NA,NA,77.3383606543765,77.3383606543765,0,NA,NA,NA,NA,NA,NA,NA,NA,"PASS"
"alpha_detail",4,"Oracle-GMM","ORACLE_TABLE2",-0.8,NA,NA,NA,NA,NA,80.3076438988874,80.3076438988874,0,NA,NA,NA,NA,NA,NA,NA,NA,"PASS"
"alpha_detail",4,"Oracle-GMM","ORACLE_TABLE2",-0.7,NA,NA,NA,NA,NA,72.5884546214113,72.5884546214113,0,NA,NA,NA,NA,NA,NA,NA,NA,"PASS"
"alpha_detail",4,"Oracle-GMM","ORACLE_TABLE2",-0.6,NA,NA,NA,NA,NA,76.2708277291056,76.2708277291056,0,NA,NA,NA,NA,NA,NA,NA,NA,"PASS"
"alpha_detail",4,"Oracle-GMM","ORACLE_TABLE2",-0.5,NA,NA,NA,NA,NA,66.8952267713875,66.8952267713875,0,NA,NA,NA,NA,NA,NA,NA,NA,"PASS"
"alpha_detail",4,"Oracle-GMM","ORACLE_TABLE2",-0.4,NA,NA,NA,NA,NA,58.6242972723796,58.6242972723796,0,NA,NA,NA,NA,NA,NA,NA,NA,"PASS"
"alpha_detail",4,"Oracle-GMM","ORACLE_TABLE2",-0.3,NA,NA,NA,NA,NA,56.9902905526033,56.9902905526033,0,NA,NA,NA,NA,NA,NA,NA,NA,"PASS"
"alpha_detail",4,"Oracle-GMM","ORACLE_TABLE2",-0.2,NA,NA,NA,NA,NA,51.921914349952,51.921914349952,0,NA,NA,NA,NA,NA,NA,NA,NA,"PASS"
"alpha_detail",4,"Oracle-GMM","ORACLE_TABLE2",-0.1,NA,NA,NA,NA,NA,43.9249544490408,43.9249544490408,0,NA,NA,NA,NA,NA,NA,NA,NA,"PASS"
"alpha_detail",4,"Oracle-GMM","ORACLE_TABLE2",0,NA,NA,NA,NA,NA,42.0473211312956,42.0473211312956,0,NA,NA,NA,NA,NA,NA,NA,NA,"PASS"
"alpha_detail",4,"Oracle-GMM","ORACLE_TABLE2",0.1,NA,NA,NA,NA,NA,28.4710253148674,28.4710253148674,0,NA,NA,NA,NA,NA,NA,NA,NA,"PASS"
"alpha_detail",4,"Oracle-GMM","ORACLE_TABLE2",0.2,NA,NA,NA,NA,NA,27.6614584203715,27.6614584203715,0,NA,NA,NA,NA,NA,NA,NA,NA,"PASS"
"alpha_detail",4,"Oracle-GMM","ORACLE_TABLE2",0.3,NA,NA,NA,NA,NA,27.9520740086762,27.9520740086762,0,NA,NA,NA,NA,NA,NA,NA,NA,"PASS"
"alpha_detail",4,"Oracle-GMM","ORACLE_TABLE2",0.4,NA,NA,NA,NA,NA,20.6237841742696,20.6237841742696,0,NA,NA,NA,NA,NA,NA,NA,NA,"PASS"
"alpha_detail",4,"Oracle-GMM","ORACLE_TABLE2",0.5,NA,NA,NA,NA,NA,18.9008562178985,18.9008562178985,0,NA,NA,NA,NA,NA,NA,NA,NA,"PASS"
"alpha_detail",4,"Oracle-GMM","ORACLE_TABLE2",0.6,NA,NA,NA,NA,NA,13.8178866490121,13.8178866490121,0,NA,NA,NA,NA,NA,NA,NA,NA,"PASS"
"alpha_detail",4,"Oracle-GMM","ORACLE_TABLE2",0.7,NA,NA,NA,NA,NA,10.6264096114651,10.6264096114651,0,NA,NA,NA,NA,NA,NA,NA,NA,"PASS"
"alpha_detail",4,"Oracle-GMM","ORACLE_TABLE2",0.8,NA,NA,NA,NA,NA,6.92186773121533,6.92186773121533,0,NA,NA,NA,NA,NA,NA,NA,NA,"PASS"
"alpha_detail",4,"Oracle-GMM","ORACLE_TABLE2",0.9,NA,NA,NA,NA,NA,0.929426209277459,0.929426209277459,0,NA,NA,NA,NA,NA,NA,NA,NA,"PASS"
"alpha_detail",4,"Oracle-GMM","ORACLE_TABLE2",1,NA,NA,NA,NA,NA,1.76938870951509,1.76938870951509,0,NA,NA,NA,NA,NA,NA,NA,NA,"PASS"
"alpha_detail",4,"Oracle-GMM","ORACLE_TABLE2",1.1,NA,NA,NA,NA,NA,1.79195036700406,1.79195036700406,0,NA,NA,NA,NA,NA,NA,NA,NA,"PASS"
"alpha_detail",4,"Oracle-GMM","ORACLE_TABLE2",1.2,NA,NA,NA,NA,NA,9.96749672891816,9.96749672891816,0,NA,NA,NA,NA,NA,NA,NA,NA,"PASS"
"alpha_detail",4,"Oracle-GMM","ORACLE_TABLE2",1.3,NA,NA,NA,NA,NA,11.9442791509951,11.9442791509951,0,NA,NA,NA,NA,NA,NA,NA,NA,"PASS"
"alpha_detail",4,"Oracle-GMM","ORACLE_TABLE2",1.4,NA,NA,NA,NA,NA,22.6685793499631,22.6685793499631,0,NA,NA,NA,NA,NA,NA,NA,NA,"PASS"
"alpha_detail",4,"Oracle-GMM","ORACLE_TABLE2",1.5,NA,NA,NA,NA,NA,33.0785593213175,33.0785593213175,0,NA,NA,NA,NA,NA,NA,NA,NA,"PASS"
"alpha_detail",4,"Oracle-GMM","ORACLE_TABLE2",1.6,NA,NA,NA,NA,NA,41.6288524540597,41.6288524540597,0,NA,NA,NA,NA,NA,NA,NA,NA,"PASS"
"alpha_detail",4,"Oracle-GMM","ORACLE_TABLE2",1.7,NA,NA,NA,NA,NA,47.2614354177569,47.2614354177569,0,NA,NA,NA,NA,NA,NA,NA,NA,"PASS"
"alpha_detail",4,"Oracle-GMM","ORACLE_TABLE2",1.8,NA,NA,NA,NA,NA,53.8475629772569,53.8475629772569,0,NA,NA,NA,NA,NA,NA,NA,NA,"PASS"
"alpha_detail",4,"Oracle-GMM","ORACLE_TABLE2",1.9,NA,NA,NA,NA,NA,53.5440102705211,53.5440102705211,0,NA,NA,NA,NA,NA,NA,NA,NA,"PASS"
"alpha_detail",4,"Oracle-GMM","ORACLE_TABLE2",2,NA,NA,NA,NA,NA,65.642800417866,65.642800417866,0,NA,NA,NA,NA,NA,NA,NA,NA,"PASS"
"alpha_detail",4,"Oracle-GMM","ORACLE_TABLE2",2.1,NA,NA,NA,NA,NA,69.0693565838187,69.0693565838187,0,NA,NA,NA,NA,NA,NA,NA,NA,"PASS"
"alpha_detail",4,"Oracle-GMM","ORACLE_TABLE2",2.2,NA,NA,NA,NA,NA,67.3068239947565,67.3068239947565,0,NA,NA,NA,NA,NA,NA,NA,NA,"PASS"
"alpha_detail",4,"Oracle-GMM","ORACLE_TABLE2",2.3,NA,NA,NA,NA,NA,72.9042091740229,72.9042091740229,0,NA,NA,NA,NA,NA,NA,NA,NA,"PASS"
"alpha_detail",4,"Oracle-GMM","ORACLE_TABLE2",2.4,NA,NA,NA,NA,NA,74.2092501889103,74.2092501889103,0,NA,NA,NA,NA,NA,NA,NA,NA,"PASS"
"alpha_detail",4,"Oracle-GMM","ORACLE_TABLE2",2.5,NA,NA,NA,NA,NA,80.6745554224866,80.6745554224866,0,NA,NA,NA,NA,NA,NA,NA,NA,"PASS"
"alpha_detail",4,"Oracle-GMM","ORACLE_TABLE2",2.6,NA,NA,NA,NA,NA,80.4371683116324,80.4371683116324,0,NA,NA,NA,NA,NA,NA,NA,NA,"PASS"
"alpha_detail",4,"Oracle-GMM","ORACLE_TABLE2",2.7,NA,NA,NA,NA,NA,85.986772618162,85.986772618162,0,NA,NA,NA,NA,NA,NA,NA,NA,"PASS"
"alpha_detail",4,"Oracle-GMM","ORACLE_TABLE2",2.8,NA,NA,NA,NA,NA,83.4202408865199,83.4202408865199,0,NA,NA,NA,NA,NA,NA,NA,NA,"PASS"
"alpha_detail",4,"Oracle-GMM","ORACLE_TABLE2",2.9,NA,NA,NA,NA,NA,83.0440145724903,83.0440145724903,0,NA,NA,NA,NA,NA,NA,NA,NA,"PASS"
"alpha_detail",4,"Oracle-GMM","ORACLE_TABLE2",3,NA,NA,NA,NA,NA,91.8498761766165,91.8498761766165,0,NA,NA,NA,NA,NA,NA,NA,NA,"PASS"
"dataset_summary",4,"Full-GMM","FULL_TABLE2",NA,NA,NA,NA,NA,0,NA,NA,NA,1,1,0.259883984116124,0.259883984116124,TRUE,TRUE,NA,NA,"PASS"
"alpha_detail",4,"Full-GMM","FULL_TABLE2",-1,NA,NA,NA,NA,NA,61.4901241393289,61.4901241393289,0,NA,NA,NA,NA,NA,NA,NA,NA,"PASS"
"alpha_detail",4,"Full-GMM","FULL_TABLE2",-0.9,NA,NA,NA,NA,NA,40.1973009865836,40.1973009865836,0,NA,NA,NA,NA,NA,NA,NA,NA,"PASS"
"alpha_detail",4,"Full-GMM","FULL_TABLE2",-0.8,NA,NA,NA,NA,NA,37.6515860886974,37.6515860886974,0,NA,NA,NA,NA,NA,NA,NA,NA,"PASS"
"alpha_detail",4,"Full-GMM","FULL_TABLE2",-0.7,NA,NA,NA,NA,NA,48.1925952530197,48.1925952530197,0,NA,NA,NA,NA,NA,NA,NA,NA,"PASS"
"alpha_detail",4,"Full-GMM","FULL_TABLE2",-0.6,NA,NA,NA,NA,NA,44.0167182001114,44.0167182001114,0,NA,NA,NA,NA,NA,NA,NA,NA,"PASS"
"alpha_detail",4,"Full-GMM","FULL_TABLE2",-0.5,NA,NA,NA,NA,NA,35.3890130958671,35.3890130958671,0,NA,NA,NA,NA,NA,NA,NA,NA,"PASS"
"alpha_detail",4,"Full-GMM","FULL_TABLE2",-0.4,NA,NA,NA,NA,NA,41.4179058820167,41.4179058820167,0,NA,NA,NA,NA,NA,NA,NA,NA,"PASS"
"alpha_detail",4,"Full-GMM","FULL_TABLE2",-0.3,NA,NA,NA,NA,NA,20.2105795747486,20.2105795747486,0,NA,NA,NA,NA,NA,NA,NA,NA,"PASS"
"alpha_detail",4,"Full-GMM","FULL_TABLE2",-0.2,NA,NA,NA,NA,NA,30.9164827967897,30.9164827967897,0,NA,NA,NA,NA,NA,NA,NA,NA,"PASS"
"alpha_detail",4,"Full-GMM","FULL_TABLE2",-0.1,NA,NA,NA,NA,NA,22.1450615564297,22.1450615564297,0,NA,NA,NA,NA,NA,NA,NA,NA,"PASS"
"alpha_detail",4,"Full-GMM","FULL_TABLE2",0,NA,NA,NA,NA,NA,22.2278044324549,22.2278044324549,0,NA,NA,NA,NA,NA,NA,NA,NA,"PASS"
"alpha_detail",4,"Full-GMM","FULL_TABLE2",0.1,NA,NA,NA,NA,NA,21.5428643937279,21.5428643937279,0,NA,NA,NA,NA,NA,NA,NA,NA,"PASS"
"alpha_detail",4,"Full-GMM","FULL_TABLE2",0.2,NA,NA,NA,NA,NA,15.2228156192601,15.2228156192601,0,NA,NA,NA,NA,NA,NA,NA,NA,"PASS"
"alpha_detail",4,"Full-GMM","FULL_TABLE2",0.3,NA,NA,NA,NA,NA,9.12625013668837,9.12625013668837,0,NA,NA,NA,NA,NA,NA,NA,NA,"PASS"
"alpha_detail",4,"Full-GMM","FULL_TABLE2",0.4,NA,NA,NA,NA,NA,8.54234600854832,8.54234600854832,0,NA,NA,NA,NA,NA,NA,NA,NA,"PASS"
"alpha_detail",4,"Full-GMM","FULL_TABLE2",0.5,NA,NA,NA,NA,NA,6.05056520286887,6.05056520286887,0,NA,NA,NA,NA,NA,NA,NA,NA,"PASS"
"alpha_detail",4,"Full-GMM","FULL_TABLE2",0.6,NA,NA,NA,NA,NA,3.68192116278023,3.68192116278023,0,NA,NA,NA,NA,NA,NA,NA,NA,"PASS"
"alpha_detail",4,"Full-GMM","FULL_TABLE2",0.7,NA,NA,NA,NA,NA,7.36031149699113,7.36031149699113,0,NA,NA,NA,NA,NA,NA,NA,NA,"PASS"
"alpha_detail",4,"Full-GMM","FULL_TABLE2",0.8,NA,NA,NA,NA,NA,4.78985484817335,4.78985484817335,0,NA,NA,NA,NA,NA,NA,NA,NA,"PASS"
"alpha_detail",4,"Full-GMM","FULL_TABLE2",0.9,NA,NA,NA,NA,NA,1.28086650716622,1.28086650716622,0,NA,NA,NA,NA,NA,NA,NA,NA,"PASS"
"alpha_detail",4,"Full-GMM","FULL_TABLE2",1,NA,NA,NA,NA,NA,0.259883984116124,0.259883984116124,0,NA,NA,NA,NA,NA,NA,NA,NA,"PASS"
"alpha_detail",4,"Full-GMM","FULL_TABLE2",1.1,NA,NA,NA,NA,NA,0.730471794000968,0.730471794000968,0,NA,NA,NA,NA,NA,NA,NA,NA,"PASS"
"alpha_detail",4,"Full-GMM","FULL_TABLE2",1.2,NA,NA,NA,NA,NA,4.00383132588589,4.00383132588589,0,NA,NA,NA,NA,NA,NA,NA,NA,"PASS"
"alpha_detail",4,"Full-GMM","FULL_TABLE2",1.3,NA,NA,NA,NA,NA,4.14003104077722,4.14003104077722,0,NA,NA,NA,NA,NA,NA,NA,NA,"PASS"
"alpha_detail",4,"Full-GMM","FULL_TABLE2",1.4,NA,NA,NA,NA,NA,8.33427698548224,8.33427698548224,0,NA,NA,NA,NA,NA,NA,NA,NA,"PASS"
"alpha_detail",4,"Full-GMM","FULL_TABLE2",1.5,NA,NA,NA,NA,NA,11.4758784784891,11.4758784784891,0,NA,NA,NA,NA,NA,NA,NA,NA,"PASS"
"alpha_detail",4,"Full-GMM","FULL_TABLE2",1.6,NA,NA,NA,NA,NA,25.4691042106591,25.4691042106591,0,NA,NA,NA,NA,NA,NA,NA,NA,"PASS"
"alpha_detail",4,"Full-GMM","FULL_TABLE2",1.7,NA,NA,NA,NA,NA,21.5522927318429,21.5522927318429,0,NA,NA,NA,NA,NA,NA,NA,NA,"PASS"
"alpha_detail",4,"Full-GMM","FULL_TABLE2",1.8,NA,NA,NA,NA,NA,26.0241090770257,26.0241090770257,0,NA,NA,NA,NA,NA,NA,NA,NA,"PASS"
"alpha_detail",4,"Full-GMM","FULL_TABLE2",1.9,NA,NA,NA,NA,NA,37.1849334764029,37.1849334764029,0,NA,NA,NA,NA,NA,NA,NA,NA,"PASS"
"alpha_detail",4,"Full-GMM","FULL_TABLE2",2,NA,NA,NA,NA,NA,47.0875060396484,47.0875060396484,0,NA,NA,NA,NA,NA,NA,NA,NA,"PASS"
"alpha_detail",4,"Full-GMM","FULL_TABLE2",2.1,NA,NA,NA,NA,NA,58.8597159414064,58.8597159414064,0,NA,NA,NA,NA,NA,NA,NA,NA,"PASS"
"alpha_detail",4,"Full-GMM","FULL_TABLE2",2.2,NA,NA,NA,NA,NA,41.6452658628322,41.6452658628322,0,NA,NA,NA,NA,NA,NA,NA,NA,"PASS"
"alpha_detail",4,"Full-GMM","FULL_TABLE2",2.3,NA,NA,NA,NA,NA,52.5253447936491,52.5253447936491,0,NA,NA,NA,NA,NA,NA,NA,NA,"PASS"
"alpha_detail",4,"Full-GMM","FULL_TABLE2",2.4,NA,NA,NA,NA,NA,51.5420432261353,51.5420432261353,0,NA,NA,NA,NA,NA,NA,NA,NA,"PASS"
"alpha_detail",4,"Full-GMM","FULL_TABLE2",2.5,NA,NA,NA,NA,NA,64.6703349185189,64.6703349185189,0,NA,NA,NA,NA,NA,NA,NA,NA,"PASS"
"alpha_detail",4,"Full-GMM","FULL_TABLE2",2.6,NA,NA,NA,NA,NA,65.3496704983648,65.3496704983648,0,NA,NA,NA,NA,NA,NA,NA,NA,"PASS"
"alpha_detail",4,"Full-GMM","FULL_TABLE2",2.7,NA,NA,NA,NA,NA,75.9374786514544,75.9374786514544,0,NA,NA,NA,NA,NA,NA,NA,NA,"PASS"
"alpha_detail",4,"Full-GMM","FULL_TABLE2",2.8,NA,NA,NA,NA,NA,80.4764760118373,80.4764760118373,0,NA,NA,NA,NA,NA,NA,NA,NA,"PASS"
"alpha_detail",4,"Full-GMM","FULL_TABLE2",2.9,NA,NA,NA,NA,NA,90.2073588867654,90.2073588867654,0,NA,NA,NA,NA,NA,NA,NA,NA,"PASS"
"alpha_detail",4,"Full-GMM","FULL_TABLE2",3,NA,NA,NA,NA,NA,75.5927730130758,75.5927730130758,0,NA,NA,NA,NA,NA,NA,NA,NA,"PASS"
"dataset_summary",4,"DML-CV","DML_TABLE2_CV",NA,NA,NA,NA,NA,0,NA,NA,NA,0.9,0.9,2.50281514220676,2.50281514220676,TRUE,TRUE,NA,NA,"PASS"
"alpha_detail",4,"DML-CV","DML_TABLE2_CV",-1,NA,NA,NA,NA,NA,60.0814053819753,60.0814053819753,0,NA,NA,NA,NA,NA,NA,0.0186183830228476,NA,"PASS"
"alpha_detail",4,"DML-CV","DML_TABLE2_CV",-0.9,NA,NA,NA,NA,NA,56.5956186443369,56.5956186443369,0,NA,NA,NA,NA,NA,NA,0.013004454433763,NA,"PASS"
"alpha_detail",4,"DML-CV","DML_TABLE2_CV",-0.8,NA,NA,NA,NA,NA,56.0487435367896,56.0487435367896,0,NA,NA,NA,NA,NA,NA,0.0214179083942626,NA,"PASS"
"alpha_detail",4,"DML-CV","DML_TABLE2_CV",-0.7,NA,NA,NA,NA,NA,56.4832868673916,56.4832868673916,0,NA,NA,NA,NA,NA,NA,0.0221845236887401,NA,"PASS"
"alpha_detail",4,"DML-CV","DML_TABLE2_CV",-0.6,NA,NA,NA,NA,NA,47.8997041027308,47.8997041027308,0,NA,NA,NA,NA,NA,NA,0.0149695169376273,NA,"PASS"
"alpha_detail",4,"DML-CV","DML_TABLE2_CV",-0.5,NA,NA,NA,NA,NA,86.1991399913312,86.1991399913312,0,NA,NA,NA,NA,NA,NA,0.0362367593170692,NA,"PASS"
"alpha_detail",4,"DML-CV","DML_TABLE2_CV",-0.4,NA,NA,NA,NA,NA,55.6501355411124,55.6501355411124,0,NA,NA,NA,NA,NA,NA,0.0232063531992886,NA,"PASS"
"alpha_detail",4,"DML-CV","DML_TABLE2_CV",-0.3,NA,NA,NA,NA,NA,53.4747526282508,53.4747526282508,0,NA,NA,NA,NA,NA,NA,0.0261923078408934,NA,"PASS"
"alpha_detail",4,"DML-CV","DML_TABLE2_CV",-0.2,NA,NA,NA,NA,NA,53.6901718056881,53.6901718056881,0,NA,NA,NA,NA,NA,NA,0.0275474682095949,NA,"PASS"
"alpha_detail",4,"DML-CV","DML_TABLE2_CV",-0.1,NA,NA,NA,NA,NA,46.3095188599543,46.3095188599543,0,NA,NA,NA,NA,NA,NA,0.0300827170666676,NA,"PASS"
"alpha_detail",4,"DML-CV","DML_TABLE2_CV",0,NA,NA,NA,NA,NA,45.7284582424787,45.7284582424787,0,NA,NA,NA,NA,NA,NA,0.0279364821053337,NA,"PASS"
"alpha_detail",4,"DML-CV","DML_TABLE2_CV",0.1,NA,NA,NA,NA,NA,41.6311376554557,41.6311376554557,0,NA,NA,NA,NA,NA,NA,0.027103788496845,NA,"PASS"
"alpha_detail",4,"DML-CV","DML_TABLE2_CV",0.2,NA,NA,NA,NA,NA,34.4684255501136,34.4684255501136,0,NA,NA,NA,NA,NA,NA,0.0337421454351751,NA,"PASS"
"alpha_detail",4,"DML-CV","DML_TABLE2_CV",0.3,NA,NA,NA,NA,NA,31.19240221486,31.19240221486,0,NA,NA,NA,NA,NA,NA,0.0258446048567887,NA,"PASS"
"alpha_detail",4,"DML-CV","DML_TABLE2_CV",0.4,NA,NA,NA,NA,NA,26.3786988338916,26.3786988338916,0,NA,NA,NA,NA,NA,NA,0.0249553140954589,NA,"PASS"
"alpha_detail",4,"DML-CV","DML_TABLE2_CV",0.5,NA,NA,NA,NA,NA,18.17857809918,18.17857809918,0,NA,NA,NA,NA,NA,NA,0.0257220013999859,NA,"PASS"
"alpha_detail",4,"DML-CV","DML_TABLE2_CV",0.6,NA,NA,NA,NA,NA,14.2765655536856,14.2765655536856,0,NA,NA,NA,NA,NA,NA,0.0273267630964557,NA,"PASS"
"alpha_detail",4,"DML-CV","DML_TABLE2_CV",0.7,NA,NA,NA,NA,NA,12.5543808372503,12.5543808372503,0,NA,NA,NA,NA,NA,NA,0.0308428896677948,NA,"PASS"
"alpha_detail",4,"DML-CV","DML_TABLE2_CV",0.8,NA,NA,NA,NA,NA,3.6677925292191,3.6677925292191,0,NA,NA,NA,NA,NA,NA,0.030776693997976,NA,"PASS"
"alpha_detail",4,"DML-CV","DML_TABLE2_CV",0.9,NA,NA,NA,NA,NA,2.50281514220676,2.50281514220676,0,NA,NA,NA,NA,NA,NA,0.0317267455229148,NA,"PASS"
"alpha_detail",4,"DML-CV","DML_TABLE2_CV",1,NA,NA,NA,NA,NA,2.73017040586899,2.73017040586899,0,NA,NA,NA,NA,NA,NA,0.0272560930513362,NA,"PASS"
"alpha_detail",4,"DML-CV","DML_TABLE2_CV",1.1,NA,NA,NA,NA,NA,2.51664864984244,2.51664864984244,0,NA,NA,NA,NA,NA,NA,0.0316441098249477,NA,"PASS"
"alpha_detail",4,"DML-CV","DML_TABLE2_CV",1.2,NA,NA,NA,NA,NA,3.04250364371182,3.04250364371182,0,NA,NA,NA,NA,NA,NA,0.0325516693222898,NA,"PASS"
"alpha_detail",4,"DML-CV","DML_TABLE2_CV",1.3,NA,NA,NA,NA,NA,5.98610240771487,5.98610240771487,0,NA,NA,NA,NA,NA,NA,0.0345452904629105,NA,"PASS"
"alpha_detail",4,"DML-CV","DML_TABLE2_CV",1.4,NA,NA,NA,NA,NA,11.8535087824627,11.8535087824627,0,NA,NA,NA,NA,NA,NA,0.0355813305409713,NA,"PASS"
"alpha_detail",4,"DML-CV","DML_TABLE2_CV",1.5,NA,NA,NA,NA,NA,16.2312572025487,16.2312572025487,0,NA,NA,NA,NA,NA,NA,0.0315120536923278,NA,"PASS"
"alpha_detail",4,"DML-CV","DML_TABLE2_CV",1.6,NA,NA,NA,NA,NA,19.8252148956577,19.8252148956577,0,NA,NA,NA,NA,NA,NA,0.033464981207223,NA,"PASS"
"alpha_detail",4,"DML-CV","DML_TABLE2_CV",1.7,NA,NA,NA,NA,NA,29.3791020383249,29.3791020383249,0,NA,NA,NA,NA,NA,NA,0.0296177484692151,NA,"PASS"
"alpha_detail",4,"DML-CV","DML_TABLE2_CV",1.8,NA,NA,NA,NA,NA,38.5908560663456,38.5908560663456,0,NA,NA,NA,NA,NA,NA,0.030473482289199,NA,"PASS"
"alpha_detail",4,"DML-CV","DML_TABLE2_CV",1.9,NA,NA,NA,NA,NA,35.6772197476969,35.6772197476969,0,NA,NA,NA,NA,NA,NA,0.0365021835618997,NA,"PASS"
"alpha_detail",4,"DML-CV","DML_TABLE2_CV",2,NA,NA,NA,NA,NA,43.3013376420431,43.3013376420431,0,NA,NA,NA,NA,NA,NA,0.0333715905332019,NA,"PASS"
"alpha_detail",4,"DML-CV","DML_TABLE2_CV",2.1,NA,NA,NA,NA,NA,50.7572542257688,50.7572542257688,0,NA,NA,NA,NA,NA,NA,0.0304755642181825,NA,"PASS"
"alpha_detail",4,"DML-CV","DML_TABLE2_CV",2.2,NA,NA,NA,NA,NA,57.6392293224365,57.6392293224365,0,NA,NA,NA,NA,NA,NA,0.0286858894600335,NA,"PASS"
"alpha_detail",4,"DML-CV","DML_TABLE2_CV",2.3,NA,NA,NA,NA,NA,49.4488772346885,49.4488772346885,0,NA,NA,NA,NA,NA,NA,0.0382537732170946,NA,"PASS"
"alpha_detail",4,"DML-CV","DML_TABLE2_CV",2.4,NA,NA,NA,NA,NA,61.1086703378604,61.1086703378604,0,NA,NA,NA,NA,NA,NA,0.0328825654516827,NA,"PASS"
"alpha_detail",4,"DML-CV","DML_TABLE2_CV",2.5,NA,NA,NA,NA,NA,60.1788549574728,60.1788549574728,0,NA,NA,NA,NA,NA,NA,0.0338927969949784,NA,"PASS"
"alpha_detail",4,"DML-CV","DML_TABLE2_CV",2.6,NA,NA,NA,NA,NA,58.5795044426142,58.5795044426142,0,NA,NA,NA,NA,NA,NA,0.0349340652824287,NA,"PASS"
"alpha_detail",4,"DML-CV","DML_TABLE2_CV",2.7,NA,NA,NA,NA,NA,59.8979723090123,59.8979723090123,0,NA,NA,NA,NA,NA,NA,0.0363230122812074,NA,"PASS"
"alpha_detail",4,"DML-CV","DML_TABLE2_CV",2.8,NA,NA,NA,NA,NA,65.4627321583418,65.4627321583418,0,NA,NA,NA,NA,NA,NA,0.0341899466633171,NA,"PASS"
"alpha_detail",4,"DML-CV","DML_TABLE2_CV",2.9,NA,NA,NA,NA,NA,69.725434803254,69.725434803254,0,NA,NA,NA,NA,NA,NA,0.0298636902945971,NA,"PASS"
"alpha_detail",4,"DML-CV","DML_TABLE2_CV",3,NA,NA,NA,NA,NA,79.4839952026931,79.4839952026931,0,NA,NA,NA,NA,NA,NA,0.0264591936312149,NA,"PASS"
"dataset_summary",4,"DML-BC","DML_BC_CONDITIONAL",NA,NA,NA,NA,NA,0,NA,NA,NA,0.9,0.9,0.314784738365667,0.314784738365667,TRUE,TRUE,NA,TRUE,"PASS"
"alpha_detail",4,"DML-BC","DML_BC_CONDITIONAL",-1,NA,NA,NA,NA,NA,76.6193039636327,76.6193039636327,0,NA,NA,NA,NA,NA,NA,NA,NA,"PASS"
"alpha_detail",4,"DML-BC","DML_BC_CONDITIONAL",-0.9,NA,NA,NA,NA,NA,69.7215733016813,69.7215733016813,0,NA,NA,NA,NA,NA,NA,NA,NA,"PASS"
"alpha_detail",4,"DML-BC","DML_BC_CONDITIONAL",-0.8,NA,NA,NA,NA,NA,71.7624989146023,71.7624989146023,0,NA,NA,NA,NA,NA,NA,NA,NA,"PASS"
"alpha_detail",4,"DML-BC","DML_BC_CONDITIONAL",-0.7,NA,NA,NA,NA,NA,69.4203041891238,69.4203041891238,0,NA,NA,NA,NA,NA,NA,NA,NA,"PASS"
"alpha_detail",4,"DML-BC","DML_BC_CONDITIONAL",-0.6,NA,NA,NA,NA,NA,64.6417456767684,64.6417456767684,0,NA,NA,NA,NA,NA,NA,NA,NA,"PASS"
"alpha_detail",4,"DML-BC","DML_BC_CONDITIONAL",-0.5,NA,NA,NA,NA,NA,63.9005642854374,63.9005642854374,0,NA,NA,NA,NA,NA,NA,NA,NA,"PASS"
"alpha_detail",4,"DML-BC","DML_BC_CONDITIONAL",-0.4,NA,NA,NA,NA,NA,55.7047864557875,55.7047864557875,0,NA,NA,NA,NA,NA,NA,NA,NA,"PASS"
"alpha_detail",4,"DML-BC","DML_BC_CONDITIONAL",-0.3,NA,NA,NA,NA,NA,48.406216390523,48.406216390523,0,NA,NA,NA,NA,NA,NA,NA,NA,"PASS"
"alpha_detail",4,"DML-BC","DML_BC_CONDITIONAL",-0.2,NA,NA,NA,NA,NA,48.9906663344389,48.9906663344389,0,NA,NA,NA,NA,NA,NA,NA,NA,"PASS"
"alpha_detail",4,"DML-BC","DML_BC_CONDITIONAL",-0.1,NA,NA,NA,NA,NA,37.252927735919,37.252927735919,0,NA,NA,NA,NA,NA,NA,NA,NA,"PASS"
"alpha_detail",4,"DML-BC","DML_BC_CONDITIONAL",0,NA,NA,NA,NA,NA,36.3531051033475,36.3531051033475,0,NA,NA,NA,NA,NA,NA,NA,NA,"PASS"
"alpha_detail",4,"DML-BC","DML_BC_CONDITIONAL",0.1,NA,NA,NA,NA,NA,31.3994684968773,31.3994684968773,0,NA,NA,NA,NA,NA,NA,NA,NA,"PASS"
"alpha_detail",4,"DML-BC","DML_BC_CONDITIONAL",0.2,NA,NA,NA,NA,NA,29.9671800756123,29.9671800756123,0,NA,NA,NA,NA,NA,NA,NA,NA,"PASS"
"alpha_detail",4,"DML-BC","DML_BC_CONDITIONAL",0.3,NA,NA,NA,NA,NA,24.7124548875733,24.7124548875733,0,NA,NA,NA,NA,NA,NA,NA,NA,"PASS"
"alpha_detail",4,"DML-BC","DML_BC_CONDITIONAL",0.4,NA,NA,NA,NA,NA,20.7906451631342,20.7906451631342,0,NA,NA,NA,NA,NA,NA,NA,NA,"PASS"
"alpha_detail",4,"DML-BC","DML_BC_CONDITIONAL",0.5,NA,NA,NA,NA,NA,12.0449424004415,12.0449424004415,0,NA,NA,NA,NA,NA,NA,NA,NA,"PASS"
"alpha_detail",4,"DML-BC","DML_BC_CONDITIONAL",0.6,NA,NA,NA,NA,NA,9.39093628685934,9.39093628685934,0,NA,NA,NA,NA,NA,NA,NA,NA,"PASS"
"alpha_detail",4,"DML-BC","DML_BC_CONDITIONAL",0.7,NA,NA,NA,NA,NA,7.91870286715546,7.91870286715546,0,NA,NA,NA,NA,NA,NA,NA,NA,"PASS"
"alpha_detail",4,"DML-BC","DML_BC_CONDITIONAL",0.8,NA,NA,NA,NA,NA,6.01701331404381,6.01701331404381,0,NA,NA,NA,NA,NA,NA,NA,NA,"PASS"
"alpha_detail",4,"DML-BC","DML_BC_CONDITIONAL",0.9,NA,NA,NA,NA,NA,0.314784738365667,0.314784738365667,0,NA,NA,NA,NA,NA,NA,NA,NA,"PASS"
"alpha_detail",4,"DML-BC","DML_BC_CONDITIONAL",1,NA,NA,NA,NA,NA,1.70397247459875,1.70397247459875,0,NA,NA,NA,NA,NA,NA,NA,NA,"PASS"
"alpha_detail",4,"DML-BC","DML_BC_CONDITIONAL",1.1,NA,NA,NA,NA,NA,2.58836253778474,2.58836253778474,0,NA,NA,NA,NA,NA,NA,NA,NA,"PASS"
"alpha_detail",4,"DML-BC","DML_BC_CONDITIONAL",1.2,NA,NA,NA,NA,NA,5.41875167534733,5.41875167534733,0,NA,NA,NA,NA,NA,NA,NA,NA,"PASS"
"alpha_detail",4,"DML-BC","DML_BC_CONDITIONAL",1.3,NA,NA,NA,NA,NA,9.01932021520438,9.01932021520438,0,NA,NA,NA,NA,NA,NA,NA,NA,"PASS"
"alpha_detail",4,"DML-BC","DML_BC_CONDITIONAL",1.4,NA,NA,NA,NA,NA,12.9816130058797,12.9816130058797,0,NA,NA,NA,NA,NA,NA,NA,NA,"PASS"
"alpha_detail",4,"DML-BC","DML_BC_CONDITIONAL",1.5,NA,NA,NA,NA,NA,16.1071938199112,16.1071938199112,0,NA,NA,NA,NA,NA,NA,NA,NA,"PASS"
"alpha_detail",4,"DML-BC","DML_BC_CONDITIONAL",1.6,NA,NA,NA,NA,NA,19.3163095261106,19.3163095261106,0,NA,NA,NA,NA,NA,NA,NA,NA,"PASS"
"alpha_detail",4,"DML-BC","DML_BC_CONDITIONAL",1.7,NA,NA,NA,NA,NA,28.8859899368369,28.8859899368369,0,NA,NA,NA,NA,NA,NA,NA,NA,"PASS"
"alpha_detail",4,"DML-BC","DML_BC_CONDITIONAL",1.8,NA,NA,NA,NA,NA,33.4991178469984,33.4991178469984,0,NA,NA,NA,NA,NA,NA,NA,NA,"PASS"
"alpha_detail",4,"DML-BC","DML_BC_CONDITIONAL",1.9,NA,NA,NA,NA,NA,35.0835346727316,35.0835346727316,0,NA,NA,NA,NA,NA,NA,NA,NA,"PASS"
"alpha_detail",4,"DML-BC","DML_BC_CONDITIONAL",2,NA,NA,NA,NA,NA,37.3741731362224,37.3741731362224,0,NA,NA,NA,NA,NA,NA,NA,NA,"PASS"
"alpha_detail",4,"DML-BC","DML_BC_CONDITIONAL",2.1,NA,NA,NA,NA,NA,51.6563208805726,51.6563208805726,0,NA,NA,NA,NA,NA,NA,NA,NA,"PASS"
"alpha_detail",4,"DML-BC","DML_BC_CONDITIONAL",2.2,NA,NA,NA,NA,NA,51.7517004530096,51.7517004530096,0,NA,NA,NA,NA,NA,NA,NA,NA,"PASS"
"alpha_detail",4,"DML-BC","DML_BC_CONDITIONAL",2.3,NA,NA,NA,NA,NA,48.2562769150498,48.2562769150498,0,NA,NA,NA,NA,NA,NA,NA,NA,"PASS"
"alpha_detail",4,"DML-BC","DML_BC_CONDITIONAL",2.4,NA,NA,NA,NA,NA,61.7288529289254,61.7288529289254,0,NA,NA,NA,NA,NA,NA,NA,NA,"PASS"
"alpha_detail",4,"DML-BC","DML_BC_CONDITIONAL",2.5,NA,NA,NA,NA,NA,61.2245727338803,61.2245727338803,0,NA,NA,NA,NA,NA,NA,NA,NA,"PASS"
"alpha_detail",4,"DML-BC","DML_BC_CONDITIONAL",2.6,NA,NA,NA,NA,NA,60.1222565802054,60.1222565802054,0,NA,NA,NA,NA,NA,NA,NA,NA,"PASS"
"alpha_detail",4,"DML-BC","DML_BC_CONDITIONAL",2.7,NA,NA,NA,NA,NA,59.095360262471,59.095360262471,0,NA,NA,NA,NA,NA,NA,NA,NA,"PASS"
"alpha_detail",4,"DML-BC","DML_BC_CONDITIONAL",2.8,NA,NA,NA,NA,NA,57.608539359886,57.608539359886,0,NA,NA,NA,NA,NA,NA,NA,NA,"PASS"
"alpha_detail",4,"DML-BC","DML_BC_CONDITIONAL",2.9,NA,NA,NA,NA,NA,62.7941567133067,62.7941567133067,0,NA,NA,NA,NA,NA,NA,NA,NA,"PASS"
"alpha_detail",4,"DML-BC","DML_BC_CONDITIONAL",3,NA,NA,NA,NA,NA,63.1989999676369,63.1989999676369,0,NA,NA,NA,NA,NA,NA,NA,NA,"PASS"
"dataset_summary",4,"DML-CV vs DML-BC","DML_CV_VS_BC_EXPECTED_DIFFERENCE",NA,NA,NA,NA,NA,22.2985757058938,NA,NA,NA,0.9,0.9,2.50281514220676,0.314784738365667,TRUE,FALSE,NA,NA,"EXPECTED METHOD DIFFERENCE"
"alpha_detail",4,"DML-CV vs DML-BC","DML_CV_VS_BC_EXPECTED_DIFFERENCE",-1,NA,NA,NA,NA,NA,60.0814053819753,76.6193039636327,16.5378985816574,NA,NA,NA,NA,NA,NA,NA,NA,"EXPECTED METHOD DIFFERENCE"
"alpha_detail",4,"DML-CV vs DML-BC","DML_CV_VS_BC_EXPECTED_DIFFERENCE",-0.9,NA,NA,NA,NA,NA,56.5956186443369,69.7215733016813,13.1259546573444,NA,NA,NA,NA,NA,NA,NA,NA,"EXPECTED METHOD DIFFERENCE"
"alpha_detail",4,"DML-CV vs DML-BC","DML_CV_VS_BC_EXPECTED_DIFFERENCE",-0.8,NA,NA,NA,NA,NA,56.0487435367896,71.7624989146023,15.7137553778128,NA,NA,NA,NA,NA,NA,NA,NA,"EXPECTED METHOD DIFFERENCE"
"alpha_detail",4,"DML-CV vs DML-BC","DML_CV_VS_BC_EXPECTED_DIFFERENCE",-0.7,NA,NA,NA,NA,NA,56.4832868673916,69.4203041891238,12.9370173217322,NA,NA,NA,NA,NA,NA,NA,NA,"EXPECTED METHOD DIFFERENCE"
"alpha_detail",4,"DML-CV vs DML-BC","DML_CV_VS_BC_EXPECTED_DIFFERENCE",-0.6,NA,NA,NA,NA,NA,47.8997041027308,64.6417456767684,16.7420415740376,NA,NA,NA,NA,NA,NA,NA,NA,"EXPECTED METHOD DIFFERENCE"
"alpha_detail",4,"DML-CV vs DML-BC","DML_CV_VS_BC_EXPECTED_DIFFERENCE",-0.5,NA,NA,NA,NA,NA,86.1991399913312,63.9005642854374,-22.2985757058938,NA,NA,NA,NA,NA,NA,NA,NA,"EXPECTED METHOD DIFFERENCE"
"alpha_detail",4,"DML-CV vs DML-BC","DML_CV_VS_BC_EXPECTED_DIFFERENCE",-0.4,NA,NA,NA,NA,NA,55.6501355411124,55.7047864557875,0.0546509146750296,NA,NA,NA,NA,NA,NA,NA,NA,"EXPECTED METHOD DIFFERENCE"
"alpha_detail",4,"DML-CV vs DML-BC","DML_CV_VS_BC_EXPECTED_DIFFERENCE",-0.3,NA,NA,NA,NA,NA,53.4747526282508,48.406216390523,-5.06853623772784,NA,NA,NA,NA,NA,NA,NA,NA,"EXPECTED METHOD DIFFERENCE"
"alpha_detail",4,"DML-CV vs DML-BC","DML_CV_VS_BC_EXPECTED_DIFFERENCE",-0.2,NA,NA,NA,NA,NA,53.6901718056881,48.9906663344389,-4.69950547124919,NA,NA,NA,NA,NA,NA,NA,NA,"EXPECTED METHOD DIFFERENCE"
"alpha_detail",4,"DML-CV vs DML-BC","DML_CV_VS_BC_EXPECTED_DIFFERENCE",-0.1,NA,NA,NA,NA,NA,46.3095188599543,37.252927735919,-9.05659112403523,NA,NA,NA,NA,NA,NA,NA,NA,"EXPECTED METHOD DIFFERENCE"
"alpha_detail",4,"DML-CV vs DML-BC","DML_CV_VS_BC_EXPECTED_DIFFERENCE",0,NA,NA,NA,NA,NA,45.7284582424787,36.3531051033475,-9.37535313913116,NA,NA,NA,NA,NA,NA,NA,NA,"EXPECTED METHOD DIFFERENCE"
"alpha_detail",4,"DML-CV vs DML-BC","DML_CV_VS_BC_EXPECTED_DIFFERENCE",0.1,NA,NA,NA,NA,NA,41.6311376554557,31.3994684968773,-10.2316691585784,NA,NA,NA,NA,NA,NA,NA,NA,"EXPECTED METHOD DIFFERENCE"
"alpha_detail",4,"DML-CV vs DML-BC","DML_CV_VS_BC_EXPECTED_DIFFERENCE",0.2,NA,NA,NA,NA,NA,34.4684255501136,29.9671800756123,-4.50124547450131,NA,NA,NA,NA,NA,NA,NA,NA,"EXPECTED METHOD DIFFERENCE"
"alpha_detail",4,"DML-CV vs DML-BC","DML_CV_VS_BC_EXPECTED_DIFFERENCE",0.3,NA,NA,NA,NA,NA,31.19240221486,24.7124548875733,-6.47994732728662,NA,NA,NA,NA,NA,NA,NA,NA,"EXPECTED METHOD DIFFERENCE"
"alpha_detail",4,"DML-CV vs DML-BC","DML_CV_VS_BC_EXPECTED_DIFFERENCE",0.4,NA,NA,NA,NA,NA,26.3786988338916,20.7906451631342,-5.58805367075736,NA,NA,NA,NA,NA,NA,NA,NA,"EXPECTED METHOD DIFFERENCE"
"alpha_detail",4,"DML-CV vs DML-BC","DML_CV_VS_BC_EXPECTED_DIFFERENCE",0.5,NA,NA,NA,NA,NA,18.17857809918,12.0449424004415,-6.13363569873853,NA,NA,NA,NA,NA,NA,NA,NA,"EXPECTED METHOD DIFFERENCE"
"alpha_detail",4,"DML-CV vs DML-BC","DML_CV_VS_BC_EXPECTED_DIFFERENCE",0.6,NA,NA,NA,NA,NA,14.2765655536856,9.39093628685934,-4.88562926682629,NA,NA,NA,NA,NA,NA,NA,NA,"EXPECTED METHOD DIFFERENCE"
"alpha_detail",4,"DML-CV vs DML-BC","DML_CV_VS_BC_EXPECTED_DIFFERENCE",0.7,NA,NA,NA,NA,NA,12.5543808372503,7.91870286715546,-4.63567797009482,NA,NA,NA,NA,NA,NA,NA,NA,"EXPECTED METHOD DIFFERENCE"
"alpha_detail",4,"DML-CV vs DML-BC","DML_CV_VS_BC_EXPECTED_DIFFERENCE",0.8,NA,NA,NA,NA,NA,3.6677925292191,6.01701331404381,2.3492207848247,NA,NA,NA,NA,NA,NA,NA,NA,"EXPECTED METHOD DIFFERENCE"
"alpha_detail",4,"DML-CV vs DML-BC","DML_CV_VS_BC_EXPECTED_DIFFERENCE",0.9,NA,NA,NA,NA,NA,2.50281514220676,0.314784738365667,-2.1880304038411,NA,NA,NA,NA,NA,NA,NA,NA,"EXPECTED METHOD DIFFERENCE"
"alpha_detail",4,"DML-CV vs DML-BC","DML_CV_VS_BC_EXPECTED_DIFFERENCE",1,NA,NA,NA,NA,NA,2.73017040586899,1.70397247459875,-1.02619793127024,NA,NA,NA,NA,NA,NA,NA,NA,"EXPECTED METHOD DIFFERENCE"
"alpha_detail",4,"DML-CV vs DML-BC","DML_CV_VS_BC_EXPECTED_DIFFERENCE",1.1,NA,NA,NA,NA,NA,2.51664864984244,2.58836253778474,0.0717138879422961,NA,NA,NA,NA,NA,NA,NA,NA,"EXPECTED METHOD DIFFERENCE"
"alpha_detail",4,"DML-CV vs DML-BC","DML_CV_VS_BC_EXPECTED_DIFFERENCE",1.2,NA,NA,NA,NA,NA,3.04250364371182,5.41875167534733,2.37624803163552,NA,NA,NA,NA,NA,NA,NA,NA,"EXPECTED METHOD DIFFERENCE"
"alpha_detail",4,"DML-CV vs DML-BC","DML_CV_VS_BC_EXPECTED_DIFFERENCE",1.3,NA,NA,NA,NA,NA,5.98610240771487,9.01932021520438,3.03321780748951,NA,NA,NA,NA,NA,NA,NA,NA,"EXPECTED METHOD DIFFERENCE"
"alpha_detail",4,"DML-CV vs DML-BC","DML_CV_VS_BC_EXPECTED_DIFFERENCE",1.4,NA,NA,NA,NA,NA,11.8535087824627,12.9816130058797,1.12810422341698,NA,NA,NA,NA,NA,NA,NA,NA,"EXPECTED METHOD DIFFERENCE"
"alpha_detail",4,"DML-CV vs DML-BC","DML_CV_VS_BC_EXPECTED_DIFFERENCE",1.5,NA,NA,NA,NA,NA,16.2312572025487,16.1071938199112,-0.12406338263748,NA,NA,NA,NA,NA,NA,NA,NA,"EXPECTED METHOD DIFFERENCE"
"alpha_detail",4,"DML-CV vs DML-BC","DML_CV_VS_BC_EXPECTED_DIFFERENCE",1.6,NA,NA,NA,NA,NA,19.8252148956577,19.3163095261106,-0.508905369547158,NA,NA,NA,NA,NA,NA,NA,NA,"EXPECTED METHOD DIFFERENCE"
"alpha_detail",4,"DML-CV vs DML-BC","DML_CV_VS_BC_EXPECTED_DIFFERENCE",1.7,NA,NA,NA,NA,NA,29.3791020383249,28.8859899368369,-0.49311210148803,NA,NA,NA,NA,NA,NA,NA,NA,"EXPECTED METHOD DIFFERENCE"
"alpha_detail",4,"DML-CV vs DML-BC","DML_CV_VS_BC_EXPECTED_DIFFERENCE",1.8,NA,NA,NA,NA,NA,38.5908560663456,33.4991178469984,-5.09173821934721,NA,NA,NA,NA,NA,NA,NA,NA,"EXPECTED METHOD DIFFERENCE"
"alpha_detail",4,"DML-CV vs DML-BC","DML_CV_VS_BC_EXPECTED_DIFFERENCE",1.9,NA,NA,NA,NA,NA,35.6772197476969,35.0835346727316,-0.593685074965222,NA,NA,NA,NA,NA,NA,NA,NA,"EXPECTED METHOD DIFFERENCE"
"alpha_detail",4,"DML-CV vs DML-BC","DML_CV_VS_BC_EXPECTED_DIFFERENCE",2,NA,NA,NA,NA,NA,43.3013376420431,37.3741731362224,-5.92716450582073,NA,NA,NA,NA,NA,NA,NA,NA,"EXPECTED METHOD DIFFERENCE"
"alpha_detail",4,"DML-CV vs DML-BC","DML_CV_VS_BC_EXPECTED_DIFFERENCE",2.1,NA,NA,NA,NA,NA,50.7572542257688,51.6563208805726,0.899066654803825,NA,NA,NA,NA,NA,NA,NA,NA,"EXPECTED METHOD DIFFERENCE"
"alpha_detail",4,"DML-CV vs DML-BC","DML_CV_VS_BC_EXPECTED_DIFFERENCE",2.2,NA,NA,NA,NA,NA,57.6392293224365,51.7517004530096,-5.88752886942695,NA,NA,NA,NA,NA,NA,NA,NA,"EXPECTED METHOD DIFFERENCE"
"alpha_detail",4,"DML-CV vs DML-BC","DML_CV_VS_BC_EXPECTED_DIFFERENCE",2.3,NA,NA,NA,NA,NA,49.4488772346885,48.2562769150498,-1.19260031963869,NA,NA,NA,NA,NA,NA,NA,NA,"EXPECTED METHOD DIFFERENCE"
"alpha_detail",4,"DML-CV vs DML-BC","DML_CV_VS_BC_EXPECTED_DIFFERENCE",2.4,NA,NA,NA,NA,NA,61.1086703378604,61.7288529289254,0.620182591064989,NA,NA,NA,NA,NA,NA,NA,NA,"EXPECTED METHOD DIFFERENCE"
"alpha_detail",4,"DML-CV vs DML-BC","DML_CV_VS_BC_EXPECTED_DIFFERENCE",2.5,NA,NA,NA,NA,NA,60.1788549574728,61.2245727338803,1.04571777640749,NA,NA,NA,NA,NA,NA,NA,NA,"EXPECTED METHOD DIFFERENCE"
"alpha_detail",4,"DML-CV vs DML-BC","DML_CV_VS_BC_EXPECTED_DIFFERENCE",2.6,NA,NA,NA,NA,NA,58.5795044426142,60.1222565802054,1.54275213759126,NA,NA,NA,NA,NA,NA,NA,NA,"EXPECTED METHOD DIFFERENCE"
"alpha_detail",4,"DML-CV vs DML-BC","DML_CV_VS_BC_EXPECTED_DIFFERENCE",2.7,NA,NA,NA,NA,NA,59.8979723090123,59.095360262471,-0.802612046541299,NA,NA,NA,NA,NA,NA,NA,NA,"EXPECTED METHOD DIFFERENCE"
"alpha_detail",4,"DML-CV vs DML-BC","DML_CV_VS_BC_EXPECTED_DIFFERENCE",2.8,NA,NA,NA,NA,NA,65.4627321583418,57.608539359886,-7.85419279845578,NA,NA,NA,NA,NA,NA,NA,NA,"EXPECTED METHOD DIFFERENCE"
"alpha_detail",4,"DML-CV vs DML-BC","DML_CV_VS_BC_EXPECTED_DIFFERENCE",2.9,NA,NA,NA,NA,NA,69.725434803254,62.7941567133067,-6.93127808994734,NA,NA,NA,NA,NA,NA,NA,NA,"EXPECTED METHOD DIFFERENCE"
"alpha_detail",4,"DML-CV vs DML-BC","DML_CV_VS_BC_EXPECTED_DIFFERENCE",3,NA,NA,NA,NA,NA,79.4839952026931,63.1989999676369,-16.2849952350562,NA,NA,NA,NA,NA,NA,NA,NA,"EXPECTED METHOD DIFFERENCE"
"dataset_summary",5,"Oracle-GMM","ORACLE_TABLE2",NA,NA,NA,NA,NA,0,NA,NA,NA,1,1,4.2733550102094,4.2733550102094,TRUE,TRUE,NA,NA,"PASS"
"alpha_detail",5,"Oracle-GMM","ORACLE_TABLE2",-1,NA,NA,NA,NA,NA,62.0542629995869,62.0542629995869,0,NA,NA,NA,NA,NA,NA,NA,NA,"PASS"
"alpha_detail",5,"Oracle-GMM","ORACLE_TABLE2",-0.9,NA,NA,NA,NA,NA,63.3760525433361,63.3760525433361,0,NA,NA,NA,NA,NA,NA,NA,NA,"PASS"
"alpha_detail",5,"Oracle-GMM","ORACLE_TABLE2",-0.8,NA,NA,NA,NA,NA,56.6439461172754,56.6439461172754,0,NA,NA,NA,NA,NA,NA,NA,NA,"PASS"
"alpha_detail",5,"Oracle-GMM","ORACLE_TABLE2",-0.7,NA,NA,NA,NA,NA,55.8857939466374,55.8857939466374,0,NA,NA,NA,NA,NA,NA,NA,NA,"PASS"
"alpha_detail",5,"Oracle-GMM","ORACLE_TABLE2",-0.6,NA,NA,NA,NA,NA,49.3040336712546,49.3040336712546,0,NA,NA,NA,NA,NA,NA,NA,NA,"PASS"
"alpha_detail",5,"Oracle-GMM","ORACLE_TABLE2",-0.5,NA,NA,NA,NA,NA,48.2625052348409,48.2625052348409,0,NA,NA,NA,NA,NA,NA,NA,NA,"PASS"
"alpha_detail",5,"Oracle-GMM","ORACLE_TABLE2",-0.4,NA,NA,NA,NA,NA,50.3286078532797,50.3286078532797,0,NA,NA,NA,NA,NA,NA,NA,NA,"PASS"
"alpha_detail",5,"Oracle-GMM","ORACLE_TABLE2",-0.3,NA,NA,NA,NA,NA,47.0510005350608,47.0510005350608,0,NA,NA,NA,NA,NA,NA,NA,NA,"PASS"
"alpha_detail",5,"Oracle-GMM","ORACLE_TABLE2",-0.2,NA,NA,NA,NA,NA,47.210634631095,47.210634631095,0,NA,NA,NA,NA,NA,NA,NA,NA,"PASS"
"alpha_detail",5,"Oracle-GMM","ORACLE_TABLE2",-0.1,NA,NA,NA,NA,NA,39.4270171908492,39.4270171908492,0,NA,NA,NA,NA,NA,NA,NA,NA,"PASS"
"alpha_detail",5,"Oracle-GMM","ORACLE_TABLE2",0,NA,NA,NA,NA,NA,39.0080657742964,39.0080657742964,0,NA,NA,NA,NA,NA,NA,NA,NA,"PASS"
"alpha_detail",5,"Oracle-GMM","ORACLE_TABLE2",0.1,NA,NA,NA,NA,NA,33.9740385148782,33.9740385148782,0,NA,NA,NA,NA,NA,NA,NA,NA,"PASS"
"alpha_detail",5,"Oracle-GMM","ORACLE_TABLE2",0.2,NA,NA,NA,NA,NA,30.2029695974933,30.2029695974933,0,NA,NA,NA,NA,NA,NA,NA,NA,"PASS"
"alpha_detail",5,"Oracle-GMM","ORACLE_TABLE2",0.3,NA,NA,NA,NA,NA,25.8829397255661,25.8829397255661,0,NA,NA,NA,NA,NA,NA,NA,NA,"PASS"
"alpha_detail",5,"Oracle-GMM","ORACLE_TABLE2",0.4,NA,NA,NA,NA,NA,25.179113765318,25.179113765318,0,NA,NA,NA,NA,NA,NA,NA,NA,"PASS"
"alpha_detail",5,"Oracle-GMM","ORACLE_TABLE2",0.5,NA,NA,NA,NA,NA,20.025593302443,20.025593302443,0,NA,NA,NA,NA,NA,NA,NA,NA,"PASS"
"alpha_detail",5,"Oracle-GMM","ORACLE_TABLE2",0.6,NA,NA,NA,NA,NA,10.8878837490777,10.8878837490777,0,NA,NA,NA,NA,NA,NA,NA,NA,"PASS"
"alpha_detail",5,"Oracle-GMM","ORACLE_TABLE2",0.7,NA,NA,NA,NA,NA,5.90182899600167,5.90182899600167,0,NA,NA,NA,NA,NA,NA,NA,NA,"PASS"
"alpha_detail",5,"Oracle-GMM","ORACLE_TABLE2",0.8,NA,NA,NA,NA,NA,6.33824187954903,6.33824187954903,0,NA,NA,NA,NA,NA,NA,NA,NA,"PASS"
"alpha_detail",5,"Oracle-GMM","ORACLE_TABLE2",0.9,NA,NA,NA,NA,NA,5.05844019842269,5.05844019842269,0,NA,NA,NA,NA,NA,NA,NA,NA,"PASS"
"alpha_detail",5,"Oracle-GMM","ORACLE_TABLE2",1,NA,NA,NA,NA,NA,4.2733550102094,4.2733550102094,0,NA,NA,NA,NA,NA,NA,NA,NA,"PASS"
"alpha_detail",5,"Oracle-GMM","ORACLE_TABLE2",1.1,NA,NA,NA,NA,NA,5.05506942215453,5.05506942215453,0,NA,NA,NA,NA,NA,NA,NA,NA,"PASS"
"alpha_detail",5,"Oracle-GMM","ORACLE_TABLE2",1.2,NA,NA,NA,NA,NA,12.9770891204324,12.9770891204324,0,NA,NA,NA,NA,NA,NA,NA,NA,"PASS"
"alpha_detail",5,"Oracle-GMM","ORACLE_TABLE2",1.3,NA,NA,NA,NA,NA,18.681871113382,18.681871113382,0,NA,NA,NA,NA,NA,NA,NA,NA,"PASS"
"alpha_detail",5,"Oracle-GMM","ORACLE_TABLE2",1.4,NA,NA,NA,NA,NA,21.1259314997833,21.1259314997833,0,NA,NA,NA,NA,NA,NA,NA,NA,"PASS"
"alpha_detail",5,"Oracle-GMM","ORACLE_TABLE2",1.5,NA,NA,NA,NA,NA,26.330431469072,26.330431469072,0,NA,NA,NA,NA,NA,NA,NA,NA,"PASS"
"alpha_detail",5,"Oracle-GMM","ORACLE_TABLE2",1.6,NA,NA,NA,NA,NA,32.6860225430753,32.6860225430753,0,NA,NA,NA,NA,NA,NA,NA,NA,"PASS"
"alpha_detail",5,"Oracle-GMM","ORACLE_TABLE2",1.7,NA,NA,NA,NA,NA,39.960684830236,39.960684830236,0,NA,NA,NA,NA,NA,NA,NA,NA,"PASS"
"alpha_detail",5,"Oracle-GMM","ORACLE_TABLE2",1.8,NA,NA,NA,NA,NA,42.5764765662132,42.5764765662132,0,NA,NA,NA,NA,NA,NA,NA,NA,"PASS"
"alpha_detail",5,"Oracle-GMM","ORACLE_TABLE2",1.9,NA,NA,NA,NA,NA,41.2990572059246,41.2990572059246,0,NA,NA,NA,NA,NA,NA,NA,NA,"PASS"
"alpha_detail",5,"Oracle-GMM","ORACLE_TABLE2",2,NA,NA,NA,NA,NA,45.1138082946439,45.1138082946439,0,NA,NA,NA,NA,NA,NA,NA,NA,"PASS"
"alpha_detail",5,"Oracle-GMM","ORACLE_TABLE2",2.1,NA,NA,NA,NA,NA,44.6054778094795,44.6054778094795,0,NA,NA,NA,NA,NA,NA,NA,NA,"PASS"
"alpha_detail",5,"Oracle-GMM","ORACLE_TABLE2",2.2,NA,NA,NA,NA,NA,46.925920072482,46.925920072482,0,NA,NA,NA,NA,NA,NA,NA,NA,"PASS"
"alpha_detail",5,"Oracle-GMM","ORACLE_TABLE2",2.3,NA,NA,NA,NA,NA,47.5774542117489,47.5774542117489,0,NA,NA,NA,NA,NA,NA,NA,NA,"PASS"
"alpha_detail",5,"Oracle-GMM","ORACLE_TABLE2",2.4,NA,NA,NA,NA,NA,50.2249592721117,50.2249592721117,0,NA,NA,NA,NA,NA,NA,NA,NA,"PASS"
"alpha_detail",5,"Oracle-GMM","ORACLE_TABLE2",2.5,NA,NA,NA,NA,NA,47.4901310116448,47.4901310116448,0,NA,NA,NA,NA,NA,NA,NA,NA,"PASS"
"alpha_detail",5,"Oracle-GMM","ORACLE_TABLE2",2.6,NA,NA,NA,NA,NA,53.5116391943638,53.5116391943638,0,NA,NA,NA,NA,NA,NA,NA,NA,"PASS"
"alpha_detail",5,"Oracle-GMM","ORACLE_TABLE2",2.7,NA,NA,NA,NA,NA,53.2621809093299,53.2621809093299,0,NA,NA,NA,NA,NA,NA,NA,NA,"PASS"
"alpha_detail",5,"Oracle-GMM","ORACLE_TABLE2",2.8,NA,NA,NA,NA,NA,54.0658280692462,54.0658280692462,0,NA,NA,NA,NA,NA,NA,NA,NA,"PASS"
"alpha_detail",5,"Oracle-GMM","ORACLE_TABLE2",2.9,NA,NA,NA,NA,NA,59.1434197274343,59.1434197274343,0,NA,NA,NA,NA,NA,NA,NA,NA,"PASS"
"alpha_detail",5,"Oracle-GMM","ORACLE_TABLE2",3,NA,NA,NA,NA,NA,55.5343488410672,55.5343488410672,0,NA,NA,NA,NA,NA,NA,NA,NA,"PASS"
"dataset_summary",5,"Full-GMM","FULL_TABLE2",NA,NA,NA,NA,NA,0,NA,NA,NA,0.9,0.9,0.119803750275253,0.119803750275253,TRUE,TRUE,NA,NA,"PASS"
"alpha_detail",5,"Full-GMM","FULL_TABLE2",-1,NA,NA,NA,NA,NA,42.7031210663841,42.7031210663841,0,NA,NA,NA,NA,NA,NA,NA,NA,"PASS"
"alpha_detail",5,"Full-GMM","FULL_TABLE2",-0.9,NA,NA,NA,NA,NA,36.4606755984713,36.4606755984713,0,NA,NA,NA,NA,NA,NA,NA,NA,"PASS"
"alpha_detail",5,"Full-GMM","FULL_TABLE2",-0.8,NA,NA,NA,NA,NA,50.251161105437,50.251161105437,0,NA,NA,NA,NA,NA,NA,NA,NA,"PASS"
"alpha_detail",5,"Full-GMM","FULL_TABLE2",-0.7,NA,NA,NA,NA,NA,38.7730346310441,38.7730346310441,0,NA,NA,NA,NA,NA,NA,NA,NA,"PASS"
"alpha_detail",5,"Full-GMM","FULL_TABLE2",-0.6,NA,NA,NA,NA,NA,39.9918886687618,39.9918886687618,0,NA,NA,NA,NA,NA,NA,NA,NA,"PASS"
"alpha_detail",5,"Full-GMM","FULL_TABLE2",-0.5,NA,NA,NA,NA,NA,44.1617890808097,44.1617890808097,0,NA,NA,NA,NA,NA,NA,NA,NA,"PASS"
"alpha_detail",5,"Full-GMM","FULL_TABLE2",-0.4,NA,NA,NA,NA,NA,28.9901926184809,28.9901926184809,0,NA,NA,NA,NA,NA,NA,NA,NA,"PASS"
"alpha_detail",5,"Full-GMM","FULL_TABLE2",-0.3,NA,NA,NA,NA,NA,32.1343933525276,32.1343933525276,0,NA,NA,NA,NA,NA,NA,NA,NA,"PASS"
"alpha_detail",5,"Full-GMM","FULL_TABLE2",-0.2,NA,NA,NA,NA,NA,33.2648870813618,33.2648870813618,0,NA,NA,NA,NA,NA,NA,NA,NA,"PASS"
"alpha_detail",5,"Full-GMM","FULL_TABLE2",-0.1,NA,NA,NA,NA,NA,26.0878710986073,26.0878710986073,0,NA,NA,NA,NA,NA,NA,NA,NA,"PASS"
"alpha_detail",5,"Full-GMM","FULL_TABLE2",0,NA,NA,NA,NA,NA,25.5952615739165,25.5952615739165,0,NA,NA,NA,NA,NA,NA,NA,NA,"PASS"
"alpha_detail",5,"Full-GMM","FULL_TABLE2",0.1,NA,NA,NA,NA,NA,20.8492084765949,20.8492084765949,0,NA,NA,NA,NA,NA,NA,NA,NA,"PASS"
"alpha_detail",5,"Full-GMM","FULL_TABLE2",0.2,NA,NA,NA,NA,NA,14.9970402334829,14.9970402334829,0,NA,NA,NA,NA,NA,NA,NA,NA,"PASS"
"alpha_detail",5,"Full-GMM","FULL_TABLE2",0.3,NA,NA,NA,NA,NA,15.3798293070477,15.3798293070477,0,NA,NA,NA,NA,NA,NA,NA,NA,"PASS"
"alpha_detail",5,"Full-GMM","FULL_TABLE2",0.4,NA,NA,NA,NA,NA,15.5504195216634,15.5504195216634,0,NA,NA,NA,NA,NA,NA,NA,NA,"PASS"
"alpha_detail",5,"Full-GMM","FULL_TABLE2",0.5,NA,NA,NA,NA,NA,7.06243763178783,7.06243763178783,0,NA,NA,NA,NA,NA,NA,NA,NA,"PASS"
"alpha_detail",5,"Full-GMM","FULL_TABLE2",0.6,NA,NA,NA,NA,NA,7.74062707493814,7.74062707493814,0,NA,NA,NA,NA,NA,NA,NA,NA,"PASS"
"alpha_detail",5,"Full-GMM","FULL_TABLE2",0.7,NA,NA,NA,NA,NA,3.80751154313645,3.80751154313645,0,NA,NA,NA,NA,NA,NA,NA,NA,"PASS"
"alpha_detail",5,"Full-GMM","FULL_TABLE2",0.8,NA,NA,NA,NA,NA,2.05118144211537,2.05118144211537,0,NA,NA,NA,NA,NA,NA,NA,NA,"PASS"
"alpha_detail",5,"Full-GMM","FULL_TABLE2",0.9,NA,NA,NA,NA,NA,0.119803750275253,0.119803750275253,0,NA,NA,NA,NA,NA,NA,NA,NA,"PASS"
"alpha_detail",5,"Full-GMM","FULL_TABLE2",1,NA,NA,NA,NA,NA,0.543886827959593,0.543886827959593,0,NA,NA,NA,NA,NA,NA,NA,NA,"PASS"
"alpha_detail",5,"Full-GMM","FULL_TABLE2",1.1,NA,NA,NA,NA,NA,0.176471605419149,0.176471605419149,0,NA,NA,NA,NA,NA,NA,NA,NA,"PASS"
"alpha_detail",5,"Full-GMM","FULL_TABLE2",1.2,NA,NA,NA,NA,NA,0.943286101507175,0.943286101507175,0,NA,NA,NA,NA,NA,NA,NA,NA,"PASS"
"alpha_detail",5,"Full-GMM","FULL_TABLE2",1.3,NA,NA,NA,NA,NA,1.66681619244018,1.66681619244018,0,NA,NA,NA,NA,NA,NA,NA,NA,"PASS"
"alpha_detail",5,"Full-GMM","FULL_TABLE2",1.4,NA,NA,NA,NA,NA,6.84040628509982,6.84040628509982,0,NA,NA,NA,NA,NA,NA,NA,NA,"PASS"
"alpha_detail",5,"Full-GMM","FULL_TABLE2",1.5,NA,NA,NA,NA,NA,10.8569169628654,10.8569169628654,0,NA,NA,NA,NA,NA,NA,NA,NA,"PASS"
"alpha_detail",5,"Full-GMM","FULL_TABLE2",1.6,NA,NA,NA,NA,NA,12.5309620358145,12.5309620358145,0,NA,NA,NA,NA,NA,NA,NA,NA,"PASS"
"alpha_detail",5,"Full-GMM","FULL_TABLE2",1.7,NA,NA,NA,NA,NA,15.8514016838531,15.8514016838531,0,NA,NA,NA,NA,NA,NA,NA,NA,"PASS"
"alpha_detail",5,"Full-GMM","FULL_TABLE2",1.8,NA,NA,NA,NA,NA,16.4401631880126,16.4401631880126,0,NA,NA,NA,NA,NA,NA,NA,NA,"PASS"
"alpha_detail",5,"Full-GMM","FULL_TABLE2",1.9,NA,NA,NA,NA,NA,20.967342716114,20.967342716114,0,NA,NA,NA,NA,NA,NA,NA,NA,"PASS"
"alpha_detail",5,"Full-GMM","FULL_TABLE2",2,NA,NA,NA,NA,NA,26.146485842023,26.146485842023,0,NA,NA,NA,NA,NA,NA,NA,NA,"PASS"
"alpha_detail",5,"Full-GMM","FULL_TABLE2",2.1,NA,NA,NA,NA,NA,28.8130455403568,28.8130455403568,0,NA,NA,NA,NA,NA,NA,NA,NA,"PASS"
"alpha_detail",5,"Full-GMM","FULL_TABLE2",2.2,NA,NA,NA,NA,NA,38.8039448634071,38.8039448634071,0,NA,NA,NA,NA,NA,NA,NA,NA,"PASS"
"alpha_detail",5,"Full-GMM","FULL_TABLE2",2.3,NA,NA,NA,NA,NA,42.7327428551656,42.7327428551656,0,NA,NA,NA,NA,NA,NA,NA,NA,"PASS"
"alpha_detail",5,"Full-GMM","FULL_TABLE2",2.4,NA,NA,NA,NA,NA,43.8030044119022,43.8030044119022,0,NA,NA,NA,NA,NA,NA,NA,NA,"PASS"
"alpha_detail",5,"Full-GMM","FULL_TABLE2",2.5,NA,NA,NA,NA,NA,39.492460367069,39.492460367069,0,NA,NA,NA,NA,NA,NA,NA,NA,"PASS"
"alpha_detail",5,"Full-GMM","FULL_TABLE2",2.6,NA,NA,NA,NA,NA,39.0952016213938,39.0952016213938,0,NA,NA,NA,NA,NA,NA,NA,NA,"PASS"
"alpha_detail",5,"Full-GMM","FULL_TABLE2",2.7,NA,NA,NA,NA,NA,45.1091086277642,45.1091086277642,0,NA,NA,NA,NA,NA,NA,NA,NA,"PASS"
"alpha_detail",5,"Full-GMM","FULL_TABLE2",2.8,NA,NA,NA,NA,NA,35.9825733985003,35.9825733985003,0,NA,NA,NA,NA,NA,NA,NA,NA,"PASS"
"alpha_detail",5,"Full-GMM","FULL_TABLE2",2.9,NA,NA,NA,NA,NA,42.7219807049406,42.7219807049406,0,NA,NA,NA,NA,NA,NA,NA,NA,"PASS"
"alpha_detail",5,"Full-GMM","FULL_TABLE2",3,NA,NA,NA,NA,NA,53.2203665772173,53.2203665772173,0,NA,NA,NA,NA,NA,NA,NA,NA,"PASS"
"dataset_summary",5,"DML-CV","DML_TABLE2_CV",NA,NA,NA,NA,NA,0,NA,NA,NA,0.9,0.9,1.2921773277091,1.2921773277091,TRUE,TRUE,NA,NA,"PASS"
"alpha_detail",5,"DML-CV","DML_TABLE2_CV",-1,NA,NA,NA,NA,NA,53.0110674989262,53.0110674989262,0,NA,NA,NA,NA,NA,NA,0.041325554638288,NA,"PASS"
"alpha_detail",5,"DML-CV","DML_TABLE2_CV",-0.9,NA,NA,NA,NA,NA,53.3254666438703,53.3254666438703,0,NA,NA,NA,NA,NA,NA,0.0334369511830914,NA,"PASS"
"alpha_detail",5,"DML-CV","DML_TABLE2_CV",-0.8,NA,NA,NA,NA,NA,52.5905809927483,52.5905809927483,0,NA,NA,NA,NA,NA,NA,0.0401696790069396,NA,"PASS"
"alpha_detail",5,"DML-CV","DML_TABLE2_CV",-0.7,NA,NA,NA,NA,NA,53.4769268926786,53.4769268926786,0,NA,NA,NA,NA,NA,NA,0.0308008340243254,NA,"PASS"
"alpha_detail",5,"DML-CV","DML_TABLE2_CV",-0.6,NA,NA,NA,NA,NA,51.5079850946713,51.5079850946713,0,NA,NA,NA,NA,NA,NA,0.0329097409696347,NA,"PASS"
"alpha_detail",5,"DML-CV","DML_TABLE2_CV",-0.5,NA,NA,NA,NA,NA,49.9436892033357,49.9436892033357,0,NA,NA,NA,NA,NA,NA,0.0267783802471147,NA,"PASS"
"alpha_detail",5,"DML-CV","DML_TABLE2_CV",-0.4,NA,NA,NA,NA,NA,45.2388723429357,45.2388723429357,0,NA,NA,NA,NA,NA,NA,0.038714359310951,NA,"PASS"
"alpha_detail",5,"DML-CV","DML_TABLE2_CV",-0.3,NA,NA,NA,NA,NA,48.3586534679335,48.3586534679335,0,NA,NA,NA,NA,NA,NA,0.0315027173482282,NA,"PASS"
"alpha_detail",5,"DML-CV","DML_TABLE2_CV",-0.2,NA,NA,NA,NA,NA,48.375622306089,48.375622306089,0,NA,NA,NA,NA,NA,NA,0.0346738071204655,NA,"PASS"
"alpha_detail",5,"DML-CV","DML_TABLE2_CV",-0.1,NA,NA,NA,NA,NA,40.1469917153956,40.1469917153956,0,NA,NA,NA,NA,NA,NA,0.0235122866400022,NA,"PASS"
"alpha_detail",5,"DML-CV","DML_TABLE2_CV",0,NA,NA,NA,NA,NA,38.3268863977177,38.3268863977177,0,NA,NA,NA,NA,NA,NA,0.0329318468248302,NA,"PASS"
"alpha_detail",5,"DML-CV","DML_TABLE2_CV",0.1,NA,NA,NA,NA,NA,32.4386644783772,32.4386644783772,0,NA,NA,NA,NA,NA,NA,0.0326826339590564,NA,"PASS"
"alpha_detail",5,"DML-CV","DML_TABLE2_CV",0.2,NA,NA,NA,NA,NA,28.3015891062826,28.3015891062826,0,NA,NA,NA,NA,NA,NA,0.0317254480716293,NA,"PASS"
"alpha_detail",5,"DML-CV","DML_TABLE2_CV",0.3,NA,NA,NA,NA,NA,24.0815558561992,24.0815558561992,0,NA,NA,NA,NA,NA,NA,0.0357152612418184,NA,"PASS"
"alpha_detail",5,"DML-CV","DML_TABLE2_CV",0.4,NA,NA,NA,NA,NA,22.028696761483,22.028696761483,0,NA,NA,NA,NA,NA,NA,0.0246903514996645,NA,"PASS"
"alpha_detail",5,"DML-CV","DML_TABLE2_CV",0.5,NA,NA,NA,NA,NA,11.9359074550744,11.9359074550744,0,NA,NA,NA,NA,NA,NA,0.0255113905019768,NA,"PASS"
"alpha_detail",5,"DML-CV","DML_TABLE2_CV",0.6,NA,NA,NA,NA,NA,11.466751461298,11.466751461298,0,NA,NA,NA,NA,NA,NA,0.037807368753578,NA,"PASS"
"alpha_detail",5,"DML-CV","DML_TABLE2_CV",0.7,NA,NA,NA,NA,NA,7.72885521725102,7.72885521725102,0,NA,NA,NA,NA,NA,NA,0.032498840586002,NA,"PASS"
"alpha_detail",5,"DML-CV","DML_TABLE2_CV",0.8,NA,NA,NA,NA,NA,3.21951615811772,3.21951615811772,0,NA,NA,NA,NA,NA,NA,0.0344355786997631,NA,"PASS"
"alpha_detail",5,"DML-CV","DML_TABLE2_CV",0.9,NA,NA,NA,NA,NA,1.2921773277091,1.2921773277091,0,NA,NA,NA,NA,NA,NA,0.0334370879440207,NA,"PASS"
"alpha_detail",5,"DML-CV","DML_TABLE2_CV",1,NA,NA,NA,NA,NA,1.7740499533151,1.7740499533151,0,NA,NA,NA,NA,NA,NA,0.0281046924304304,NA,"PASS"
"alpha_detail",5,"DML-CV","DML_TABLE2_CV",1.1,NA,NA,NA,NA,NA,3.99476176094398,3.99476176094398,0,NA,NA,NA,NA,NA,NA,0.0305061009078671,NA,"PASS"
"alpha_detail",5,"DML-CV","DML_TABLE2_CV",1.2,NA,NA,NA,NA,NA,6.49231197371172,6.49231197371172,0,NA,NA,NA,NA,NA,NA,0.0262227428935117,NA,"PASS"
"alpha_detail",5,"DML-CV","DML_TABLE2_CV",1.3,NA,NA,NA,NA,NA,6.87577539437953,6.87577539437953,0,NA,NA,NA,NA,NA,NA,0.0324093362543053,NA,"PASS"
"alpha_detail",5,"DML-CV","DML_TABLE2_CV",1.4,NA,NA,NA,NA,NA,21.4813749761385,21.4813749761385,0,NA,NA,NA,NA,NA,NA,0.0308707877326222,NA,"PASS"
"alpha_detail",5,"DML-CV","DML_TABLE2_CV",1.5,NA,NA,NA,NA,NA,19.2490766156502,19.2490766156502,0,NA,NA,NA,NA,NA,NA,0.0298254530942573,NA,"PASS"
"alpha_detail",5,"DML-CV","DML_TABLE2_CV",1.6,NA,NA,NA,NA,NA,23.0937482604197,23.0937482604197,0,NA,NA,NA,NA,NA,NA,0.0298254530942573,NA,"PASS"
"alpha_detail",5,"DML-CV","DML_TABLE2_CV",1.7,NA,NA,NA,NA,NA,24.2100090136516,24.2100090136516,0,NA,NA,NA,NA,NA,NA,0.0341790580445406,NA,"PASS"
"alpha_detail",5,"DML-CV","DML_TABLE2_CV",1.8,NA,NA,NA,NA,NA,30.4042234650218,30.4042234650218,0,NA,NA,NA,NA,NA,NA,0.0328072583937456,NA,"PASS"
"alpha_detail",5,"DML-CV","DML_TABLE2_CV",1.9,NA,NA,NA,NA,NA,32.2035182072529,32.2035182072529,0,NA,NA,NA,NA,NA,NA,0.0290671914216329,NA,"PASS"
"alpha_detail",5,"DML-CV","DML_TABLE2_CV",2,NA,NA,NA,NA,NA,36.0865325948307,36.0865325948307,0,NA,NA,NA,NA,NA,NA,0.0261978093016418,NA,"PASS"
"alpha_detail",5,"DML-CV","DML_TABLE2_CV",2.1,NA,NA,NA,NA,NA,40.151428009364,40.151428009364,0,NA,NA,NA,NA,NA,NA,0.03882462763942,NA,"PASS"
"alpha_detail",5,"DML-CV","DML_TABLE2_CV",2.2,NA,NA,NA,NA,NA,48.4422604056789,48.4422604056789,0,NA,NA,NA,NA,NA,NA,0.0308063678834601,NA,"PASS"
"alpha_detail",5,"DML-CV","DML_TABLE2_CV",2.3,NA,NA,NA,NA,NA,49.4211692359126,49.4211692359126,0,NA,NA,NA,NA,NA,NA,0.0311128596105004,NA,"PASS"
"alpha_detail",5,"DML-CV","DML_TABLE2_CV",2.4,NA,NA,NA,NA,NA,44.7291681461388,44.7291681461388,0,NA,NA,NA,NA,NA,NA,0.0453907225257068,NA,"PASS"
"alpha_detail",5,"DML-CV","DML_TABLE2_CV",2.5,NA,NA,NA,NA,NA,55.7450211503214,55.7450211503214,0,NA,NA,NA,NA,NA,NA,0.0254196870279926,NA,"PASS"
"alpha_detail",5,"DML-CV","DML_TABLE2_CV",2.6,NA,NA,NA,NA,NA,56.6398438114335,56.6398438114335,0,NA,NA,NA,NA,NA,NA,0.0312462375993165,NA,"PASS"
"alpha_detail",5,"DML-CV","DML_TABLE2_CV",2.7,NA,NA,NA,NA,NA,62.5490988031454,62.5490988031454,0,NA,NA,NA,NA,NA,NA,0.0230357794239958,NA,"PASS"
"alpha_detail",5,"DML-CV","DML_TABLE2_CV",2.8,NA,NA,NA,NA,NA,47.7551083306714,47.7551083306714,0,NA,NA,NA,NA,NA,NA,0.0474729451945291,NA,"PASS"
"alpha_detail",5,"DML-CV","DML_TABLE2_CV",2.9,NA,NA,NA,NA,NA,48.576729415602,48.576729415602,0,NA,NA,NA,NA,NA,NA,0.0441224988683237,NA,"PASS"
"alpha_detail",5,"DML-CV","DML_TABLE2_CV",3,NA,NA,NA,NA,NA,55.2377426318492,55.2377426318492,0,NA,NA,NA,NA,NA,NA,0.0339336150090445,NA,"PASS"
"dataset_summary",5,"DML-BC","DML_BC_CONDITIONAL",NA,NA,NA,NA,NA,0,NA,NA,NA,0.7,0.7,0.365754564765329,0.365754564765329,TRUE,TRUE,NA,TRUE,"PASS"
"alpha_detail",5,"DML-BC","DML_BC_CONDITIONAL",-1,NA,NA,NA,NA,NA,61.5022784075128,61.5022784075128,0,NA,NA,NA,NA,NA,NA,NA,NA,"PASS"
"alpha_detail",5,"DML-BC","DML_BC_CONDITIONAL",-0.9,NA,NA,NA,NA,NA,58.7069763719022,58.7069763719022,0,NA,NA,NA,NA,NA,NA,NA,NA,"PASS"
"alpha_detail",5,"DML-BC","DML_BC_CONDITIONAL",-0.8,NA,NA,NA,NA,NA,54.5303295136291,54.5303295136291,0,NA,NA,NA,NA,NA,NA,NA,NA,"PASS"
"alpha_detail",5,"DML-BC","DML_BC_CONDITIONAL",-0.7,NA,NA,NA,NA,NA,52.8971472247034,52.8971472247034,0,NA,NA,NA,NA,NA,NA,NA,NA,"PASS"
"alpha_detail",5,"DML-BC","DML_BC_CONDITIONAL",-0.6,NA,NA,NA,NA,NA,53.5683739978758,53.5683739978758,0,NA,NA,NA,NA,NA,NA,NA,NA,"PASS"
"alpha_detail",5,"DML-BC","DML_BC_CONDITIONAL",-0.5,NA,NA,NA,NA,NA,54.8849538144924,54.8849538144924,0,NA,NA,NA,NA,NA,NA,NA,NA,"PASS"
"alpha_detail",5,"DML-BC","DML_BC_CONDITIONAL",-0.4,NA,NA,NA,NA,NA,53.0993708852591,53.0993708852591,0,NA,NA,NA,NA,NA,NA,NA,NA,"PASS"
"alpha_detail",5,"DML-BC","DML_BC_CONDITIONAL",-0.3,NA,NA,NA,NA,NA,54.6993430455532,54.6993430455532,0,NA,NA,NA,NA,NA,NA,NA,NA,"PASS"
"alpha_detail",5,"DML-BC","DML_BC_CONDITIONAL",-0.2,NA,NA,NA,NA,NA,50.5671446607498,50.5671446607498,0,NA,NA,NA,NA,NA,NA,NA,NA,"PASS"
"alpha_detail",5,"DML-BC","DML_BC_CONDITIONAL",-0.1,NA,NA,NA,NA,NA,42.9590818777913,42.9590818777913,0,NA,NA,NA,NA,NA,NA,NA,NA,"PASS"
"alpha_detail",5,"DML-BC","DML_BC_CONDITIONAL",0,NA,NA,NA,NA,NA,46.9891546467681,46.9891546467681,0,NA,NA,NA,NA,NA,NA,NA,NA,"PASS"
"alpha_detail",5,"DML-BC","DML_BC_CONDITIONAL",0.1,NA,NA,NA,NA,NA,40.9763932357944,40.9763932357944,0,NA,NA,NA,NA,NA,NA,NA,NA,"PASS"
"alpha_detail",5,"DML-BC","DML_BC_CONDITIONAL",0.2,NA,NA,NA,NA,NA,30.78277370688,30.78277370688,0,NA,NA,NA,NA,NA,NA,NA,NA,"PASS"
"alpha_detail",5,"DML-BC","DML_BC_CONDITIONAL",0.3,NA,NA,NA,NA,NA,29.5624396468833,29.5624396468833,0,NA,NA,NA,NA,NA,NA,NA,NA,"PASS"
"alpha_detail",5,"DML-BC","DML_BC_CONDITIONAL",0.4,NA,NA,NA,NA,NA,20.8139795646357,20.8139795646357,0,NA,NA,NA,NA,NA,NA,NA,NA,"PASS"
"alpha_detail",5,"DML-BC","DML_BC_CONDITIONAL",0.5,NA,NA,NA,NA,NA,13.3984511365406,13.3984511365406,0,NA,NA,NA,NA,NA,NA,NA,NA,"PASS"
"alpha_detail",5,"DML-BC","DML_BC_CONDITIONAL",0.6,NA,NA,NA,NA,NA,5.80380092678964,5.80380092678964,0,NA,NA,NA,NA,NA,NA,NA,NA,"PASS"
"alpha_detail",5,"DML-BC","DML_BC_CONDITIONAL",0.7,NA,NA,NA,NA,NA,0.365754564765329,0.365754564765329,0,NA,NA,NA,NA,NA,NA,NA,NA,"PASS"
"alpha_detail",5,"DML-BC","DML_BC_CONDITIONAL",0.8,NA,NA,NA,NA,NA,0.797856301339886,0.797856301339886,0,NA,NA,NA,NA,NA,NA,NA,NA,"PASS"
"alpha_detail",5,"DML-BC","DML_BC_CONDITIONAL",0.9,NA,NA,NA,NA,NA,1.31687936648446,1.31687936648446,0,NA,NA,NA,NA,NA,NA,NA,NA,"PASS"
"alpha_detail",5,"DML-BC","DML_BC_CONDITIONAL",1,NA,NA,NA,NA,NA,4.22893964079804,4.22893964079804,0,NA,NA,NA,NA,NA,NA,NA,NA,"PASS"
"alpha_detail",5,"DML-BC","DML_BC_CONDITIONAL",1.1,NA,NA,NA,NA,NA,6.29158480816711,6.29158480816711,0,NA,NA,NA,NA,NA,NA,NA,NA,"PASS"
"alpha_detail",5,"DML-BC","DML_BC_CONDITIONAL",1.2,NA,NA,NA,NA,NA,7.92227778361816,7.92227778361816,0,NA,NA,NA,NA,NA,NA,NA,NA,"PASS"
"alpha_detail",5,"DML-BC","DML_BC_CONDITIONAL",1.3,NA,NA,NA,NA,NA,8.81912565315125,8.81912565315125,0,NA,NA,NA,NA,NA,NA,NA,NA,"PASS"
"alpha_detail",5,"DML-BC","DML_BC_CONDITIONAL",1.4,NA,NA,NA,NA,NA,12.4057399906935,12.4057399906935,0,NA,NA,NA,NA,NA,NA,NA,NA,"PASS"
"alpha_detail",5,"DML-BC","DML_BC_CONDITIONAL",1.5,NA,NA,NA,NA,NA,16.4436435789413,16.4436435789413,0,NA,NA,NA,NA,NA,NA,NA,NA,"PASS"
"alpha_detail",5,"DML-BC","DML_BC_CONDITIONAL",1.6,NA,NA,NA,NA,NA,14.4337895249834,14.4337895249834,0,NA,NA,NA,NA,NA,NA,NA,NA,"PASS"
"alpha_detail",5,"DML-BC","DML_BC_CONDITIONAL",1.7,NA,NA,NA,NA,NA,25.7397809745539,25.7397809745539,0,NA,NA,NA,NA,NA,NA,NA,NA,"PASS"
"alpha_detail",5,"DML-BC","DML_BC_CONDITIONAL",1.8,NA,NA,NA,NA,NA,31.8118796283274,31.8118796283274,0,NA,NA,NA,NA,NA,NA,NA,NA,"PASS"
"alpha_detail",5,"DML-BC","DML_BC_CONDITIONAL",1.9,NA,NA,NA,NA,NA,33.7913752615083,33.7913752615083,0,NA,NA,NA,NA,NA,NA,NA,NA,"PASS"
"alpha_detail",5,"DML-BC","DML_BC_CONDITIONAL",2,NA,NA,NA,NA,NA,37.7926127259775,37.7926127259775,0,NA,NA,NA,NA,NA,NA,NA,NA,"PASS"
"alpha_detail",5,"DML-BC","DML_BC_CONDITIONAL",2.1,NA,NA,NA,NA,NA,43.71632070632,43.71632070632,0,NA,NA,NA,NA,NA,NA,NA,NA,"PASS"
"alpha_detail",5,"DML-BC","DML_BC_CONDITIONAL",2.2,NA,NA,NA,NA,NA,44.2201765710331,44.2201765710331,0,NA,NA,NA,NA,NA,NA,NA,NA,"PASS"
"alpha_detail",5,"DML-BC","DML_BC_CONDITIONAL",2.3,NA,NA,NA,NA,NA,49.8449951431027,49.8449951431027,0,NA,NA,NA,NA,NA,NA,NA,NA,"PASS"
"alpha_detail",5,"DML-BC","DML_BC_CONDITIONAL",2.4,NA,NA,NA,NA,NA,52.7586416876366,52.7586416876366,0,NA,NA,NA,NA,NA,NA,NA,NA,"PASS"
"alpha_detail",5,"DML-BC","DML_BC_CONDITIONAL",2.5,NA,NA,NA,NA,NA,51.74900204813,51.74900204813,0,NA,NA,NA,NA,NA,NA,NA,NA,"PASS"
"alpha_detail",5,"DML-BC","DML_BC_CONDITIONAL",2.6,NA,NA,NA,NA,NA,56.1648104785502,56.1648104785502,0,NA,NA,NA,NA,NA,NA,NA,NA,"PASS"
"alpha_detail",5,"DML-BC","DML_BC_CONDITIONAL",2.7,NA,NA,NA,NA,NA,56.7751604829225,56.7751604829225,0,NA,NA,NA,NA,NA,NA,NA,NA,"PASS"
"alpha_detail",5,"DML-BC","DML_BC_CONDITIONAL",2.8,NA,NA,NA,NA,NA,57.1165729581085,57.1165729581085,0,NA,NA,NA,NA,NA,NA,NA,NA,"PASS"
"alpha_detail",5,"DML-BC","DML_BC_CONDITIONAL",2.9,NA,NA,NA,NA,NA,61.69063350102,61.69063350102,0,NA,NA,NA,NA,NA,NA,NA,NA,"PASS"
"alpha_detail",5,"DML-BC","DML_BC_CONDITIONAL",3,NA,NA,NA,NA,NA,62.1076570565647,62.1076570565647,0,NA,NA,NA,NA,NA,NA,NA,NA,"PASS"
"dataset_summary",5,"DML-CV vs DML-BC","DML_CV_VS_BC_EXPECTED_DIFFERENCE",NA,NA,NA,NA,NA,13.113904085418,NA,NA,NA,0.9,0.7,1.2921773277091,0.365754564765329,FALSE,FALSE,NA,NA,"EXPECTED METHOD DIFFERENCE"
"alpha_detail",5,"DML-CV vs DML-BC","DML_CV_VS_BC_EXPECTED_DIFFERENCE",-1,NA,NA,NA,NA,NA,53.0110674989262,61.5022784075128,8.49121090858659,NA,NA,NA,NA,NA,NA,NA,NA,"EXPECTED METHOD DIFFERENCE"
"alpha_detail",5,"DML-CV vs DML-BC","DML_CV_VS_BC_EXPECTED_DIFFERENCE",-0.9,NA,NA,NA,NA,NA,53.3254666438703,58.7069763719022,5.38150972803193,NA,NA,NA,NA,NA,NA,NA,NA,"EXPECTED METHOD DIFFERENCE"
"alpha_detail",5,"DML-CV vs DML-BC","DML_CV_VS_BC_EXPECTED_DIFFERENCE",-0.8,NA,NA,NA,NA,NA,52.5905809927483,54.5303295136291,1.93974852088076,NA,NA,NA,NA,NA,NA,NA,NA,"EXPECTED METHOD DIFFERENCE"
"alpha_detail",5,"DML-CV vs DML-BC","DML_CV_VS_BC_EXPECTED_DIFFERENCE",-0.7,NA,NA,NA,NA,NA,53.4769268926786,52.8971472247034,-0.579779667975259,NA,NA,NA,NA,NA,NA,NA,NA,"EXPECTED METHOD DIFFERENCE"
"alpha_detail",5,"DML-CV vs DML-BC","DML_CV_VS_BC_EXPECTED_DIFFERENCE",-0.6,NA,NA,NA,NA,NA,51.5079850946713,53.5683739978758,2.06038890320445,NA,NA,NA,NA,NA,NA,NA,NA,"EXPECTED METHOD DIFFERENCE"
"alpha_detail",5,"DML-CV vs DML-BC","DML_CV_VS_BC_EXPECTED_DIFFERENCE",-0.5,NA,NA,NA,NA,NA,49.9436892033357,54.8849538144924,4.94126461115675,NA,NA,NA,NA,NA,NA,NA,NA,"EXPECTED METHOD DIFFERENCE"
"alpha_detail",5,"DML-CV vs DML-BC","DML_CV_VS_BC_EXPECTED_DIFFERENCE",-0.4,NA,NA,NA,NA,NA,45.2388723429357,53.0993708852591,7.86049854232338,NA,NA,NA,NA,NA,NA,NA,NA,"EXPECTED METHOD DIFFERENCE"
"alpha_detail",5,"DML-CV vs DML-BC","DML_CV_VS_BC_EXPECTED_DIFFERENCE",-0.3,NA,NA,NA,NA,NA,48.3586534679335,54.6993430455532,6.34068957761977,NA,NA,NA,NA,NA,NA,NA,NA,"EXPECTED METHOD DIFFERENCE"
"alpha_detail",5,"DML-CV vs DML-BC","DML_CV_VS_BC_EXPECTED_DIFFERENCE",-0.2,NA,NA,NA,NA,NA,48.375622306089,50.5671446607498,2.19152235466087,NA,NA,NA,NA,NA,NA,NA,NA,"EXPECTED METHOD DIFFERENCE"
"alpha_detail",5,"DML-CV vs DML-BC","DML_CV_VS_BC_EXPECTED_DIFFERENCE",-0.1,NA,NA,NA,NA,NA,40.1469917153956,42.9590818777913,2.81209016239571,NA,NA,NA,NA,NA,NA,NA,NA,"EXPECTED METHOD DIFFERENCE"
"alpha_detail",5,"DML-CV vs DML-BC","DML_CV_VS_BC_EXPECTED_DIFFERENCE",0,NA,NA,NA,NA,NA,38.3268863977177,46.9891546467681,8.66226824905046,NA,NA,NA,NA,NA,NA,NA,NA,"EXPECTED METHOD DIFFERENCE"
"alpha_detail",5,"DML-CV vs DML-BC","DML_CV_VS_BC_EXPECTED_DIFFERENCE",0.1,NA,NA,NA,NA,NA,32.4386644783772,40.9763932357944,8.53772875741726,NA,NA,NA,NA,NA,NA,NA,NA,"EXPECTED METHOD DIFFERENCE"
"alpha_detail",5,"DML-CV vs DML-BC","DML_CV_VS_BC_EXPECTED_DIFFERENCE",0.2,NA,NA,NA,NA,NA,28.3015891062826,30.78277370688,2.48118460059746,NA,NA,NA,NA,NA,NA,NA,NA,"EXPECTED METHOD DIFFERENCE"
"alpha_detail",5,"DML-CV vs DML-BC","DML_CV_VS_BC_EXPECTED_DIFFERENCE",0.3,NA,NA,NA,NA,NA,24.0815558561992,29.5624396468833,5.48088379068404,NA,NA,NA,NA,NA,NA,NA,NA,"EXPECTED METHOD DIFFERENCE"
"alpha_detail",5,"DML-CV vs DML-BC","DML_CV_VS_BC_EXPECTED_DIFFERENCE",0.4,NA,NA,NA,NA,NA,22.028696761483,20.8139795646357,-1.21471719684724,NA,NA,NA,NA,NA,NA,NA,NA,"EXPECTED METHOD DIFFERENCE"
"alpha_detail",5,"DML-CV vs DML-BC","DML_CV_VS_BC_EXPECTED_DIFFERENCE",0.5,NA,NA,NA,NA,NA,11.9359074550744,13.3984511365406,1.46254368146614,NA,NA,NA,NA,NA,NA,NA,NA,"EXPECTED METHOD DIFFERENCE"
"alpha_detail",5,"DML-CV vs DML-BC","DML_CV_VS_BC_EXPECTED_DIFFERENCE",0.6,NA,NA,NA,NA,NA,11.466751461298,5.80380092678964,-5.66295053450837,NA,NA,NA,NA,NA,NA,NA,NA,"EXPECTED METHOD DIFFERENCE"
"alpha_detail",5,"DML-CV vs DML-BC","DML_CV_VS_BC_EXPECTED_DIFFERENCE",0.7,NA,NA,NA,NA,NA,7.72885521725102,0.365754564765329,-7.36310065248569,NA,NA,NA,NA,NA,NA,NA,NA,"EXPECTED METHOD DIFFERENCE"
"alpha_detail",5,"DML-CV vs DML-BC","DML_CV_VS_BC_EXPECTED_DIFFERENCE",0.8,NA,NA,NA,NA,NA,3.21951615811772,0.797856301339886,-2.42165985677783,NA,NA,NA,NA,NA,NA,NA,NA,"EXPECTED METHOD DIFFERENCE"
"alpha_detail",5,"DML-CV vs DML-BC","DML_CV_VS_BC_EXPECTED_DIFFERENCE",0.9,NA,NA,NA,NA,NA,1.2921773277091,1.31687936648446,0.0247020387753571,NA,NA,NA,NA,NA,NA,NA,NA,"EXPECTED METHOD DIFFERENCE"
"alpha_detail",5,"DML-CV vs DML-BC","DML_CV_VS_BC_EXPECTED_DIFFERENCE",1,NA,NA,NA,NA,NA,1.7740499533151,4.22893964079804,2.45488968748295,NA,NA,NA,NA,NA,NA,NA,NA,"EXPECTED METHOD DIFFERENCE"
"alpha_detail",5,"DML-CV vs DML-BC","DML_CV_VS_BC_EXPECTED_DIFFERENCE",1.1,NA,NA,NA,NA,NA,3.99476176094398,6.29158480816711,2.29682304722312,NA,NA,NA,NA,NA,NA,NA,NA,"EXPECTED METHOD DIFFERENCE"
"alpha_detail",5,"DML-CV vs DML-BC","DML_CV_VS_BC_EXPECTED_DIFFERENCE",1.2,NA,NA,NA,NA,NA,6.49231197371172,7.92227778361816,1.42996580990644,NA,NA,NA,NA,NA,NA,NA,NA,"EXPECTED METHOD DIFFERENCE"
"alpha_detail",5,"DML-CV vs DML-BC","DML_CV_VS_BC_EXPECTED_DIFFERENCE",1.3,NA,NA,NA,NA,NA,6.87577539437953,8.81912565315125,1.94335025877172,NA,NA,NA,NA,NA,NA,NA,NA,"EXPECTED METHOD DIFFERENCE"
"alpha_detail",5,"DML-CV vs DML-BC","DML_CV_VS_BC_EXPECTED_DIFFERENCE",1.4,NA,NA,NA,NA,NA,21.4813749761385,12.4057399906935,-9.07563498544499,NA,NA,NA,NA,NA,NA,NA,NA,"EXPECTED METHOD DIFFERENCE"
"alpha_detail",5,"DML-CV vs DML-BC","DML_CV_VS_BC_EXPECTED_DIFFERENCE",1.5,NA,NA,NA,NA,NA,19.2490766156502,16.4436435789413,-2.80543303670889,NA,NA,NA,NA,NA,NA,NA,NA,"EXPECTED METHOD DIFFERENCE"
"alpha_detail",5,"DML-CV vs DML-BC","DML_CV_VS_BC_EXPECTED_DIFFERENCE",1.6,NA,NA,NA,NA,NA,23.0937482604197,14.4337895249834,-8.65995873543629,NA,NA,NA,NA,NA,NA,NA,NA,"EXPECTED METHOD DIFFERENCE"
"alpha_detail",5,"DML-CV vs DML-BC","DML_CV_VS_BC_EXPECTED_DIFFERENCE",1.7,NA,NA,NA,NA,NA,24.2100090136516,25.7397809745539,1.52977196090231,NA,NA,NA,NA,NA,NA,NA,NA,"EXPECTED METHOD DIFFERENCE"
"alpha_detail",5,"DML-CV vs DML-BC","DML_CV_VS_BC_EXPECTED_DIFFERENCE",1.8,NA,NA,NA,NA,NA,30.4042234650218,31.8118796283274,1.40765616330556,NA,NA,NA,NA,NA,NA,NA,NA,"EXPECTED METHOD DIFFERENCE"
"alpha_detail",5,"DML-CV vs DML-BC","DML_CV_VS_BC_EXPECTED_DIFFERENCE",1.9,NA,NA,NA,NA,NA,32.2035182072529,33.7913752615083,1.5878570542554,NA,NA,NA,NA,NA,NA,NA,NA,"EXPECTED METHOD DIFFERENCE"
"alpha_detail",5,"DML-CV vs DML-BC","DML_CV_VS_BC_EXPECTED_DIFFERENCE",2,NA,NA,NA,NA,NA,36.0865325948307,37.7926127259775,1.70608013114678,NA,NA,NA,NA,NA,NA,NA,NA,"EXPECTED METHOD DIFFERENCE"
"alpha_detail",5,"DML-CV vs DML-BC","DML_CV_VS_BC_EXPECTED_DIFFERENCE",2.1,NA,NA,NA,NA,NA,40.151428009364,43.71632070632,3.56489269695601,NA,NA,NA,NA,NA,NA,NA,NA,"EXPECTED METHOD DIFFERENCE"
"alpha_detail",5,"DML-CV vs DML-BC","DML_CV_VS_BC_EXPECTED_DIFFERENCE",2.2,NA,NA,NA,NA,NA,48.4422604056789,44.2201765710331,-4.22208383464573,NA,NA,NA,NA,NA,NA,NA,NA,"EXPECTED METHOD DIFFERENCE"
"alpha_detail",5,"DML-CV vs DML-BC","DML_CV_VS_BC_EXPECTED_DIFFERENCE",2.3,NA,NA,NA,NA,NA,49.4211692359126,49.8449951431027,0.42382590719005,NA,NA,NA,NA,NA,NA,NA,NA,"EXPECTED METHOD DIFFERENCE"
"alpha_detail",5,"DML-CV vs DML-BC","DML_CV_VS_BC_EXPECTED_DIFFERENCE",2.4,NA,NA,NA,NA,NA,44.7291681461388,52.7586416876366,8.02947354149781,NA,NA,NA,NA,NA,NA,NA,NA,"EXPECTED METHOD DIFFERENCE"
"alpha_detail",5,"DML-CV vs DML-BC","DML_CV_VS_BC_EXPECTED_DIFFERENCE",2.5,NA,NA,NA,NA,NA,55.7450211503214,51.74900204813,-3.99601910219143,NA,NA,NA,NA,NA,NA,NA,NA,"EXPECTED METHOD DIFFERENCE"
"alpha_detail",5,"DML-CV vs DML-BC","DML_CV_VS_BC_EXPECTED_DIFFERENCE",2.6,NA,NA,NA,NA,NA,56.6398438114335,56.1648104785502,-0.475033332883264,NA,NA,NA,NA,NA,NA,NA,NA,"EXPECTED METHOD DIFFERENCE"
"alpha_detail",5,"DML-CV vs DML-BC","DML_CV_VS_BC_EXPECTED_DIFFERENCE",2.7,NA,NA,NA,NA,NA,62.5490988031454,56.7751604829225,-5.77393832022287,NA,NA,NA,NA,NA,NA,NA,NA,"EXPECTED METHOD DIFFERENCE"
"alpha_detail",5,"DML-CV vs DML-BC","DML_CV_VS_BC_EXPECTED_DIFFERENCE",2.8,NA,NA,NA,NA,NA,47.7551083306714,57.1165729581085,9.36146462743707,NA,NA,NA,NA,NA,NA,NA,NA,"EXPECTED METHOD DIFFERENCE"
"alpha_detail",5,"DML-CV vs DML-BC","DML_CV_VS_BC_EXPECTED_DIFFERENCE",2.9,NA,NA,NA,NA,NA,48.576729415602,61.69063350102,13.113904085418,NA,NA,NA,NA,NA,NA,NA,NA,"EXPECTED METHOD DIFFERENCE"
"alpha_detail",5,"DML-CV vs DML-BC","DML_CV_VS_BC_EXPECTED_DIFFERENCE",3,NA,NA,NA,NA,NA,55.2377426318492,62.1076570565647,6.86991442471558,NA,NA,NA,NA,NA,NA,NA,NA,"EXPECTED METHOD DIFFERENCE"
"dataset_summary",6,"Oracle-GMM","ORACLE_TABLE2",NA,NA,NA,NA,NA,0,NA,NA,NA,1,1,0.298698346969581,0.298698346969581,TRUE,TRUE,NA,NA,"PASS"
"alpha_detail",6,"Oracle-GMM","ORACLE_TABLE2",-1,NA,NA,NA,NA,NA,62.5353933104463,62.5353933104463,0,NA,NA,NA,NA,NA,NA,NA,NA,"PASS"
"alpha_detail",6,"Oracle-GMM","ORACLE_TABLE2",-0.9,NA,NA,NA,NA,NA,65.5273807748794,65.5273807748794,0,NA,NA,NA,NA,NA,NA,NA,NA,"PASS"
"alpha_detail",6,"Oracle-GMM","ORACLE_TABLE2",-0.8,NA,NA,NA,NA,NA,63.1181329501158,63.1181329501158,0,NA,NA,NA,NA,NA,NA,NA,NA,"PASS"
"alpha_detail",6,"Oracle-GMM","ORACLE_TABLE2",-0.7,NA,NA,NA,NA,NA,56.8559745021851,56.8559745021851,0,NA,NA,NA,NA,NA,NA,NA,NA,"PASS"
"alpha_detail",6,"Oracle-GMM","ORACLE_TABLE2",-0.6,NA,NA,NA,NA,NA,57.2377370083238,57.2377370083238,0,NA,NA,NA,NA,NA,NA,NA,NA,"PASS"
"alpha_detail",6,"Oracle-GMM","ORACLE_TABLE2",-0.5,NA,NA,NA,NA,NA,52.8437675702384,52.8437675702384,0,NA,NA,NA,NA,NA,NA,NA,NA,"PASS"
"alpha_detail",6,"Oracle-GMM","ORACLE_TABLE2",-0.4,NA,NA,NA,NA,NA,51.7909783188459,51.7909783188459,0,NA,NA,NA,NA,NA,NA,NA,NA,"PASS"
"alpha_detail",6,"Oracle-GMM","ORACLE_TABLE2",-0.3,NA,NA,NA,NA,NA,46.4667999745721,46.4667999745721,0,NA,NA,NA,NA,NA,NA,NA,NA,"PASS"
"alpha_detail",6,"Oracle-GMM","ORACLE_TABLE2",-0.2,NA,NA,NA,NA,NA,45.9669273175806,45.9669273175806,0,NA,NA,NA,NA,NA,NA,NA,NA,"PASS"
"alpha_detail",6,"Oracle-GMM","ORACLE_TABLE2",-0.1,NA,NA,NA,NA,NA,44.6140796900971,44.6140796900971,0,NA,NA,NA,NA,NA,NA,NA,NA,"PASS"
"alpha_detail",6,"Oracle-GMM","ORACLE_TABLE2",0,NA,NA,NA,NA,NA,45.594969556496,45.594969556496,0,NA,NA,NA,NA,NA,NA,NA,NA,"PASS"
"alpha_detail",6,"Oracle-GMM","ORACLE_TABLE2",0.1,NA,NA,NA,NA,NA,42.107667913687,42.107667913687,0,NA,NA,NA,NA,NA,NA,NA,NA,"PASS"
"alpha_detail",6,"Oracle-GMM","ORACLE_TABLE2",0.2,NA,NA,NA,NA,NA,39.6653872615826,39.6653872615826,0,NA,NA,NA,NA,NA,NA,NA,NA,"PASS"
"alpha_detail",6,"Oracle-GMM","ORACLE_TABLE2",0.3,NA,NA,NA,NA,NA,27.0441385194493,27.0441385194493,0,NA,NA,NA,NA,NA,NA,NA,NA,"PASS"
"alpha_detail",6,"Oracle-GMM","ORACLE_TABLE2",0.4,NA,NA,NA,NA,NA,24.2325769890429,24.2325769890429,0,NA,NA,NA,NA,NA,NA,NA,NA,"PASS"
"alpha_detail",6,"Oracle-GMM","ORACLE_TABLE2",0.5,NA,NA,NA,NA,NA,22.1515297464797,22.1515297464797,0,NA,NA,NA,NA,NA,NA,NA,NA,"PASS"
"alpha_detail",6,"Oracle-GMM","ORACLE_TABLE2",0.6,NA,NA,NA,NA,NA,14.7914765110791,14.7914765110791,0,NA,NA,NA,NA,NA,NA,NA,NA,"PASS"
"alpha_detail",6,"Oracle-GMM","ORACLE_TABLE2",0.7,NA,NA,NA,NA,NA,10.5820670015918,10.5820670015918,0,NA,NA,NA,NA,NA,NA,NA,NA,"PASS"
"alpha_detail",6,"Oracle-GMM","ORACLE_TABLE2",0.8,NA,NA,NA,NA,NA,6.75072377967385,6.75072377967385,0,NA,NA,NA,NA,NA,NA,NA,NA,"PASS"
"alpha_detail",6,"Oracle-GMM","ORACLE_TABLE2",0.9,NA,NA,NA,NA,NA,2.44713029753348,2.44713029753348,0,NA,NA,NA,NA,NA,NA,NA,NA,"PASS"
"alpha_detail",6,"Oracle-GMM","ORACLE_TABLE2",1,NA,NA,NA,NA,NA,0.298698346969581,0.298698346969581,0,NA,NA,NA,NA,NA,NA,NA,NA,"PASS"
"alpha_detail",6,"Oracle-GMM","ORACLE_TABLE2",1.1,NA,NA,NA,NA,NA,0.786628561441278,0.786628561441278,0,NA,NA,NA,NA,NA,NA,NA,NA,"PASS"
"alpha_detail",6,"Oracle-GMM","ORACLE_TABLE2",1.2,NA,NA,NA,NA,NA,6.86164952125345,6.86164952125345,0,NA,NA,NA,NA,NA,NA,NA,NA,"PASS"
"alpha_detail",6,"Oracle-GMM","ORACLE_TABLE2",1.3,NA,NA,NA,NA,NA,11.4577372225492,11.4577372225492,0,NA,NA,NA,NA,NA,NA,NA,NA,"PASS"
"alpha_detail",6,"Oracle-GMM","ORACLE_TABLE2",1.4,NA,NA,NA,NA,NA,17.605706949164,17.605706949164,0,NA,NA,NA,NA,NA,NA,NA,NA,"PASS"
"alpha_detail",6,"Oracle-GMM","ORACLE_TABLE2",1.5,NA,NA,NA,NA,NA,22.3108189972108,22.3108189972108,0,NA,NA,NA,NA,NA,NA,NA,NA,"PASS"
"alpha_detail",6,"Oracle-GMM","ORACLE_TABLE2",1.6,NA,NA,NA,NA,NA,29.8996351046807,29.8996351046807,0,NA,NA,NA,NA,NA,NA,NA,NA,"PASS"
"alpha_detail",6,"Oracle-GMM","ORACLE_TABLE2",1.7,NA,NA,NA,NA,NA,38.3446659797605,38.3446659797605,0,NA,NA,NA,NA,NA,NA,NA,NA,"PASS"
"alpha_detail",6,"Oracle-GMM","ORACLE_TABLE2",1.8,NA,NA,NA,NA,NA,43.3010540825539,43.3010540825539,0,NA,NA,NA,NA,NA,NA,NA,NA,"PASS"
"alpha_detail",6,"Oracle-GMM","ORACLE_TABLE2",1.9,NA,NA,NA,NA,NA,50.3840334114264,50.3840334114264,0,NA,NA,NA,NA,NA,NA,NA,NA,"PASS"
"alpha_detail",6,"Oracle-GMM","ORACLE_TABLE2",2,NA,NA,NA,NA,NA,56.0424619751698,56.0424619751698,0,NA,NA,NA,NA,NA,NA,NA,NA,"PASS"
"alpha_detail",6,"Oracle-GMM","ORACLE_TABLE2",2.1,NA,NA,NA,NA,NA,68.2677233312242,68.2677233312242,0,NA,NA,NA,NA,NA,NA,NA,NA,"PASS"
"alpha_detail",6,"Oracle-GMM","ORACLE_TABLE2",2.2,NA,NA,NA,NA,NA,69.862079516176,69.862079516176,0,NA,NA,NA,NA,NA,NA,NA,NA,"PASS"
"alpha_detail",6,"Oracle-GMM","ORACLE_TABLE2",2.3,NA,NA,NA,NA,NA,72.7102733428034,72.7102733428034,0,NA,NA,NA,NA,NA,NA,NA,NA,"PASS"
"alpha_detail",6,"Oracle-GMM","ORACLE_TABLE2",2.4,NA,NA,NA,NA,NA,71.2772870865546,71.2772870865546,0,NA,NA,NA,NA,NA,NA,NA,NA,"PASS"
"alpha_detail",6,"Oracle-GMM","ORACLE_TABLE2",2.5,NA,NA,NA,NA,NA,74.3357935563884,74.3357935563884,0,NA,NA,NA,NA,NA,NA,NA,NA,"PASS"
"alpha_detail",6,"Oracle-GMM","ORACLE_TABLE2",2.6,NA,NA,NA,NA,NA,76.3779381325031,76.3779381325031,0,NA,NA,NA,NA,NA,NA,NA,NA,"PASS"
"alpha_detail",6,"Oracle-GMM","ORACLE_TABLE2",2.7,NA,NA,NA,NA,NA,74.902506151175,74.902506151175,0,NA,NA,NA,NA,NA,NA,NA,NA,"PASS"
"alpha_detail",6,"Oracle-GMM","ORACLE_TABLE2",2.8,NA,NA,NA,NA,NA,80.3283761929018,80.3283761929018,0,NA,NA,NA,NA,NA,NA,NA,NA,"PASS"
"alpha_detail",6,"Oracle-GMM","ORACLE_TABLE2",2.9,NA,NA,NA,NA,NA,82.7819087013906,82.7819087013906,0,NA,NA,NA,NA,NA,NA,NA,NA,"PASS"
"alpha_detail",6,"Oracle-GMM","ORACLE_TABLE2",3,NA,NA,NA,NA,NA,86.4265299633681,86.4265299633681,0,NA,NA,NA,NA,NA,NA,NA,NA,"PASS"
"dataset_summary",6,"Full-GMM","FULL_TABLE2",NA,NA,NA,NA,NA,0,NA,NA,NA,1,1,0.381314705166626,0.381314705166626,TRUE,TRUE,NA,NA,"PASS"
"alpha_detail",6,"Full-GMM","FULL_TABLE2",-1,NA,NA,NA,NA,NA,33.3518255751084,33.3518255751084,0,NA,NA,NA,NA,NA,NA,NA,NA,"PASS"
"alpha_detail",6,"Full-GMM","FULL_TABLE2",-0.9,NA,NA,NA,NA,NA,39.9284499427968,39.9284499427968,0,NA,NA,NA,NA,NA,NA,NA,NA,"PASS"
"alpha_detail",6,"Full-GMM","FULL_TABLE2",-0.8,NA,NA,NA,NA,NA,32.0470537338017,32.0470537338017,0,NA,NA,NA,NA,NA,NA,NA,NA,"PASS"
"alpha_detail",6,"Full-GMM","FULL_TABLE2",-0.7,NA,NA,NA,NA,NA,43.7301882303299,43.7301882303299,0,NA,NA,NA,NA,NA,NA,NA,NA,"PASS"
"alpha_detail",6,"Full-GMM","FULL_TABLE2",-0.6,NA,NA,NA,NA,NA,30.8755785075336,30.8755785075336,0,NA,NA,NA,NA,NA,NA,NA,NA,"PASS"
"alpha_detail",6,"Full-GMM","FULL_TABLE2",-0.5,NA,NA,NA,NA,NA,23.7824600405668,23.7824600405668,0,NA,NA,NA,NA,NA,NA,NA,NA,"PASS"
"alpha_detail",6,"Full-GMM","FULL_TABLE2",-0.4,NA,NA,NA,NA,NA,19.7440722568842,19.7440722568842,0,NA,NA,NA,NA,NA,NA,NA,NA,"PASS"
"alpha_detail",6,"Full-GMM","FULL_TABLE2",-0.3,NA,NA,NA,NA,NA,19.6711304405139,19.6711304405139,0,NA,NA,NA,NA,NA,NA,NA,NA,"PASS"
"alpha_detail",6,"Full-GMM","FULL_TABLE2",-0.2,NA,NA,NA,NA,NA,25.2879309990816,25.2879309990816,0,NA,NA,NA,NA,NA,NA,NA,NA,"PASS"
"alpha_detail",6,"Full-GMM","FULL_TABLE2",-0.1,NA,NA,NA,NA,NA,26.5504056203571,26.5504056203571,0,NA,NA,NA,NA,NA,NA,NA,NA,"PASS"
"alpha_detail",6,"Full-GMM","FULL_TABLE2",0,NA,NA,NA,NA,NA,20.4588165598346,20.4588165598346,0,NA,NA,NA,NA,NA,NA,NA,NA,"PASS"
"alpha_detail",6,"Full-GMM","FULL_TABLE2",0.1,NA,NA,NA,NA,NA,20.9393864174057,20.9393864174057,0,NA,NA,NA,NA,NA,NA,NA,NA,"PASS"
"alpha_detail",6,"Full-GMM","FULL_TABLE2",0.2,NA,NA,NA,NA,NA,19.4016648162584,19.4016648162584,0,NA,NA,NA,NA,NA,NA,NA,NA,"PASS"
"alpha_detail",6,"Full-GMM","FULL_TABLE2",0.3,NA,NA,NA,NA,NA,13.4749334175855,13.4749334175855,0,NA,NA,NA,NA,NA,NA,NA,NA,"PASS"
"alpha_detail",6,"Full-GMM","FULL_TABLE2",0.4,NA,NA,NA,NA,NA,11.0214382286318,11.0214382286318,0,NA,NA,NA,NA,NA,NA,NA,NA,"PASS"
"alpha_detail",6,"Full-GMM","FULL_TABLE2",0.5,NA,NA,NA,NA,NA,8.37130638546344,8.37130638546344,0,NA,NA,NA,NA,NA,NA,NA,NA,"PASS"
"alpha_detail",6,"Full-GMM","FULL_TABLE2",0.6,NA,NA,NA,NA,NA,3.00627682684971,3.00627682684971,0,NA,NA,NA,NA,NA,NA,NA,NA,"PASS"
"alpha_detail",6,"Full-GMM","FULL_TABLE2",0.7,NA,NA,NA,NA,NA,1.51795083914895,1.51795083914895,0,NA,NA,NA,NA,NA,NA,NA,NA,"PASS"
"alpha_detail",6,"Full-GMM","FULL_TABLE2",0.8,NA,NA,NA,NA,NA,4.9288955342848,4.9288955342848,0,NA,NA,NA,NA,NA,NA,NA,NA,"PASS"
"alpha_detail",6,"Full-GMM","FULL_TABLE2",0.9,NA,NA,NA,NA,NA,2.11333520976432,2.11333520976432,0,NA,NA,NA,NA,NA,NA,NA,NA,"PASS"
"alpha_detail",6,"Full-GMM","FULL_TABLE2",1,NA,NA,NA,NA,NA,0.381314705166626,0.381314705166626,0,NA,NA,NA,NA,NA,NA,NA,NA,"PASS"
"alpha_detail",6,"Full-GMM","FULL_TABLE2",1.1,NA,NA,NA,NA,NA,2.82310909931514,2.82310909931514,0,NA,NA,NA,NA,NA,NA,NA,NA,"PASS"
"alpha_detail",6,"Full-GMM","FULL_TABLE2",1.2,NA,NA,NA,NA,NA,4.49741155002741,4.49741155002741,0,NA,NA,NA,NA,NA,NA,NA,NA,"PASS"
"alpha_detail",6,"Full-GMM","FULL_TABLE2",1.3,NA,NA,NA,NA,NA,3.79351177720901,3.79351177720901,0,NA,NA,NA,NA,NA,NA,NA,NA,"PASS"
"alpha_detail",6,"Full-GMM","FULL_TABLE2",1.4,NA,NA,NA,NA,NA,6.22613166360594,6.22613166360594,0,NA,NA,NA,NA,NA,NA,NA,NA,"PASS"
"alpha_detail",6,"Full-GMM","FULL_TABLE2",1.5,NA,NA,NA,NA,NA,12.8751027576559,12.8751027576559,0,NA,NA,NA,NA,NA,NA,NA,NA,"PASS"
"alpha_detail",6,"Full-GMM","FULL_TABLE2",1.6,NA,NA,NA,NA,NA,13.9977217359243,13.9977217359243,0,NA,NA,NA,NA,NA,NA,NA,NA,"PASS"
"alpha_detail",6,"Full-GMM","FULL_TABLE2",1.7,NA,NA,NA,NA,NA,23.1354461805782,23.1354461805782,0,NA,NA,NA,NA,NA,NA,NA,NA,"PASS"
"alpha_detail",6,"Full-GMM","FULL_TABLE2",1.8,NA,NA,NA,NA,NA,20.4543366738431,20.4543366738431,0,NA,NA,NA,NA,NA,NA,NA,NA,"PASS"
"alpha_detail",6,"Full-GMM","FULL_TABLE2",1.9,NA,NA,NA,NA,NA,33.0850395980561,33.0850395980561,0,NA,NA,NA,NA,NA,NA,NA,NA,"PASS"
"alpha_detail",6,"Full-GMM","FULL_TABLE2",2,NA,NA,NA,NA,NA,34.2837985220926,34.2837985220926,0,NA,NA,NA,NA,NA,NA,NA,NA,"PASS"
"alpha_detail",6,"Full-GMM","FULL_TABLE2",2.1,NA,NA,NA,NA,NA,41.9258362392795,41.9258362392795,0,NA,NA,NA,NA,NA,NA,NA,NA,"PASS"
"alpha_detail",6,"Full-GMM","FULL_TABLE2",2.2,NA,NA,NA,NA,NA,41.2895054033325,41.2895054033325,0,NA,NA,NA,NA,NA,NA,NA,NA,"PASS"
"alpha_detail",6,"Full-GMM","FULL_TABLE2",2.3,NA,NA,NA,NA,NA,47.4213165637043,47.4213165637043,0,NA,NA,NA,NA,NA,NA,NA,NA,"PASS"
"alpha_detail",6,"Full-GMM","FULL_TABLE2",2.4,NA,NA,NA,NA,NA,48.899313980062,48.899313980062,0,NA,NA,NA,NA,NA,NA,NA,NA,"PASS"
"alpha_detail",6,"Full-GMM","FULL_TABLE2",2.5,NA,NA,NA,NA,NA,60.365415536083,60.365415536083,0,NA,NA,NA,NA,NA,NA,NA,NA,"PASS"
"alpha_detail",6,"Full-GMM","FULL_TABLE2",2.6,NA,NA,NA,NA,NA,53.1973270048712,53.1973270048712,0,NA,NA,NA,NA,NA,NA,NA,NA,"PASS"
"alpha_detail",6,"Full-GMM","FULL_TABLE2",2.7,NA,NA,NA,NA,NA,67.2897770250947,67.2897770250947,0,NA,NA,NA,NA,NA,NA,NA,NA,"PASS"
"alpha_detail",6,"Full-GMM","FULL_TABLE2",2.8,NA,NA,NA,NA,NA,59.4132074400375,59.4132074400375,0,NA,NA,NA,NA,NA,NA,NA,NA,"PASS"
"alpha_detail",6,"Full-GMM","FULL_TABLE2",2.9,NA,NA,NA,NA,NA,76.9605915974586,76.9605915974586,0,NA,NA,NA,NA,NA,NA,NA,NA,"PASS"
"alpha_detail",6,"Full-GMM","FULL_TABLE2",3,NA,NA,NA,NA,NA,66.0335282696773,66.0335282696773,0,NA,NA,NA,NA,NA,NA,NA,NA,"PASS"
"dataset_summary",6,"DML-CV","DML_TABLE2_CV",NA,NA,NA,NA,NA,0,NA,NA,NA,1,1,0.150918414277811,0.150918414277811,TRUE,TRUE,NA,NA,"PASS"
"alpha_detail",6,"DML-CV","DML_TABLE2_CV",-1,NA,NA,NA,NA,NA,59.022632439204,59.022632439204,0,NA,NA,NA,NA,NA,NA,0.0222647848832901,NA,"PASS"
"alpha_detail",6,"DML-CV","DML_TABLE2_CV",-0.9,NA,NA,NA,NA,NA,58.5928155864649,58.5928155864649,0,NA,NA,NA,NA,NA,NA,0.02160114570364,NA,"PASS"
"alpha_detail",6,"DML-CV","DML_TABLE2_CV",-0.8,NA,NA,NA,NA,NA,58.340294685405,58.340294685405,0,NA,NA,NA,NA,NA,NA,0.0320951533033189,NA,"PASS"
"alpha_detail",6,"DML-CV","DML_TABLE2_CV",-0.7,NA,NA,NA,NA,NA,56.0627801919595,56.0627801919595,0,NA,NA,NA,NA,NA,NA,0.027015589542935,NA,"PASS"
"alpha_detail",6,"DML-CV","DML_TABLE2_CV",-0.6,NA,NA,NA,NA,NA,55.4928820623578,55.4928820623578,0,NA,NA,NA,NA,NA,NA,0.0266208166450616,NA,"PASS"
"alpha_detail",6,"DML-CV","DML_TABLE2_CV",-0.5,NA,NA,NA,NA,NA,51.6110291088876,51.6110291088876,0,NA,NA,NA,NA,NA,NA,0.0174275900066965,NA,"PASS"
"alpha_detail",6,"DML-CV","DML_TABLE2_CV",-0.4,NA,NA,NA,NA,NA,45.8279393866747,45.8279393866747,0,NA,NA,NA,NA,NA,NA,0.0300443630955173,NA,"PASS"
"alpha_detail",6,"DML-CV","DML_TABLE2_CV",-0.3,NA,NA,NA,NA,NA,43.6164065314374,43.6164065314374,0,NA,NA,NA,NA,NA,NA,0.0188875418064137,NA,"PASS"
"alpha_detail",6,"DML-CV","DML_TABLE2_CV",-0.2,NA,NA,NA,NA,NA,41.4881991103912,41.4881991103912,0,NA,NA,NA,NA,NA,NA,0.0333073097162421,NA,"PASS"
"alpha_detail",6,"DML-CV","DML_TABLE2_CV",-0.1,NA,NA,NA,NA,NA,41.0928199225562,41.0928199225562,0,NA,NA,NA,NA,NA,NA,0.0369488087863594,NA,"PASS"
"alpha_detail",6,"DML-CV","DML_TABLE2_CV",0,NA,NA,NA,NA,NA,36.479840917816,36.479840917816,0,NA,NA,NA,NA,NA,NA,0.0327366000811323,NA,"PASS"
"alpha_detail",6,"DML-CV","DML_TABLE2_CV",0.1,NA,NA,NA,NA,NA,36.6139508279753,36.6139508279753,0,NA,NA,NA,NA,NA,NA,0.0326011480861521,NA,"PASS"
"alpha_detail",6,"DML-CV","DML_TABLE2_CV",0.2,NA,NA,NA,NA,NA,36.7138068620165,36.7138068620165,0,NA,NA,NA,NA,NA,NA,0.033361666482458,NA,"PASS"
"alpha_detail",6,"DML-CV","DML_TABLE2_CV",0.3,NA,NA,NA,NA,NA,30.5987150714654,30.5987150714654,0,NA,NA,NA,NA,NA,NA,0.0295419097406445,NA,"PASS"
"alpha_detail",6,"DML-CV","DML_TABLE2_CV",0.4,NA,NA,NA,NA,NA,25.6578251742152,25.6578251742152,0,NA,NA,NA,NA,NA,NA,0.0295419097406445,NA,"PASS"
"alpha_detail",6,"DML-CV","DML_TABLE2_CV",0.5,NA,NA,NA,NA,NA,21.2418868300349,21.2418868300349,0,NA,NA,NA,NA,NA,NA,0.0266999786679635,NA,"PASS"
"alpha_detail",6,"DML-CV","DML_TABLE2_CV",0.6,NA,NA,NA,NA,NA,17.6483710947645,17.6483710947645,0,NA,NA,NA,NA,NA,NA,0.0236561489406005,NA,"PASS"
"alpha_detail",6,"DML-CV","DML_TABLE2_CV",0.7,NA,NA,NA,NA,NA,11.7102882217047,11.7102882217047,0,NA,NA,NA,NA,NA,NA,0.0341598662140784,NA,"PASS"
"alpha_detail",6,"DML-CV","DML_TABLE2_CV",0.8,NA,NA,NA,NA,NA,5.67505210894172,5.67505210894172,0,NA,NA,NA,NA,NA,NA,0.027862893107201,NA,"PASS"
"alpha_detail",6,"DML-CV","DML_TABLE2_CV",0.9,NA,NA,NA,NA,NA,2.19774745517114,2.19774745517114,0,NA,NA,NA,NA,NA,NA,0.0330561094925795,NA,"PASS"
"alpha_detail",6,"DML-CV","DML_TABLE2_CV",1,NA,NA,NA,NA,NA,0.150918414277811,0.150918414277811,0,NA,NA,NA,NA,NA,NA,0.0236969717036987,NA,"PASS"
"alpha_detail",6,"DML-CV","DML_TABLE2_CV",1.1,NA,NA,NA,NA,NA,0.727931260567898,0.727931260567898,0,NA,NA,NA,NA,NA,NA,0.0248492488343826,NA,"PASS"
"alpha_detail",6,"DML-CV","DML_TABLE2_CV",1.2,NA,NA,NA,NA,NA,2.20138706255807,2.20138706255807,0,NA,NA,NA,NA,NA,NA,0.0250494052657165,NA,"PASS"
"alpha_detail",6,"DML-CV","DML_TABLE2_CV",1.3,NA,NA,NA,NA,NA,3.69751774414375,3.69751774414375,0,NA,NA,NA,NA,NA,NA,0.026842569389787,NA,"PASS"
"alpha_detail",6,"DML-CV","DML_TABLE2_CV",1.4,NA,NA,NA,NA,NA,9.42959770178423,9.42959770178423,0,NA,NA,NA,NA,NA,NA,0.0260424816807471,NA,"PASS"
"alpha_detail",6,"DML-CV","DML_TABLE2_CV",1.5,NA,NA,NA,NA,NA,15.3913550035102,15.3913550035102,0,NA,NA,NA,NA,NA,NA,0.0237438423937797,NA,"PASS"
"alpha_detail",6,"DML-CV","DML_TABLE2_CV",1.6,NA,NA,NA,NA,NA,14.8550631845048,14.8550631845048,0,NA,NA,NA,NA,NA,NA,0.0305773010597379,NA,"PASS"
"alpha_detail",6,"DML-CV","DML_TABLE2_CV",1.7,NA,NA,NA,NA,NA,22.4319767728972,22.4319767728972,0,NA,NA,NA,NA,NA,NA,0.0252073497840591,NA,"PASS"
"alpha_detail",6,"DML-CV","DML_TABLE2_CV",1.8,NA,NA,NA,NA,NA,32.4786177539403,32.4786177539403,0,NA,NA,NA,NA,NA,NA,0.0237125142291364,NA,"PASS"
"alpha_detail",6,"DML-CV","DML_TABLE2_CV",1.9,NA,NA,NA,NA,NA,31.224961885127,31.224961885127,0,NA,NA,NA,NA,NA,NA,0.032357250398514,NA,"PASS"
"alpha_detail",6,"DML-CV","DML_TABLE2_CV",2,NA,NA,NA,NA,NA,31.1025711194262,31.1025711194262,0,NA,NA,NA,NA,NA,NA,0.0304570737892561,NA,"PASS"
"alpha_detail",6,"DML-CV","DML_TABLE2_CV",2.1,NA,NA,NA,NA,NA,31.8766209900852,31.8766209900852,0,NA,NA,NA,NA,NA,NA,0.025891112798972,NA,"PASS"
"alpha_detail",6,"DML-CV","DML_TABLE2_CV",2.2,NA,NA,NA,NA,NA,49.9301357041291,49.9301357041291,0,NA,NA,NA,NA,NA,NA,0.0133900319904121,NA,"PASS"
"alpha_detail",6,"DML-CV","DML_TABLE2_CV",2.3,NA,NA,NA,NA,NA,46.7240316846609,46.7240316846609,0,NA,NA,NA,NA,NA,NA,0.0303115382880557,NA,"PASS"
"alpha_detail",6,"DML-CV","DML_TABLE2_CV",2.4,NA,NA,NA,NA,NA,60.0316749040911,60.0316749040911,0,NA,NA,NA,NA,NA,NA,0.0229365900770181,NA,"PASS"
"alpha_detail",6,"DML-CV","DML_TABLE2_CV",2.5,NA,NA,NA,NA,NA,61.0068825492619,61.0068825492619,0,NA,NA,NA,NA,NA,NA,0.0322723092954356,NA,"PASS"
"alpha_detail",6,"DML-CV","DML_TABLE2_CV",2.6,NA,NA,NA,NA,NA,69.9774021604281,69.9774021604281,0,NA,NA,NA,NA,NA,NA,0.0218422816480723,NA,"PASS"
"alpha_detail",6,"DML-CV","DML_TABLE2_CV",2.7,NA,NA,NA,NA,NA,72.7559208829966,72.7559208829966,0,NA,NA,NA,NA,NA,NA,0.0265056855815882,NA,"PASS"
"alpha_detail",6,"DML-CV","DML_TABLE2_CV",2.8,NA,NA,NA,NA,NA,68.6313792951177,68.6313792951177,0,NA,NA,NA,NA,NA,NA,0.0296883196609091,NA,"PASS"
"alpha_detail",6,"DML-CV","DML_TABLE2_CV",2.9,NA,NA,NA,NA,NA,69.5662466729452,69.5662466729452,0,NA,NA,NA,NA,NA,NA,0.0295911116683312,NA,"PASS"
"alpha_detail",6,"DML-CV","DML_TABLE2_CV",3,NA,NA,NA,NA,NA,71.7447817376886,71.7447817376886,0,NA,NA,NA,NA,NA,NA,0.0304048742413697,NA,"PASS"
"dataset_summary",6,"DML-BC","DML_BC_CONDITIONAL",NA,NA,NA,NA,NA,0,NA,NA,NA,1,1,0.112377356488281,0.112377356488281,TRUE,TRUE,NA,TRUE,"PASS"
"alpha_detail",6,"DML-BC","DML_BC_CONDITIONAL",-1,NA,NA,NA,NA,NA,72.0977283667994,72.0977283667994,0,NA,NA,NA,NA,NA,NA,NA,NA,"PASS"
"alpha_detail",6,"DML-BC","DML_BC_CONDITIONAL",-0.9,NA,NA,NA,NA,NA,70.3039662875135,70.3039662875135,0,NA,NA,NA,NA,NA,NA,NA,NA,"PASS"
"alpha_detail",6,"DML-BC","DML_BC_CONDITIONAL",-0.8,NA,NA,NA,NA,NA,64.7203348232297,64.7203348232297,0,NA,NA,NA,NA,NA,NA,NA,NA,"PASS"
"alpha_detail",6,"DML-BC","DML_BC_CONDITIONAL",-0.7,NA,NA,NA,NA,NA,70.6204758639426,70.6204758639426,0,NA,NA,NA,NA,NA,NA,NA,NA,"PASS"
"alpha_detail",6,"DML-BC","DML_BC_CONDITIONAL",-0.6,NA,NA,NA,NA,NA,62.5760694056496,62.5760694056496,0,NA,NA,NA,NA,NA,NA,NA,NA,"PASS"
"alpha_detail",6,"DML-BC","DML_BC_CONDITIONAL",-0.5,NA,NA,NA,NA,NA,61.6421903850764,61.6421903850764,0,NA,NA,NA,NA,NA,NA,NA,NA,"PASS"
"alpha_detail",6,"DML-BC","DML_BC_CONDITIONAL",-0.4,NA,NA,NA,NA,NA,59.2720728577488,59.2720728577488,0,NA,NA,NA,NA,NA,NA,NA,NA,"PASS"
"alpha_detail",6,"DML-BC","DML_BC_CONDITIONAL",-0.3,NA,NA,NA,NA,NA,45.4051905782856,45.4051905782856,0,NA,NA,NA,NA,NA,NA,NA,NA,"PASS"
"alpha_detail",6,"DML-BC","DML_BC_CONDITIONAL",-0.2,NA,NA,NA,NA,NA,51.7158948438579,51.7158948438579,0,NA,NA,NA,NA,NA,NA,NA,NA,"PASS"
"alpha_detail",6,"DML-BC","DML_BC_CONDITIONAL",-0.1,NA,NA,NA,NA,NA,46.313726602586,46.313726602586,0,NA,NA,NA,NA,NA,NA,NA,NA,"PASS"
"alpha_detail",6,"DML-BC","DML_BC_CONDITIONAL",0,NA,NA,NA,NA,NA,44.1512610331553,44.1512610331553,0,NA,NA,NA,NA,NA,NA,NA,NA,"PASS"
"alpha_detail",6,"DML-BC","DML_BC_CONDITIONAL",0.1,NA,NA,NA,NA,NA,41.2246882682638,41.2246882682638,0,NA,NA,NA,NA,NA,NA,NA,NA,"PASS"
"alpha_detail",6,"DML-BC","DML_BC_CONDITIONAL",0.2,NA,NA,NA,NA,NA,41.0460350264048,41.0460350264048,0,NA,NA,NA,NA,NA,NA,NA,NA,"PASS"
"alpha_detail",6,"DML-BC","DML_BC_CONDITIONAL",0.3,NA,NA,NA,NA,NA,35.09661941209,35.09661941209,0,NA,NA,NA,NA,NA,NA,NA,NA,"PASS"
"alpha_detail",6,"DML-BC","DML_BC_CONDITIONAL",0.4,NA,NA,NA,NA,NA,23.6094365308266,23.6094365308266,0,NA,NA,NA,NA,NA,NA,NA,NA,"PASS"
"alpha_detail",6,"DML-BC","DML_BC_CONDITIONAL",0.5,NA,NA,NA,NA,NA,18.0587933681922,18.0587933681922,0,NA,NA,NA,NA,NA,NA,NA,NA,"PASS"
"alpha_detail",6,"DML-BC","DML_BC_CONDITIONAL",0.6,NA,NA,NA,NA,NA,11.7215665549159,11.7215665549159,0,NA,NA,NA,NA,NA,NA,NA,NA,"PASS"
"alpha_detail",6,"DML-BC","DML_BC_CONDITIONAL",0.7,NA,NA,NA,NA,NA,5.35389305395311,5.35389305395311,0,NA,NA,NA,NA,NA,NA,NA,NA,"PASS"
"alpha_detail",6,"DML-BC","DML_BC_CONDITIONAL",0.8,NA,NA,NA,NA,NA,2.43854474898686,2.43854474898686,0,NA,NA,NA,NA,NA,NA,NA,NA,"PASS"
"alpha_detail",6,"DML-BC","DML_BC_CONDITIONAL",0.9,NA,NA,NA,NA,NA,0.51335471446356,0.51335471446356,0,NA,NA,NA,NA,NA,NA,NA,NA,"PASS"
"alpha_detail",6,"DML-BC","DML_BC_CONDITIONAL",1,NA,NA,NA,NA,NA,0.112377356488281,0.112377356488281,0,NA,NA,NA,NA,NA,NA,NA,NA,"PASS"
"alpha_detail",6,"DML-BC","DML_BC_CONDITIONAL",1.1,NA,NA,NA,NA,NA,0.325857795830259,0.325857795830259,0,NA,NA,NA,NA,NA,NA,NA,NA,"PASS"
"alpha_detail",6,"DML-BC","DML_BC_CONDITIONAL",1.2,NA,NA,NA,NA,NA,2.99672654054416,2.99672654054416,0,NA,NA,NA,NA,NA,NA,NA,NA,"PASS"
"alpha_detail",6,"DML-BC","DML_BC_CONDITIONAL",1.3,NA,NA,NA,NA,NA,6.18604952945822,6.18604952945822,0,NA,NA,NA,NA,NA,NA,NA,NA,"PASS"
"alpha_detail",6,"DML-BC","DML_BC_CONDITIONAL",1.4,NA,NA,NA,NA,NA,5.47699391870248,5.47699391870248,0,NA,NA,NA,NA,NA,NA,NA,NA,"PASS"
"alpha_detail",6,"DML-BC","DML_BC_CONDITIONAL",1.5,NA,NA,NA,NA,NA,10.9082599719758,10.9082599719758,0,NA,NA,NA,NA,NA,NA,NA,NA,"PASS"
"alpha_detail",6,"DML-BC","DML_BC_CONDITIONAL",1.6,NA,NA,NA,NA,NA,15.8717547776358,15.8717547776358,0,NA,NA,NA,NA,NA,NA,NA,NA,"PASS"
"alpha_detail",6,"DML-BC","DML_BC_CONDITIONAL",1.7,NA,NA,NA,NA,NA,21.4473716955772,21.4473716955772,0,NA,NA,NA,NA,NA,NA,NA,NA,"PASS"
"alpha_detail",6,"DML-BC","DML_BC_CONDITIONAL",1.8,NA,NA,NA,NA,NA,26.0396817492477,26.0396817492477,0,NA,NA,NA,NA,NA,NA,NA,NA,"PASS"
"alpha_detail",6,"DML-BC","DML_BC_CONDITIONAL",1.9,NA,NA,NA,NA,NA,29.9892583043714,29.9892583043714,0,NA,NA,NA,NA,NA,NA,NA,NA,"PASS"
"alpha_detail",6,"DML-BC","DML_BC_CONDITIONAL",2,NA,NA,NA,NA,NA,32.5672778671419,32.5672778671419,0,NA,NA,NA,NA,NA,NA,NA,NA,"PASS"
"alpha_detail",6,"DML-BC","DML_BC_CONDITIONAL",2.1,NA,NA,NA,NA,NA,32.6134838578108,32.6134838578108,0,NA,NA,NA,NA,NA,NA,NA,NA,"PASS"
"alpha_detail",6,"DML-BC","DML_BC_CONDITIONAL",2.2,NA,NA,NA,NA,NA,36.1505296380316,36.1505296380316,0,NA,NA,NA,NA,NA,NA,NA,NA,"PASS"
"alpha_detail",6,"DML-BC","DML_BC_CONDITIONAL",2.3,NA,NA,NA,NA,NA,38.4923616027748,38.4923616027748,0,NA,NA,NA,NA,NA,NA,NA,NA,"PASS"
"alpha_detail",6,"DML-BC","DML_BC_CONDITIONAL",2.4,NA,NA,NA,NA,NA,40.7931491895646,40.7931491895646,0,NA,NA,NA,NA,NA,NA,NA,NA,"PASS"
"alpha_detail",6,"DML-BC","DML_BC_CONDITIONAL",2.5,NA,NA,NA,NA,NA,40.8788389346387,40.8788389346387,0,NA,NA,NA,NA,NA,NA,NA,NA,"PASS"
"alpha_detail",6,"DML-BC","DML_BC_CONDITIONAL",2.6,NA,NA,NA,NA,NA,43.6775199849868,43.6775199849868,0,NA,NA,NA,NA,NA,NA,NA,NA,"PASS"
"alpha_detail",6,"DML-BC","DML_BC_CONDITIONAL",2.7,NA,NA,NA,NA,NA,44.5767902739755,44.5767902739755,0,NA,NA,NA,NA,NA,NA,NA,NA,"PASS"
"alpha_detail",6,"DML-BC","DML_BC_CONDITIONAL",2.8,NA,NA,NA,NA,NA,51.6407866354364,51.6407866354364,0,NA,NA,NA,NA,NA,NA,NA,NA,"PASS"
"alpha_detail",6,"DML-BC","DML_BC_CONDITIONAL",2.9,NA,NA,NA,NA,NA,53.9692575908054,53.9692575908054,0,NA,NA,NA,NA,NA,NA,NA,NA,"PASS"
"alpha_detail",6,"DML-BC","DML_BC_CONDITIONAL",3,NA,NA,NA,NA,NA,58.9653111117419,58.9653111117419,0,NA,NA,NA,NA,NA,NA,NA,NA,"PASS"
"dataset_summary",6,"DML-CV vs DML-BC","DML_CV_VS_BC_EXPECTED_DIFFERENCE",NA,NA,NA,NA,NA,28.1791306090211,NA,NA,NA,1,1,0.150918414277811,0.112377356488281,TRUE,FALSE,NA,NA,"EXPECTED METHOD DIFFERENCE"
"alpha_detail",6,"DML-CV vs DML-BC","DML_CV_VS_BC_EXPECTED_DIFFERENCE",-1,NA,NA,NA,NA,NA,59.022632439204,72.0977283667994,13.0750959275955,NA,NA,NA,NA,NA,NA,NA,NA,"EXPECTED METHOD DIFFERENCE"
"alpha_detail",6,"DML-CV vs DML-BC","DML_CV_VS_BC_EXPECTED_DIFFERENCE",-0.9,NA,NA,NA,NA,NA,58.5928155864649,70.3039662875135,11.7111507010486,NA,NA,NA,NA,NA,NA,NA,NA,"EXPECTED METHOD DIFFERENCE"
"alpha_detail",6,"DML-CV vs DML-BC","DML_CV_VS_BC_EXPECTED_DIFFERENCE",-0.8,NA,NA,NA,NA,NA,58.340294685405,64.7203348232297,6.38004013782465,NA,NA,NA,NA,NA,NA,NA,NA,"EXPECTED METHOD DIFFERENCE"
"alpha_detail",6,"DML-CV vs DML-BC","DML_CV_VS_BC_EXPECTED_DIFFERENCE",-0.7,NA,NA,NA,NA,NA,56.0627801919595,70.6204758639426,14.557695671983,NA,NA,NA,NA,NA,NA,NA,NA,"EXPECTED METHOD DIFFERENCE"
"alpha_detail",6,"DML-CV vs DML-BC","DML_CV_VS_BC_EXPECTED_DIFFERENCE",-0.6,NA,NA,NA,NA,NA,55.4928820623578,62.5760694056496,7.0831873432918,NA,NA,NA,NA,NA,NA,NA,NA,"EXPECTED METHOD DIFFERENCE"
"alpha_detail",6,"DML-CV vs DML-BC","DML_CV_VS_BC_EXPECTED_DIFFERENCE",-0.5,NA,NA,NA,NA,NA,51.6110291088876,61.6421903850764,10.0311612761888,NA,NA,NA,NA,NA,NA,NA,NA,"EXPECTED METHOD DIFFERENCE"
"alpha_detail",6,"DML-CV vs DML-BC","DML_CV_VS_BC_EXPECTED_DIFFERENCE",-0.4,NA,NA,NA,NA,NA,45.8279393866747,59.2720728577488,13.4441334710742,NA,NA,NA,NA,NA,NA,NA,NA,"EXPECTED METHOD DIFFERENCE"
"alpha_detail",6,"DML-CV vs DML-BC","DML_CV_VS_BC_EXPECTED_DIFFERENCE",-0.3,NA,NA,NA,NA,NA,43.6164065314374,45.4051905782856,1.78878404684826,NA,NA,NA,NA,NA,NA,NA,NA,"EXPECTED METHOD DIFFERENCE"
"alpha_detail",6,"DML-CV vs DML-BC","DML_CV_VS_BC_EXPECTED_DIFFERENCE",-0.2,NA,NA,NA,NA,NA,41.4881991103912,51.7158948438579,10.2276957334666,NA,NA,NA,NA,NA,NA,NA,NA,"EXPECTED METHOD DIFFERENCE"
"alpha_detail",6,"DML-CV vs DML-BC","DML_CV_VS_BC_EXPECTED_DIFFERENCE",-0.1,NA,NA,NA,NA,NA,41.0928199225562,46.313726602586,5.22090668002976,NA,NA,NA,NA,NA,NA,NA,NA,"EXPECTED METHOD DIFFERENCE"
"alpha_detail",6,"DML-CV vs DML-BC","DML_CV_VS_BC_EXPECTED_DIFFERENCE",0,NA,NA,NA,NA,NA,36.479840917816,44.1512610331553,7.67142011533925,NA,NA,NA,NA,NA,NA,NA,NA,"EXPECTED METHOD DIFFERENCE"
"alpha_detail",6,"DML-CV vs DML-BC","DML_CV_VS_BC_EXPECTED_DIFFERENCE",0.1,NA,NA,NA,NA,NA,36.6139508279753,41.2246882682638,4.61073744028853,NA,NA,NA,NA,NA,NA,NA,NA,"EXPECTED METHOD DIFFERENCE"
"alpha_detail",6,"DML-CV vs DML-BC","DML_CV_VS_BC_EXPECTED_DIFFERENCE",0.2,NA,NA,NA,NA,NA,36.7138068620165,41.0460350264048,4.33222816438828,NA,NA,NA,NA,NA,NA,NA,NA,"EXPECTED METHOD DIFFERENCE"
"alpha_detail",6,"DML-CV vs DML-BC","DML_CV_VS_BC_EXPECTED_DIFFERENCE",0.3,NA,NA,NA,NA,NA,30.5987150714654,35.09661941209,4.49790434062458,NA,NA,NA,NA,NA,NA,NA,NA,"EXPECTED METHOD DIFFERENCE"
"alpha_detail",6,"DML-CV vs DML-BC","DML_CV_VS_BC_EXPECTED_DIFFERENCE",0.4,NA,NA,NA,NA,NA,25.6578251742152,23.6094365308266,-2.04838864338859,NA,NA,NA,NA,NA,NA,NA,NA,"EXPECTED METHOD DIFFERENCE"
"alpha_detail",6,"DML-CV vs DML-BC","DML_CV_VS_BC_EXPECTED_DIFFERENCE",0.5,NA,NA,NA,NA,NA,21.2418868300349,18.0587933681922,-3.1830934618427,NA,NA,NA,NA,NA,NA,NA,NA,"EXPECTED METHOD DIFFERENCE"
"alpha_detail",6,"DML-CV vs DML-BC","DML_CV_VS_BC_EXPECTED_DIFFERENCE",0.6,NA,NA,NA,NA,NA,17.6483710947645,11.7215665549159,-5.9268045398486,NA,NA,NA,NA,NA,NA,NA,NA,"EXPECTED METHOD DIFFERENCE"
"alpha_detail",6,"DML-CV vs DML-BC","DML_CV_VS_BC_EXPECTED_DIFFERENCE",0.7,NA,NA,NA,NA,NA,11.7102882217047,5.35389305395311,-6.35639516775158,NA,NA,NA,NA,NA,NA,NA,NA,"EXPECTED METHOD DIFFERENCE"
"alpha_detail",6,"DML-CV vs DML-BC","DML_CV_VS_BC_EXPECTED_DIFFERENCE",0.8,NA,NA,NA,NA,NA,5.67505210894172,2.43854474898686,-3.23650735995486,NA,NA,NA,NA,NA,NA,NA,NA,"EXPECTED METHOD DIFFERENCE"
"alpha_detail",6,"DML-CV vs DML-BC","DML_CV_VS_BC_EXPECTED_DIFFERENCE",0.9,NA,NA,NA,NA,NA,2.19774745517114,0.51335471446356,-1.68439274070758,NA,NA,NA,NA,NA,NA,NA,NA,"EXPECTED METHOD DIFFERENCE"
"alpha_detail",6,"DML-CV vs DML-BC","DML_CV_VS_BC_EXPECTED_DIFFERENCE",1,NA,NA,NA,NA,NA,0.150918414277811,0.112377356488281,-0.03854105778953,NA,NA,NA,NA,NA,NA,NA,NA,"EXPECTED METHOD DIFFERENCE"
"alpha_detail",6,"DML-CV vs DML-BC","DML_CV_VS_BC_EXPECTED_DIFFERENCE",1.1,NA,NA,NA,NA,NA,0.727931260567898,0.325857795830259,-0.40207346473764,NA,NA,NA,NA,NA,NA,NA,NA,"EXPECTED METHOD DIFFERENCE"
"alpha_detail",6,"DML-CV vs DML-BC","DML_CV_VS_BC_EXPECTED_DIFFERENCE",1.2,NA,NA,NA,NA,NA,2.20138706255807,2.99672654054416,0.795339477986085,NA,NA,NA,NA,NA,NA,NA,NA,"EXPECTED METHOD DIFFERENCE"
"alpha_detail",6,"DML-CV vs DML-BC","DML_CV_VS_BC_EXPECTED_DIFFERENCE",1.3,NA,NA,NA,NA,NA,3.69751774414375,6.18604952945822,2.48853178531447,NA,NA,NA,NA,NA,NA,NA,NA,"EXPECTED METHOD DIFFERENCE"
"alpha_detail",6,"DML-CV vs DML-BC","DML_CV_VS_BC_EXPECTED_DIFFERENCE",1.4,NA,NA,NA,NA,NA,9.42959770178423,5.47699391870248,-3.95260378308175,NA,NA,NA,NA,NA,NA,NA,NA,"EXPECTED METHOD DIFFERENCE"
"alpha_detail",6,"DML-CV vs DML-BC","DML_CV_VS_BC_EXPECTED_DIFFERENCE",1.5,NA,NA,NA,NA,NA,15.3913550035102,10.9082599719758,-4.48309503153438,NA,NA,NA,NA,NA,NA,NA,NA,"EXPECTED METHOD DIFFERENCE"
"alpha_detail",6,"DML-CV vs DML-BC","DML_CV_VS_BC_EXPECTED_DIFFERENCE",1.6,NA,NA,NA,NA,NA,14.8550631845048,15.8717547776358,1.01669159313092,NA,NA,NA,NA,NA,NA,NA,NA,"EXPECTED METHOD DIFFERENCE"
"alpha_detail",6,"DML-CV vs DML-BC","DML_CV_VS_BC_EXPECTED_DIFFERENCE",1.7,NA,NA,NA,NA,NA,22.4319767728972,21.4473716955772,-0.984605077320033,NA,NA,NA,NA,NA,NA,NA,NA,"EXPECTED METHOD DIFFERENCE"
"alpha_detail",6,"DML-CV vs DML-BC","DML_CV_VS_BC_EXPECTED_DIFFERENCE",1.8,NA,NA,NA,NA,NA,32.4786177539403,26.0396817492477,-6.43893600469264,NA,NA,NA,NA,NA,NA,NA,NA,"EXPECTED METHOD DIFFERENCE"
"alpha_detail",6,"DML-CV vs DML-BC","DML_CV_VS_BC_EXPECTED_DIFFERENCE",1.9,NA,NA,NA,NA,NA,31.224961885127,29.9892583043714,-1.23570358075556,NA,NA,NA,NA,NA,NA,NA,NA,"EXPECTED METHOD DIFFERENCE"
"alpha_detail",6,"DML-CV vs DML-BC","DML_CV_VS_BC_EXPECTED_DIFFERENCE",2,NA,NA,NA,NA,NA,31.1025711194262,32.5672778671419,1.46470674771566,NA,NA,NA,NA,NA,NA,NA,NA,"EXPECTED METHOD DIFFERENCE"
"alpha_detail",6,"DML-CV vs DML-BC","DML_CV_VS_BC_EXPECTED_DIFFERENCE",2.1,NA,NA,NA,NA,NA,31.8766209900852,32.6134838578108,0.736862867725584,NA,NA,NA,NA,NA,NA,NA,NA,"EXPECTED METHOD DIFFERENCE"
"alpha_detail",6,"DML-CV vs DML-BC","DML_CV_VS_BC_EXPECTED_DIFFERENCE",2.2,NA,NA,NA,NA,NA,49.9301357041291,36.1505296380316,-13.7796060660975,NA,NA,NA,NA,NA,NA,NA,NA,"EXPECTED METHOD DIFFERENCE"
"alpha_detail",6,"DML-CV vs DML-BC","DML_CV_VS_BC_EXPECTED_DIFFERENCE",2.3,NA,NA,NA,NA,NA,46.7240316846609,38.4923616027748,-8.23167008188612,NA,NA,NA,NA,NA,NA,NA,NA,"EXPECTED METHOD DIFFERENCE"
"alpha_detail",6,"DML-CV vs DML-BC","DML_CV_VS_BC_EXPECTED_DIFFERENCE",2.4,NA,NA,NA,NA,NA,60.0316749040911,40.7931491895646,-19.2385257145264,NA,NA,NA,NA,NA,NA,NA,NA,"EXPECTED METHOD DIFFERENCE"
"alpha_detail",6,"DML-CV vs DML-BC","DML_CV_VS_BC_EXPECTED_DIFFERENCE",2.5,NA,NA,NA,NA,NA,61.0068825492619,40.8788389346387,-20.1280436146232,NA,NA,NA,NA,NA,NA,NA,NA,"EXPECTED METHOD DIFFERENCE"
"alpha_detail",6,"DML-CV vs DML-BC","DML_CV_VS_BC_EXPECTED_DIFFERENCE",2.6,NA,NA,NA,NA,NA,69.9774021604281,43.6775199849868,-26.2998821754413,NA,NA,NA,NA,NA,NA,NA,NA,"EXPECTED METHOD DIFFERENCE"
"alpha_detail",6,"DML-CV vs DML-BC","DML_CV_VS_BC_EXPECTED_DIFFERENCE",2.7,NA,NA,NA,NA,NA,72.7559208829966,44.5767902739755,-28.1791306090211,NA,NA,NA,NA,NA,NA,NA,NA,"EXPECTED METHOD DIFFERENCE"
"alpha_detail",6,"DML-CV vs DML-BC","DML_CV_VS_BC_EXPECTED_DIFFERENCE",2.8,NA,NA,NA,NA,NA,68.6313792951177,51.6407866354364,-16.9905926596812,NA,NA,NA,NA,NA,NA,NA,NA,"EXPECTED METHOD DIFFERENCE"
"alpha_detail",6,"DML-CV vs DML-BC","DML_CV_VS_BC_EXPECTED_DIFFERENCE",2.9,NA,NA,NA,NA,NA,69.5662466729452,53.9692575908054,-15.5969890821399,NA,NA,NA,NA,NA,NA,NA,NA,"EXPECTED METHOD DIFFERENCE"
"alpha_detail",6,"DML-CV vs DML-BC","DML_CV_VS_BC_EXPECTED_DIFFERENCE",3,NA,NA,NA,NA,NA,71.7447817376886,58.9653111117419,-12.7794706259467,NA,NA,NA,NA,NA,NA,NA,NA,"EXPECTED METHOD DIFFERENCE"
"dataset_summary",7,"Oracle-GMM","ORACLE_TABLE2",NA,NA,NA,NA,NA,0,NA,NA,NA,1.1,1.1,0.716717765919184,0.716717765919184,TRUE,TRUE,NA,NA,"PASS"
"alpha_detail",7,"Oracle-GMM","ORACLE_TABLE2",-1,NA,NA,NA,NA,NA,74.3563374483745,74.3563374483745,0,NA,NA,NA,NA,NA,NA,NA,NA,"PASS"
"alpha_detail",7,"Oracle-GMM","ORACLE_TABLE2",-0.9,NA,NA,NA,NA,NA,74.2451763681241,74.2451763681241,0,NA,NA,NA,NA,NA,NA,NA,NA,"PASS"
"alpha_detail",7,"Oracle-GMM","ORACLE_TABLE2",-0.8,NA,NA,NA,NA,NA,71.2226949272816,71.2226949272816,0,NA,NA,NA,NA,NA,NA,NA,NA,"PASS"
"alpha_detail",7,"Oracle-GMM","ORACLE_TABLE2",-0.7,NA,NA,NA,NA,NA,62.4605882123235,62.4605882123235,0,NA,NA,NA,NA,NA,NA,NA,NA,"PASS"
"alpha_detail",7,"Oracle-GMM","ORACLE_TABLE2",-0.6,NA,NA,NA,NA,NA,70.4958902793332,70.4958902793332,0,NA,NA,NA,NA,NA,NA,NA,NA,"PASS"
"alpha_detail",7,"Oracle-GMM","ORACLE_TABLE2",-0.5,NA,NA,NA,NA,NA,67.0583720989564,67.0583720989564,0,NA,NA,NA,NA,NA,NA,NA,NA,"PASS"
"alpha_detail",7,"Oracle-GMM","ORACLE_TABLE2",-0.4,NA,NA,NA,NA,NA,57.0954702286841,57.0954702286841,0,NA,NA,NA,NA,NA,NA,NA,NA,"PASS"
"alpha_detail",7,"Oracle-GMM","ORACLE_TABLE2",-0.3,NA,NA,NA,NA,NA,48.8787971576433,48.8787971576433,0,NA,NA,NA,NA,NA,NA,NA,NA,"PASS"
"alpha_detail",7,"Oracle-GMM","ORACLE_TABLE2",-0.2,NA,NA,NA,NA,NA,41.7631577511901,41.7631577511901,0,NA,NA,NA,NA,NA,NA,NA,NA,"PASS"
"alpha_detail",7,"Oracle-GMM","ORACLE_TABLE2",-0.1,NA,NA,NA,NA,NA,40.5343340507176,40.5343340507176,0,NA,NA,NA,NA,NA,NA,NA,NA,"PASS"
"alpha_detail",7,"Oracle-GMM","ORACLE_TABLE2",0,NA,NA,NA,NA,NA,37.6161771409824,37.6161771409824,0,NA,NA,NA,NA,NA,NA,NA,NA,"PASS"
"alpha_detail",7,"Oracle-GMM","ORACLE_TABLE2",0.1,NA,NA,NA,NA,NA,35.6807144783598,35.6807144783598,0,NA,NA,NA,NA,NA,NA,NA,NA,"PASS"
"alpha_detail",7,"Oracle-GMM","ORACLE_TABLE2",0.2,NA,NA,NA,NA,NA,34.7443867351564,34.7443867351564,0,NA,NA,NA,NA,NA,NA,NA,NA,"PASS"
"alpha_detail",7,"Oracle-GMM","ORACLE_TABLE2",0.3,NA,NA,NA,NA,NA,32.4949819418804,32.4949819418804,0,NA,NA,NA,NA,NA,NA,NA,NA,"PASS"
"alpha_detail",7,"Oracle-GMM","ORACLE_TABLE2",0.4,NA,NA,NA,NA,NA,23.9560453121599,23.9560453121599,0,NA,NA,NA,NA,NA,NA,NA,NA,"PASS"
"alpha_detail",7,"Oracle-GMM","ORACLE_TABLE2",0.5,NA,NA,NA,NA,NA,22.7398234068059,22.7398234068059,0,NA,NA,NA,NA,NA,NA,NA,NA,"PASS"
"alpha_detail",7,"Oracle-GMM","ORACLE_TABLE2",0.6,NA,NA,NA,NA,NA,17.9465611865539,17.9465611865539,0,NA,NA,NA,NA,NA,NA,NA,NA,"PASS"
"alpha_detail",7,"Oracle-GMM","ORACLE_TABLE2",0.7,NA,NA,NA,NA,NA,12.0310554638861,12.0310554638861,0,NA,NA,NA,NA,NA,NA,NA,NA,"PASS"
"alpha_detail",7,"Oracle-GMM","ORACLE_TABLE2",0.8,NA,NA,NA,NA,NA,6.92624254968432,6.92624254968432,0,NA,NA,NA,NA,NA,NA,NA,NA,"PASS"
"alpha_detail",7,"Oracle-GMM","ORACLE_TABLE2",0.9,NA,NA,NA,NA,NA,2.50751145690043,2.50751145690043,0,NA,NA,NA,NA,NA,NA,NA,NA,"PASS"
"alpha_detail",7,"Oracle-GMM","ORACLE_TABLE2",1,NA,NA,NA,NA,NA,0.945908467098632,0.945908467098632,0,NA,NA,NA,NA,NA,NA,NA,NA,"PASS"
"alpha_detail",7,"Oracle-GMM","ORACLE_TABLE2",1.1,NA,NA,NA,NA,NA,0.716717765919184,0.716717765919184,0,NA,NA,NA,NA,NA,NA,NA,NA,"PASS"
"alpha_detail",7,"Oracle-GMM","ORACLE_TABLE2",1.2,NA,NA,NA,NA,NA,3.32997726266134,3.32997726266134,0,NA,NA,NA,NA,NA,NA,NA,NA,"PASS"
"alpha_detail",7,"Oracle-GMM","ORACLE_TABLE2",1.3,NA,NA,NA,NA,NA,6.58494610755886,6.58494610755886,0,NA,NA,NA,NA,NA,NA,NA,NA,"PASS"
"alpha_detail",7,"Oracle-GMM","ORACLE_TABLE2",1.4,NA,NA,NA,NA,NA,17.0057992267305,17.0057992267305,0,NA,NA,NA,NA,NA,NA,NA,NA,"PASS"
"alpha_detail",7,"Oracle-GMM","ORACLE_TABLE2",1.5,NA,NA,NA,NA,NA,28.5082294551863,28.5082294551863,0,NA,NA,NA,NA,NA,NA,NA,NA,"PASS"
"alpha_detail",7,"Oracle-GMM","ORACLE_TABLE2",1.6,NA,NA,NA,NA,NA,32.3402518871831,32.3402518871831,0,NA,NA,NA,NA,NA,NA,NA,NA,"PASS"
"alpha_detail",7,"Oracle-GMM","ORACLE_TABLE2",1.7,NA,NA,NA,NA,NA,41.4549477785222,41.4549477785222,0,NA,NA,NA,NA,NA,NA,NA,NA,"PASS"
"alpha_detail",7,"Oracle-GMM","ORACLE_TABLE2",1.8,NA,NA,NA,NA,NA,46.8084691307512,46.8084691307512,0,NA,NA,NA,NA,NA,NA,NA,NA,"PASS"
"alpha_detail",7,"Oracle-GMM","ORACLE_TABLE2",1.9,NA,NA,NA,NA,NA,55.9891941954114,55.9891941954114,0,NA,NA,NA,NA,NA,NA,NA,NA,"PASS"
"alpha_detail",7,"Oracle-GMM","ORACLE_TABLE2",2,NA,NA,NA,NA,NA,67.4816941194636,67.4816941194636,0,NA,NA,NA,NA,NA,NA,NA,NA,"PASS"
"alpha_detail",7,"Oracle-GMM","ORACLE_TABLE2",2.1,NA,NA,NA,NA,NA,73.042150324531,73.042150324531,0,NA,NA,NA,NA,NA,NA,NA,NA,"PASS"
"alpha_detail",7,"Oracle-GMM","ORACLE_TABLE2",2.2,NA,NA,NA,NA,NA,74.838723545801,74.838723545801,0,NA,NA,NA,NA,NA,NA,NA,NA,"PASS"
"alpha_detail",7,"Oracle-GMM","ORACLE_TABLE2",2.3,NA,NA,NA,NA,NA,90.0213103923612,90.0213103923612,0,NA,NA,NA,NA,NA,NA,NA,NA,"PASS"
"alpha_detail",7,"Oracle-GMM","ORACLE_TABLE2",2.4,NA,NA,NA,NA,NA,94.1692951236872,94.1692951236872,0,NA,NA,NA,NA,NA,NA,NA,NA,"PASS"
"alpha_detail",7,"Oracle-GMM","ORACLE_TABLE2",2.5,NA,NA,NA,NA,NA,95.0160246332638,95.0160246332638,0,NA,NA,NA,NA,NA,NA,NA,NA,"PASS"
"alpha_detail",7,"Oracle-GMM","ORACLE_TABLE2",2.6,NA,NA,NA,NA,NA,88.9700432277396,88.9700432277396,0,NA,NA,NA,NA,NA,NA,NA,NA,"PASS"
"alpha_detail",7,"Oracle-GMM","ORACLE_TABLE2",2.7,NA,NA,NA,NA,NA,97.2764408590088,97.2764408590088,0,NA,NA,NA,NA,NA,NA,NA,NA,"PASS"
"alpha_detail",7,"Oracle-GMM","ORACLE_TABLE2",2.8,NA,NA,NA,NA,NA,100.35468784226,100.35468784226,0,NA,NA,NA,NA,NA,NA,NA,NA,"PASS"
"alpha_detail",7,"Oracle-GMM","ORACLE_TABLE2",2.9,NA,NA,NA,NA,NA,92.3530276154595,92.3530276154595,0,NA,NA,NA,NA,NA,NA,NA,NA,"PASS"
"alpha_detail",7,"Oracle-GMM","ORACLE_TABLE2",3,NA,NA,NA,NA,NA,95.0128498071004,95.0128498071004,0,NA,NA,NA,NA,NA,NA,NA,NA,"PASS"
"dataset_summary",7,"Full-GMM","FULL_TABLE2",NA,NA,NA,NA,NA,0,NA,NA,NA,1,1,1.1351328647997,1.1351328647997,TRUE,TRUE,NA,NA,"PASS"
"alpha_detail",7,"Full-GMM","FULL_TABLE2",-1,NA,NA,NA,NA,NA,50.3998577122476,50.3998577122476,0,NA,NA,NA,NA,NA,NA,NA,NA,"PASS"
"alpha_detail",7,"Full-GMM","FULL_TABLE2",-0.9,NA,NA,NA,NA,NA,43.1447251389449,43.1447251389449,0,NA,NA,NA,NA,NA,NA,NA,NA,"PASS"
"alpha_detail",7,"Full-GMM","FULL_TABLE2",-0.8,NA,NA,NA,NA,NA,47.5824896054485,47.5824896054485,0,NA,NA,NA,NA,NA,NA,NA,NA,"PASS"
"alpha_detail",7,"Full-GMM","FULL_TABLE2",-0.7,NA,NA,NA,NA,NA,43.7920106050771,43.7920106050771,0,NA,NA,NA,NA,NA,NA,NA,NA,"PASS"
"alpha_detail",7,"Full-GMM","FULL_TABLE2",-0.6,NA,NA,NA,NA,NA,40.2162580720998,40.2162580720998,0,NA,NA,NA,NA,NA,NA,NA,NA,"PASS"
"alpha_detail",7,"Full-GMM","FULL_TABLE2",-0.5,NA,NA,NA,NA,NA,32.0862231902603,32.0862231902603,0,NA,NA,NA,NA,NA,NA,NA,NA,"PASS"
"alpha_detail",7,"Full-GMM","FULL_TABLE2",-0.4,NA,NA,NA,NA,NA,29.1147512375843,29.1147512375843,0,NA,NA,NA,NA,NA,NA,NA,NA,"PASS"
"alpha_detail",7,"Full-GMM","FULL_TABLE2",-0.3,NA,NA,NA,NA,NA,25.9800229063323,25.9800229063323,0,NA,NA,NA,NA,NA,NA,NA,NA,"PASS"
"alpha_detail",7,"Full-GMM","FULL_TABLE2",-0.2,NA,NA,NA,NA,NA,20.3669617887389,20.3669617887389,0,NA,NA,NA,NA,NA,NA,NA,NA,"PASS"
"alpha_detail",7,"Full-GMM","FULL_TABLE2",-0.1,NA,NA,NA,NA,NA,22.5795990533694,22.5795990533694,0,NA,NA,NA,NA,NA,NA,NA,NA,"PASS"
"alpha_detail",7,"Full-GMM","FULL_TABLE2",0,NA,NA,NA,NA,NA,21.5821549950611,21.5821549950611,0,NA,NA,NA,NA,NA,NA,NA,NA,"PASS"
"alpha_detail",7,"Full-GMM","FULL_TABLE2",0.1,NA,NA,NA,NA,NA,22.9827421615208,22.9827421615208,0,NA,NA,NA,NA,NA,NA,NA,NA,"PASS"
"alpha_detail",7,"Full-GMM","FULL_TABLE2",0.2,NA,NA,NA,NA,NA,21.4304606516889,21.4304606516889,0,NA,NA,NA,NA,NA,NA,NA,NA,"PASS"
"alpha_detail",7,"Full-GMM","FULL_TABLE2",0.3,NA,NA,NA,NA,NA,15.4907796592035,15.4907796592035,0,NA,NA,NA,NA,NA,NA,NA,NA,"PASS"
"alpha_detail",7,"Full-GMM","FULL_TABLE2",0.4,NA,NA,NA,NA,NA,10.0349890782816,10.0349890782816,0,NA,NA,NA,NA,NA,NA,NA,NA,"PASS"
"alpha_detail",7,"Full-GMM","FULL_TABLE2",0.5,NA,NA,NA,NA,NA,10.915539094764,10.915539094764,0,NA,NA,NA,NA,NA,NA,NA,NA,"PASS"
"alpha_detail",7,"Full-GMM","FULL_TABLE2",0.6,NA,NA,NA,NA,NA,11.8181960178361,11.8181960178361,0,NA,NA,NA,NA,NA,NA,NA,NA,"PASS"
"alpha_detail",7,"Full-GMM","FULL_TABLE2",0.7,NA,NA,NA,NA,NA,5.04984235326387,5.04984235326387,0,NA,NA,NA,NA,NA,NA,NA,NA,"PASS"
"alpha_detail",7,"Full-GMM","FULL_TABLE2",0.8,NA,NA,NA,NA,NA,3.52576047700076,3.52576047700076,0,NA,NA,NA,NA,NA,NA,NA,NA,"PASS"
"alpha_detail",7,"Full-GMM","FULL_TABLE2",0.9,NA,NA,NA,NA,NA,1.94595426391618,1.94595426391618,0,NA,NA,NA,NA,NA,NA,NA,NA,"PASS"
"alpha_detail",7,"Full-GMM","FULL_TABLE2",1,NA,NA,NA,NA,NA,1.1351328647997,1.1351328647997,0,NA,NA,NA,NA,NA,NA,NA,NA,"PASS"
"alpha_detail",7,"Full-GMM","FULL_TABLE2",1.1,NA,NA,NA,NA,NA,1.76604643762612,1.76604643762612,0,NA,NA,NA,NA,NA,NA,NA,NA,"PASS"
"alpha_detail",7,"Full-GMM","FULL_TABLE2",1.2,NA,NA,NA,NA,NA,1.25112685451751,1.25112685451751,0,NA,NA,NA,NA,NA,NA,NA,NA,"PASS"
"alpha_detail",7,"Full-GMM","FULL_TABLE2",1.3,NA,NA,NA,NA,NA,1.50590362403563,1.50590362403563,0,NA,NA,NA,NA,NA,NA,NA,NA,"PASS"
"alpha_detail",7,"Full-GMM","FULL_TABLE2",1.4,NA,NA,NA,NA,NA,7.38432765844686,7.38432765844686,0,NA,NA,NA,NA,NA,NA,NA,NA,"PASS"
"alpha_detail",7,"Full-GMM","FULL_TABLE2",1.5,NA,NA,NA,NA,NA,6.18913532136872,6.18913532136872,0,NA,NA,NA,NA,NA,NA,NA,NA,"PASS"
"alpha_detail",7,"Full-GMM","FULL_TABLE2",1.6,NA,NA,NA,NA,NA,11.7060397850168,11.7060397850168,0,NA,NA,NA,NA,NA,NA,NA,NA,"PASS"
"alpha_detail",7,"Full-GMM","FULL_TABLE2",1.7,NA,NA,NA,NA,NA,16.7555607988055,16.7555607988055,0,NA,NA,NA,NA,NA,NA,NA,NA,"PASS"
"alpha_detail",7,"Full-GMM","FULL_TABLE2",1.8,NA,NA,NA,NA,NA,19.7726143445006,19.7726143445006,0,NA,NA,NA,NA,NA,NA,NA,NA,"PASS"
"alpha_detail",7,"Full-GMM","FULL_TABLE2",1.9,NA,NA,NA,NA,NA,27.9253858212798,27.9253858212798,0,NA,NA,NA,NA,NA,NA,NA,NA,"PASS"
"alpha_detail",7,"Full-GMM","FULL_TABLE2",2,NA,NA,NA,NA,NA,30.9553783658561,30.9553783658561,0,NA,NA,NA,NA,NA,NA,NA,NA,"PASS"
"alpha_detail",7,"Full-GMM","FULL_TABLE2",2.1,NA,NA,NA,NA,NA,35.4592243782219,35.4592243782219,0,NA,NA,NA,NA,NA,NA,NA,NA,"PASS"
"alpha_detail",7,"Full-GMM","FULL_TABLE2",2.2,NA,NA,NA,NA,NA,40.2273248379105,40.2273248379105,0,NA,NA,NA,NA,NA,NA,NA,NA,"PASS"
"alpha_detail",7,"Full-GMM","FULL_TABLE2",2.3,NA,NA,NA,NA,NA,40.4452478766614,40.4452478766614,0,NA,NA,NA,NA,NA,NA,NA,NA,"PASS"
"alpha_detail",7,"Full-GMM","FULL_TABLE2",2.4,NA,NA,NA,NA,NA,52.3455213879205,52.3455213879205,0,NA,NA,NA,NA,NA,NA,NA,NA,"PASS"
"alpha_detail",7,"Full-GMM","FULL_TABLE2",2.5,NA,NA,NA,NA,NA,50.6213404514263,50.6213404514263,0,NA,NA,NA,NA,NA,NA,NA,NA,"PASS"
"alpha_detail",7,"Full-GMM","FULL_TABLE2",2.6,NA,NA,NA,NA,NA,48.5169514178199,48.5169514178199,0,NA,NA,NA,NA,NA,NA,NA,NA,"PASS"
"alpha_detail",7,"Full-GMM","FULL_TABLE2",2.7,NA,NA,NA,NA,NA,58.7572177217333,58.7572177217333,0,NA,NA,NA,NA,NA,NA,NA,NA,"PASS"
"alpha_detail",7,"Full-GMM","FULL_TABLE2",2.8,NA,NA,NA,NA,NA,58.6894054559797,58.6894054559797,0,NA,NA,NA,NA,NA,NA,NA,NA,"PASS"
"alpha_detail",7,"Full-GMM","FULL_TABLE2",2.9,NA,NA,NA,NA,NA,62.4082363324478,62.4082363324478,0,NA,NA,NA,NA,NA,NA,NA,NA,"PASS"
"alpha_detail",7,"Full-GMM","FULL_TABLE2",3,NA,NA,NA,NA,NA,55.6441432969767,55.6441432969767,0,NA,NA,NA,NA,NA,NA,NA,NA,"PASS"
"dataset_summary",7,"DML-CV","DML_TABLE2_CV",NA,NA,NA,NA,NA,0,NA,NA,NA,1,1,0.655626054211981,0.655626054211981,TRUE,TRUE,NA,NA,"PASS"
"alpha_detail",7,"DML-CV","DML_TABLE2_CV",-1,NA,NA,NA,NA,NA,73.2046795861774,73.2046795861774,0,NA,NA,NA,NA,NA,NA,0.037263233024594,NA,"PASS"
"alpha_detail",7,"DML-CV","DML_TABLE2_CV",-0.9,NA,NA,NA,NA,NA,73.7150555255325,73.7150555255325,0,NA,NA,NA,NA,NA,NA,0.0326118701031581,NA,"PASS"
"alpha_detail",7,"DML-CV","DML_TABLE2_CV",-0.8,NA,NA,NA,NA,NA,72.618483635192,72.618483635192,0,NA,NA,NA,NA,NA,NA,0.0324428667465549,NA,"PASS"
"alpha_detail",7,"DML-CV","DML_TABLE2_CV",-0.7,NA,NA,NA,NA,NA,67.6344882635244,67.6344882635244,0,NA,NA,NA,NA,NA,NA,0.0258938024951921,NA,"PASS"
"alpha_detail",7,"DML-CV","DML_TABLE2_CV",-0.6,NA,NA,NA,NA,NA,67.384430556252,67.384430556252,0,NA,NA,NA,NA,NA,NA,0.0342576148306397,NA,"PASS"
"alpha_detail",7,"DML-CV","DML_TABLE2_CV",-0.5,NA,NA,NA,NA,NA,65.7413339375006,65.7413339375006,0,NA,NA,NA,NA,NA,NA,0.0353100911999437,NA,"PASS"
"alpha_detail",7,"DML-CV","DML_TABLE2_CV",-0.4,NA,NA,NA,NA,NA,54.4618396056284,54.4618396056284,0,NA,NA,NA,NA,NA,NA,0.0342886971179409,NA,"PASS"
"alpha_detail",7,"DML-CV","DML_TABLE2_CV",-0.3,NA,NA,NA,NA,NA,52.1694485163295,52.1694485163295,0,NA,NA,NA,NA,NA,NA,0.0224256394105562,NA,"PASS"
"alpha_detail",7,"DML-CV","DML_TABLE2_CV",-0.2,NA,NA,NA,NA,NA,46.3907210971207,46.3907210971207,0,NA,NA,NA,NA,NA,NA,0.0286006889725146,NA,"PASS"
"alpha_detail",7,"DML-CV","DML_TABLE2_CV",-0.1,NA,NA,NA,NA,NA,45.2573956104722,45.2573956104722,0,NA,NA,NA,NA,NA,NA,0.0322807312116888,NA,"PASS"
"alpha_detail",7,"DML-CV","DML_TABLE2_CV",0,NA,NA,NA,NA,NA,40.0876885444625,40.0876885444625,0,NA,NA,NA,NA,NA,NA,0.0316072483053796,NA,"PASS"
"alpha_detail",7,"DML-CV","DML_TABLE2_CV",0.1,NA,NA,NA,NA,NA,36.1721116668458,36.1721116668458,0,NA,NA,NA,NA,NA,NA,0.0306651413662679,NA,"PASS"
"alpha_detail",7,"DML-CV","DML_TABLE2_CV",0.2,NA,NA,NA,NA,NA,31.1859078590741,31.1859078590741,0,NA,NA,NA,NA,NA,NA,0.0336784681420423,NA,"PASS"
"alpha_detail",7,"DML-CV","DML_TABLE2_CV",0.3,NA,NA,NA,NA,NA,32.6050806042443,32.6050806042443,0,NA,NA,NA,NA,NA,NA,0.0343941886805104,NA,"PASS"
"alpha_detail",7,"DML-CV","DML_TABLE2_CV",0.4,NA,NA,NA,NA,NA,25.4790102524269,25.4790102524269,0,NA,NA,NA,NA,NA,NA,0.0248609211392567,NA,"PASS"
"alpha_detail",7,"DML-CV","DML_TABLE2_CV",0.5,NA,NA,NA,NA,NA,22.1933504428871,22.1933504428871,0,NA,NA,NA,NA,NA,NA,0.0301855730399433,NA,"PASS"
"alpha_detail",7,"DML-CV","DML_TABLE2_CV",0.6,NA,NA,NA,NA,NA,17.3065097964927,17.3065097964927,0,NA,NA,NA,NA,NA,NA,0.0295195691115557,NA,"PASS"
"alpha_detail",7,"DML-CV","DML_TABLE2_CV",0.7,NA,NA,NA,NA,NA,9.98465157811941,9.98465157811941,0,NA,NA,NA,NA,NA,NA,0.0290255580387075,NA,"PASS"
"alpha_detail",7,"DML-CV","DML_TABLE2_CV",0.8,NA,NA,NA,NA,NA,2.544795751185,2.544795751185,0,NA,NA,NA,NA,NA,NA,0.033766742328662,NA,"PASS"
"alpha_detail",7,"DML-CV","DML_TABLE2_CV",0.9,NA,NA,NA,NA,NA,1.1133613575812,1.1133613575812,0,NA,NA,NA,NA,NA,NA,0.031921513215361,NA,"PASS"
"alpha_detail",7,"DML-CV","DML_TABLE2_CV",1,NA,NA,NA,NA,NA,0.655626054211981,0.655626054211981,0,NA,NA,NA,NA,NA,NA,0.0291513263345485,NA,"PASS"
"alpha_detail",7,"DML-CV","DML_TABLE2_CV",1.1,NA,NA,NA,NA,NA,0.827083843095083,0.827083843095083,0,NA,NA,NA,NA,NA,NA,0.0300469252328565,NA,"PASS"
"alpha_detail",7,"DML-CV","DML_TABLE2_CV",1.2,NA,NA,NA,NA,NA,3.17069600341802,3.17069600341802,0,NA,NA,NA,NA,NA,NA,0.0282824222604341,NA,"PASS"
"alpha_detail",7,"DML-CV","DML_TABLE2_CV",1.3,NA,NA,NA,NA,NA,5.53440699938333,5.53440699938333,0,NA,NA,NA,NA,NA,NA,0.0258345448710568,NA,"PASS"
"alpha_detail",7,"DML-CV","DML_TABLE2_CV",1.4,NA,NA,NA,NA,NA,10.9570539364926,10.9570539364926,0,NA,NA,NA,NA,NA,NA,0.0300544926190875,NA,"PASS"
"alpha_detail",7,"DML-CV","DML_TABLE2_CV",1.5,NA,NA,NA,NA,NA,15.722768935686,15.722768935686,0,NA,NA,NA,NA,NA,NA,0.0292627054236884,NA,"PASS"
"alpha_detail",7,"DML-CV","DML_TABLE2_CV",1.6,NA,NA,NA,NA,NA,30.1700684223954,30.1700684223954,0,NA,NA,NA,NA,NA,NA,0.0326867055164911,NA,"PASS"
"alpha_detail",7,"DML-CV","DML_TABLE2_CV",1.7,NA,NA,NA,NA,NA,28.2740527932607,28.2740527932607,0,NA,NA,NA,NA,NA,NA,0.0329851616990126,NA,"PASS"
"alpha_detail",7,"DML-CV","DML_TABLE2_CV",1.8,NA,NA,NA,NA,NA,47.6349289179344,47.6349289179344,0,NA,NA,NA,NA,NA,NA,0.0306847793261647,NA,"PASS"
"alpha_detail",7,"DML-CV","DML_TABLE2_CV",1.9,NA,NA,NA,NA,NA,54.0866374328939,54.0866374328939,0,NA,NA,NA,NA,NA,NA,0.030191571692999,NA,"PASS"
"alpha_detail",7,"DML-CV","DML_TABLE2_CV",2,NA,NA,NA,NA,NA,62.7728117802536,62.7728117802536,0,NA,NA,NA,NA,NA,NA,0.0311191294320921,NA,"PASS"
"alpha_detail",7,"DML-CV","DML_TABLE2_CV",2.1,NA,NA,NA,NA,NA,71.7553015726494,71.7553015726494,0,NA,NA,NA,NA,NA,NA,0.0195524021587404,NA,"PASS"
"alpha_detail",7,"DML-CV","DML_TABLE2_CV",2.2,NA,NA,NA,NA,NA,78.3313237336536,78.3313237336536,0,NA,NA,NA,NA,NA,NA,0.025672938206577,NA,"PASS"
"alpha_detail",7,"DML-CV","DML_TABLE2_CV",2.3,NA,NA,NA,NA,NA,70.9930033943651,70.9930033943651,0,NA,NA,NA,NA,NA,NA,0.0211651782353828,NA,"PASS"
"alpha_detail",7,"DML-CV","DML_TABLE2_CV",2.4,NA,NA,NA,NA,NA,79.3599960628215,79.3599960628215,0,NA,NA,NA,NA,NA,NA,0.0316034262410477,NA,"PASS"
"alpha_detail",7,"DML-CV","DML_TABLE2_CV",2.5,NA,NA,NA,NA,NA,83.2668407175478,83.2668407175478,0,NA,NA,NA,NA,NA,NA,0.0377332920566196,NA,"PASS"
"alpha_detail",7,"DML-CV","DML_TABLE2_CV",2.6,NA,NA,NA,NA,NA,87.0348220554011,87.0348220554011,0,NA,NA,NA,NA,NA,NA,0.0363621478217165,NA,"PASS"
"alpha_detail",7,"DML-CV","DML_TABLE2_CV",2.7,NA,NA,NA,NA,NA,88.9139846655502,88.9139846655502,0,NA,NA,NA,NA,NA,NA,0.0294210052900443,NA,"PASS"
"alpha_detail",7,"DML-CV","DML_TABLE2_CV",2.8,NA,NA,NA,NA,NA,74.3791643468865,74.3791643468865,0,NA,NA,NA,NA,NA,NA,0.0174558528085676,NA,"PASS"
"alpha_detail",7,"DML-CV","DML_TABLE2_CV",2.9,NA,NA,NA,NA,NA,95.4886852971244,95.4886852971244,0,NA,NA,NA,NA,NA,NA,0.0284420573936059,NA,"PASS"
"alpha_detail",7,"DML-CV","DML_TABLE2_CV",3,NA,NA,NA,NA,NA,88.6568957423288,88.6568957423288,0,NA,NA,NA,NA,NA,NA,0.0198825984615484,NA,"PASS"
"dataset_summary",7,"DML-BC","DML_BC_CONDITIONAL",NA,NA,NA,NA,NA,0,NA,NA,NA,0.9,0.9,0.2377870826983,0.2377870826983,TRUE,TRUE,NA,TRUE,"PASS"
"alpha_detail",7,"DML-BC","DML_BC_CONDITIONAL",-1,NA,NA,NA,NA,NA,82.9656479164931,82.9656479164931,0,NA,NA,NA,NA,NA,NA,NA,NA,"PASS"
"alpha_detail",7,"DML-BC","DML_BC_CONDITIONAL",-0.9,NA,NA,NA,NA,NA,77.9205296333676,77.9205296333676,0,NA,NA,NA,NA,NA,NA,NA,NA,"PASS"
"alpha_detail",7,"DML-BC","DML_BC_CONDITIONAL",-0.8,NA,NA,NA,NA,NA,72.8147209298937,72.8147209298937,0,NA,NA,NA,NA,NA,NA,NA,NA,"PASS"
"alpha_detail",7,"DML-BC","DML_BC_CONDITIONAL",-0.7,NA,NA,NA,NA,NA,68.211575529492,68.211575529492,0,NA,NA,NA,NA,NA,NA,NA,NA,"PASS"
"alpha_detail",7,"DML-BC","DML_BC_CONDITIONAL",-0.6,NA,NA,NA,NA,NA,63.7430436943218,63.7430436943218,0,NA,NA,NA,NA,NA,NA,NA,NA,"PASS"
"alpha_detail",7,"DML-BC","DML_BC_CONDITIONAL",-0.5,NA,NA,NA,NA,NA,60.4200935705558,60.4200935705558,0,NA,NA,NA,NA,NA,NA,NA,NA,"PASS"
"alpha_detail",7,"DML-BC","DML_BC_CONDITIONAL",-0.4,NA,NA,NA,NA,NA,59.3562958350038,59.3562958350038,0,NA,NA,NA,NA,NA,NA,NA,NA,"PASS"
"alpha_detail",7,"DML-BC","DML_BC_CONDITIONAL",-0.3,NA,NA,NA,NA,NA,58.2759608567405,58.2759608567405,0,NA,NA,NA,NA,NA,NA,NA,NA,"PASS"
"alpha_detail",7,"DML-BC","DML_BC_CONDITIONAL",-0.2,NA,NA,NA,NA,NA,55.9297107612494,55.9297107612494,0,NA,NA,NA,NA,NA,NA,NA,NA,"PASS"
"alpha_detail",7,"DML-BC","DML_BC_CONDITIONAL",-0.1,NA,NA,NA,NA,NA,54.4864017734986,54.4864017734986,0,NA,NA,NA,NA,NA,NA,NA,NA,"PASS"
"alpha_detail",7,"DML-BC","DML_BC_CONDITIONAL",0,NA,NA,NA,NA,NA,45.93294506079,45.93294506079,0,NA,NA,NA,NA,NA,NA,NA,NA,"PASS"
"alpha_detail",7,"DML-BC","DML_BC_CONDITIONAL",0.1,NA,NA,NA,NA,NA,42.5660355675851,42.5660355675851,0,NA,NA,NA,NA,NA,NA,NA,NA,"PASS"
"alpha_detail",7,"DML-BC","DML_BC_CONDITIONAL",0.2,NA,NA,NA,NA,NA,42.7177251482079,42.7177251482079,0,NA,NA,NA,NA,NA,NA,NA,NA,"PASS"
"alpha_detail",7,"DML-BC","DML_BC_CONDITIONAL",0.3,NA,NA,NA,NA,NA,27.5211058362787,27.5211058362787,0,NA,NA,NA,NA,NA,NA,NA,NA,"PASS"
"alpha_detail",7,"DML-BC","DML_BC_CONDITIONAL",0.4,NA,NA,NA,NA,NA,21.1099449861899,21.1099449861899,0,NA,NA,NA,NA,NA,NA,NA,NA,"PASS"
"alpha_detail",7,"DML-BC","DML_BC_CONDITIONAL",0.5,NA,NA,NA,NA,NA,18.9830588008623,18.9830588008623,0,NA,NA,NA,NA,NA,NA,NA,NA,"PASS"
"alpha_detail",7,"DML-BC","DML_BC_CONDITIONAL",0.6,NA,NA,NA,NA,NA,13.6733128764221,13.6733128764221,0,NA,NA,NA,NA,NA,NA,NA,NA,"PASS"
"alpha_detail",7,"DML-BC","DML_BC_CONDITIONAL",0.7,NA,NA,NA,NA,NA,10.0752057750318,10.0752057750318,0,NA,NA,NA,NA,NA,NA,NA,NA,"PASS"
"alpha_detail",7,"DML-BC","DML_BC_CONDITIONAL",0.8,NA,NA,NA,NA,NA,0.91414363239419,0.91414363239419,0,NA,NA,NA,NA,NA,NA,NA,NA,"PASS"
"alpha_detail",7,"DML-BC","DML_BC_CONDITIONAL",0.9,NA,NA,NA,NA,NA,0.2377870826983,0.2377870826983,0,NA,NA,NA,NA,NA,NA,NA,NA,"PASS"
"alpha_detail",7,"DML-BC","DML_BC_CONDITIONAL",1,NA,NA,NA,NA,NA,1.499889050542,1.499889050542,0,NA,NA,NA,NA,NA,NA,NA,NA,"PASS"
"alpha_detail",7,"DML-BC","DML_BC_CONDITIONAL",1.1,NA,NA,NA,NA,NA,2.56656244150391,2.56656244150391,0,NA,NA,NA,NA,NA,NA,NA,NA,"PASS"
"alpha_detail",7,"DML-BC","DML_BC_CONDITIONAL",1.2,NA,NA,NA,NA,NA,2.70374392134195,2.70374392134195,0,NA,NA,NA,NA,NA,NA,NA,NA,"PASS"
"alpha_detail",7,"DML-BC","DML_BC_CONDITIONAL",1.3,NA,NA,NA,NA,NA,6.64143843450217,6.64143843450217,0,NA,NA,NA,NA,NA,NA,NA,NA,"PASS"
"alpha_detail",7,"DML-BC","DML_BC_CONDITIONAL",1.4,NA,NA,NA,NA,NA,13.4975331760418,13.4975331760418,0,NA,NA,NA,NA,NA,NA,NA,NA,"PASS"
"alpha_detail",7,"DML-BC","DML_BC_CONDITIONAL",1.5,NA,NA,NA,NA,NA,20.5574214999927,20.5574214999927,0,NA,NA,NA,NA,NA,NA,NA,NA,"PASS"
"alpha_detail",7,"DML-BC","DML_BC_CONDITIONAL",1.6,NA,NA,NA,NA,NA,23.4021741902684,23.4021741902684,0,NA,NA,NA,NA,NA,NA,NA,NA,"PASS"
"alpha_detail",7,"DML-BC","DML_BC_CONDITIONAL",1.7,NA,NA,NA,NA,NA,32.2441754790786,32.2441754790786,0,NA,NA,NA,NA,NA,NA,NA,NA,"PASS"
"alpha_detail",7,"DML-BC","DML_BC_CONDITIONAL",1.8,NA,NA,NA,NA,NA,38.2887249339503,38.2887249339503,0,NA,NA,NA,NA,NA,NA,NA,NA,"PASS"
"alpha_detail",7,"DML-BC","DML_BC_CONDITIONAL",1.9,NA,NA,NA,NA,NA,39.6860422630437,39.6860422630437,0,NA,NA,NA,NA,NA,NA,NA,NA,"PASS"
"alpha_detail",7,"DML-BC","DML_BC_CONDITIONAL",2,NA,NA,NA,NA,NA,45.9356442896057,45.9356442896057,0,NA,NA,NA,NA,NA,NA,NA,NA,"PASS"
"alpha_detail",7,"DML-BC","DML_BC_CONDITIONAL",2.1,NA,NA,NA,NA,NA,46.5976460966711,46.5976460966711,0,NA,NA,NA,NA,NA,NA,NA,NA,"PASS"
"alpha_detail",7,"DML-BC","DML_BC_CONDITIONAL",2.2,NA,NA,NA,NA,NA,55.9452406623407,55.9452406623407,0,NA,NA,NA,NA,NA,NA,NA,NA,"PASS"
"alpha_detail",7,"DML-BC","DML_BC_CONDITIONAL",2.3,NA,NA,NA,NA,NA,61.0602274766085,61.0602274766085,0,NA,NA,NA,NA,NA,NA,NA,NA,"PASS"
"alpha_detail",7,"DML-BC","DML_BC_CONDITIONAL",2.4,NA,NA,NA,NA,NA,71.7117102558072,71.7117102558072,0,NA,NA,NA,NA,NA,NA,NA,NA,"PASS"
"alpha_detail",7,"DML-BC","DML_BC_CONDITIONAL",2.5,NA,NA,NA,NA,NA,72.1197256057005,72.1197256057005,0,NA,NA,NA,NA,NA,NA,NA,NA,"PASS"
"alpha_detail",7,"DML-BC","DML_BC_CONDITIONAL",2.6,NA,NA,NA,NA,NA,72.2778012375343,72.2778012375343,0,NA,NA,NA,NA,NA,NA,NA,NA,"PASS"
"alpha_detail",7,"DML-BC","DML_BC_CONDITIONAL",2.7,NA,NA,NA,NA,NA,74.2505367718979,74.2505367718979,0,NA,NA,NA,NA,NA,NA,NA,NA,"PASS"
"alpha_detail",7,"DML-BC","DML_BC_CONDITIONAL",2.8,NA,NA,NA,NA,NA,76.9533854499112,76.9533854499112,0,NA,NA,NA,NA,NA,NA,NA,NA,"PASS"
"alpha_detail",7,"DML-BC","DML_BC_CONDITIONAL",2.9,NA,NA,NA,NA,NA,77.9492439237343,77.9492439237343,0,NA,NA,NA,NA,NA,NA,NA,NA,"PASS"
"alpha_detail",7,"DML-BC","DML_BC_CONDITIONAL",3,NA,NA,NA,NA,NA,76.9477584717326,76.9477584717326,0,NA,NA,NA,NA,NA,NA,NA,NA,"PASS"
"dataset_summary",7,"DML-CV vs DML-BC","DML_CV_VS_BC_EXPECTED_DIFFERENCE",NA,NA,NA,NA,NA,25.1576554759782,NA,NA,NA,1,0.9,0.655626054211981,0.2377870826983,FALSE,FALSE,NA,NA,"EXPECTED METHOD DIFFERENCE"
"alpha_detail",7,"DML-CV vs DML-BC","DML_CV_VS_BC_EXPECTED_DIFFERENCE",-1,NA,NA,NA,NA,NA,73.2046795861774,82.9656479164931,9.76096833031569,NA,NA,NA,NA,NA,NA,NA,NA,"EXPECTED METHOD DIFFERENCE"
"alpha_detail",7,"DML-CV vs DML-BC","DML_CV_VS_BC_EXPECTED_DIFFERENCE",-0.9,NA,NA,NA,NA,NA,73.7150555255325,77.9205296333676,4.2054741078351,NA,NA,NA,NA,NA,NA,NA,NA,"EXPECTED METHOD DIFFERENCE"
"alpha_detail",7,"DML-CV vs DML-BC","DML_CV_VS_BC_EXPECTED_DIFFERENCE",-0.8,NA,NA,NA,NA,NA,72.618483635192,72.8147209298937,0.196237294701717,NA,NA,NA,NA,NA,NA,NA,NA,"EXPECTED METHOD DIFFERENCE"
"alpha_detail",7,"DML-CV vs DML-BC","DML_CV_VS_BC_EXPECTED_DIFFERENCE",-0.7,NA,NA,NA,NA,NA,67.6344882635244,68.211575529492,0.577087265967577,NA,NA,NA,NA,NA,NA,NA,NA,"EXPECTED METHOD DIFFERENCE"
"alpha_detail",7,"DML-CV vs DML-BC","DML_CV_VS_BC_EXPECTED_DIFFERENCE",-0.6,NA,NA,NA,NA,NA,67.384430556252,63.7430436943218,-3.64138686193017,NA,NA,NA,NA,NA,NA,NA,NA,"EXPECTED METHOD DIFFERENCE"
"alpha_detail",7,"DML-CV vs DML-BC","DML_CV_VS_BC_EXPECTED_DIFFERENCE",-0.5,NA,NA,NA,NA,NA,65.7413339375006,60.4200935705558,-5.32124036694474,NA,NA,NA,NA,NA,NA,NA,NA,"EXPECTED METHOD DIFFERENCE"
"alpha_detail",7,"DML-CV vs DML-BC","DML_CV_VS_BC_EXPECTED_DIFFERENCE",-0.4,NA,NA,NA,NA,NA,54.4618396056284,59.3562958350038,4.89445622937538,NA,NA,NA,NA,NA,NA,NA,NA,"EXPECTED METHOD DIFFERENCE"
"alpha_detail",7,"DML-CV vs DML-BC","DML_CV_VS_BC_EXPECTED_DIFFERENCE",-0.3,NA,NA,NA,NA,NA,52.1694485163295,58.2759608567405,6.10651234041102,NA,NA,NA,NA,NA,NA,NA,NA,"EXPECTED METHOD DIFFERENCE"
"alpha_detail",7,"DML-CV vs DML-BC","DML_CV_VS_BC_EXPECTED_DIFFERENCE",-0.2,NA,NA,NA,NA,NA,46.3907210971207,55.9297107612494,9.53898966412873,NA,NA,NA,NA,NA,NA,NA,NA,"EXPECTED METHOD DIFFERENCE"
"alpha_detail",7,"DML-CV vs DML-BC","DML_CV_VS_BC_EXPECTED_DIFFERENCE",-0.1,NA,NA,NA,NA,NA,45.2573956104722,54.4864017734986,9.22900616302645,NA,NA,NA,NA,NA,NA,NA,NA,"EXPECTED METHOD DIFFERENCE"
"alpha_detail",7,"DML-CV vs DML-BC","DML_CV_VS_BC_EXPECTED_DIFFERENCE",0,NA,NA,NA,NA,NA,40.0876885444625,45.93294506079,5.8452565163275,NA,NA,NA,NA,NA,NA,NA,NA,"EXPECTED METHOD DIFFERENCE"
"alpha_detail",7,"DML-CV vs DML-BC","DML_CV_VS_BC_EXPECTED_DIFFERENCE",0.1,NA,NA,NA,NA,NA,36.1721116668458,42.5660355675851,6.39392390073935,NA,NA,NA,NA,NA,NA,NA,NA,"EXPECTED METHOD DIFFERENCE"
"alpha_detail",7,"DML-CV vs DML-BC","DML_CV_VS_BC_EXPECTED_DIFFERENCE",0.2,NA,NA,NA,NA,NA,31.1859078590741,42.7177251482079,11.5318172891338,NA,NA,NA,NA,NA,NA,NA,NA,"EXPECTED METHOD DIFFERENCE"
"alpha_detail",7,"DML-CV vs DML-BC","DML_CV_VS_BC_EXPECTED_DIFFERENCE",0.3,NA,NA,NA,NA,NA,32.6050806042443,27.5211058362787,-5.08397476796562,NA,NA,NA,NA,NA,NA,NA,NA,"EXPECTED METHOD DIFFERENCE"
"alpha_detail",7,"DML-CV vs DML-BC","DML_CV_VS_BC_EXPECTED_DIFFERENCE",0.4,NA,NA,NA,NA,NA,25.4790102524269,21.1099449861899,-4.36906526623702,NA,NA,NA,NA,NA,NA,NA,NA,"EXPECTED METHOD DIFFERENCE"
"alpha_detail",7,"DML-CV vs DML-BC","DML_CV_VS_BC_EXPECTED_DIFFERENCE",0.5,NA,NA,NA,NA,NA,22.1933504428871,18.9830588008623,-3.21029164202484,NA,NA,NA,NA,NA,NA,NA,NA,"EXPECTED METHOD DIFFERENCE"
"alpha_detail",7,"DML-CV vs DML-BC","DML_CV_VS_BC_EXPECTED_DIFFERENCE",0.6,NA,NA,NA,NA,NA,17.3065097964927,13.6733128764221,-3.63319692007055,NA,NA,NA,NA,NA,NA,NA,NA,"EXPECTED METHOD DIFFERENCE"
"alpha_detail",7,"DML-CV vs DML-BC","DML_CV_VS_BC_EXPECTED_DIFFERENCE",0.7,NA,NA,NA,NA,NA,9.98465157811941,10.0752057750318,0.0905541969123824,NA,NA,NA,NA,NA,NA,NA,NA,"EXPECTED METHOD DIFFERENCE"
"alpha_detail",7,"DML-CV vs DML-BC","DML_CV_VS_BC_EXPECTED_DIFFERENCE",0.8,NA,NA,NA,NA,NA,2.544795751185,0.91414363239419,-1.63065211879081,NA,NA,NA,NA,NA,NA,NA,NA,"EXPECTED METHOD DIFFERENCE"
"alpha_detail",7,"DML-CV vs DML-BC","DML_CV_VS_BC_EXPECTED_DIFFERENCE",0.9,NA,NA,NA,NA,NA,1.1133613575812,0.2377870826983,-0.875574274882896,NA,NA,NA,NA,NA,NA,NA,NA,"EXPECTED METHOD DIFFERENCE"
"alpha_detail",7,"DML-CV vs DML-BC","DML_CV_VS_BC_EXPECTED_DIFFERENCE",1,NA,NA,NA,NA,NA,0.655626054211981,1.499889050542,0.844262996330017,NA,NA,NA,NA,NA,NA,NA,NA,"EXPECTED METHOD DIFFERENCE"
"alpha_detail",7,"DML-CV vs DML-BC","DML_CV_VS_BC_EXPECTED_DIFFERENCE",1.1,NA,NA,NA,NA,NA,0.827083843095083,2.56656244150391,1.73947859840883,NA,NA,NA,NA,NA,NA,NA,NA,"EXPECTED METHOD DIFFERENCE"
"alpha_detail",7,"DML-CV vs DML-BC","DML_CV_VS_BC_EXPECTED_DIFFERENCE",1.2,NA,NA,NA,NA,NA,3.17069600341802,2.70374392134195,-0.466952082076067,NA,NA,NA,NA,NA,NA,NA,NA,"EXPECTED METHOD DIFFERENCE"
"alpha_detail",7,"DML-CV vs DML-BC","DML_CV_VS_BC_EXPECTED_DIFFERENCE",1.3,NA,NA,NA,NA,NA,5.53440699938333,6.64143843450217,1.10703143511883,NA,NA,NA,NA,NA,NA,NA,NA,"EXPECTED METHOD DIFFERENCE"
"alpha_detail",7,"DML-CV vs DML-BC","DML_CV_VS_BC_EXPECTED_DIFFERENCE",1.4,NA,NA,NA,NA,NA,10.9570539364926,13.4975331760418,2.54047923954923,NA,NA,NA,NA,NA,NA,NA,NA,"EXPECTED METHOD DIFFERENCE"
"alpha_detail",7,"DML-CV vs DML-BC","DML_CV_VS_BC_EXPECTED_DIFFERENCE",1.5,NA,NA,NA,NA,NA,15.722768935686,20.5574214999927,4.83465256430667,NA,NA,NA,NA,NA,NA,NA,NA,"EXPECTED METHOD DIFFERENCE"
"alpha_detail",7,"DML-CV vs DML-BC","DML_CV_VS_BC_EXPECTED_DIFFERENCE",1.6,NA,NA,NA,NA,NA,30.1700684223954,23.4021741902684,-6.76789423212698,NA,NA,NA,NA,NA,NA,NA,NA,"EXPECTED METHOD DIFFERENCE"
"alpha_detail",7,"DML-CV vs DML-BC","DML_CV_VS_BC_EXPECTED_DIFFERENCE",1.7,NA,NA,NA,NA,NA,28.2740527932607,32.2441754790786,3.97012268581793,NA,NA,NA,NA,NA,NA,NA,NA,"EXPECTED METHOD DIFFERENCE"
"alpha_detail",7,"DML-CV vs DML-BC","DML_CV_VS_BC_EXPECTED_DIFFERENCE",1.8,NA,NA,NA,NA,NA,47.6349289179344,38.2887249339503,-9.34620398398411,NA,NA,NA,NA,NA,NA,NA,NA,"EXPECTED METHOD DIFFERENCE"
"alpha_detail",7,"DML-CV vs DML-BC","DML_CV_VS_BC_EXPECTED_DIFFERENCE",1.9,NA,NA,NA,NA,NA,54.0866374328939,39.6860422630437,-14.4005951698501,NA,NA,NA,NA,NA,NA,NA,NA,"EXPECTED METHOD DIFFERENCE"
"alpha_detail",7,"DML-CV vs DML-BC","DML_CV_VS_BC_EXPECTED_DIFFERENCE",2,NA,NA,NA,NA,NA,62.7728117802536,45.9356442896057,-16.837167490648,NA,NA,NA,NA,NA,NA,NA,NA,"EXPECTED METHOD DIFFERENCE"
"alpha_detail",7,"DML-CV vs DML-BC","DML_CV_VS_BC_EXPECTED_DIFFERENCE",2.1,NA,NA,NA,NA,NA,71.7553015726494,46.5976460966711,-25.1576554759782,NA,NA,NA,NA,NA,NA,NA,NA,"EXPECTED METHOD DIFFERENCE"
"alpha_detail",7,"DML-CV vs DML-BC","DML_CV_VS_BC_EXPECTED_DIFFERENCE",2.2,NA,NA,NA,NA,NA,78.3313237336536,55.9452406623407,-22.3860830713129,NA,NA,NA,NA,NA,NA,NA,NA,"EXPECTED METHOD DIFFERENCE"
"alpha_detail",7,"DML-CV vs DML-BC","DML_CV_VS_BC_EXPECTED_DIFFERENCE",2.3,NA,NA,NA,NA,NA,70.9930033943651,61.0602274766085,-9.93277591775659,NA,NA,NA,NA,NA,NA,NA,NA,"EXPECTED METHOD DIFFERENCE"
"alpha_detail",7,"DML-CV vs DML-BC","DML_CV_VS_BC_EXPECTED_DIFFERENCE",2.4,NA,NA,NA,NA,NA,79.3599960628215,71.7117102558072,-7.6482858070143,NA,NA,NA,NA,NA,NA,NA,NA,"EXPECTED METHOD DIFFERENCE"
"alpha_detail",7,"DML-CV vs DML-BC","DML_CV_VS_BC_EXPECTED_DIFFERENCE",2.5,NA,NA,NA,NA,NA,83.2668407175478,72.1197256057005,-11.1471151118473,NA,NA,NA,NA,NA,NA,NA,NA,"EXPECTED METHOD DIFFERENCE"
"alpha_detail",7,"DML-CV vs DML-BC","DML_CV_VS_BC_EXPECTED_DIFFERENCE",2.6,NA,NA,NA,NA,NA,87.0348220554011,72.2778012375343,-14.7570208178668,NA,NA,NA,NA,NA,NA,NA,NA,"EXPECTED METHOD DIFFERENCE"
"alpha_detail",7,"DML-CV vs DML-BC","DML_CV_VS_BC_EXPECTED_DIFFERENCE",2.7,NA,NA,NA,NA,NA,88.9139846655502,74.2505367718979,-14.6634478936523,NA,NA,NA,NA,NA,NA,NA,NA,"EXPECTED METHOD DIFFERENCE"
"alpha_detail",7,"DML-CV vs DML-BC","DML_CV_VS_BC_EXPECTED_DIFFERENCE",2.8,NA,NA,NA,NA,NA,74.3791643468865,76.9533854499112,2.57422110302467,NA,NA,NA,NA,NA,NA,NA,NA,"EXPECTED METHOD DIFFERENCE"
"alpha_detail",7,"DML-CV vs DML-BC","DML_CV_VS_BC_EXPECTED_DIFFERENCE",2.9,NA,NA,NA,NA,NA,95.4886852971244,77.9492439237343,-17.5394413733902,NA,NA,NA,NA,NA,NA,NA,NA,"EXPECTED METHOD DIFFERENCE"
"alpha_detail",7,"DML-CV vs DML-BC","DML_CV_VS_BC_EXPECTED_DIFFERENCE",3,NA,NA,NA,NA,NA,88.6568957423288,76.9477584717326,-11.7091372705962,NA,NA,NA,NA,NA,NA,NA,NA,"EXPECTED METHOD DIFFERENCE"
"dataset_summary",8,"Oracle-GMM","ORACLE_TABLE2",NA,NA,NA,NA,NA,0,NA,NA,NA,1,1,0.124941319542815,0.124941319542815,TRUE,TRUE,NA,NA,"PASS"
"alpha_detail",8,"Oracle-GMM","ORACLE_TABLE2",-1,NA,NA,NA,NA,NA,56.7738433458032,56.7738433458032,0,NA,NA,NA,NA,NA,NA,NA,NA,"PASS"
"alpha_detail",8,"Oracle-GMM","ORACLE_TABLE2",-0.9,NA,NA,NA,NA,NA,54.0638127087426,54.0638127087426,0,NA,NA,NA,NA,NA,NA,NA,NA,"PASS"
"alpha_detail",8,"Oracle-GMM","ORACLE_TABLE2",-0.8,NA,NA,NA,NA,NA,55.8214815632013,55.8214815632013,0,NA,NA,NA,NA,NA,NA,NA,NA,"PASS"
"alpha_detail",8,"Oracle-GMM","ORACLE_TABLE2",-0.7,NA,NA,NA,NA,NA,49.0920999600604,49.0920999600604,0,NA,NA,NA,NA,NA,NA,NA,NA,"PASS"
"alpha_detail",8,"Oracle-GMM","ORACLE_TABLE2",-0.6,NA,NA,NA,NA,NA,41.817846723089,41.817846723089,0,NA,NA,NA,NA,NA,NA,NA,NA,"PASS"
"alpha_detail",8,"Oracle-GMM","ORACLE_TABLE2",-0.5,NA,NA,NA,NA,NA,47.7673087238781,47.7673087238781,0,NA,NA,NA,NA,NA,NA,NA,NA,"PASS"
"alpha_detail",8,"Oracle-GMM","ORACLE_TABLE2",-0.4,NA,NA,NA,NA,NA,45.930424672743,45.930424672743,0,NA,NA,NA,NA,NA,NA,NA,NA,"PASS"
"alpha_detail",8,"Oracle-GMM","ORACLE_TABLE2",-0.3,NA,NA,NA,NA,NA,38.0022870793591,38.0022870793591,0,NA,NA,NA,NA,NA,NA,NA,NA,"PASS"
"alpha_detail",8,"Oracle-GMM","ORACLE_TABLE2",-0.2,NA,NA,NA,NA,NA,35.65926945567,35.65926945567,0,NA,NA,NA,NA,NA,NA,NA,NA,"PASS"
"alpha_detail",8,"Oracle-GMM","ORACLE_TABLE2",-0.1,NA,NA,NA,NA,NA,34.0452909053107,34.0452909053107,0,NA,NA,NA,NA,NA,NA,NA,NA,"PASS"
"alpha_detail",8,"Oracle-GMM","ORACLE_TABLE2",0,NA,NA,NA,NA,NA,26.6148324920742,26.6148324920742,0,NA,NA,NA,NA,NA,NA,NA,NA,"PASS"
"alpha_detail",8,"Oracle-GMM","ORACLE_TABLE2",0.1,NA,NA,NA,NA,NA,23.8084862633476,23.8084862633476,0,NA,NA,NA,NA,NA,NA,NA,NA,"PASS"
"alpha_detail",8,"Oracle-GMM","ORACLE_TABLE2",0.2,NA,NA,NA,NA,NA,25.0633717851496,25.0633717851496,0,NA,NA,NA,NA,NA,NA,NA,NA,"PASS"
"alpha_detail",8,"Oracle-GMM","ORACLE_TABLE2",0.3,NA,NA,NA,NA,NA,22.9099674745891,22.9099674745891,0,NA,NA,NA,NA,NA,NA,NA,NA,"PASS"
"alpha_detail",8,"Oracle-GMM","ORACLE_TABLE2",0.4,NA,NA,NA,NA,NA,13.7587646186099,13.7587646186099,0,NA,NA,NA,NA,NA,NA,NA,NA,"PASS"
"alpha_detail",8,"Oracle-GMM","ORACLE_TABLE2",0.5,NA,NA,NA,NA,NA,12.9535239429597,12.9535239429597,0,NA,NA,NA,NA,NA,NA,NA,NA,"PASS"
"alpha_detail",8,"Oracle-GMM","ORACLE_TABLE2",0.6,NA,NA,NA,NA,NA,11.4345958971405,11.4345958971405,0,NA,NA,NA,NA,NA,NA,NA,NA,"PASS"
"alpha_detail",8,"Oracle-GMM","ORACLE_TABLE2",0.7,NA,NA,NA,NA,NA,8.53340011050291,8.53340011050291,0,NA,NA,NA,NA,NA,NA,NA,NA,"PASS"
"alpha_detail",8,"Oracle-GMM","ORACLE_TABLE2",0.8,NA,NA,NA,NA,NA,8.06210795354732,8.06210795354732,0,NA,NA,NA,NA,NA,NA,NA,NA,"PASS"
"alpha_detail",8,"Oracle-GMM","ORACLE_TABLE2",0.9,NA,NA,NA,NA,NA,1.45293845440527,1.45293845440527,0,NA,NA,NA,NA,NA,NA,NA,NA,"PASS"
"alpha_detail",8,"Oracle-GMM","ORACLE_TABLE2",1,NA,NA,NA,NA,NA,0.124941319542815,0.124941319542815,0,NA,NA,NA,NA,NA,NA,NA,NA,"PASS"
"alpha_detail",8,"Oracle-GMM","ORACLE_TABLE2",1.1,NA,NA,NA,NA,NA,1.77834467167592,1.77834467167592,0,NA,NA,NA,NA,NA,NA,NA,NA,"PASS"
"alpha_detail",8,"Oracle-GMM","ORACLE_TABLE2",1.2,NA,NA,NA,NA,NA,7.25550010706795,7.25550010706795,0,NA,NA,NA,NA,NA,NA,NA,NA,"PASS"
"alpha_detail",8,"Oracle-GMM","ORACLE_TABLE2",1.3,NA,NA,NA,NA,NA,13.6844377152323,13.6844377152323,0,NA,NA,NA,NA,NA,NA,NA,NA,"PASS"
"alpha_detail",8,"Oracle-GMM","ORACLE_TABLE2",1.4,NA,NA,NA,NA,NA,17.5619828698899,17.5619828698899,0,NA,NA,NA,NA,NA,NA,NA,NA,"PASS"
"alpha_detail",8,"Oracle-GMM","ORACLE_TABLE2",1.5,NA,NA,NA,NA,NA,19.4883420460015,19.4883420460015,0,NA,NA,NA,NA,NA,NA,NA,NA,"PASS"
"alpha_detail",8,"Oracle-GMM","ORACLE_TABLE2",1.6,NA,NA,NA,NA,NA,25.4195404722663,25.4195404722663,0,NA,NA,NA,NA,NA,NA,NA,NA,"PASS"
"alpha_detail",8,"Oracle-GMM","ORACLE_TABLE2",1.7,NA,NA,NA,NA,NA,27.1402565377337,27.1402565377337,0,NA,NA,NA,NA,NA,NA,NA,NA,"PASS"
"alpha_detail",8,"Oracle-GMM","ORACLE_TABLE2",1.8,NA,NA,NA,NA,NA,35.8667960196953,35.8667960196953,0,NA,NA,NA,NA,NA,NA,NA,NA,"PASS"
"alpha_detail",8,"Oracle-GMM","ORACLE_TABLE2",1.9,NA,NA,NA,NA,NA,36.4537469369071,36.4537469369071,0,NA,NA,NA,NA,NA,NA,NA,NA,"PASS"
"alpha_detail",8,"Oracle-GMM","ORACLE_TABLE2",2,NA,NA,NA,NA,NA,42.6710051014725,42.6710051014725,0,NA,NA,NA,NA,NA,NA,NA,NA,"PASS"
"alpha_detail",8,"Oracle-GMM","ORACLE_TABLE2",2.1,NA,NA,NA,NA,NA,42.6528678955079,42.6528678955079,0,NA,NA,NA,NA,NA,NA,NA,NA,"PASS"
"alpha_detail",8,"Oracle-GMM","ORACLE_TABLE2",2.2,NA,NA,NA,NA,NA,49.1838942903791,49.1838942903791,0,NA,NA,NA,NA,NA,NA,NA,NA,"PASS"
"alpha_detail",8,"Oracle-GMM","ORACLE_TABLE2",2.3,NA,NA,NA,NA,NA,50.1921291402394,50.1921291402394,0,NA,NA,NA,NA,NA,NA,NA,NA,"PASS"
"alpha_detail",8,"Oracle-GMM","ORACLE_TABLE2",2.4,NA,NA,NA,NA,NA,49.4879308238982,49.4879308238982,0,NA,NA,NA,NA,NA,NA,NA,NA,"PASS"
"alpha_detail",8,"Oracle-GMM","ORACLE_TABLE2",2.5,NA,NA,NA,NA,NA,54.935599030276,54.935599030276,0,NA,NA,NA,NA,NA,NA,NA,NA,"PASS"
"alpha_detail",8,"Oracle-GMM","ORACLE_TABLE2",2.6,NA,NA,NA,NA,NA,58.2751586349815,58.2751586349815,0,NA,NA,NA,NA,NA,NA,NA,NA,"PASS"
"alpha_detail",8,"Oracle-GMM","ORACLE_TABLE2",2.7,NA,NA,NA,NA,NA,59.5233222677068,59.5233222677068,0,NA,NA,NA,NA,NA,NA,NA,NA,"PASS"
"alpha_detail",8,"Oracle-GMM","ORACLE_TABLE2",2.8,NA,NA,NA,NA,NA,60.2641677770056,60.2641677770056,0,NA,NA,NA,NA,NA,NA,NA,NA,"PASS"
"alpha_detail",8,"Oracle-GMM","ORACLE_TABLE2",2.9,NA,NA,NA,NA,NA,56.1472805732911,56.1472805732911,0,NA,NA,NA,NA,NA,NA,NA,NA,"PASS"
"alpha_detail",8,"Oracle-GMM","ORACLE_TABLE2",3,NA,NA,NA,NA,NA,64.3254540528475,64.3254540528475,0,NA,NA,NA,NA,NA,NA,NA,NA,"PASS"
"dataset_summary",8,"Full-GMM","FULL_TABLE2",NA,NA,NA,NA,NA,0,NA,NA,NA,1.3,1.3,0.197010993821138,0.197010993821138,TRUE,TRUE,NA,NA,"PASS"
"alpha_detail",8,"Full-GMM","FULL_TABLE2",-1,NA,NA,NA,NA,NA,31.3015265021683,31.3015265021683,0,NA,NA,NA,NA,NA,NA,NA,NA,"PASS"
"alpha_detail",8,"Full-GMM","FULL_TABLE2",-0.9,NA,NA,NA,NA,NA,31.8095287722627,31.8095287722627,0,NA,NA,NA,NA,NA,NA,NA,NA,"PASS"
"alpha_detail",8,"Full-GMM","FULL_TABLE2",-0.8,NA,NA,NA,NA,NA,31.3625649126088,31.3625649126088,0,NA,NA,NA,NA,NA,NA,NA,NA,"PASS"
"alpha_detail",8,"Full-GMM","FULL_TABLE2",-0.7,NA,NA,NA,NA,NA,31.9785133214932,31.9785133214932,0,NA,NA,NA,NA,NA,NA,NA,NA,"PASS"
"alpha_detail",8,"Full-GMM","FULL_TABLE2",-0.6,NA,NA,NA,NA,NA,32.5594658208564,32.5594658208564,0,NA,NA,NA,NA,NA,NA,NA,NA,"PASS"
"alpha_detail",8,"Full-GMM","FULL_TABLE2",-0.5,NA,NA,NA,NA,NA,33.9321515847667,33.9321515847667,0,NA,NA,NA,NA,NA,NA,NA,NA,"PASS"
"alpha_detail",8,"Full-GMM","FULL_TABLE2",-0.4,NA,NA,NA,NA,NA,29.26013651756,29.26013651756,0,NA,NA,NA,NA,NA,NA,NA,NA,"PASS"
"alpha_detail",8,"Full-GMM","FULL_TABLE2",-0.3,NA,NA,NA,NA,NA,34.9307838862341,34.9307838862341,0,NA,NA,NA,NA,NA,NA,NA,NA,"PASS"
"alpha_detail",8,"Full-GMM","FULL_TABLE2",-0.2,NA,NA,NA,NA,NA,29.4100333005739,29.4100333005739,0,NA,NA,NA,NA,NA,NA,NA,NA,"PASS"
"alpha_detail",8,"Full-GMM","FULL_TABLE2",-0.1,NA,NA,NA,NA,NA,22.1586484509952,22.1586484509952,0,NA,NA,NA,NA,NA,NA,NA,NA,"PASS"
"alpha_detail",8,"Full-GMM","FULL_TABLE2",0,NA,NA,NA,NA,NA,17.3083339114401,17.3083339114401,0,NA,NA,NA,NA,NA,NA,NA,NA,"PASS"
"alpha_detail",8,"Full-GMM","FULL_TABLE2",0.1,NA,NA,NA,NA,NA,25.5922744821861,25.5922744821861,0,NA,NA,NA,NA,NA,NA,NA,NA,"PASS"
"alpha_detail",8,"Full-GMM","FULL_TABLE2",0.2,NA,NA,NA,NA,NA,17.6733809153555,17.6733809153555,0,NA,NA,NA,NA,NA,NA,NA,NA,"PASS"
"alpha_detail",8,"Full-GMM","FULL_TABLE2",0.3,NA,NA,NA,NA,NA,14.998860143386,14.998860143386,0,NA,NA,NA,NA,NA,NA,NA,NA,"PASS"
"alpha_detail",8,"Full-GMM","FULL_TABLE2",0.4,NA,NA,NA,NA,NA,12.8073992829866,12.8073992829866,0,NA,NA,NA,NA,NA,NA,NA,NA,"PASS"
"alpha_detail",8,"Full-GMM","FULL_TABLE2",0.5,NA,NA,NA,NA,NA,6.491512856538,6.491512856538,0,NA,NA,NA,NA,NA,NA,NA,NA,"PASS"
"alpha_detail",8,"Full-GMM","FULL_TABLE2",0.6,NA,NA,NA,NA,NA,5.96699042157783,5.96699042157783,0,NA,NA,NA,NA,NA,NA,NA,NA,"PASS"
"alpha_detail",8,"Full-GMM","FULL_TABLE2",0.7,NA,NA,NA,NA,NA,8.60266300966984,8.60266300966984,0,NA,NA,NA,NA,NA,NA,NA,NA,"PASS"
"alpha_detail",8,"Full-GMM","FULL_TABLE2",0.8,NA,NA,NA,NA,NA,12.1212190389786,12.1212190389786,0,NA,NA,NA,NA,NA,NA,NA,NA,"PASS"
"alpha_detail",8,"Full-GMM","FULL_TABLE2",0.9,NA,NA,NA,NA,NA,6.53203039278181,6.53203039278181,0,NA,NA,NA,NA,NA,NA,NA,NA,"PASS"
"alpha_detail",8,"Full-GMM","FULL_TABLE2",1,NA,NA,NA,NA,NA,9.44670419496392,9.44670419496392,0,NA,NA,NA,NA,NA,NA,NA,NA,"PASS"
"alpha_detail",8,"Full-GMM","FULL_TABLE2",1.1,NA,NA,NA,NA,NA,3.64149847107222,3.64149847107222,0,NA,NA,NA,NA,NA,NA,NA,NA,"PASS"
"alpha_detail",8,"Full-GMM","FULL_TABLE2",1.2,NA,NA,NA,NA,NA,2.90060808777724,2.90060808777724,0,NA,NA,NA,NA,NA,NA,NA,NA,"PASS"
"alpha_detail",8,"Full-GMM","FULL_TABLE2",1.3,NA,NA,NA,NA,NA,0.197010993821138,0.197010993821138,0,NA,NA,NA,NA,NA,NA,NA,NA,"PASS"
"alpha_detail",8,"Full-GMM","FULL_TABLE2",1.4,NA,NA,NA,NA,NA,2.05115032417731,2.05115032417731,0,NA,NA,NA,NA,NA,NA,NA,NA,"PASS"
"alpha_detail",8,"Full-GMM","FULL_TABLE2",1.5,NA,NA,NA,NA,NA,2.68138470677012,2.68138470677012,0,NA,NA,NA,NA,NA,NA,NA,NA,"PASS"
"alpha_detail",8,"Full-GMM","FULL_TABLE2",1.6,NA,NA,NA,NA,NA,4.18306227550414,4.18306227550414,0,NA,NA,NA,NA,NA,NA,NA,NA,"PASS"
"alpha_detail",8,"Full-GMM","FULL_TABLE2",1.7,NA,NA,NA,NA,NA,3.79590224389908,3.79590224389908,0,NA,NA,NA,NA,NA,NA,NA,NA,"PASS"
"alpha_detail",8,"Full-GMM","FULL_TABLE2",1.8,NA,NA,NA,NA,NA,6.44421740396396,6.44421740396396,0,NA,NA,NA,NA,NA,NA,NA,NA,"PASS"
"alpha_detail",8,"Full-GMM","FULL_TABLE2",1.9,NA,NA,NA,NA,NA,7.01866239637041,7.01866239637041,0,NA,NA,NA,NA,NA,NA,NA,NA,"PASS"
"alpha_detail",8,"Full-GMM","FULL_TABLE2",2,NA,NA,NA,NA,NA,19.3996554729936,19.3996554729936,0,NA,NA,NA,NA,NA,NA,NA,NA,"PASS"
"alpha_detail",8,"Full-GMM","FULL_TABLE2",2.1,NA,NA,NA,NA,NA,20.704352487332,20.704352487332,0,NA,NA,NA,NA,NA,NA,NA,NA,"PASS"
"alpha_detail",8,"Full-GMM","FULL_TABLE2",2.2,NA,NA,NA,NA,NA,26.234351109868,26.234351109868,0,NA,NA,NA,NA,NA,NA,NA,NA,"PASS"
"alpha_detail",8,"Full-GMM","FULL_TABLE2",2.3,NA,NA,NA,NA,NA,31.4931616996835,31.4931616996835,0,NA,NA,NA,NA,NA,NA,NA,NA,"PASS"
"alpha_detail",8,"Full-GMM","FULL_TABLE2",2.4,NA,NA,NA,NA,NA,31.7993614846774,31.7993614846774,0,NA,NA,NA,NA,NA,NA,NA,NA,"PASS"
"alpha_detail",8,"Full-GMM","FULL_TABLE2",2.5,NA,NA,NA,NA,NA,43.6332810202975,43.6332810202975,0,NA,NA,NA,NA,NA,NA,NA,NA,"PASS"
"alpha_detail",8,"Full-GMM","FULL_TABLE2",2.6,NA,NA,NA,NA,NA,30.7622209343676,30.7622209343676,0,NA,NA,NA,NA,NA,NA,NA,NA,"PASS"
"alpha_detail",8,"Full-GMM","FULL_TABLE2",2.7,NA,NA,NA,NA,NA,31.8222746376115,31.8222746376115,0,NA,NA,NA,NA,NA,NA,NA,NA,"PASS"
"alpha_detail",8,"Full-GMM","FULL_TABLE2",2.8,NA,NA,NA,NA,NA,44.0913172361607,44.0913172361607,0,NA,NA,NA,NA,NA,NA,NA,NA,"PASS"
"alpha_detail",8,"Full-GMM","FULL_TABLE2",2.9,NA,NA,NA,NA,NA,41.2695706710747,41.2695706710747,0,NA,NA,NA,NA,NA,NA,NA,NA,"PASS"
"alpha_detail",8,"Full-GMM","FULL_TABLE2",3,NA,NA,NA,NA,NA,45.0197363758451,45.0197363758451,0,NA,NA,NA,NA,NA,NA,NA,NA,"PASS"
"dataset_summary",8,"DML-CV","DML_TABLE2_CV",NA,NA,NA,NA,NA,0,NA,NA,NA,1.1,1.1,0.548279107549555,0.548279107549555,TRUE,TRUE,NA,NA,"PASS"
"alpha_detail",8,"DML-CV","DML_TABLE2_CV",-1,NA,NA,NA,NA,NA,47.1703537347167,47.1703537347167,0,NA,NA,NA,NA,NA,NA,0.0262831434069581,NA,"PASS"
"alpha_detail",8,"DML-CV","DML_TABLE2_CV",-0.9,NA,NA,NA,NA,NA,47.4094913987084,47.4094913987084,0,NA,NA,NA,NA,NA,NA,0.0366636917633643,NA,"PASS"
"alpha_detail",8,"DML-CV","DML_TABLE2_CV",-0.8,NA,NA,NA,NA,NA,43.6124722561014,43.6124722561014,0,NA,NA,NA,NA,NA,NA,0.0240745522422986,NA,"PASS"
"alpha_detail",8,"DML-CV","DML_TABLE2_CV",-0.7,NA,NA,NA,NA,NA,38.3687797777257,38.3687797777257,0,NA,NA,NA,NA,NA,NA,0.0174146568127414,NA,"PASS"
"alpha_detail",8,"DML-CV","DML_TABLE2_CV",-0.6,NA,NA,NA,NA,NA,49.2873152263008,49.2873152263008,0,NA,NA,NA,NA,NA,NA,0.0413730304998017,NA,"PASS"
"alpha_detail",8,"DML-CV","DML_TABLE2_CV",-0.5,NA,NA,NA,NA,NA,41.399832018681,41.399832018681,0,NA,NA,NA,NA,NA,NA,0.0413730304998017,NA,"PASS"
"alpha_detail",8,"DML-CV","DML_TABLE2_CV",-0.4,NA,NA,NA,NA,NA,37.2704367243386,37.2704367243386,0,NA,NA,NA,NA,NA,NA,0.0318896326210014,NA,"PASS"
"alpha_detail",8,"DML-CV","DML_TABLE2_CV",-0.3,NA,NA,NA,NA,NA,31.0638434574617,31.0638434574617,0,NA,NA,NA,NA,NA,NA,0.0398744786511927,NA,"PASS"
"alpha_detail",8,"DML-CV","DML_TABLE2_CV",-0.2,NA,NA,NA,NA,NA,27.0962060867516,27.0962060867516,0,NA,NA,NA,NA,NA,NA,0.0386859530741542,NA,"PASS"
"alpha_detail",8,"DML-CV","DML_TABLE2_CV",-0.1,NA,NA,NA,NA,NA,26.167696065329,26.167696065329,0,NA,NA,NA,NA,NA,NA,0.0382326239149827,NA,"PASS"
"alpha_detail",8,"DML-CV","DML_TABLE2_CV",0,NA,NA,NA,NA,NA,21.2376991741719,21.2376991741719,0,NA,NA,NA,NA,NA,NA,0.0318099172997901,NA,"PASS"
"alpha_detail",8,"DML-CV","DML_TABLE2_CV",0.1,NA,NA,NA,NA,NA,19.5678206654607,19.5678206654607,0,NA,NA,NA,NA,NA,NA,0.0335676559909169,NA,"PASS"
"alpha_detail",8,"DML-CV","DML_TABLE2_CV",0.2,NA,NA,NA,NA,NA,20.3177260645023,20.3177260645023,0,NA,NA,NA,NA,NA,NA,0.0305953449075459,NA,"PASS"
"alpha_detail",8,"DML-CV","DML_TABLE2_CV",0.3,NA,NA,NA,NA,NA,13.5952016263466,13.5952016263466,0,NA,NA,NA,NA,NA,NA,0.0373510557108166,NA,"PASS"
"alpha_detail",8,"DML-CV","DML_TABLE2_CV",0.4,NA,NA,NA,NA,NA,18.6547812635662,18.6547812635662,0,NA,NA,NA,NA,NA,NA,0.021783928278881,NA,"PASS"
"alpha_detail",8,"DML-CV","DML_TABLE2_CV",0.5,NA,NA,NA,NA,NA,11.7279896962164,11.7279896962164,0,NA,NA,NA,NA,NA,NA,0.0222781430006053,NA,"PASS"
"alpha_detail",8,"DML-CV","DML_TABLE2_CV",0.6,NA,NA,NA,NA,NA,9.76514098985047,9.76514098985047,0,NA,NA,NA,NA,NA,NA,0.0248750447180966,NA,"PASS"
"alpha_detail",8,"DML-CV","DML_TABLE2_CV",0.7,NA,NA,NA,NA,NA,7.28164423494594,7.28164423494594,0,NA,NA,NA,NA,NA,NA,0.020718453214318,NA,"PASS"
"alpha_detail",8,"DML-CV","DML_TABLE2_CV",0.8,NA,NA,NA,NA,NA,2.23860327495006,2.23860327495006,0,NA,NA,NA,NA,NA,NA,0.0304256975358662,NA,"PASS"
"alpha_detail",8,"DML-CV","DML_TABLE2_CV",0.9,NA,NA,NA,NA,NA,3.68190764252865,3.68190764252865,0,NA,NA,NA,NA,NA,NA,0.0286389511941356,NA,"PASS"
"alpha_detail",8,"DML-CV","DML_TABLE2_CV",1,NA,NA,NA,NA,NA,0.584460699854512,0.584460699854512,0,NA,NA,NA,NA,NA,NA,0.0343405630901865,NA,"PASS"
"alpha_detail",8,"DML-CV","DML_TABLE2_CV",1.1,NA,NA,NA,NA,NA,0.548279107549555,0.548279107549555,0,NA,NA,NA,NA,NA,NA,0.0272550824907464,NA,"PASS"
"alpha_detail",8,"DML-CV","DML_TABLE2_CV",1.2,NA,NA,NA,NA,NA,2.35420419355074,2.35420419355074,0,NA,NA,NA,NA,NA,NA,0.0173109835583441,NA,"PASS"
"alpha_detail",8,"DML-CV","DML_TABLE2_CV",1.3,NA,NA,NA,NA,NA,3.81779962550893,3.81779962550893,0,NA,NA,NA,NA,NA,NA,0.034811988886293,NA,"PASS"
"alpha_detail",8,"DML-CV","DML_TABLE2_CV",1.4,NA,NA,NA,NA,NA,7.51152527013527,7.51152527013527,0,NA,NA,NA,NA,NA,NA,0.0262476768510603,NA,"PASS"
"alpha_detail",8,"DML-CV","DML_TABLE2_CV",1.5,NA,NA,NA,NA,NA,11.9203663785858,11.9203663785858,0,NA,NA,NA,NA,NA,NA,0.0279057437750285,NA,"PASS"
"alpha_detail",8,"DML-CV","DML_TABLE2_CV",1.6,NA,NA,NA,NA,NA,14.2967724275024,14.2967724275024,0,NA,NA,NA,NA,NA,NA,0.0226048530330715,NA,"PASS"
"alpha_detail",8,"DML-CV","DML_TABLE2_CV",1.7,NA,NA,NA,NA,NA,16.9204305835794,16.9204305835794,0,NA,NA,NA,NA,NA,NA,0.022633042457292,NA,"PASS"
"alpha_detail",8,"DML-CV","DML_TABLE2_CV",1.8,NA,NA,NA,NA,NA,29.3357837773041,29.3357837773041,0,NA,NA,NA,NA,NA,NA,0.0255597165790605,NA,"PASS"
"alpha_detail",8,"DML-CV","DML_TABLE2_CV",1.9,NA,NA,NA,NA,NA,23.3875945852984,23.3875945852984,0,NA,NA,NA,NA,NA,NA,0.0237534878609515,NA,"PASS"
"alpha_detail",8,"DML-CV","DML_TABLE2_CV",2,NA,NA,NA,NA,NA,27.3340553135509,27.3340553135509,0,NA,NA,NA,NA,NA,NA,0.0203707685490326,NA,"PASS"
"alpha_detail",8,"DML-CV","DML_TABLE2_CV",2.1,NA,NA,NA,NA,NA,30.4374848875618,30.4374848875618,0,NA,NA,NA,NA,NA,NA,0.0220459497561987,NA,"PASS"
"alpha_detail",8,"DML-CV","DML_TABLE2_CV",2.2,NA,NA,NA,NA,NA,33.0521934229589,33.0521934229589,0,NA,NA,NA,NA,NA,NA,0.0183856297707759,NA,"PASS"
"alpha_detail",8,"DML-CV","DML_TABLE2_CV",2.3,NA,NA,NA,NA,NA,39.1623923672573,39.1623923672573,0,NA,NA,NA,NA,NA,NA,0.0181395586182787,NA,"PASS"
"alpha_detail",8,"DML-CV","DML_TABLE2_CV",2.4,NA,NA,NA,NA,NA,42.1204037737033,42.1204037737033,0,NA,NA,NA,NA,NA,NA,0.0190164538274429,NA,"PASS"
"alpha_detail",8,"DML-CV","DML_TABLE2_CV",2.5,NA,NA,NA,NA,NA,44.0419082514865,44.0419082514865,0,NA,NA,NA,NA,NA,NA,0.0182481838929703,NA,"PASS"
"alpha_detail",8,"DML-CV","DML_TABLE2_CV",2.6,NA,NA,NA,NA,NA,48.223054249591,48.223054249591,0,NA,NA,NA,NA,NA,NA,0.0206530695385856,NA,"PASS"
"alpha_detail",8,"DML-CV","DML_TABLE2_CV",2.7,NA,NA,NA,NA,NA,49.2561732145384,49.2561732145384,0,NA,NA,NA,NA,NA,NA,0.0200844177769631,NA,"PASS"
"alpha_detail",8,"DML-CV","DML_TABLE2_CV",2.8,NA,NA,NA,NA,NA,56.2431367833805,56.2431367833805,0,NA,NA,NA,NA,NA,NA,0.0144776449934599,NA,"PASS"
"alpha_detail",8,"DML-CV","DML_TABLE2_CV",2.9,NA,NA,NA,NA,NA,56.5336436362815,56.5336436362815,0,NA,NA,NA,NA,NA,NA,0.016861866541719,NA,"PASS"
"alpha_detail",8,"DML-CV","DML_TABLE2_CV",3,NA,NA,NA,NA,NA,64.93527845459,64.93527845459,0,NA,NA,NA,NA,NA,NA,0.0347768293470141,NA,"PASS"
"dataset_summary",8,"DML-BC","DML_BC_CONDITIONAL",NA,NA,NA,NA,NA,0,NA,NA,NA,0.9,0.9,0.0965117040609826,0.0965117040609826,TRUE,TRUE,NA,TRUE,"PASS"
"alpha_detail",8,"DML-BC","DML_BC_CONDITIONAL",-1,NA,NA,NA,NA,NA,45.9021203245974,45.9021203245974,0,NA,NA,NA,NA,NA,NA,NA,NA,"PASS"
"alpha_detail",8,"DML-BC","DML_BC_CONDITIONAL",-0.9,NA,NA,NA,NA,NA,48.5120840765771,48.5120840765771,0,NA,NA,NA,NA,NA,NA,NA,NA,"PASS"
"alpha_detail",8,"DML-BC","DML_BC_CONDITIONAL",-0.8,NA,NA,NA,NA,NA,43.2147664559679,43.2147664559679,0,NA,NA,NA,NA,NA,NA,NA,NA,"PASS"
"alpha_detail",8,"DML-BC","DML_BC_CONDITIONAL",-0.7,NA,NA,NA,NA,NA,43.4681333701606,43.4681333701606,0,NA,NA,NA,NA,NA,NA,NA,NA,"PASS"
"alpha_detail",8,"DML-BC","DML_BC_CONDITIONAL",-0.6,NA,NA,NA,NA,NA,41.7697651205662,41.7697651205662,0,NA,NA,NA,NA,NA,NA,NA,NA,"PASS"
"alpha_detail",8,"DML-BC","DML_BC_CONDITIONAL",-0.5,NA,NA,NA,NA,NA,37.6946357421482,37.6946357421482,0,NA,NA,NA,NA,NA,NA,NA,NA,"PASS"
"alpha_detail",8,"DML-BC","DML_BC_CONDITIONAL",-0.4,NA,NA,NA,NA,NA,36.7867645694223,36.7867645694223,0,NA,NA,NA,NA,NA,NA,NA,NA,"PASS"
"alpha_detail",8,"DML-BC","DML_BC_CONDITIONAL",-0.3,NA,NA,NA,NA,NA,26.3939752966397,26.3939752966397,0,NA,NA,NA,NA,NA,NA,NA,NA,"PASS"
"alpha_detail",8,"DML-BC","DML_BC_CONDITIONAL",-0.2,NA,NA,NA,NA,NA,29.5522486377887,29.5522486377887,0,NA,NA,NA,NA,NA,NA,NA,NA,"PASS"
"alpha_detail",8,"DML-BC","DML_BC_CONDITIONAL",-0.1,NA,NA,NA,NA,NA,26.5945802623827,26.5945802623827,0,NA,NA,NA,NA,NA,NA,NA,NA,"PASS"
"alpha_detail",8,"DML-BC","DML_BC_CONDITIONAL",0,NA,NA,NA,NA,NA,29.6222861540651,29.6222861540651,0,NA,NA,NA,NA,NA,NA,NA,NA,"PASS"
"alpha_detail",8,"DML-BC","DML_BC_CONDITIONAL",0.1,NA,NA,NA,NA,NA,22.2213337163884,22.2213337163884,0,NA,NA,NA,NA,NA,NA,NA,NA,"PASS"
"alpha_detail",8,"DML-BC","DML_BC_CONDITIONAL",0.2,NA,NA,NA,NA,NA,23.1856702072757,23.1856702072757,0,NA,NA,NA,NA,NA,NA,NA,NA,"PASS"
"alpha_detail",8,"DML-BC","DML_BC_CONDITIONAL",0.3,NA,NA,NA,NA,NA,16.9436805576311,16.9436805576311,0,NA,NA,NA,NA,NA,NA,NA,NA,"PASS"
"alpha_detail",8,"DML-BC","DML_BC_CONDITIONAL",0.4,NA,NA,NA,NA,NA,9.71850703630557,9.71850703630557,0,NA,NA,NA,NA,NA,NA,NA,NA,"PASS"
"alpha_detail",8,"DML-BC","DML_BC_CONDITIONAL",0.5,NA,NA,NA,NA,NA,5.5819186822683,5.5819186822683,0,NA,NA,NA,NA,NA,NA,NA,NA,"PASS"
"alpha_detail",8,"DML-BC","DML_BC_CONDITIONAL",0.6,NA,NA,NA,NA,NA,4.32596376719875,4.32596376719875,0,NA,NA,NA,NA,NA,NA,NA,NA,"PASS"
"alpha_detail",8,"DML-BC","DML_BC_CONDITIONAL",0.7,NA,NA,NA,NA,NA,1.73583878952033,1.73583878952033,0,NA,NA,NA,NA,NA,NA,NA,NA,"PASS"
"alpha_detail",8,"DML-BC","DML_BC_CONDITIONAL",0.8,NA,NA,NA,NA,NA,0.85741248253375,0.85741248253375,0,NA,NA,NA,NA,NA,NA,NA,NA,"PASS"
"alpha_detail",8,"DML-BC","DML_BC_CONDITIONAL",0.9,NA,NA,NA,NA,NA,0.0965117040609826,0.0965117040609826,0,NA,NA,NA,NA,NA,NA,NA,NA,"PASS"
"alpha_detail",8,"DML-BC","DML_BC_CONDITIONAL",1,NA,NA,NA,NA,NA,0.379359551180864,0.379359551180864,0,NA,NA,NA,NA,NA,NA,NA,NA,"PASS"
"alpha_detail",8,"DML-BC","DML_BC_CONDITIONAL",1.1,NA,NA,NA,NA,NA,2.85265134699918,2.85265134699918,0,NA,NA,NA,NA,NA,NA,NA,NA,"PASS"
"alpha_detail",8,"DML-BC","DML_BC_CONDITIONAL",1.2,NA,NA,NA,NA,NA,3.37932255719444,3.37932255719444,0,NA,NA,NA,NA,NA,NA,NA,NA,"PASS"
"alpha_detail",8,"DML-BC","DML_BC_CONDITIONAL",1.3,NA,NA,NA,NA,NA,6.7442001348124,6.7442001348124,0,NA,NA,NA,NA,NA,NA,NA,NA,"PASS"
"alpha_detail",8,"DML-BC","DML_BC_CONDITIONAL",1.4,NA,NA,NA,NA,NA,9.46538950775255,9.46538950775255,0,NA,NA,NA,NA,NA,NA,NA,NA,"PASS"
"alpha_detail",8,"DML-BC","DML_BC_CONDITIONAL",1.5,NA,NA,NA,NA,NA,11.5269492522203,11.5269492522203,0,NA,NA,NA,NA,NA,NA,NA,NA,"PASS"
"alpha_detail",8,"DML-BC","DML_BC_CONDITIONAL",1.6,NA,NA,NA,NA,NA,15.0450447111138,15.0450447111138,0,NA,NA,NA,NA,NA,NA,NA,NA,"PASS"
"alpha_detail",8,"DML-BC","DML_BC_CONDITIONAL",1.7,NA,NA,NA,NA,NA,20.0970844557065,20.0970844557065,0,NA,NA,NA,NA,NA,NA,NA,NA,"PASS"
"alpha_detail",8,"DML-BC","DML_BC_CONDITIONAL",1.8,NA,NA,NA,NA,NA,21.5312535251414,21.5312535251414,0,NA,NA,NA,NA,NA,NA,NA,NA,"PASS"
"alpha_detail",8,"DML-BC","DML_BC_CONDITIONAL",1.9,NA,NA,NA,NA,NA,28.9801035137295,28.9801035137295,0,NA,NA,NA,NA,NA,NA,NA,NA,"PASS"
"alpha_detail",8,"DML-BC","DML_BC_CONDITIONAL",2,NA,NA,NA,NA,NA,31.7817111809858,31.7817111809858,0,NA,NA,NA,NA,NA,NA,NA,NA,"PASS"
"alpha_detail",8,"DML-BC","DML_BC_CONDITIONAL",2.1,NA,NA,NA,NA,NA,43.7909285515258,43.7909285515258,0,NA,NA,NA,NA,NA,NA,NA,NA,"PASS"
"alpha_detail",8,"DML-BC","DML_BC_CONDITIONAL",2.2,NA,NA,NA,NA,NA,42.3483011666717,42.3483011666717,0,NA,NA,NA,NA,NA,NA,NA,NA,"PASS"
"alpha_detail",8,"DML-BC","DML_BC_CONDITIONAL",2.3,NA,NA,NA,NA,NA,45.5549849675348,45.5549849675348,0,NA,NA,NA,NA,NA,NA,NA,NA,"PASS"
"alpha_detail",8,"DML-BC","DML_BC_CONDITIONAL",2.4,NA,NA,NA,NA,NA,47.9189523097959,47.9189523097959,0,NA,NA,NA,NA,NA,NA,NA,NA,"PASS"
"alpha_detail",8,"DML-BC","DML_BC_CONDITIONAL",2.5,NA,NA,NA,NA,NA,46.6062423778262,46.6062423778262,0,NA,NA,NA,NA,NA,NA,NA,NA,"PASS"
"alpha_detail",8,"DML-BC","DML_BC_CONDITIONAL",2.6,NA,NA,NA,NA,NA,47.1286729893709,47.1286729893709,0,NA,NA,NA,NA,NA,NA,NA,NA,"PASS"
"alpha_detail",8,"DML-BC","DML_BC_CONDITIONAL",2.7,NA,NA,NA,NA,NA,49.9609822096417,49.9609822096417,0,NA,NA,NA,NA,NA,NA,NA,NA,"PASS"
"alpha_detail",8,"DML-BC","DML_BC_CONDITIONAL",2.8,NA,NA,NA,NA,NA,49.9520366047344,49.9520366047344,0,NA,NA,NA,NA,NA,NA,NA,NA,"PASS"
"alpha_detail",8,"DML-BC","DML_BC_CONDITIONAL",2.9,NA,NA,NA,NA,NA,45.6802616430481,45.6802616430481,0,NA,NA,NA,NA,NA,NA,NA,NA,"PASS"
"alpha_detail",8,"DML-BC","DML_BC_CONDITIONAL",3,NA,NA,NA,NA,NA,52.4794630163922,52.4794630163922,0,NA,NA,NA,NA,NA,NA,NA,NA,"PASS"
"dataset_summary",8,"DML-CV vs DML-BC","DML_CV_VS_BC_EXPECTED_DIFFERENCE",NA,NA,NA,NA,NA,13.3534436639641,NA,NA,NA,1.1,0.9,0.548279107549555,0.0965117040609826,FALSE,FALSE,NA,NA,"EXPECTED METHOD DIFFERENCE"
"alpha_detail",8,"DML-CV vs DML-BC","DML_CV_VS_BC_EXPECTED_DIFFERENCE",-1,NA,NA,NA,NA,NA,47.1703537347167,45.9021203245974,-1.26823341011927,NA,NA,NA,NA,NA,NA,NA,NA,"EXPECTED METHOD DIFFERENCE"
"alpha_detail",8,"DML-CV vs DML-BC","DML_CV_VS_BC_EXPECTED_DIFFERENCE",-0.9,NA,NA,NA,NA,NA,47.4094913987084,48.5120840765771,1.10259267786866,NA,NA,NA,NA,NA,NA,NA,NA,"EXPECTED METHOD DIFFERENCE"
"alpha_detail",8,"DML-CV vs DML-BC","DML_CV_VS_BC_EXPECTED_DIFFERENCE",-0.8,NA,NA,NA,NA,NA,43.6124722561014,43.2147664559679,-0.397705800133515,NA,NA,NA,NA,NA,NA,NA,NA,"EXPECTED METHOD DIFFERENCE"
"alpha_detail",8,"DML-CV vs DML-BC","DML_CV_VS_BC_EXPECTED_DIFFERENCE",-0.7,NA,NA,NA,NA,NA,38.3687797777257,43.4681333701606,5.09935359243492,NA,NA,NA,NA,NA,NA,NA,NA,"EXPECTED METHOD DIFFERENCE"
"alpha_detail",8,"DML-CV vs DML-BC","DML_CV_VS_BC_EXPECTED_DIFFERENCE",-0.6,NA,NA,NA,NA,NA,49.2873152263008,41.7697651205662,-7.51755010573461,NA,NA,NA,NA,NA,NA,NA,NA,"EXPECTED METHOD DIFFERENCE"
"alpha_detail",8,"DML-CV vs DML-BC","DML_CV_VS_BC_EXPECTED_DIFFERENCE",-0.5,NA,NA,NA,NA,NA,41.399832018681,37.6946357421482,-3.7051962765328,NA,NA,NA,NA,NA,NA,NA,NA,"EXPECTED METHOD DIFFERENCE"
"alpha_detail",8,"DML-CV vs DML-BC","DML_CV_VS_BC_EXPECTED_DIFFERENCE",-0.4,NA,NA,NA,NA,NA,37.2704367243386,36.7867645694223,-0.483672154916341,NA,NA,NA,NA,NA,NA,NA,NA,"EXPECTED METHOD DIFFERENCE"
"alpha_detail",8,"DML-CV vs DML-BC","DML_CV_VS_BC_EXPECTED_DIFFERENCE",-0.3,NA,NA,NA,NA,NA,31.0638434574617,26.3939752966397,-4.66986816082193,NA,NA,NA,NA,NA,NA,NA,NA,"EXPECTED METHOD DIFFERENCE"
"alpha_detail",8,"DML-CV vs DML-BC","DML_CV_VS_BC_EXPECTED_DIFFERENCE",-0.2,NA,NA,NA,NA,NA,27.0962060867516,29.5522486377887,2.45604255103709,NA,NA,NA,NA,NA,NA,NA,NA,"EXPECTED METHOD DIFFERENCE"
"alpha_detail",8,"DML-CV vs DML-BC","DML_CV_VS_BC_EXPECTED_DIFFERENCE",-0.1,NA,NA,NA,NA,NA,26.167696065329,26.5945802623827,0.426884197053635,NA,NA,NA,NA,NA,NA,NA,NA,"EXPECTED METHOD DIFFERENCE"
"alpha_detail",8,"DML-CV vs DML-BC","DML_CV_VS_BC_EXPECTED_DIFFERENCE",0,NA,NA,NA,NA,NA,21.2376991741719,29.6222861540651,8.38458697989323,NA,NA,NA,NA,NA,NA,NA,NA,"EXPECTED METHOD DIFFERENCE"
"alpha_detail",8,"DML-CV vs DML-BC","DML_CV_VS_BC_EXPECTED_DIFFERENCE",0.1,NA,NA,NA,NA,NA,19.5678206654607,22.2213337163884,2.65351305092764,NA,NA,NA,NA,NA,NA,NA,NA,"EXPECTED METHOD DIFFERENCE"
"alpha_detail",8,"DML-CV vs DML-BC","DML_CV_VS_BC_EXPECTED_DIFFERENCE",0.2,NA,NA,NA,NA,NA,20.3177260645023,23.1856702072757,2.86794414277339,NA,NA,NA,NA,NA,NA,NA,NA,"EXPECTED METHOD DIFFERENCE"
"alpha_detail",8,"DML-CV vs DML-BC","DML_CV_VS_BC_EXPECTED_DIFFERENCE",0.3,NA,NA,NA,NA,NA,13.5952016263466,16.9436805576311,3.34847893128451,NA,NA,NA,NA,NA,NA,NA,NA,"EXPECTED METHOD DIFFERENCE"
"alpha_detail",8,"DML-CV vs DML-BC","DML_CV_VS_BC_EXPECTED_DIFFERENCE",0.4,NA,NA,NA,NA,NA,18.6547812635662,9.71850703630557,-8.9362742272606,NA,NA,NA,NA,NA,NA,NA,NA,"EXPECTED METHOD DIFFERENCE"
"alpha_detail",8,"DML-CV vs DML-BC","DML_CV_VS_BC_EXPECTED_DIFFERENCE",0.5,NA,NA,NA,NA,NA,11.7279896962164,5.5819186822683,-6.14607101394809,NA,NA,NA,NA,NA,NA,NA,NA,"EXPECTED METHOD DIFFERENCE"
"alpha_detail",8,"DML-CV vs DML-BC","DML_CV_VS_BC_EXPECTED_DIFFERENCE",0.6,NA,NA,NA,NA,NA,9.76514098985047,4.32596376719875,-5.43917722265172,NA,NA,NA,NA,NA,NA,NA,NA,"EXPECTED METHOD DIFFERENCE"
"alpha_detail",8,"DML-CV vs DML-BC","DML_CV_VS_BC_EXPECTED_DIFFERENCE",0.7,NA,NA,NA,NA,NA,7.28164423494594,1.73583878952033,-5.54580544542562,NA,NA,NA,NA,NA,NA,NA,NA,"EXPECTED METHOD DIFFERENCE"
"alpha_detail",8,"DML-CV vs DML-BC","DML_CV_VS_BC_EXPECTED_DIFFERENCE",0.8,NA,NA,NA,NA,NA,2.23860327495006,0.85741248253375,-1.38119079241631,NA,NA,NA,NA,NA,NA,NA,NA,"EXPECTED METHOD DIFFERENCE"
"alpha_detail",8,"DML-CV vs DML-BC","DML_CV_VS_BC_EXPECTED_DIFFERENCE",0.9,NA,NA,NA,NA,NA,3.68190764252865,0.0965117040609826,-3.58539593846767,NA,NA,NA,NA,NA,NA,NA,NA,"EXPECTED METHOD DIFFERENCE"
"alpha_detail",8,"DML-CV vs DML-BC","DML_CV_VS_BC_EXPECTED_DIFFERENCE",1,NA,NA,NA,NA,NA,0.584460699854512,0.379359551180864,-0.205101148673648,NA,NA,NA,NA,NA,NA,NA,NA,"EXPECTED METHOD DIFFERENCE"
"alpha_detail",8,"DML-CV vs DML-BC","DML_CV_VS_BC_EXPECTED_DIFFERENCE",1.1,NA,NA,NA,NA,NA,0.548279107549555,2.85265134699918,2.30437223944963,NA,NA,NA,NA,NA,NA,NA,NA,"EXPECTED METHOD DIFFERENCE"
"alpha_detail",8,"DML-CV vs DML-BC","DML_CV_VS_BC_EXPECTED_DIFFERENCE",1.2,NA,NA,NA,NA,NA,2.35420419355074,3.37932255719444,1.0251183636437,NA,NA,NA,NA,NA,NA,NA,NA,"EXPECTED METHOD DIFFERENCE"
"alpha_detail",8,"DML-CV vs DML-BC","DML_CV_VS_BC_EXPECTED_DIFFERENCE",1.3,NA,NA,NA,NA,NA,3.81779962550893,6.7442001348124,2.92640050930346,NA,NA,NA,NA,NA,NA,NA,NA,"EXPECTED METHOD DIFFERENCE"
"alpha_detail",8,"DML-CV vs DML-BC","DML_CV_VS_BC_EXPECTED_DIFFERENCE",1.4,NA,NA,NA,NA,NA,7.51152527013527,9.46538950775255,1.95386423761728,NA,NA,NA,NA,NA,NA,NA,NA,"EXPECTED METHOD DIFFERENCE"
"alpha_detail",8,"DML-CV vs DML-BC","DML_CV_VS_BC_EXPECTED_DIFFERENCE",1.5,NA,NA,NA,NA,NA,11.9203663785858,11.5269492522203,-0.393417126365481,NA,NA,NA,NA,NA,NA,NA,NA,"EXPECTED METHOD DIFFERENCE"
"alpha_detail",8,"DML-CV vs DML-BC","DML_CV_VS_BC_EXPECTED_DIFFERENCE",1.6,NA,NA,NA,NA,NA,14.2967724275024,15.0450447111138,0.748272283611414,NA,NA,NA,NA,NA,NA,NA,NA,"EXPECTED METHOD DIFFERENCE"
"alpha_detail",8,"DML-CV vs DML-BC","DML_CV_VS_BC_EXPECTED_DIFFERENCE",1.7,NA,NA,NA,NA,NA,16.9204305835794,20.0970844557065,3.17665387212709,NA,NA,NA,NA,NA,NA,NA,NA,"EXPECTED METHOD DIFFERENCE"
"alpha_detail",8,"DML-CV vs DML-BC","DML_CV_VS_BC_EXPECTED_DIFFERENCE",1.8,NA,NA,NA,NA,NA,29.3357837773041,21.5312535251414,-7.80453025216268,NA,NA,NA,NA,NA,NA,NA,NA,"EXPECTED METHOD DIFFERENCE"
"alpha_detail",8,"DML-CV vs DML-BC","DML_CV_VS_BC_EXPECTED_DIFFERENCE",1.9,NA,NA,NA,NA,NA,23.3875945852984,28.9801035137295,5.5925089284311,NA,NA,NA,NA,NA,NA,NA,NA,"EXPECTED METHOD DIFFERENCE"
"alpha_detail",8,"DML-CV vs DML-BC","DML_CV_VS_BC_EXPECTED_DIFFERENCE",2,NA,NA,NA,NA,NA,27.3340553135509,31.7817111809858,4.44765586743487,NA,NA,NA,NA,NA,NA,NA,NA,"EXPECTED METHOD DIFFERENCE"
"alpha_detail",8,"DML-CV vs DML-BC","DML_CV_VS_BC_EXPECTED_DIFFERENCE",2.1,NA,NA,NA,NA,NA,30.4374848875618,43.7909285515258,13.3534436639641,NA,NA,NA,NA,NA,NA,NA,NA,"EXPECTED METHOD DIFFERENCE"
"alpha_detail",8,"DML-CV vs DML-BC","DML_CV_VS_BC_EXPECTED_DIFFERENCE",2.2,NA,NA,NA,NA,NA,33.0521934229589,42.3483011666717,9.29610774371275,NA,NA,NA,NA,NA,NA,NA,NA,"EXPECTED METHOD DIFFERENCE"
"alpha_detail",8,"DML-CV vs DML-BC","DML_CV_VS_BC_EXPECTED_DIFFERENCE",2.3,NA,NA,NA,NA,NA,39.1623923672573,45.5549849675348,6.39259260027755,NA,NA,NA,NA,NA,NA,NA,NA,"EXPECTED METHOD DIFFERENCE"
"alpha_detail",8,"DML-CV vs DML-BC","DML_CV_VS_BC_EXPECTED_DIFFERENCE",2.4,NA,NA,NA,NA,NA,42.1204037737033,47.9189523097959,5.79854853609265,NA,NA,NA,NA,NA,NA,NA,NA,"EXPECTED METHOD DIFFERENCE"
"alpha_detail",8,"DML-CV vs DML-BC","DML_CV_VS_BC_EXPECTED_DIFFERENCE",2.5,NA,NA,NA,NA,NA,44.0419082514865,46.6062423778262,2.5643341263397,NA,NA,NA,NA,NA,NA,NA,NA,"EXPECTED METHOD DIFFERENCE"
"alpha_detail",8,"DML-CV vs DML-BC","DML_CV_VS_BC_EXPECTED_DIFFERENCE",2.6,NA,NA,NA,NA,NA,48.223054249591,47.1286729893709,-1.09438126022014,NA,NA,NA,NA,NA,NA,NA,NA,"EXPECTED METHOD DIFFERENCE"
"alpha_detail",8,"DML-CV vs DML-BC","DML_CV_VS_BC_EXPECTED_DIFFERENCE",2.7,NA,NA,NA,NA,NA,49.2561732145384,49.9609822096417,0.704808995103313,NA,NA,NA,NA,NA,NA,NA,NA,"EXPECTED METHOD DIFFERENCE"
"alpha_detail",8,"DML-CV vs DML-BC","DML_CV_VS_BC_EXPECTED_DIFFERENCE",2.8,NA,NA,NA,NA,NA,56.2431367833805,49.9520366047344,-6.29110017864608,NA,NA,NA,NA,NA,NA,NA,NA,"EXPECTED METHOD DIFFERENCE"
"alpha_detail",8,"DML-CV vs DML-BC","DML_CV_VS_BC_EXPECTED_DIFFERENCE",2.9,NA,NA,NA,NA,NA,56.5336436362815,45.6802616430481,-10.8533819932334,NA,NA,NA,NA,NA,NA,NA,NA,"EXPECTED METHOD DIFFERENCE"
"alpha_detail",8,"DML-CV vs DML-BC","DML_CV_VS_BC_EXPECTED_DIFFERENCE",3,NA,NA,NA,NA,NA,64.93527845459,52.4794630163922,-12.4558154381978,NA,NA,NA,NA,NA,NA,NA,NA,"EXPECTED METHOD DIFFERENCE"
"dataset_summary",9,"Oracle-GMM","ORACLE_TABLE2",NA,NA,NA,NA,NA,0,NA,NA,NA,1,1,0.784535708315948,0.784535708315948,TRUE,TRUE,NA,NA,"PASS"
"alpha_detail",9,"Oracle-GMM","ORACLE_TABLE2",-1,NA,NA,NA,NA,NA,58.5876875005738,58.5876875005738,0,NA,NA,NA,NA,NA,NA,NA,NA,"PASS"
"alpha_detail",9,"Oracle-GMM","ORACLE_TABLE2",-0.9,NA,NA,NA,NA,NA,61.477464755976,61.477464755976,0,NA,NA,NA,NA,NA,NA,NA,NA,"PASS"
"alpha_detail",9,"Oracle-GMM","ORACLE_TABLE2",-0.8,NA,NA,NA,NA,NA,55.9115873365514,55.9115873365514,0,NA,NA,NA,NA,NA,NA,NA,NA,"PASS"
"alpha_detail",9,"Oracle-GMM","ORACLE_TABLE2",-0.7,NA,NA,NA,NA,NA,51.3500985149325,51.3500985149325,0,NA,NA,NA,NA,NA,NA,NA,NA,"PASS"
"alpha_detail",9,"Oracle-GMM","ORACLE_TABLE2",-0.6,NA,NA,NA,NA,NA,41.7201621797322,41.7201621797322,0,NA,NA,NA,NA,NA,NA,NA,NA,"PASS"
"alpha_detail",9,"Oracle-GMM","ORACLE_TABLE2",-0.5,NA,NA,NA,NA,NA,43.6000875403613,43.6000875403613,0,NA,NA,NA,NA,NA,NA,NA,NA,"PASS"
"alpha_detail",9,"Oracle-GMM","ORACLE_TABLE2",-0.4,NA,NA,NA,NA,NA,39.9887697714683,39.9887697714683,0,NA,NA,NA,NA,NA,NA,NA,NA,"PASS"
"alpha_detail",9,"Oracle-GMM","ORACLE_TABLE2",-0.3,NA,NA,NA,NA,NA,40.077908773063,40.077908773063,0,NA,NA,NA,NA,NA,NA,NA,NA,"PASS"
"alpha_detail",9,"Oracle-GMM","ORACLE_TABLE2",-0.2,NA,NA,NA,NA,NA,39.2662385235079,39.2662385235079,0,NA,NA,NA,NA,NA,NA,NA,NA,"PASS"
"alpha_detail",9,"Oracle-GMM","ORACLE_TABLE2",-0.1,NA,NA,NA,NA,NA,43.3063793845464,43.3063793845464,0,NA,NA,NA,NA,NA,NA,NA,NA,"PASS"
"alpha_detail",9,"Oracle-GMM","ORACLE_TABLE2",0,NA,NA,NA,NA,NA,37.7096295337881,37.7096295337881,0,NA,NA,NA,NA,NA,NA,NA,NA,"PASS"
"alpha_detail",9,"Oracle-GMM","ORACLE_TABLE2",0.1,NA,NA,NA,NA,NA,29.4561041454892,29.4561041454892,0,NA,NA,NA,NA,NA,NA,NA,NA,"PASS"
"alpha_detail",9,"Oracle-GMM","ORACLE_TABLE2",0.2,NA,NA,NA,NA,NA,23.9454461660686,23.9454461660686,0,NA,NA,NA,NA,NA,NA,NA,NA,"PASS"
"alpha_detail",9,"Oracle-GMM","ORACLE_TABLE2",0.3,NA,NA,NA,NA,NA,21.1680652601979,21.1680652601979,0,NA,NA,NA,NA,NA,NA,NA,NA,"PASS"
"alpha_detail",9,"Oracle-GMM","ORACLE_TABLE2",0.4,NA,NA,NA,NA,NA,19.2588873179787,19.2588873179787,0,NA,NA,NA,NA,NA,NA,NA,NA,"PASS"
"alpha_detail",9,"Oracle-GMM","ORACLE_TABLE2",0.5,NA,NA,NA,NA,NA,15.7938712051671,15.7938712051671,0,NA,NA,NA,NA,NA,NA,NA,NA,"PASS"
"alpha_detail",9,"Oracle-GMM","ORACLE_TABLE2",0.6,NA,NA,NA,NA,NA,10.2785709862177,10.2785709862177,0,NA,NA,NA,NA,NA,NA,NA,NA,"PASS"
"alpha_detail",9,"Oracle-GMM","ORACLE_TABLE2",0.7,NA,NA,NA,NA,NA,5.77550408517259,5.77550408517259,0,NA,NA,NA,NA,NA,NA,NA,NA,"PASS"
"alpha_detail",9,"Oracle-GMM","ORACLE_TABLE2",0.8,NA,NA,NA,NA,NA,3.23160789121968,3.23160789121968,0,NA,NA,NA,NA,NA,NA,NA,NA,"PASS"
"alpha_detail",9,"Oracle-GMM","ORACLE_TABLE2",0.9,NA,NA,NA,NA,NA,1.09909322936878,1.09909322936878,0,NA,NA,NA,NA,NA,NA,NA,NA,"PASS"
"alpha_detail",9,"Oracle-GMM","ORACLE_TABLE2",1,NA,NA,NA,NA,NA,0.784535708315948,0.784535708315948,0,NA,NA,NA,NA,NA,NA,NA,NA,"PASS"
"alpha_detail",9,"Oracle-GMM","ORACLE_TABLE2",1.1,NA,NA,NA,NA,NA,4.19142111499024,4.19142111499024,0,NA,NA,NA,NA,NA,NA,NA,NA,"PASS"
"alpha_detail",9,"Oracle-GMM","ORACLE_TABLE2",1.2,NA,NA,NA,NA,NA,5.75422084010921,5.75422084010921,0,NA,NA,NA,NA,NA,NA,NA,NA,"PASS"
"alpha_detail",9,"Oracle-GMM","ORACLE_TABLE2",1.3,NA,NA,NA,NA,NA,8.43976788120848,8.43976788120848,0,NA,NA,NA,NA,NA,NA,NA,NA,"PASS"
"alpha_detail",9,"Oracle-GMM","ORACLE_TABLE2",1.4,NA,NA,NA,NA,NA,9.92922418462223,9.92922418462223,0,NA,NA,NA,NA,NA,NA,NA,NA,"PASS"
"alpha_detail",9,"Oracle-GMM","ORACLE_TABLE2",1.5,NA,NA,NA,NA,NA,16.8509484120414,16.8509484120414,0,NA,NA,NA,NA,NA,NA,NA,NA,"PASS"
"alpha_detail",9,"Oracle-GMM","ORACLE_TABLE2",1.6,NA,NA,NA,NA,NA,15.3822028917675,15.3822028917675,0,NA,NA,NA,NA,NA,NA,NA,NA,"PASS"
"alpha_detail",9,"Oracle-GMM","ORACLE_TABLE2",1.7,NA,NA,NA,NA,NA,13.1301511208523,13.1301511208523,0,NA,NA,NA,NA,NA,NA,NA,NA,"PASS"
"alpha_detail",9,"Oracle-GMM","ORACLE_TABLE2",1.8,NA,NA,NA,NA,NA,22.327023685513,22.327023685513,0,NA,NA,NA,NA,NA,NA,NA,NA,"PASS"
"alpha_detail",9,"Oracle-GMM","ORACLE_TABLE2",1.9,NA,NA,NA,NA,NA,24.7105092539855,24.7105092539855,0,NA,NA,NA,NA,NA,NA,NA,NA,"PASS"
"alpha_detail",9,"Oracle-GMM","ORACLE_TABLE2",2,NA,NA,NA,NA,NA,25.9363486149344,25.9363486149344,0,NA,NA,NA,NA,NA,NA,NA,NA,"PASS"
"alpha_detail",9,"Oracle-GMM","ORACLE_TABLE2",2.1,NA,NA,NA,NA,NA,34.8481018441127,34.8481018441127,0,NA,NA,NA,NA,NA,NA,NA,NA,"PASS"
"alpha_detail",9,"Oracle-GMM","ORACLE_TABLE2",2.2,NA,NA,NA,NA,NA,39.5010254557063,39.5010254557063,0,NA,NA,NA,NA,NA,NA,NA,NA,"PASS"
"alpha_detail",9,"Oracle-GMM","ORACLE_TABLE2",2.3,NA,NA,NA,NA,NA,46.0351240248615,46.0351240248615,0,NA,NA,NA,NA,NA,NA,NA,NA,"PASS"
"alpha_detail",9,"Oracle-GMM","ORACLE_TABLE2",2.4,NA,NA,NA,NA,NA,53.3200602896954,53.3200602896954,0,NA,NA,NA,NA,NA,NA,NA,NA,"PASS"
"alpha_detail",9,"Oracle-GMM","ORACLE_TABLE2",2.5,NA,NA,NA,NA,NA,51.04785065475,51.04785065475,0,NA,NA,NA,NA,NA,NA,NA,NA,"PASS"
"alpha_detail",9,"Oracle-GMM","ORACLE_TABLE2",2.6,NA,NA,NA,NA,NA,49.7009156632529,49.7009156632529,0,NA,NA,NA,NA,NA,NA,NA,NA,"PASS"
"alpha_detail",9,"Oracle-GMM","ORACLE_TABLE2",2.7,NA,NA,NA,NA,NA,62.6310020159465,62.6310020159465,0,NA,NA,NA,NA,NA,NA,NA,NA,"PASS"
"alpha_detail",9,"Oracle-GMM","ORACLE_TABLE2",2.8,NA,NA,NA,NA,NA,56.8918622883233,56.8918622883233,0,NA,NA,NA,NA,NA,NA,NA,NA,"PASS"
"alpha_detail",9,"Oracle-GMM","ORACLE_TABLE2",2.9,NA,NA,NA,NA,NA,53.9087922674543,53.9087922674543,0,NA,NA,NA,NA,NA,NA,NA,NA,"PASS"
"alpha_detail",9,"Oracle-GMM","ORACLE_TABLE2",3,NA,NA,NA,NA,NA,56.2041233514063,56.2041233514063,0,NA,NA,NA,NA,NA,NA,NA,NA,"PASS"
"dataset_summary",9,"Full-GMM","FULL_TABLE2",NA,NA,NA,NA,NA,0,NA,NA,NA,1.1,1.1,0.583448366323766,0.583448366323766,TRUE,TRUE,NA,NA,"PASS"
"alpha_detail",9,"Full-GMM","FULL_TABLE2",-1,NA,NA,NA,NA,NA,37.2453508824537,37.2453508824537,0,NA,NA,NA,NA,NA,NA,NA,NA,"PASS"
"alpha_detail",9,"Full-GMM","FULL_TABLE2",-0.9,NA,NA,NA,NA,NA,39.5604799467017,39.5604799467017,0,NA,NA,NA,NA,NA,NA,NA,NA,"PASS"
"alpha_detail",9,"Full-GMM","FULL_TABLE2",-0.8,NA,NA,NA,NA,NA,29.0430399613109,29.0430399613109,0,NA,NA,NA,NA,NA,NA,NA,NA,"PASS"
"alpha_detail",9,"Full-GMM","FULL_TABLE2",-0.7,NA,NA,NA,NA,NA,31.5084810975048,31.5084810975048,0,NA,NA,NA,NA,NA,NA,NA,NA,"PASS"
"alpha_detail",9,"Full-GMM","FULL_TABLE2",-0.6,NA,NA,NA,NA,NA,35.1126106115254,35.1126106115254,0,NA,NA,NA,NA,NA,NA,NA,NA,"PASS"
"alpha_detail",9,"Full-GMM","FULL_TABLE2",-0.5,NA,NA,NA,NA,NA,27.2714476203568,27.2714476203568,0,NA,NA,NA,NA,NA,NA,NA,NA,"PASS"
"alpha_detail",9,"Full-GMM","FULL_TABLE2",-0.4,NA,NA,NA,NA,NA,26.4186733942312,26.4186733942312,0,NA,NA,NA,NA,NA,NA,NA,NA,"PASS"
"alpha_detail",9,"Full-GMM","FULL_TABLE2",-0.3,NA,NA,NA,NA,NA,23.4769673030351,23.4769673030351,0,NA,NA,NA,NA,NA,NA,NA,NA,"PASS"
"alpha_detail",9,"Full-GMM","FULL_TABLE2",-0.2,NA,NA,NA,NA,NA,25.6066158224548,25.6066158224548,0,NA,NA,NA,NA,NA,NA,NA,NA,"PASS"
"alpha_detail",9,"Full-GMM","FULL_TABLE2",-0.1,NA,NA,NA,NA,NA,19.1029557728364,19.1029557728364,0,NA,NA,NA,NA,NA,NA,NA,NA,"PASS"
"alpha_detail",9,"Full-GMM","FULL_TABLE2",0,NA,NA,NA,NA,NA,13.5769878441651,13.5769878441651,0,NA,NA,NA,NA,NA,NA,NA,NA,"PASS"
"alpha_detail",9,"Full-GMM","FULL_TABLE2",0.1,NA,NA,NA,NA,NA,18.2101493746154,18.2101493746154,0,NA,NA,NA,NA,NA,NA,NA,NA,"PASS"
"alpha_detail",9,"Full-GMM","FULL_TABLE2",0.2,NA,NA,NA,NA,NA,14.0123378792403,14.0123378792403,0,NA,NA,NA,NA,NA,NA,NA,NA,"PASS"
"alpha_detail",9,"Full-GMM","FULL_TABLE2",0.3,NA,NA,NA,NA,NA,14.9412610486199,14.9412610486199,0,NA,NA,NA,NA,NA,NA,NA,NA,"PASS"
"alpha_detail",9,"Full-GMM","FULL_TABLE2",0.4,NA,NA,NA,NA,NA,11.3719250478516,11.3719250478516,0,NA,NA,NA,NA,NA,NA,NA,NA,"PASS"
"alpha_detail",9,"Full-GMM","FULL_TABLE2",0.5,NA,NA,NA,NA,NA,8.38042434987698,8.38042434987698,0,NA,NA,NA,NA,NA,NA,NA,NA,"PASS"
"alpha_detail",9,"Full-GMM","FULL_TABLE2",0.6,NA,NA,NA,NA,NA,5.19674141536688,5.19674141536688,0,NA,NA,NA,NA,NA,NA,NA,NA,"PASS"
"alpha_detail",9,"Full-GMM","FULL_TABLE2",0.7,NA,NA,NA,NA,NA,0.739032302002397,0.739032302002397,0,NA,NA,NA,NA,NA,NA,NA,NA,"PASS"
"alpha_detail",9,"Full-GMM","FULL_TABLE2",0.8,NA,NA,NA,NA,NA,2.38594053629573,2.38594053629573,0,NA,NA,NA,NA,NA,NA,NA,NA,"PASS"
"alpha_detail",9,"Full-GMM","FULL_TABLE2",0.9,NA,NA,NA,NA,NA,3.56092835561545,3.56092835561545,0,NA,NA,NA,NA,NA,NA,NA,NA,"PASS"
"alpha_detail",9,"Full-GMM","FULL_TABLE2",1,NA,NA,NA,NA,NA,1.32803362413677,1.32803362413677,0,NA,NA,NA,NA,NA,NA,NA,NA,"PASS"
"alpha_detail",9,"Full-GMM","FULL_TABLE2",1.1,NA,NA,NA,NA,NA,0.583448366323766,0.583448366323766,0,NA,NA,NA,NA,NA,NA,NA,NA,"PASS"
"alpha_detail",9,"Full-GMM","FULL_TABLE2",1.2,NA,NA,NA,NA,NA,5.32702933694146,5.32702933694146,0,NA,NA,NA,NA,NA,NA,NA,NA,"PASS"
"alpha_detail",9,"Full-GMM","FULL_TABLE2",1.3,NA,NA,NA,NA,NA,3.10930491243638,3.10930491243638,0,NA,NA,NA,NA,NA,NA,NA,NA,"PASS"
"alpha_detail",9,"Full-GMM","FULL_TABLE2",1.4,NA,NA,NA,NA,NA,10.6078743196186,10.6078743196186,0,NA,NA,NA,NA,NA,NA,NA,NA,"PASS"
"alpha_detail",9,"Full-GMM","FULL_TABLE2",1.5,NA,NA,NA,NA,NA,13.6450074529893,13.6450074529893,0,NA,NA,NA,NA,NA,NA,NA,NA,"PASS"
"alpha_detail",9,"Full-GMM","FULL_TABLE2",1.6,NA,NA,NA,NA,NA,12.5785854290399,12.5785854290399,0,NA,NA,NA,NA,NA,NA,NA,NA,"PASS"
"alpha_detail",9,"Full-GMM","FULL_TABLE2",1.7,NA,NA,NA,NA,NA,19.2694444911026,19.2694444911026,0,NA,NA,NA,NA,NA,NA,NA,NA,"PASS"
"alpha_detail",9,"Full-GMM","FULL_TABLE2",1.8,NA,NA,NA,NA,NA,21.8860220696361,21.8860220696361,0,NA,NA,NA,NA,NA,NA,NA,NA,"PASS"
"alpha_detail",9,"Full-GMM","FULL_TABLE2",1.9,NA,NA,NA,NA,NA,24.3405520361413,24.3405520361413,0,NA,NA,NA,NA,NA,NA,NA,NA,"PASS"
"alpha_detail",9,"Full-GMM","FULL_TABLE2",2,NA,NA,NA,NA,NA,23.575332668563,23.575332668563,0,NA,NA,NA,NA,NA,NA,NA,NA,"PASS"
"alpha_detail",9,"Full-GMM","FULL_TABLE2",2.1,NA,NA,NA,NA,NA,23.3200392239738,23.3200392239738,0,NA,NA,NA,NA,NA,NA,NA,NA,"PASS"
"alpha_detail",9,"Full-GMM","FULL_TABLE2",2.2,NA,NA,NA,NA,NA,35.6711247026278,35.6711247026278,0,NA,NA,NA,NA,NA,NA,NA,NA,"PASS"
"alpha_detail",9,"Full-GMM","FULL_TABLE2",2.3,NA,NA,NA,NA,NA,29.8645388444331,29.8645388444331,0,NA,NA,NA,NA,NA,NA,NA,NA,"PASS"
"alpha_detail",9,"Full-GMM","FULL_TABLE2",2.4,NA,NA,NA,NA,NA,34.9759781785538,34.9759781785538,0,NA,NA,NA,NA,NA,NA,NA,NA,"PASS"
"alpha_detail",9,"Full-GMM","FULL_TABLE2",2.5,NA,NA,NA,NA,NA,36.9793980695815,36.9793980695815,0,NA,NA,NA,NA,NA,NA,NA,NA,"PASS"
"alpha_detail",9,"Full-GMM","FULL_TABLE2",2.6,NA,NA,NA,NA,NA,46.4035461786342,46.4035461786342,0,NA,NA,NA,NA,NA,NA,NA,NA,"PASS"
"alpha_detail",9,"Full-GMM","FULL_TABLE2",2.7,NA,NA,NA,NA,NA,47.9862958834663,47.9862958834663,0,NA,NA,NA,NA,NA,NA,NA,NA,"PASS"
"alpha_detail",9,"Full-GMM","FULL_TABLE2",2.8,NA,NA,NA,NA,NA,47.1586687868761,47.1586687868761,0,NA,NA,NA,NA,NA,NA,NA,NA,"PASS"
"alpha_detail",9,"Full-GMM","FULL_TABLE2",2.9,NA,NA,NA,NA,NA,55.3923266614216,55.3923266614216,0,NA,NA,NA,NA,NA,NA,NA,NA,"PASS"
"alpha_detail",9,"Full-GMM","FULL_TABLE2",3,NA,NA,NA,NA,NA,55.7188179052636,55.7188179052636,0,NA,NA,NA,NA,NA,NA,NA,NA,"PASS"
"dataset_summary",9,"DML-CV","DML_TABLE2_CV",NA,NA,NA,NA,NA,0,NA,NA,NA,1,1,0.455588776568534,0.455588776568534,TRUE,TRUE,NA,NA,"PASS"
"alpha_detail",9,"DML-CV","DML_TABLE2_CV",-1,NA,NA,NA,NA,NA,41.5184315102749,41.5184315102749,0,NA,NA,NA,NA,NA,NA,0.023050259415392,NA,"PASS"
"alpha_detail",9,"DML-CV","DML_TABLE2_CV",-0.9,NA,NA,NA,NA,NA,41.8528056732319,41.8528056732319,0,NA,NA,NA,NA,NA,NA,0.0270707016724214,NA,"PASS"
"alpha_detail",9,"DML-CV","DML_TABLE2_CV",-0.8,NA,NA,NA,NA,NA,40.5646762752312,40.5646762752312,0,NA,NA,NA,NA,NA,NA,0.0388991253731177,NA,"PASS"
"alpha_detail",9,"DML-CV","DML_TABLE2_CV",-0.7,NA,NA,NA,NA,NA,39.186616388024,39.186616388024,0,NA,NA,NA,NA,NA,NA,0.0177295617626881,NA,"PASS"
"alpha_detail",9,"DML-CV","DML_TABLE2_CV",-0.6,NA,NA,NA,NA,NA,36.0125951617482,36.0125951617482,0,NA,NA,NA,NA,NA,NA,0.023510102947352,NA,"PASS"
"alpha_detail",9,"DML-CV","DML_TABLE2_CV",-0.5,NA,NA,NA,NA,NA,36.2547610169976,36.2547610169976,0,NA,NA,NA,NA,NA,NA,0.024100772303465,NA,"PASS"
"alpha_detail",9,"DML-CV","DML_TABLE2_CV",-0.4,NA,NA,NA,NA,NA,34.799706611248,34.799706611248,0,NA,NA,NA,NA,NA,NA,0.0234161090328935,NA,"PASS"
"alpha_detail",9,"DML-CV","DML_TABLE2_CV",-0.3,NA,NA,NA,NA,NA,31.3614647917881,31.3614647917881,0,NA,NA,NA,NA,NA,NA,0.0308634590916667,NA,"PASS"
"alpha_detail",9,"DML-CV","DML_TABLE2_CV",-0.2,NA,NA,NA,NA,NA,24.9271332138013,24.9271332138013,0,NA,NA,NA,NA,NA,NA,0.0256382874176115,NA,"PASS"
"alpha_detail",9,"DML-CV","DML_TABLE2_CV",-0.1,NA,NA,NA,NA,NA,25.026708383367,25.026708383367,0,NA,NA,NA,NA,NA,NA,0.0195260122630642,NA,"PASS"
"alpha_detail",9,"DML-CV","DML_TABLE2_CV",0,NA,NA,NA,NA,NA,23.5722494142023,23.5722494142023,0,NA,NA,NA,NA,NA,NA,0.021213374077121,NA,"PASS"
"alpha_detail",9,"DML-CV","DML_TABLE2_CV",0.1,NA,NA,NA,NA,NA,18.010381409036,18.010381409036,0,NA,NA,NA,NA,NA,NA,0.0270236176413106,NA,"PASS"
"alpha_detail",9,"DML-CV","DML_TABLE2_CV",0.2,NA,NA,NA,NA,NA,16.0778740074843,16.0778740074843,0,NA,NA,NA,NA,NA,NA,0.0281498083694646,NA,"PASS"
"alpha_detail",9,"DML-CV","DML_TABLE2_CV",0.3,NA,NA,NA,NA,NA,15.3473182860076,15.3473182860076,0,NA,NA,NA,NA,NA,NA,0.0320526413703048,NA,"PASS"
"alpha_detail",9,"DML-CV","DML_TABLE2_CV",0.4,NA,NA,NA,NA,NA,9.92006161428097,9.92006161428097,0,NA,NA,NA,NA,NA,NA,0.0216923304083831,NA,"PASS"
"alpha_detail",9,"DML-CV","DML_TABLE2_CV",0.5,NA,NA,NA,NA,NA,9.3158098235299,9.3158098235299,0,NA,NA,NA,NA,NA,NA,0.030711449789913,NA,"PASS"
"alpha_detail",9,"DML-CV","DML_TABLE2_CV",0.6,NA,NA,NA,NA,NA,6.1638373993715,6.1638373993715,0,NA,NA,NA,NA,NA,NA,0.030711449789913,NA,"PASS"
"alpha_detail",9,"DML-CV","DML_TABLE2_CV",0.7,NA,NA,NA,NA,NA,4.70322788762144,4.70322788762144,0,NA,NA,NA,NA,NA,NA,0.0290973211533557,NA,"PASS"
"alpha_detail",9,"DML-CV","DML_TABLE2_CV",0.8,NA,NA,NA,NA,NA,2.40712361893511,2.40712361893511,0,NA,NA,NA,NA,NA,NA,0.0289114715131809,NA,"PASS"
"alpha_detail",9,"DML-CV","DML_TABLE2_CV",0.9,NA,NA,NA,NA,NA,1.10754407474523,1.10754407474523,0,NA,NA,NA,NA,NA,NA,0.0257004976018198,NA,"PASS"
"alpha_detail",9,"DML-CV","DML_TABLE2_CV",1,NA,NA,NA,NA,NA,0.455588776568534,0.455588776568534,0,NA,NA,NA,NA,NA,NA,0.0301823452202773,NA,"PASS"
"alpha_detail",9,"DML-CV","DML_TABLE2_CV",1.1,NA,NA,NA,NA,NA,5.47192590110098,5.47192590110098,0,NA,NA,NA,NA,NA,NA,0.0304129008960345,NA,"PASS"
"alpha_detail",9,"DML-CV","DML_TABLE2_CV",1.2,NA,NA,NA,NA,NA,5.58395695521842,5.58395695521842,0,NA,NA,NA,NA,NA,NA,0.0356345327619373,NA,"PASS"
"alpha_detail",9,"DML-CV","DML_TABLE2_CV",1.3,NA,NA,NA,NA,NA,9.22339276049768,9.22339276049768,0,NA,NA,NA,NA,NA,NA,0.0337498160157117,NA,"PASS"
"alpha_detail",9,"DML-CV","DML_TABLE2_CV",1.4,NA,NA,NA,NA,NA,11.8443282605782,11.8443282605782,0,NA,NA,NA,NA,NA,NA,0.0274797564161668,NA,"PASS"
"alpha_detail",9,"DML-CV","DML_TABLE2_CV",1.5,NA,NA,NA,NA,NA,11.3983409374939,11.3983409374939,0,NA,NA,NA,NA,NA,NA,0.0363054442245366,NA,"PASS"
"alpha_detail",9,"DML-CV","DML_TABLE2_CV",1.6,NA,NA,NA,NA,NA,12.2138517496243,12.2138517496243,0,NA,NA,NA,NA,NA,NA,0.0355926584291305,NA,"PASS"
"alpha_detail",9,"DML-CV","DML_TABLE2_CV",1.7,NA,NA,NA,NA,NA,15.7162690182316,15.7162690182316,0,NA,NA,NA,NA,NA,NA,0.0355168056411292,NA,"PASS"
"alpha_detail",9,"DML-CV","DML_TABLE2_CV",1.8,NA,NA,NA,NA,NA,20.4532702060651,20.4532702060651,0,NA,NA,NA,NA,NA,NA,0.0324931780629972,NA,"PASS"
"alpha_detail",9,"DML-CV","DML_TABLE2_CV",1.9,NA,NA,NA,NA,NA,21.7098710199942,21.7098710199942,0,NA,NA,NA,NA,NA,NA,0.0270982900963107,NA,"PASS"
"alpha_detail",9,"DML-CV","DML_TABLE2_CV",2,NA,NA,NA,NA,NA,25.9757304616466,25.9757304616466,0,NA,NA,NA,NA,NA,NA,0.0330701117766616,NA,"PASS"
"alpha_detail",9,"DML-CV","DML_TABLE2_CV",2.1,NA,NA,NA,NA,NA,28.9896851970715,28.9896851970715,0,NA,NA,NA,NA,NA,NA,0.0379763710623652,NA,"PASS"
"alpha_detail",9,"DML-CV","DML_TABLE2_CV",2.2,NA,NA,NA,NA,NA,31.7061266237006,31.7061266237006,0,NA,NA,NA,NA,NA,NA,0.0406947659714859,NA,"PASS"
"alpha_detail",9,"DML-CV","DML_TABLE2_CV",2.3,NA,NA,NA,NA,NA,32.5168757379438,32.5168757379438,0,NA,NA,NA,NA,NA,NA,0.0380393894317788,NA,"PASS"
"alpha_detail",9,"DML-CV","DML_TABLE2_CV",2.4,NA,NA,NA,NA,NA,35.5537265075037,35.5537265075037,0,NA,NA,NA,NA,NA,NA,0.0399406834078489,NA,"PASS"
"alpha_detail",9,"DML-CV","DML_TABLE2_CV",2.5,NA,NA,NA,NA,NA,40.3299771981349,40.3299771981349,0,NA,NA,NA,NA,NA,NA,0.0271701571660551,NA,"PASS"
"alpha_detail",9,"DML-CV","DML_TABLE2_CV",2.6,NA,NA,NA,NA,NA,39.2600490094065,39.2600490094065,0,NA,NA,NA,NA,NA,NA,0.0306661332983843,NA,"PASS"
"alpha_detail",9,"DML-CV","DML_TABLE2_CV",2.7,NA,NA,NA,NA,NA,36.4937096799183,36.4937096799183,0,NA,NA,NA,NA,NA,NA,0.0419312332896329,NA,"PASS"
"alpha_detail",9,"DML-CV","DML_TABLE2_CV",2.8,NA,NA,NA,NA,NA,42.1249716274207,42.1249716274207,0,NA,NA,NA,NA,NA,NA,0.0375879807125647,NA,"PASS"
"alpha_detail",9,"DML-CV","DML_TABLE2_CV",2.9,NA,NA,NA,NA,NA,45.5164452595267,45.5164452595267,0,NA,NA,NA,NA,NA,NA,0.0342508938478904,NA,"PASS"
"alpha_detail",9,"DML-CV","DML_TABLE2_CV",3,NA,NA,NA,NA,NA,55.3589224113096,55.3589224113096,0,NA,NA,NA,NA,NA,NA,0.0285539487735048,NA,"PASS"
"dataset_summary",9,"DML-BC","DML_BC_CONDITIONAL",NA,NA,NA,NA,NA,0,NA,NA,NA,0.8,0.8,0.396462121346362,0.396462121346362,TRUE,TRUE,NA,TRUE,"PASS"
"alpha_detail",9,"DML-BC","DML_BC_CONDITIONAL",-1,NA,NA,NA,NA,NA,41.4799075289852,41.4799075289852,0,NA,NA,NA,NA,NA,NA,NA,NA,"PASS"
"alpha_detail",9,"DML-BC","DML_BC_CONDITIONAL",-0.9,NA,NA,NA,NA,NA,40.0718872547784,40.0718872547784,0,NA,NA,NA,NA,NA,NA,NA,NA,"PASS"
"alpha_detail",9,"DML-BC","DML_BC_CONDITIONAL",-0.8,NA,NA,NA,NA,NA,38.1385833733456,38.1385833733456,0,NA,NA,NA,NA,NA,NA,NA,NA,"PASS"
"alpha_detail",9,"DML-BC","DML_BC_CONDITIONAL",-0.7,NA,NA,NA,NA,NA,41.5241484046931,41.5241484046931,0,NA,NA,NA,NA,NA,NA,NA,NA,"PASS"
"alpha_detail",9,"DML-BC","DML_BC_CONDITIONAL",-0.6,NA,NA,NA,NA,NA,37.9392959515705,37.9392959515705,0,NA,NA,NA,NA,NA,NA,NA,NA,"PASS"
"alpha_detail",9,"DML-BC","DML_BC_CONDITIONAL",-0.5,NA,NA,NA,NA,NA,43.937629791819,43.937629791819,0,NA,NA,NA,NA,NA,NA,NA,NA,"PASS"
"alpha_detail",9,"DML-BC","DML_BC_CONDITIONAL",-0.4,NA,NA,NA,NA,NA,31.7238868509208,31.7238868509208,0,NA,NA,NA,NA,NA,NA,NA,NA,"PASS"
"alpha_detail",9,"DML-BC","DML_BC_CONDITIONAL",-0.3,NA,NA,NA,NA,NA,29.241381947211,29.241381947211,0,NA,NA,NA,NA,NA,NA,NA,NA,"PASS"
"alpha_detail",9,"DML-BC","DML_BC_CONDITIONAL",-0.2,NA,NA,NA,NA,NA,23.7617295683929,23.7617295683929,0,NA,NA,NA,NA,NA,NA,NA,NA,"PASS"
"alpha_detail",9,"DML-BC","DML_BC_CONDITIONAL",-0.1,NA,NA,NA,NA,NA,21.2488333933925,21.2488333933925,0,NA,NA,NA,NA,NA,NA,NA,NA,"PASS"
"alpha_detail",9,"DML-BC","DML_BC_CONDITIONAL",0,NA,NA,NA,NA,NA,21.1846072294032,21.1846072294032,0,NA,NA,NA,NA,NA,NA,NA,NA,"PASS"
"alpha_detail",9,"DML-BC","DML_BC_CONDITIONAL",0.1,NA,NA,NA,NA,NA,17.7398984436617,17.7398984436617,0,NA,NA,NA,NA,NA,NA,NA,NA,"PASS"
"alpha_detail",9,"DML-BC","DML_BC_CONDITIONAL",0.2,NA,NA,NA,NA,NA,17.342336115946,17.342336115946,0,NA,NA,NA,NA,NA,NA,NA,NA,"PASS"
"alpha_detail",9,"DML-BC","DML_BC_CONDITIONAL",0.3,NA,NA,NA,NA,NA,14.5043414643908,14.5043414643908,0,NA,NA,NA,NA,NA,NA,NA,NA,"PASS"
"alpha_detail",9,"DML-BC","DML_BC_CONDITIONAL",0.4,NA,NA,NA,NA,NA,10.9882197471189,10.9882197471189,0,NA,NA,NA,NA,NA,NA,NA,NA,"PASS"
"alpha_detail",9,"DML-BC","DML_BC_CONDITIONAL",0.5,NA,NA,NA,NA,NA,5.66712090712963,5.66712090712963,0,NA,NA,NA,NA,NA,NA,NA,NA,"PASS"
"alpha_detail",9,"DML-BC","DML_BC_CONDITIONAL",0.6,NA,NA,NA,NA,NA,3.57892699030493,3.57892699030493,0,NA,NA,NA,NA,NA,NA,NA,NA,"PASS"
"alpha_detail",9,"DML-BC","DML_BC_CONDITIONAL",0.7,NA,NA,NA,NA,NA,1.16153723999932,1.16153723999932,0,NA,NA,NA,NA,NA,NA,NA,NA,"PASS"
"alpha_detail",9,"DML-BC","DML_BC_CONDITIONAL",0.8,NA,NA,NA,NA,NA,0.396462121346362,0.396462121346362,0,NA,NA,NA,NA,NA,NA,NA,NA,"PASS"
"alpha_detail",9,"DML-BC","DML_BC_CONDITIONAL",0.9,NA,NA,NA,NA,NA,1.29048028192626,1.29048028192626,0,NA,NA,NA,NA,NA,NA,NA,NA,"PASS"
"alpha_detail",9,"DML-BC","DML_BC_CONDITIONAL",1,NA,NA,NA,NA,NA,2.14311529788867,2.14311529788867,0,NA,NA,NA,NA,NA,NA,NA,NA,"PASS"
"alpha_detail",9,"DML-BC","DML_BC_CONDITIONAL",1.1,NA,NA,NA,NA,NA,7.54887639655924,7.54887639655924,0,NA,NA,NA,NA,NA,NA,NA,NA,"PASS"
"alpha_detail",9,"DML-BC","DML_BC_CONDITIONAL",1.2,NA,NA,NA,NA,NA,13.8909386919175,13.8909386919175,0,NA,NA,NA,NA,NA,NA,NA,NA,"PASS"
"alpha_detail",9,"DML-BC","DML_BC_CONDITIONAL",1.3,NA,NA,NA,NA,NA,15.0130139977459,15.0130139977459,0,NA,NA,NA,NA,NA,NA,NA,NA,"PASS"
"alpha_detail",9,"DML-BC","DML_BC_CONDITIONAL",1.4,NA,NA,NA,NA,NA,17.9742436955352,17.9742436955352,0,NA,NA,NA,NA,NA,NA,NA,NA,"PASS"
"alpha_detail",9,"DML-BC","DML_BC_CONDITIONAL",1.5,NA,NA,NA,NA,NA,16.8978833614067,16.8978833614067,0,NA,NA,NA,NA,NA,NA,NA,NA,"PASS"
"alpha_detail",9,"DML-BC","DML_BC_CONDITIONAL",1.6,NA,NA,NA,NA,NA,17.745123605398,17.745123605398,0,NA,NA,NA,NA,NA,NA,NA,NA,"PASS"
"alpha_detail",9,"DML-BC","DML_BC_CONDITIONAL",1.7,NA,NA,NA,NA,NA,20.1072090717634,20.1072090717634,0,NA,NA,NA,NA,NA,NA,NA,NA,"PASS"
"alpha_detail",9,"DML-BC","DML_BC_CONDITIONAL",1.8,NA,NA,NA,NA,NA,23.5253881720278,23.5253881720278,0,NA,NA,NA,NA,NA,NA,NA,NA,"PASS"
"alpha_detail",9,"DML-BC","DML_BC_CONDITIONAL",1.9,NA,NA,NA,NA,NA,24.0775578288217,24.0775578288217,0,NA,NA,NA,NA,NA,NA,NA,NA,"PASS"
"alpha_detail",9,"DML-BC","DML_BC_CONDITIONAL",2,NA,NA,NA,NA,NA,23.4461311625122,23.4461311625122,0,NA,NA,NA,NA,NA,NA,NA,NA,"PASS"
"alpha_detail",9,"DML-BC","DML_BC_CONDITIONAL",2.1,NA,NA,NA,NA,NA,27.4252494757947,27.4252494757947,0,NA,NA,NA,NA,NA,NA,NA,NA,"PASS"
"alpha_detail",9,"DML-BC","DML_BC_CONDITIONAL",2.2,NA,NA,NA,NA,NA,33.0567410901462,33.0567410901462,0,NA,NA,NA,NA,NA,NA,NA,NA,"PASS"
"alpha_detail",9,"DML-BC","DML_BC_CONDITIONAL",2.3,NA,NA,NA,NA,NA,35.7936807090107,35.7936807090107,0,NA,NA,NA,NA,NA,NA,NA,NA,"PASS"
"alpha_detail",9,"DML-BC","DML_BC_CONDITIONAL",2.4,NA,NA,NA,NA,NA,34.4426375906466,34.4426375906466,0,NA,NA,NA,NA,NA,NA,NA,NA,"PASS"
"alpha_detail",9,"DML-BC","DML_BC_CONDITIONAL",2.5,NA,NA,NA,NA,NA,36.8417994627655,36.8417994627655,0,NA,NA,NA,NA,NA,NA,NA,NA,"PASS"
"alpha_detail",9,"DML-BC","DML_BC_CONDITIONAL",2.6,NA,NA,NA,NA,NA,41.2960876930023,41.2960876930023,0,NA,NA,NA,NA,NA,NA,NA,NA,"PASS"
"alpha_detail",9,"DML-BC","DML_BC_CONDITIONAL",2.7,NA,NA,NA,NA,NA,40.8047527573618,40.8047527573618,0,NA,NA,NA,NA,NA,NA,NA,NA,"PASS"
"alpha_detail",9,"DML-BC","DML_BC_CONDITIONAL",2.8,NA,NA,NA,NA,NA,47.1868434716551,47.1868434716551,0,NA,NA,NA,NA,NA,NA,NA,NA,"PASS"
"alpha_detail",9,"DML-BC","DML_BC_CONDITIONAL",2.9,NA,NA,NA,NA,NA,44.8622480232817,44.8622480232817,0,NA,NA,NA,NA,NA,NA,NA,NA,"PASS"
"alpha_detail",9,"DML-BC","DML_BC_CONDITIONAL",3,NA,NA,NA,NA,NA,43.8361171360038,43.8361171360038,0,NA,NA,NA,NA,NA,NA,NA,NA,"PASS"
"dataset_summary",9,"DML-CV vs DML-BC","DML_CV_VS_BC_EXPECTED_DIFFERENCE",NA,NA,NA,NA,NA,11.5228052753058,NA,NA,NA,1,0.8,0.455588776568534,0.396462121346362,FALSE,FALSE,NA,NA,"EXPECTED METHOD DIFFERENCE"
"alpha_detail",9,"DML-CV vs DML-BC","DML_CV_VS_BC_EXPECTED_DIFFERENCE",-1,NA,NA,NA,NA,NA,41.5184315102749,41.4799075289852,-0.0385239812896856,NA,NA,NA,NA,NA,NA,NA,NA,"EXPECTED METHOD DIFFERENCE"
"alpha_detail",9,"DML-CV vs DML-BC","DML_CV_VS_BC_EXPECTED_DIFFERENCE",-0.9,NA,NA,NA,NA,NA,41.8528056732319,40.0718872547784,-1.7809184184535,NA,NA,NA,NA,NA,NA,NA,NA,"EXPECTED METHOD DIFFERENCE"
"alpha_detail",9,"DML-CV vs DML-BC","DML_CV_VS_BC_EXPECTED_DIFFERENCE",-0.8,NA,NA,NA,NA,NA,40.5646762752312,38.1385833733456,-2.42609290188559,NA,NA,NA,NA,NA,NA,NA,NA,"EXPECTED METHOD DIFFERENCE"
"alpha_detail",9,"DML-CV vs DML-BC","DML_CV_VS_BC_EXPECTED_DIFFERENCE",-0.7,NA,NA,NA,NA,NA,39.186616388024,41.5241484046931,2.33753201666909,NA,NA,NA,NA,NA,NA,NA,NA,"EXPECTED METHOD DIFFERENCE"
"alpha_detail",9,"DML-CV vs DML-BC","DML_CV_VS_BC_EXPECTED_DIFFERENCE",-0.6,NA,NA,NA,NA,NA,36.0125951617482,37.9392959515705,1.92670078982236,NA,NA,NA,NA,NA,NA,NA,NA,"EXPECTED METHOD DIFFERENCE"
"alpha_detail",9,"DML-CV vs DML-BC","DML_CV_VS_BC_EXPECTED_DIFFERENCE",-0.5,NA,NA,NA,NA,NA,36.2547610169976,43.937629791819,7.68286877482143,NA,NA,NA,NA,NA,NA,NA,NA,"EXPECTED METHOD DIFFERENCE"
"alpha_detail",9,"DML-CV vs DML-BC","DML_CV_VS_BC_EXPECTED_DIFFERENCE",-0.4,NA,NA,NA,NA,NA,34.799706611248,31.7238868509208,-3.07581976032716,NA,NA,NA,NA,NA,NA,NA,NA,"EXPECTED METHOD DIFFERENCE"
"alpha_detail",9,"DML-CV vs DML-BC","DML_CV_VS_BC_EXPECTED_DIFFERENCE",-0.3,NA,NA,NA,NA,NA,31.3614647917881,29.241381947211,-2.12008284457713,NA,NA,NA,NA,NA,NA,NA,NA,"EXPECTED METHOD DIFFERENCE"
"alpha_detail",9,"DML-CV vs DML-BC","DML_CV_VS_BC_EXPECTED_DIFFERENCE",-0.2,NA,NA,NA,NA,NA,24.9271332138013,23.7617295683929,-1.16540364540838,NA,NA,NA,NA,NA,NA,NA,NA,"EXPECTED METHOD DIFFERENCE"
"alpha_detail",9,"DML-CV vs DML-BC","DML_CV_VS_BC_EXPECTED_DIFFERENCE",-0.1,NA,NA,NA,NA,NA,25.026708383367,21.2488333933925,-3.77787498997447,NA,NA,NA,NA,NA,NA,NA,NA,"EXPECTED METHOD DIFFERENCE"
"alpha_detail",9,"DML-CV vs DML-BC","DML_CV_VS_BC_EXPECTED_DIFFERENCE",0,NA,NA,NA,NA,NA,23.5722494142023,21.1846072294032,-2.38764218479904,NA,NA,NA,NA,NA,NA,NA,NA,"EXPECTED METHOD DIFFERENCE"
"alpha_detail",9,"DML-CV vs DML-BC","DML_CV_VS_BC_EXPECTED_DIFFERENCE",0.1,NA,NA,NA,NA,NA,18.010381409036,17.7398984436617,-0.270482965374246,NA,NA,NA,NA,NA,NA,NA,NA,"EXPECTED METHOD DIFFERENCE"
"alpha_detail",9,"DML-CV vs DML-BC","DML_CV_VS_BC_EXPECTED_DIFFERENCE",0.2,NA,NA,NA,NA,NA,16.0778740074843,17.342336115946,1.26446210846169,NA,NA,NA,NA,NA,NA,NA,NA,"EXPECTED METHOD DIFFERENCE"
"alpha_detail",9,"DML-CV vs DML-BC","DML_CV_VS_BC_EXPECTED_DIFFERENCE",0.3,NA,NA,NA,NA,NA,15.3473182860076,14.5043414643908,-0.842976821616833,NA,NA,NA,NA,NA,NA,NA,NA,"EXPECTED METHOD DIFFERENCE"
"alpha_detail",9,"DML-CV vs DML-BC","DML_CV_VS_BC_EXPECTED_DIFFERENCE",0.4,NA,NA,NA,NA,NA,9.92006161428097,10.9882197471189,1.06815813283794,NA,NA,NA,NA,NA,NA,NA,NA,"EXPECTED METHOD DIFFERENCE"
"alpha_detail",9,"DML-CV vs DML-BC","DML_CV_VS_BC_EXPECTED_DIFFERENCE",0.5,NA,NA,NA,NA,NA,9.3158098235299,5.66712090712963,-3.64868891640027,NA,NA,NA,NA,NA,NA,NA,NA,"EXPECTED METHOD DIFFERENCE"
"alpha_detail",9,"DML-CV vs DML-BC","DML_CV_VS_BC_EXPECTED_DIFFERENCE",0.6,NA,NA,NA,NA,NA,6.1638373993715,3.57892699030493,-2.58491040906657,NA,NA,NA,NA,NA,NA,NA,NA,"EXPECTED METHOD DIFFERENCE"
"alpha_detail",9,"DML-CV vs DML-BC","DML_CV_VS_BC_EXPECTED_DIFFERENCE",0.7,NA,NA,NA,NA,NA,4.70322788762144,1.16153723999932,-3.54169064762212,NA,NA,NA,NA,NA,NA,NA,NA,"EXPECTED METHOD DIFFERENCE"
"alpha_detail",9,"DML-CV vs DML-BC","DML_CV_VS_BC_EXPECTED_DIFFERENCE",0.8,NA,NA,NA,NA,NA,2.40712361893511,0.396462121346362,-2.01066149758875,NA,NA,NA,NA,NA,NA,NA,NA,"EXPECTED METHOD DIFFERENCE"
"alpha_detail",9,"DML-CV vs DML-BC","DML_CV_VS_BC_EXPECTED_DIFFERENCE",0.9,NA,NA,NA,NA,NA,1.10754407474523,1.29048028192626,0.182936207181033,NA,NA,NA,NA,NA,NA,NA,NA,"EXPECTED METHOD DIFFERENCE"
"alpha_detail",9,"DML-CV vs DML-BC","DML_CV_VS_BC_EXPECTED_DIFFERENCE",1,NA,NA,NA,NA,NA,0.455588776568534,2.14311529788867,1.68752652132014,NA,NA,NA,NA,NA,NA,NA,NA,"EXPECTED METHOD DIFFERENCE"
"alpha_detail",9,"DML-CV vs DML-BC","DML_CV_VS_BC_EXPECTED_DIFFERENCE",1.1,NA,NA,NA,NA,NA,5.47192590110098,7.54887639655924,2.07695049545825,NA,NA,NA,NA,NA,NA,NA,NA,"EXPECTED METHOD DIFFERENCE"
"alpha_detail",9,"DML-CV vs DML-BC","DML_CV_VS_BC_EXPECTED_DIFFERENCE",1.2,NA,NA,NA,NA,NA,5.58395695521842,13.8909386919175,8.30698173669907,NA,NA,NA,NA,NA,NA,NA,NA,"EXPECTED METHOD DIFFERENCE"
"alpha_detail",9,"DML-CV vs DML-BC","DML_CV_VS_BC_EXPECTED_DIFFERENCE",1.3,NA,NA,NA,NA,NA,9.22339276049768,15.0130139977459,5.78962123724823,NA,NA,NA,NA,NA,NA,NA,NA,"EXPECTED METHOD DIFFERENCE"
"alpha_detail",9,"DML-CV vs DML-BC","DML_CV_VS_BC_EXPECTED_DIFFERENCE",1.4,NA,NA,NA,NA,NA,11.8443282605782,17.9742436955352,6.12991543495696,NA,NA,NA,NA,NA,NA,NA,NA,"EXPECTED METHOD DIFFERENCE"
"alpha_detail",9,"DML-CV vs DML-BC","DML_CV_VS_BC_EXPECTED_DIFFERENCE",1.5,NA,NA,NA,NA,NA,11.3983409374939,16.8978833614067,5.49954242391282,NA,NA,NA,NA,NA,NA,NA,NA,"EXPECTED METHOD DIFFERENCE"
"alpha_detail",9,"DML-CV vs DML-BC","DML_CV_VS_BC_EXPECTED_DIFFERENCE",1.6,NA,NA,NA,NA,NA,12.2138517496243,17.745123605398,5.53127185577376,NA,NA,NA,NA,NA,NA,NA,NA,"EXPECTED METHOD DIFFERENCE"
"alpha_detail",9,"DML-CV vs DML-BC","DML_CV_VS_BC_EXPECTED_DIFFERENCE",1.7,NA,NA,NA,NA,NA,15.7162690182316,20.1072090717634,4.39094005353185,NA,NA,NA,NA,NA,NA,NA,NA,"EXPECTED METHOD DIFFERENCE"
"alpha_detail",9,"DML-CV vs DML-BC","DML_CV_VS_BC_EXPECTED_DIFFERENCE",1.8,NA,NA,NA,NA,NA,20.4532702060651,23.5253881720278,3.07211796596262,NA,NA,NA,NA,NA,NA,NA,NA,"EXPECTED METHOD DIFFERENCE"
"alpha_detail",9,"DML-CV vs DML-BC","DML_CV_VS_BC_EXPECTED_DIFFERENCE",1.9,NA,NA,NA,NA,NA,21.7098710199942,24.0775578288217,2.36768680882747,NA,NA,NA,NA,NA,NA,NA,NA,"EXPECTED METHOD DIFFERENCE"
"alpha_detail",9,"DML-CV vs DML-BC","DML_CV_VS_BC_EXPECTED_DIFFERENCE",2,NA,NA,NA,NA,NA,25.9757304616466,23.4461311625122,-2.52959929913434,NA,NA,NA,NA,NA,NA,NA,NA,"EXPECTED METHOD DIFFERENCE"
"alpha_detail",9,"DML-CV vs DML-BC","DML_CV_VS_BC_EXPECTED_DIFFERENCE",2.1,NA,NA,NA,NA,NA,28.9896851970715,27.4252494757947,-1.56443572127685,NA,NA,NA,NA,NA,NA,NA,NA,"EXPECTED METHOD DIFFERENCE"
"alpha_detail",9,"DML-CV vs DML-BC","DML_CV_VS_BC_EXPECTED_DIFFERENCE",2.2,NA,NA,NA,NA,NA,31.7061266237006,33.0567410901462,1.35061446644568,NA,NA,NA,NA,NA,NA,NA,NA,"EXPECTED METHOD DIFFERENCE"
"alpha_detail",9,"DML-CV vs DML-BC","DML_CV_VS_BC_EXPECTED_DIFFERENCE",2.3,NA,NA,NA,NA,NA,32.5168757379438,35.7936807090107,3.2768049710669,NA,NA,NA,NA,NA,NA,NA,NA,"EXPECTED METHOD DIFFERENCE"
"alpha_detail",9,"DML-CV vs DML-BC","DML_CV_VS_BC_EXPECTED_DIFFERENCE",2.4,NA,NA,NA,NA,NA,35.5537265075037,34.4426375906466,-1.11108891685709,NA,NA,NA,NA,NA,NA,NA,NA,"EXPECTED METHOD DIFFERENCE"
"alpha_detail",9,"DML-CV vs DML-BC","DML_CV_VS_BC_EXPECTED_DIFFERENCE",2.5,NA,NA,NA,NA,NA,40.3299771981349,36.8417994627655,-3.48817773536948,NA,NA,NA,NA,NA,NA,NA,NA,"EXPECTED METHOD DIFFERENCE"
"alpha_detail",9,"DML-CV vs DML-BC","DML_CV_VS_BC_EXPECTED_DIFFERENCE",2.6,NA,NA,NA,NA,NA,39.2600490094065,41.2960876930023,2.03603868359578,NA,NA,NA,NA,NA,NA,NA,NA,"EXPECTED METHOD DIFFERENCE"
"alpha_detail",9,"DML-CV vs DML-BC","DML_CV_VS_BC_EXPECTED_DIFFERENCE",2.7,NA,NA,NA,NA,NA,36.4937096799183,40.8047527573618,4.31104307744355,NA,NA,NA,NA,NA,NA,NA,NA,"EXPECTED METHOD DIFFERENCE"
"alpha_detail",9,"DML-CV vs DML-BC","DML_CV_VS_BC_EXPECTED_DIFFERENCE",2.8,NA,NA,NA,NA,NA,42.1249716274207,47.1868434716551,5.0618718442344,NA,NA,NA,NA,NA,NA,NA,NA,"EXPECTED METHOD DIFFERENCE"
"alpha_detail",9,"DML-CV vs DML-BC","DML_CV_VS_BC_EXPECTED_DIFFERENCE",2.9,NA,NA,NA,NA,NA,45.5164452595267,44.8622480232817,-0.654197236244954,NA,NA,NA,NA,NA,NA,NA,NA,"EXPECTED METHOD DIFFERENCE"
"alpha_detail",9,"DML-CV vs DML-BC","DML_CV_VS_BC_EXPECTED_DIFFERENCE",3,NA,NA,NA,NA,NA,55.3589224113096,43.8361171360038,-11.5228052753058,NA,NA,NA,NA,NA,NA,NA,NA,"EXPECTED METHOD DIFFERENCE"
"dataset_summary",10,"Oracle-GMM","ORACLE_TABLE2",NA,NA,NA,NA,NA,0,NA,NA,NA,1,1,2.14794720379215,2.14794720379215,TRUE,TRUE,NA,NA,"PASS"
"alpha_detail",10,"Oracle-GMM","ORACLE_TABLE2",-1,NA,NA,NA,NA,NA,58.5648657581617,58.5648657581617,0,NA,NA,NA,NA,NA,NA,NA,NA,"PASS"
"alpha_detail",10,"Oracle-GMM","ORACLE_TABLE2",-0.9,NA,NA,NA,NA,NA,55.1365601931239,55.1365601931239,0,NA,NA,NA,NA,NA,NA,NA,NA,"PASS"
"alpha_detail",10,"Oracle-GMM","ORACLE_TABLE2",-0.8,NA,NA,NA,NA,NA,56.4098911625496,56.4098911625496,0,NA,NA,NA,NA,NA,NA,NA,NA,"PASS"
"alpha_detail",10,"Oracle-GMM","ORACLE_TABLE2",-0.7,NA,NA,NA,NA,NA,54.2084978650963,54.2084978650963,0,NA,NA,NA,NA,NA,NA,NA,NA,"PASS"
"alpha_detail",10,"Oracle-GMM","ORACLE_TABLE2",-0.6,NA,NA,NA,NA,NA,52.7824543021713,52.7824543021713,0,NA,NA,NA,NA,NA,NA,NA,NA,"PASS"
"alpha_detail",10,"Oracle-GMM","ORACLE_TABLE2",-0.5,NA,NA,NA,NA,NA,48.1702556990764,48.1702556990764,0,NA,NA,NA,NA,NA,NA,NA,NA,"PASS"
"alpha_detail",10,"Oracle-GMM","ORACLE_TABLE2",-0.4,NA,NA,NA,NA,NA,45.1213001405567,45.1213001405567,0,NA,NA,NA,NA,NA,NA,NA,NA,"PASS"
"alpha_detail",10,"Oracle-GMM","ORACLE_TABLE2",-0.3,NA,NA,NA,NA,NA,46.7845121690408,46.7845121690408,0,NA,NA,NA,NA,NA,NA,NA,NA,"PASS"
"alpha_detail",10,"Oracle-GMM","ORACLE_TABLE2",-0.2,NA,NA,NA,NA,NA,46.6399002372969,46.6399002372969,0,NA,NA,NA,NA,NA,NA,NA,NA,"PASS"
"alpha_detail",10,"Oracle-GMM","ORACLE_TABLE2",-0.1,NA,NA,NA,NA,NA,43.1925194228814,43.1925194228814,0,NA,NA,NA,NA,NA,NA,NA,NA,"PASS"
"alpha_detail",10,"Oracle-GMM","ORACLE_TABLE2",0,NA,NA,NA,NA,NA,42.1544838000732,42.1544838000732,0,NA,NA,NA,NA,NA,NA,NA,NA,"PASS"
"alpha_detail",10,"Oracle-GMM","ORACLE_TABLE2",0.1,NA,NA,NA,NA,NA,33.3319386828513,33.3319386828513,0,NA,NA,NA,NA,NA,NA,NA,NA,"PASS"
"alpha_detail",10,"Oracle-GMM","ORACLE_TABLE2",0.2,NA,NA,NA,NA,NA,31.3377603304306,31.3377603304306,0,NA,NA,NA,NA,NA,NA,NA,NA,"PASS"
"alpha_detail",10,"Oracle-GMM","ORACLE_TABLE2",0.3,NA,NA,NA,NA,NA,23.7787834136329,23.7787834136329,0,NA,NA,NA,NA,NA,NA,NA,NA,"PASS"
"alpha_detail",10,"Oracle-GMM","ORACLE_TABLE2",0.4,NA,NA,NA,NA,NA,24.4225484944657,24.4225484944657,0,NA,NA,NA,NA,NA,NA,NA,NA,"PASS"
"alpha_detail",10,"Oracle-GMM","ORACLE_TABLE2",0.5,NA,NA,NA,NA,NA,23.7930733735435,23.7930733735435,0,NA,NA,NA,NA,NA,NA,NA,NA,"PASS"
"alpha_detail",10,"Oracle-GMM","ORACLE_TABLE2",0.6,NA,NA,NA,NA,NA,12.3459074744772,12.3459074744772,0,NA,NA,NA,NA,NA,NA,NA,NA,"PASS"
"alpha_detail",10,"Oracle-GMM","ORACLE_TABLE2",0.7,NA,NA,NA,NA,NA,9.62408995191279,9.62408995191279,0,NA,NA,NA,NA,NA,NA,NA,NA,"PASS"
"alpha_detail",10,"Oracle-GMM","ORACLE_TABLE2",0.8,NA,NA,NA,NA,NA,6.86985915197778,6.86985915197778,0,NA,NA,NA,NA,NA,NA,NA,NA,"PASS"
"alpha_detail",10,"Oracle-GMM","ORACLE_TABLE2",0.9,NA,NA,NA,NA,NA,3.10896790027576,3.10896790027576,0,NA,NA,NA,NA,NA,NA,NA,NA,"PASS"
"alpha_detail",10,"Oracle-GMM","ORACLE_TABLE2",1,NA,NA,NA,NA,NA,2.14794720379215,2.14794720379215,0,NA,NA,NA,NA,NA,NA,NA,NA,"PASS"
"alpha_detail",10,"Oracle-GMM","ORACLE_TABLE2",1.1,NA,NA,NA,NA,NA,6.58391431572844,6.58391431572844,0,NA,NA,NA,NA,NA,NA,NA,NA,"PASS"
"alpha_detail",10,"Oracle-GMM","ORACLE_TABLE2",1.2,NA,NA,NA,NA,NA,13.2051076914165,13.2051076914165,0,NA,NA,NA,NA,NA,NA,NA,NA,"PASS"
"alpha_detail",10,"Oracle-GMM","ORACLE_TABLE2",1.3,NA,NA,NA,NA,NA,15.2343100992739,15.2343100992739,0,NA,NA,NA,NA,NA,NA,NA,NA,"PASS"
"alpha_detail",10,"Oracle-GMM","ORACLE_TABLE2",1.4,NA,NA,NA,NA,NA,20.0327654917475,20.0327654917475,0,NA,NA,NA,NA,NA,NA,NA,NA,"PASS"
"alpha_detail",10,"Oracle-GMM","ORACLE_TABLE2",1.5,NA,NA,NA,NA,NA,22.3321510849861,22.3321510849861,0,NA,NA,NA,NA,NA,NA,NA,NA,"PASS"
"alpha_detail",10,"Oracle-GMM","ORACLE_TABLE2",1.6,NA,NA,NA,NA,NA,29.1880237687137,29.1880237687137,0,NA,NA,NA,NA,NA,NA,NA,NA,"PASS"
"alpha_detail",10,"Oracle-GMM","ORACLE_TABLE2",1.7,NA,NA,NA,NA,NA,34.5971016634202,34.5971016634202,0,NA,NA,NA,NA,NA,NA,NA,NA,"PASS"
"alpha_detail",10,"Oracle-GMM","ORACLE_TABLE2",1.8,NA,NA,NA,NA,NA,39.2440847537982,39.2440847537982,0,NA,NA,NA,NA,NA,NA,NA,NA,"PASS"
"alpha_detail",10,"Oracle-GMM","ORACLE_TABLE2",1.9,NA,NA,NA,NA,NA,37.9082789585915,37.9082789585915,0,NA,NA,NA,NA,NA,NA,NA,NA,"PASS"
"alpha_detail",10,"Oracle-GMM","ORACLE_TABLE2",2,NA,NA,NA,NA,NA,40.3206874513338,40.3206874513338,0,NA,NA,NA,NA,NA,NA,NA,NA,"PASS"
"alpha_detail",10,"Oracle-GMM","ORACLE_TABLE2",2.1,NA,NA,NA,NA,NA,43.3590908357888,43.3590908357888,0,NA,NA,NA,NA,NA,NA,NA,NA,"PASS"
"alpha_detail",10,"Oracle-GMM","ORACLE_TABLE2",2.2,NA,NA,NA,NA,NA,52.0066465863222,52.0066465863222,0,NA,NA,NA,NA,NA,NA,NA,NA,"PASS"
"alpha_detail",10,"Oracle-GMM","ORACLE_TABLE2",2.3,NA,NA,NA,NA,NA,52.577613953195,52.577613953195,0,NA,NA,NA,NA,NA,NA,NA,NA,"PASS"
"alpha_detail",10,"Oracle-GMM","ORACLE_TABLE2",2.4,NA,NA,NA,NA,NA,62.8733012859853,62.8733012859853,0,NA,NA,NA,NA,NA,NA,NA,NA,"PASS"
"alpha_detail",10,"Oracle-GMM","ORACLE_TABLE2",2.5,NA,NA,NA,NA,NA,72.8864881906368,72.8864881906368,0,NA,NA,NA,NA,NA,NA,NA,NA,"PASS"
"alpha_detail",10,"Oracle-GMM","ORACLE_TABLE2",2.6,NA,NA,NA,NA,NA,74.6947069122104,74.6947069122104,0,NA,NA,NA,NA,NA,NA,NA,NA,"PASS"
"alpha_detail",10,"Oracle-GMM","ORACLE_TABLE2",2.7,NA,NA,NA,NA,NA,75.8202816624174,75.8202816624174,0,NA,NA,NA,NA,NA,NA,NA,NA,"PASS"
"alpha_detail",10,"Oracle-GMM","ORACLE_TABLE2",2.8,NA,NA,NA,NA,NA,72.9042241868185,72.9042241868185,0,NA,NA,NA,NA,NA,NA,NA,NA,"PASS"
"alpha_detail",10,"Oracle-GMM","ORACLE_TABLE2",2.9,NA,NA,NA,NA,NA,83.4891851170804,83.4891851170804,0,NA,NA,NA,NA,NA,NA,NA,NA,"PASS"
"alpha_detail",10,"Oracle-GMM","ORACLE_TABLE2",3,NA,NA,NA,NA,NA,78.9186479534176,78.9186479534176,0,NA,NA,NA,NA,NA,NA,NA,NA,"PASS"
"dataset_summary",10,"Full-GMM","FULL_TABLE2",NA,NA,NA,NA,NA,0,NA,NA,NA,0.9,0.9,0.334081537740077,0.334081537740077,TRUE,TRUE,NA,NA,"PASS"
"alpha_detail",10,"Full-GMM","FULL_TABLE2",-1,NA,NA,NA,NA,NA,44.7045745909567,44.7045745909567,0,NA,NA,NA,NA,NA,NA,NA,NA,"PASS"
"alpha_detail",10,"Full-GMM","FULL_TABLE2",-0.9,NA,NA,NA,NA,NA,45.7344980178509,45.7344980178509,0,NA,NA,NA,NA,NA,NA,NA,NA,"PASS"
"alpha_detail",10,"Full-GMM","FULL_TABLE2",-0.8,NA,NA,NA,NA,NA,43.9928529268814,43.9928529268814,0,NA,NA,NA,NA,NA,NA,NA,NA,"PASS"
"alpha_detail",10,"Full-GMM","FULL_TABLE2",-0.7,NA,NA,NA,NA,NA,39.2885406513999,39.2885406513999,0,NA,NA,NA,NA,NA,NA,NA,NA,"PASS"
"alpha_detail",10,"Full-GMM","FULL_TABLE2",-0.6,NA,NA,NA,NA,NA,35.5113590526161,35.5113590526161,0,NA,NA,NA,NA,NA,NA,NA,NA,"PASS"
"alpha_detail",10,"Full-GMM","FULL_TABLE2",-0.5,NA,NA,NA,NA,NA,37.5781297707647,37.5781297707647,0,NA,NA,NA,NA,NA,NA,NA,NA,"PASS"
"alpha_detail",10,"Full-GMM","FULL_TABLE2",-0.4,NA,NA,NA,NA,NA,39.8888768509399,39.8888768509399,0,NA,NA,NA,NA,NA,NA,NA,NA,"PASS"
"alpha_detail",10,"Full-GMM","FULL_TABLE2",-0.3,NA,NA,NA,NA,NA,26.4103998685119,26.4103998685119,0,NA,NA,NA,NA,NA,NA,NA,NA,"PASS"
"alpha_detail",10,"Full-GMM","FULL_TABLE2",-0.2,NA,NA,NA,NA,NA,23.8357154302685,23.8357154302685,0,NA,NA,NA,NA,NA,NA,NA,NA,"PASS"
"alpha_detail",10,"Full-GMM","FULL_TABLE2",-0.1,NA,NA,NA,NA,NA,24.2449283209329,24.2449283209329,0,NA,NA,NA,NA,NA,NA,NA,NA,"PASS"
"alpha_detail",10,"Full-GMM","FULL_TABLE2",0,NA,NA,NA,NA,NA,19.2307752965524,19.2307752965524,0,NA,NA,NA,NA,NA,NA,NA,NA,"PASS"
"alpha_detail",10,"Full-GMM","FULL_TABLE2",0.1,NA,NA,NA,NA,NA,9.48168329825066,9.48168329825066,0,NA,NA,NA,NA,NA,NA,NA,NA,"PASS"
"alpha_detail",10,"Full-GMM","FULL_TABLE2",0.2,NA,NA,NA,NA,NA,8.62169600464316,8.62169600464316,0,NA,NA,NA,NA,NA,NA,NA,NA,"PASS"
"alpha_detail",10,"Full-GMM","FULL_TABLE2",0.3,NA,NA,NA,NA,NA,7.78276987978578,7.78276987978578,0,NA,NA,NA,NA,NA,NA,NA,NA,"PASS"
"alpha_detail",10,"Full-GMM","FULL_TABLE2",0.4,NA,NA,NA,NA,NA,6.63531529571663,6.63531529571663,0,NA,NA,NA,NA,NA,NA,NA,NA,"PASS"
"alpha_detail",10,"Full-GMM","FULL_TABLE2",0.5,NA,NA,NA,NA,NA,6.06787010647656,6.06787010647656,0,NA,NA,NA,NA,NA,NA,NA,NA,"PASS"
"alpha_detail",10,"Full-GMM","FULL_TABLE2",0.6,NA,NA,NA,NA,NA,3.14472429829733,3.14472429829733,0,NA,NA,NA,NA,NA,NA,NA,NA,"PASS"
"alpha_detail",10,"Full-GMM","FULL_TABLE2",0.7,NA,NA,NA,NA,NA,1.62871916531905,1.62871916531905,0,NA,NA,NA,NA,NA,NA,NA,NA,"PASS"
"alpha_detail",10,"Full-GMM","FULL_TABLE2",0.8,NA,NA,NA,NA,NA,0.609806723932418,0.609806723932418,0,NA,NA,NA,NA,NA,NA,NA,NA,"PASS"
"alpha_detail",10,"Full-GMM","FULL_TABLE2",0.9,NA,NA,NA,NA,NA,0.334081537740077,0.334081537740077,0,NA,NA,NA,NA,NA,NA,NA,NA,"PASS"
"alpha_detail",10,"Full-GMM","FULL_TABLE2",1,NA,NA,NA,NA,NA,0.723941358471487,0.723941358471487,0,NA,NA,NA,NA,NA,NA,NA,NA,"PASS"
"alpha_detail",10,"Full-GMM","FULL_TABLE2",1.1,NA,NA,NA,NA,NA,3.17065118068497,3.17065118068497,0,NA,NA,NA,NA,NA,NA,NA,NA,"PASS"
"alpha_detail",10,"Full-GMM","FULL_TABLE2",1.2,NA,NA,NA,NA,NA,4.11160634640694,4.11160634640694,0,NA,NA,NA,NA,NA,NA,NA,NA,"PASS"
"alpha_detail",10,"Full-GMM","FULL_TABLE2",1.3,NA,NA,NA,NA,NA,7.28280148466224,7.28280148466224,0,NA,NA,NA,NA,NA,NA,NA,NA,"PASS"
"alpha_detail",10,"Full-GMM","FULL_TABLE2",1.4,NA,NA,NA,NA,NA,11.4944735592229,11.4944735592229,0,NA,NA,NA,NA,NA,NA,NA,NA,"PASS"
"alpha_detail",10,"Full-GMM","FULL_TABLE2",1.5,NA,NA,NA,NA,NA,12.7983913133781,12.7983913133781,0,NA,NA,NA,NA,NA,NA,NA,NA,"PASS"
"alpha_detail",10,"Full-GMM","FULL_TABLE2",1.6,NA,NA,NA,NA,NA,20.8206242345184,20.8206242345184,0,NA,NA,NA,NA,NA,NA,NA,NA,"PASS"
"alpha_detail",10,"Full-GMM","FULL_TABLE2",1.7,NA,NA,NA,NA,NA,15.571982711959,15.571982711959,0,NA,NA,NA,NA,NA,NA,NA,NA,"PASS"
"alpha_detail",10,"Full-GMM","FULL_TABLE2",1.8,NA,NA,NA,NA,NA,31.0178241301333,31.0178241301333,0,NA,NA,NA,NA,NA,NA,NA,NA,"PASS"
"alpha_detail",10,"Full-GMM","FULL_TABLE2",1.9,NA,NA,NA,NA,NA,38.8568231670266,38.8568231670266,0,NA,NA,NA,NA,NA,NA,NA,NA,"PASS"
"alpha_detail",10,"Full-GMM","FULL_TABLE2",2,NA,NA,NA,NA,NA,38.5451492221134,38.5451492221134,0,NA,NA,NA,NA,NA,NA,NA,NA,"PASS"
"alpha_detail",10,"Full-GMM","FULL_TABLE2",2.1,NA,NA,NA,NA,NA,40.8812930628092,40.8812930628092,0,NA,NA,NA,NA,NA,NA,NA,NA,"PASS"
"alpha_detail",10,"Full-GMM","FULL_TABLE2",2.2,NA,NA,NA,NA,NA,55.3149129469435,55.3149129469435,0,NA,NA,NA,NA,NA,NA,NA,NA,"PASS"
"alpha_detail",10,"Full-GMM","FULL_TABLE2",2.3,NA,NA,NA,NA,NA,49.0889792939214,49.0889792939214,0,NA,NA,NA,NA,NA,NA,NA,NA,"PASS"
"alpha_detail",10,"Full-GMM","FULL_TABLE2",2.4,NA,NA,NA,NA,NA,46.8480955934323,46.8480955934323,0,NA,NA,NA,NA,NA,NA,NA,NA,"PASS"
"alpha_detail",10,"Full-GMM","FULL_TABLE2",2.5,NA,NA,NA,NA,NA,54.2081865496053,54.2081865496053,0,NA,NA,NA,NA,NA,NA,NA,NA,"PASS"
"alpha_detail",10,"Full-GMM","FULL_TABLE2",2.6,NA,NA,NA,NA,NA,47.2578882064823,47.2578882064823,0,NA,NA,NA,NA,NA,NA,NA,NA,"PASS"
"alpha_detail",10,"Full-GMM","FULL_TABLE2",2.7,NA,NA,NA,NA,NA,53.4562928296508,53.4562928296508,0,NA,NA,NA,NA,NA,NA,NA,NA,"PASS"
"alpha_detail",10,"Full-GMM","FULL_TABLE2",2.8,NA,NA,NA,NA,NA,52.3364874913733,52.3364874913733,0,NA,NA,NA,NA,NA,NA,NA,NA,"PASS"
"alpha_detail",10,"Full-GMM","FULL_TABLE2",2.9,NA,NA,NA,NA,NA,63.1666592125559,63.1666592125559,0,NA,NA,NA,NA,NA,NA,NA,NA,"PASS"
"alpha_detail",10,"Full-GMM","FULL_TABLE2",3,NA,NA,NA,NA,NA,58.001611719954,58.001611719954,0,NA,NA,NA,NA,NA,NA,NA,NA,"PASS"
"dataset_summary",10,"DML-CV","DML_TABLE2_CV",NA,NA,NA,NA,NA,0,NA,NA,NA,0.9,0.9,1.37644813474104,1.37644813474104,TRUE,TRUE,NA,NA,"PASS"
"alpha_detail",10,"DML-CV","DML_TABLE2_CV",-1,NA,NA,NA,NA,NA,49.6378065119391,49.6378065119391,0,NA,NA,NA,NA,NA,NA,0.0230464833884398,NA,"PASS"
"alpha_detail",10,"DML-CV","DML_TABLE2_CV",-0.9,NA,NA,NA,NA,NA,50.1173473563475,50.1173473563475,0,NA,NA,NA,NA,NA,NA,0.028437955304361,NA,"PASS"
"alpha_detail",10,"DML-CV","DML_TABLE2_CV",-0.8,NA,NA,NA,NA,NA,48.580528058444,48.580528058444,0,NA,NA,NA,NA,NA,NA,0.0222985461422369,NA,"PASS"
"alpha_detail",10,"DML-CV","DML_TABLE2_CV",-0.7,NA,NA,NA,NA,NA,49.3500198380311,49.3500198380311,0,NA,NA,NA,NA,NA,NA,0.0251391982868924,NA,"PASS"
"alpha_detail",10,"DML-CV","DML_TABLE2_CV",-0.6,NA,NA,NA,NA,NA,46.6218492755829,46.6218492755829,0,NA,NA,NA,NA,NA,NA,0.0229203276170008,NA,"PASS"
"alpha_detail",10,"DML-CV","DML_TABLE2_CV",-0.5,NA,NA,NA,NA,NA,48.44071426489,48.44071426489,0,NA,NA,NA,NA,NA,NA,0.0215246826723952,NA,"PASS"
"alpha_detail",10,"DML-CV","DML_TABLE2_CV",-0.4,NA,NA,NA,NA,NA,55.4342472940926,55.4342472940926,0,NA,NA,NA,NA,NA,NA,0.0418424179636859,NA,"PASS"
"alpha_detail",10,"DML-CV","DML_TABLE2_CV",-0.3,NA,NA,NA,NA,NA,40.6126083947946,40.6126083947946,0,NA,NA,NA,NA,NA,NA,0.0251105193902611,NA,"PASS"
"alpha_detail",10,"DML-CV","DML_TABLE2_CV",-0.2,NA,NA,NA,NA,NA,45.4072261414456,45.4072261414456,0,NA,NA,NA,NA,NA,NA,0.0283235071478298,NA,"PASS"
"alpha_detail",10,"DML-CV","DML_TABLE2_CV",-0.1,NA,NA,NA,NA,NA,42.2895438332797,42.2895438332797,0,NA,NA,NA,NA,NA,NA,0.0257111137869206,NA,"PASS"
"alpha_detail",10,"DML-CV","DML_TABLE2_CV",0,NA,NA,NA,NA,NA,35.8882660894037,35.8882660894037,0,NA,NA,NA,NA,NA,NA,0.0232651041656138,NA,"PASS"
"alpha_detail",10,"DML-CV","DML_TABLE2_CV",0.1,NA,NA,NA,NA,NA,39.1176282046529,39.1176282046529,0,NA,NA,NA,NA,NA,NA,0.0342303663244387,NA,"PASS"
"alpha_detail",10,"DML-CV","DML_TABLE2_CV",0.2,NA,NA,NA,NA,NA,29.9775892390087,29.9775892390087,0,NA,NA,NA,NA,NA,NA,0.0307080864469789,NA,"PASS"
"alpha_detail",10,"DML-CV","DML_TABLE2_CV",0.3,NA,NA,NA,NA,NA,27.0120562308093,27.0120562308093,0,NA,NA,NA,NA,NA,NA,0.0307080864469789,NA,"PASS"
"alpha_detail",10,"DML-CV","DML_TABLE2_CV",0.4,NA,NA,NA,NA,NA,23.5206981802681,23.5206981802681,0,NA,NA,NA,NA,NA,NA,0.0326239234044414,NA,"PASS"
"alpha_detail",10,"DML-CV","DML_TABLE2_CV",0.5,NA,NA,NA,NA,NA,21.0241224420834,21.0241224420834,0,NA,NA,NA,NA,NA,NA,0.0386257385303207,NA,"PASS"
"alpha_detail",10,"DML-CV","DML_TABLE2_CV",0.6,NA,NA,NA,NA,NA,16.0274171567206,16.0274171567206,0,NA,NA,NA,NA,NA,NA,0.0293954975151461,NA,"PASS"
"alpha_detail",10,"DML-CV","DML_TABLE2_CV",0.7,NA,NA,NA,NA,NA,9.49860820683425,9.49860820683425,0,NA,NA,NA,NA,NA,NA,0.0302388229773045,NA,"PASS"
"alpha_detail",10,"DML-CV","DML_TABLE2_CV",0.8,NA,NA,NA,NA,NA,5.9313838917402,5.9313838917402,0,NA,NA,NA,NA,NA,NA,0.0339210278391565,NA,"PASS"
"alpha_detail",10,"DML-CV","DML_TABLE2_CV",0.9,NA,NA,NA,NA,NA,1.37644813474104,1.37644813474104,0,NA,NA,NA,NA,NA,NA,0.0329981246588518,NA,"PASS"
"alpha_detail",10,"DML-CV","DML_TABLE2_CV",1,NA,NA,NA,NA,NA,1.74078260859719,1.74078260859719,0,NA,NA,NA,NA,NA,NA,0.0337780771364077,NA,"PASS"
"alpha_detail",10,"DML-CV","DML_TABLE2_CV",1.1,NA,NA,NA,NA,NA,2.76903382560008,2.76903382560008,0,NA,NA,NA,NA,NA,NA,0.0379259422878292,NA,"PASS"
"alpha_detail",10,"DML-CV","DML_TABLE2_CV",1.2,NA,NA,NA,NA,NA,4.68508814852564,4.68508814852564,0,NA,NA,NA,NA,NA,NA,0.0305281074549833,NA,"PASS"
"alpha_detail",10,"DML-CV","DML_TABLE2_CV",1.3,NA,NA,NA,NA,NA,10.9925719976621,10.9925719976621,0,NA,NA,NA,NA,NA,NA,0.0312525842010237,NA,"PASS"
"alpha_detail",10,"DML-CV","DML_TABLE2_CV",1.4,NA,NA,NA,NA,NA,14.7594438469505,14.7594438469505,0,NA,NA,NA,NA,NA,NA,0.0320633096757514,NA,"PASS"
"alpha_detail",10,"DML-CV","DML_TABLE2_CV",1.5,NA,NA,NA,NA,NA,15.3881499252599,15.3881499252599,0,NA,NA,NA,NA,NA,NA,0.0307972535747635,NA,"PASS"
"alpha_detail",10,"DML-CV","DML_TABLE2_CV",1.6,NA,NA,NA,NA,NA,24.1097581716837,24.1097581716837,0,NA,NA,NA,NA,NA,NA,0.0334805396273867,NA,"PASS"
"alpha_detail",10,"DML-CV","DML_TABLE2_CV",1.7,NA,NA,NA,NA,NA,24.284539558209,24.284539558209,0,NA,NA,NA,NA,NA,NA,0.0261010131560505,NA,"PASS"
"alpha_detail",10,"DML-CV","DML_TABLE2_CV",1.8,NA,NA,NA,NA,NA,28.3399685228512,28.3399685228512,0,NA,NA,NA,NA,NA,NA,0.0285813354367941,NA,"PASS"
"alpha_detail",10,"DML-CV","DML_TABLE2_CV",1.9,NA,NA,NA,NA,NA,39.9459415815408,39.9459415815408,0,NA,NA,NA,NA,NA,NA,0.0293916015756111,NA,"PASS"
"alpha_detail",10,"DML-CV","DML_TABLE2_CV",2,NA,NA,NA,NA,NA,33.6375374537975,33.6375374537975,0,NA,NA,NA,NA,NA,NA,0.0255427667335732,NA,"PASS"
"alpha_detail",10,"DML-CV","DML_TABLE2_CV",2.1,NA,NA,NA,NA,NA,40.3334476668897,40.3334476668897,0,NA,NA,NA,NA,NA,NA,0.0290572925793059,NA,"PASS"
"alpha_detail",10,"DML-CV","DML_TABLE2_CV",2.2,NA,NA,NA,NA,NA,40.0377741913503,40.0377741913503,0,NA,NA,NA,NA,NA,NA,0.01908191442547,NA,"PASS"
"alpha_detail",10,"DML-CV","DML_TABLE2_CV",2.3,NA,NA,NA,NA,NA,47.3386465738761,47.3386465738761,0,NA,NA,NA,NA,NA,NA,0.021251186263993,NA,"PASS"
"alpha_detail",10,"DML-CV","DML_TABLE2_CV",2.4,NA,NA,NA,NA,NA,51.0794829256199,51.0794829256199,0,NA,NA,NA,NA,NA,NA,0.0231910217576298,NA,"PASS"
"alpha_detail",10,"DML-CV","DML_TABLE2_CV",2.5,NA,NA,NA,NA,NA,56.9926945515857,56.9926945515857,0,NA,NA,NA,NA,NA,NA,0.0253911184295161,NA,"PASS"
"alpha_detail",10,"DML-CV","DML_TABLE2_CV",2.6,NA,NA,NA,NA,NA,58.5842791795416,58.5842791795416,0,NA,NA,NA,NA,NA,NA,0.0217519076045239,NA,"PASS"
"alpha_detail",10,"DML-CV","DML_TABLE2_CV",2.7,NA,NA,NA,NA,NA,61.0865641799005,61.0865641799005,0,NA,NA,NA,NA,NA,NA,0.0230614022082443,NA,"PASS"
"alpha_detail",10,"DML-CV","DML_TABLE2_CV",2.8,NA,NA,NA,NA,NA,58.6419630937803,58.6419630937803,0,NA,NA,NA,NA,NA,NA,0.0222541677696536,NA,"PASS"
"alpha_detail",10,"DML-CV","DML_TABLE2_CV",2.9,NA,NA,NA,NA,NA,63.8306780527037,63.8306780527037,0,NA,NA,NA,NA,NA,NA,0.0250297115819216,NA,"PASS"
"alpha_detail",10,"DML-CV","DML_TABLE2_CV",3,NA,NA,NA,NA,NA,64.2747225024722,64.2747225024722,0,NA,NA,NA,NA,NA,NA,0.0236076267727103,NA,"PASS"
"dataset_summary",10,"DML-BC","DML_BC_CONDITIONAL",NA,NA,NA,NA,NA,0,NA,NA,NA,0.8,0.8,0.622802300871816,0.622802300871816,TRUE,TRUE,NA,TRUE,"PASS"
"alpha_detail",10,"DML-BC","DML_BC_CONDITIONAL",-1,NA,NA,NA,NA,NA,78.7792506724588,78.7792506724588,0,NA,NA,NA,NA,NA,NA,NA,NA,"PASS"
"alpha_detail",10,"DML-BC","DML_BC_CONDITIONAL",-0.9,NA,NA,NA,NA,NA,64.1143617041205,64.1143617041205,0,NA,NA,NA,NA,NA,NA,NA,NA,"PASS"
"alpha_detail",10,"DML-BC","DML_BC_CONDITIONAL",-0.8,NA,NA,NA,NA,NA,60.3624972727331,60.3624972727331,0,NA,NA,NA,NA,NA,NA,NA,NA,"PASS"
"alpha_detail",10,"DML-BC","DML_BC_CONDITIONAL",-0.7,NA,NA,NA,NA,NA,62.0785900957383,62.0785900957383,0,NA,NA,NA,NA,NA,NA,NA,NA,"PASS"
"alpha_detail",10,"DML-BC","DML_BC_CONDITIONAL",-0.6,NA,NA,NA,NA,NA,57.5896850176829,57.5896850176829,0,NA,NA,NA,NA,NA,NA,NA,NA,"PASS"
"alpha_detail",10,"DML-BC","DML_BC_CONDITIONAL",-0.5,NA,NA,NA,NA,NA,56.8884450889737,56.8884450889737,0,NA,NA,NA,NA,NA,NA,NA,NA,"PASS"
"alpha_detail",10,"DML-BC","DML_BC_CONDITIONAL",-0.4,NA,NA,NA,NA,NA,53.1665754991551,53.1665754991551,0,NA,NA,NA,NA,NA,NA,NA,NA,"PASS"
"alpha_detail",10,"DML-BC","DML_BC_CONDITIONAL",-0.3,NA,NA,NA,NA,NA,51.0117940051773,51.0117940051773,0,NA,NA,NA,NA,NA,NA,NA,NA,"PASS"
"alpha_detail",10,"DML-BC","DML_BC_CONDITIONAL",-0.2,NA,NA,NA,NA,NA,43.4486285631433,43.4486285631433,0,NA,NA,NA,NA,NA,NA,NA,NA,"PASS"
"alpha_detail",10,"DML-BC","DML_BC_CONDITIONAL",-0.1,NA,NA,NA,NA,NA,42.8197937799463,42.8197937799463,0,NA,NA,NA,NA,NA,NA,NA,NA,"PASS"
"alpha_detail",10,"DML-BC","DML_BC_CONDITIONAL",0,NA,NA,NA,NA,NA,39.6715437826887,39.6715437826887,0,NA,NA,NA,NA,NA,NA,NA,NA,"PASS"
"alpha_detail",10,"DML-BC","DML_BC_CONDITIONAL",0.1,NA,NA,NA,NA,NA,33.4620563674989,33.4620563674989,0,NA,NA,NA,NA,NA,NA,NA,NA,"PASS"
"alpha_detail",10,"DML-BC","DML_BC_CONDITIONAL",0.2,NA,NA,NA,NA,NA,32.8090363019383,32.8090363019383,0,NA,NA,NA,NA,NA,NA,NA,NA,"PASS"
"alpha_detail",10,"DML-BC","DML_BC_CONDITIONAL",0.3,NA,NA,NA,NA,NA,20.1602838699797,20.1602838699797,0,NA,NA,NA,NA,NA,NA,NA,NA,"PASS"
"alpha_detail",10,"DML-BC","DML_BC_CONDITIONAL",0.4,NA,NA,NA,NA,NA,17.6415902807593,17.6415902807593,0,NA,NA,NA,NA,NA,NA,NA,NA,"PASS"
"alpha_detail",10,"DML-BC","DML_BC_CONDITIONAL",0.5,NA,NA,NA,NA,NA,8.53351749395657,8.53351749395657,0,NA,NA,NA,NA,NA,NA,NA,NA,"PASS"
"alpha_detail",10,"DML-BC","DML_BC_CONDITIONAL",0.6,NA,NA,NA,NA,NA,3.35400964393732,3.35400964393732,0,NA,NA,NA,NA,NA,NA,NA,NA,"PASS"
"alpha_detail",10,"DML-BC","DML_BC_CONDITIONAL",0.7,NA,NA,NA,NA,NA,1.01651048833774,1.01651048833774,0,NA,NA,NA,NA,NA,NA,NA,NA,"PASS"
"alpha_detail",10,"DML-BC","DML_BC_CONDITIONAL",0.8,NA,NA,NA,NA,NA,0.622802300871816,0.622802300871816,0,NA,NA,NA,NA,NA,NA,NA,NA,"PASS"
"alpha_detail",10,"DML-BC","DML_BC_CONDITIONAL",0.9,NA,NA,NA,NA,NA,1.16693106619344,1.16693106619344,0,NA,NA,NA,NA,NA,NA,NA,NA,"PASS"
"alpha_detail",10,"DML-BC","DML_BC_CONDITIONAL",1,NA,NA,NA,NA,NA,3.19486106656124,3.19486106656124,0,NA,NA,NA,NA,NA,NA,NA,NA,"PASS"
"alpha_detail",10,"DML-BC","DML_BC_CONDITIONAL",1.1,NA,NA,NA,NA,NA,6.69666759008707,6.69666759008707,0,NA,NA,NA,NA,NA,NA,NA,NA,"PASS"
"alpha_detail",10,"DML-BC","DML_BC_CONDITIONAL",1.2,NA,NA,NA,NA,NA,9.82825899607572,9.82825899607572,0,NA,NA,NA,NA,NA,NA,NA,NA,"PASS"
"alpha_detail",10,"DML-BC","DML_BC_CONDITIONAL",1.3,NA,NA,NA,NA,NA,13.6597595351997,13.6597595351997,0,NA,NA,NA,NA,NA,NA,NA,NA,"PASS"
"alpha_detail",10,"DML-BC","DML_BC_CONDITIONAL",1.4,NA,NA,NA,NA,NA,16.0332431400684,16.0332431400684,0,NA,NA,NA,NA,NA,NA,NA,NA,"PASS"
"alpha_detail",10,"DML-BC","DML_BC_CONDITIONAL",1.5,NA,NA,NA,NA,NA,22.4115640542816,22.4115640542816,0,NA,NA,NA,NA,NA,NA,NA,NA,"PASS"
"alpha_detail",10,"DML-BC","DML_BC_CONDITIONAL",1.6,NA,NA,NA,NA,NA,25.1333505007085,25.1333505007085,0,NA,NA,NA,NA,NA,NA,NA,NA,"PASS"
"alpha_detail",10,"DML-BC","DML_BC_CONDITIONAL",1.7,NA,NA,NA,NA,NA,27.5850380363612,27.5850380363612,0,NA,NA,NA,NA,NA,NA,NA,NA,"PASS"
"alpha_detail",10,"DML-BC","DML_BC_CONDITIONAL",1.8,NA,NA,NA,NA,NA,29.9653208593017,29.9653208593017,0,NA,NA,NA,NA,NA,NA,NA,NA,"PASS"
"alpha_detail",10,"DML-BC","DML_BC_CONDITIONAL",1.9,NA,NA,NA,NA,NA,29.2194093493756,29.2194093493756,0,NA,NA,NA,NA,NA,NA,NA,NA,"PASS"
"alpha_detail",10,"DML-BC","DML_BC_CONDITIONAL",2,NA,NA,NA,NA,NA,33.3025997369224,33.3025997369224,0,NA,NA,NA,NA,NA,NA,NA,NA,"PASS"
"alpha_detail",10,"DML-BC","DML_BC_CONDITIONAL",2.1,NA,NA,NA,NA,NA,34.3164741988614,34.3164741988614,0,NA,NA,NA,NA,NA,NA,NA,NA,"PASS"
"alpha_detail",10,"DML-BC","DML_BC_CONDITIONAL",2.2,NA,NA,NA,NA,NA,33.6987614091967,33.6987614091967,0,NA,NA,NA,NA,NA,NA,NA,NA,"PASS"
"alpha_detail",10,"DML-BC","DML_BC_CONDITIONAL",2.3,NA,NA,NA,NA,NA,33.9224555016445,33.9224555016445,0,NA,NA,NA,NA,NA,NA,NA,NA,"PASS"
"alpha_detail",10,"DML-BC","DML_BC_CONDITIONAL",2.4,NA,NA,NA,NA,NA,50.1625728460695,50.1625728460695,0,NA,NA,NA,NA,NA,NA,NA,NA,"PASS"
"alpha_detail",10,"DML-BC","DML_BC_CONDITIONAL",2.5,NA,NA,NA,NA,NA,59.6402282439077,59.6402282439077,0,NA,NA,NA,NA,NA,NA,NA,NA,"PASS"
"alpha_detail",10,"DML-BC","DML_BC_CONDITIONAL",2.6,NA,NA,NA,NA,NA,58.4797114158187,58.4797114158187,0,NA,NA,NA,NA,NA,NA,NA,NA,"PASS"
"alpha_detail",10,"DML-BC","DML_BC_CONDITIONAL",2.7,NA,NA,NA,NA,NA,59.0909124814449,59.0909124814449,0,NA,NA,NA,NA,NA,NA,NA,NA,"PASS"
"alpha_detail",10,"DML-BC","DML_BC_CONDITIONAL",2.8,NA,NA,NA,NA,NA,61.4910275259615,61.4910275259615,0,NA,NA,NA,NA,NA,NA,NA,NA,"PASS"
"alpha_detail",10,"DML-BC","DML_BC_CONDITIONAL",2.9,NA,NA,NA,NA,NA,65.6333294849717,65.6333294849717,0,NA,NA,NA,NA,NA,NA,NA,NA,"PASS"
"alpha_detail",10,"DML-BC","DML_BC_CONDITIONAL",3,NA,NA,NA,NA,NA,72.7444343877026,72.7444343877026,0,NA,NA,NA,NA,NA,NA,NA,NA,"PASS"
"dataset_summary",10,"DML-CV vs DML-BC","DML_CV_VS_BC_EXPECTED_DIFFERENCE",NA,NA,NA,NA,NA,29.1414441605197,NA,NA,NA,0.9,0.8,1.37644813474104,0.622802300871816,FALSE,FALSE,NA,NA,"EXPECTED METHOD DIFFERENCE"
"alpha_detail",10,"DML-CV vs DML-BC","DML_CV_VS_BC_EXPECTED_DIFFERENCE",-1,NA,NA,NA,NA,NA,49.6378065119391,78.7792506724588,29.1414441605197,NA,NA,NA,NA,NA,NA,NA,NA,"EXPECTED METHOD DIFFERENCE"
"alpha_detail",10,"DML-CV vs DML-BC","DML_CV_VS_BC_EXPECTED_DIFFERENCE",-0.9,NA,NA,NA,NA,NA,50.1173473563475,64.1143617041205,13.997014347773,NA,NA,NA,NA,NA,NA,NA,NA,"EXPECTED METHOD DIFFERENCE"
"alpha_detail",10,"DML-CV vs DML-BC","DML_CV_VS_BC_EXPECTED_DIFFERENCE",-0.8,NA,NA,NA,NA,NA,48.580528058444,60.3624972727331,11.7819692142891,NA,NA,NA,NA,NA,NA,NA,NA,"EXPECTED METHOD DIFFERENCE"
"alpha_detail",10,"DML-CV vs DML-BC","DML_CV_VS_BC_EXPECTED_DIFFERENCE",-0.7,NA,NA,NA,NA,NA,49.3500198380311,62.0785900957383,12.7285702577072,NA,NA,NA,NA,NA,NA,NA,NA,"EXPECTED METHOD DIFFERENCE"
"alpha_detail",10,"DML-CV vs DML-BC","DML_CV_VS_BC_EXPECTED_DIFFERENCE",-0.6,NA,NA,NA,NA,NA,46.6218492755829,57.5896850176829,10.9678357421,NA,NA,NA,NA,NA,NA,NA,NA,"EXPECTED METHOD DIFFERENCE"
"alpha_detail",10,"DML-CV vs DML-BC","DML_CV_VS_BC_EXPECTED_DIFFERENCE",-0.5,NA,NA,NA,NA,NA,48.44071426489,56.8884450889737,8.44773082408373,NA,NA,NA,NA,NA,NA,NA,NA,"EXPECTED METHOD DIFFERENCE"
"alpha_detail",10,"DML-CV vs DML-BC","DML_CV_VS_BC_EXPECTED_DIFFERENCE",-0.4,NA,NA,NA,NA,NA,55.4342472940926,53.1665754991551,-2.26767179493752,NA,NA,NA,NA,NA,NA,NA,NA,"EXPECTED METHOD DIFFERENCE"
"alpha_detail",10,"DML-CV vs DML-BC","DML_CV_VS_BC_EXPECTED_DIFFERENCE",-0.3,NA,NA,NA,NA,NA,40.6126083947946,51.0117940051773,10.3991856103826,NA,NA,NA,NA,NA,NA,NA,NA,"EXPECTED METHOD DIFFERENCE"
"alpha_detail",10,"DML-CV vs DML-BC","DML_CV_VS_BC_EXPECTED_DIFFERENCE",-0.2,NA,NA,NA,NA,NA,45.4072261414456,43.4486285631433,-1.95859757830232,NA,NA,NA,NA,NA,NA,NA,NA,"EXPECTED METHOD DIFFERENCE"
"alpha_detail",10,"DML-CV vs DML-BC","DML_CV_VS_BC_EXPECTED_DIFFERENCE",-0.1,NA,NA,NA,NA,NA,42.2895438332797,42.8197937799463,0.530249946666551,NA,NA,NA,NA,NA,NA,NA,NA,"EXPECTED METHOD DIFFERENCE"
"alpha_detail",10,"DML-CV vs DML-BC","DML_CV_VS_BC_EXPECTED_DIFFERENCE",0,NA,NA,NA,NA,NA,35.8882660894037,39.6715437826887,3.78327769328503,NA,NA,NA,NA,NA,NA,NA,NA,"EXPECTED METHOD DIFFERENCE"
"alpha_detail",10,"DML-CV vs DML-BC","DML_CV_VS_BC_EXPECTED_DIFFERENCE",0.1,NA,NA,NA,NA,NA,39.1176282046529,33.4620563674989,-5.65557183715396,NA,NA,NA,NA,NA,NA,NA,NA,"EXPECTED METHOD DIFFERENCE"
"alpha_detail",10,"DML-CV vs DML-BC","DML_CV_VS_BC_EXPECTED_DIFFERENCE",0.2,NA,NA,NA,NA,NA,29.9775892390087,32.8090363019383,2.83144706292958,NA,NA,NA,NA,NA,NA,NA,NA,"EXPECTED METHOD DIFFERENCE"
"alpha_detail",10,"DML-CV vs DML-BC","DML_CV_VS_BC_EXPECTED_DIFFERENCE",0.3,NA,NA,NA,NA,NA,27.0120562308093,20.1602838699797,-6.85177236082957,NA,NA,NA,NA,NA,NA,NA,NA,"EXPECTED METHOD DIFFERENCE"
"alpha_detail",10,"DML-CV vs DML-BC","DML_CV_VS_BC_EXPECTED_DIFFERENCE",0.4,NA,NA,NA,NA,NA,23.5206981802681,17.6415902807593,-5.8791078995088,NA,NA,NA,NA,NA,NA,NA,NA,"EXPECTED METHOD DIFFERENCE"
"alpha_detail",10,"DML-CV vs DML-BC","DML_CV_VS_BC_EXPECTED_DIFFERENCE",0.5,NA,NA,NA,NA,NA,21.0241224420834,8.53351749395657,-12.4906049481268,NA,NA,NA,NA,NA,NA,NA,NA,"EXPECTED METHOD DIFFERENCE"
"alpha_detail",10,"DML-CV vs DML-BC","DML_CV_VS_BC_EXPECTED_DIFFERENCE",0.6,NA,NA,NA,NA,NA,16.0274171567206,3.35400964393732,-12.6734075127833,NA,NA,NA,NA,NA,NA,NA,NA,"EXPECTED METHOD DIFFERENCE"
"alpha_detail",10,"DML-CV vs DML-BC","DML_CV_VS_BC_EXPECTED_DIFFERENCE",0.7,NA,NA,NA,NA,NA,9.49860820683425,1.01651048833774,-8.48209771849652,NA,NA,NA,NA,NA,NA,NA,NA,"EXPECTED METHOD DIFFERENCE"
"alpha_detail",10,"DML-CV vs DML-BC","DML_CV_VS_BC_EXPECTED_DIFFERENCE",0.8,NA,NA,NA,NA,NA,5.9313838917402,0.622802300871816,-5.30858159086838,NA,NA,NA,NA,NA,NA,NA,NA,"EXPECTED METHOD DIFFERENCE"
"alpha_detail",10,"DML-CV vs DML-BC","DML_CV_VS_BC_EXPECTED_DIFFERENCE",0.9,NA,NA,NA,NA,NA,1.37644813474104,1.16693106619344,-0.209517068547608,NA,NA,NA,NA,NA,NA,NA,NA,"EXPECTED METHOD DIFFERENCE"
"alpha_detail",10,"DML-CV vs DML-BC","DML_CV_VS_BC_EXPECTED_DIFFERENCE",1,NA,NA,NA,NA,NA,1.74078260859719,3.19486106656124,1.45407845796406,NA,NA,NA,NA,NA,NA,NA,NA,"EXPECTED METHOD DIFFERENCE"
"alpha_detail",10,"DML-CV vs DML-BC","DML_CV_VS_BC_EXPECTED_DIFFERENCE",1.1,NA,NA,NA,NA,NA,2.76903382560008,6.69666759008707,3.92763376448699,NA,NA,NA,NA,NA,NA,NA,NA,"EXPECTED METHOD DIFFERENCE"
"alpha_detail",10,"DML-CV vs DML-BC","DML_CV_VS_BC_EXPECTED_DIFFERENCE",1.2,NA,NA,NA,NA,NA,4.68508814852564,9.82825899607572,5.14317084755008,NA,NA,NA,NA,NA,NA,NA,NA,"EXPECTED METHOD DIFFERENCE"
"alpha_detail",10,"DML-CV vs DML-BC","DML_CV_VS_BC_EXPECTED_DIFFERENCE",1.3,NA,NA,NA,NA,NA,10.9925719976621,13.6597595351997,2.66718753753765,NA,NA,NA,NA,NA,NA,NA,NA,"EXPECTED METHOD DIFFERENCE"
"alpha_detail",10,"DML-CV vs DML-BC","DML_CV_VS_BC_EXPECTED_DIFFERENCE",1.4,NA,NA,NA,NA,NA,14.7594438469505,16.0332431400684,1.27379929311783,NA,NA,NA,NA,NA,NA,NA,NA,"EXPECTED METHOD DIFFERENCE"
"alpha_detail",10,"DML-CV vs DML-BC","DML_CV_VS_BC_EXPECTED_DIFFERENCE",1.5,NA,NA,NA,NA,NA,15.3881499252599,22.4115640542816,7.02341412902167,NA,NA,NA,NA,NA,NA,NA,NA,"EXPECTED METHOD DIFFERENCE"
"alpha_detail",10,"DML-CV vs DML-BC","DML_CV_VS_BC_EXPECTED_DIFFERENCE",1.6,NA,NA,NA,NA,NA,24.1097581716837,25.1333505007085,1.02359232902482,NA,NA,NA,NA,NA,NA,NA,NA,"EXPECTED METHOD DIFFERENCE"
"alpha_detail",10,"DML-CV vs DML-BC","DML_CV_VS_BC_EXPECTED_DIFFERENCE",1.7,NA,NA,NA,NA,NA,24.284539558209,27.5850380363612,3.30049847815223,NA,NA,NA,NA,NA,NA,NA,NA,"EXPECTED METHOD DIFFERENCE"
"alpha_detail",10,"DML-CV vs DML-BC","DML_CV_VS_BC_EXPECTED_DIFFERENCE",1.8,NA,NA,NA,NA,NA,28.3399685228512,29.9653208593017,1.62535233645047,NA,NA,NA,NA,NA,NA,NA,NA,"EXPECTED METHOD DIFFERENCE"
"alpha_detail",10,"DML-CV vs DML-BC","DML_CV_VS_BC_EXPECTED_DIFFERENCE",1.9,NA,NA,NA,NA,NA,39.9459415815408,29.2194093493756,-10.7265322321652,NA,NA,NA,NA,NA,NA,NA,NA,"EXPECTED METHOD DIFFERENCE"
"alpha_detail",10,"DML-CV vs DML-BC","DML_CV_VS_BC_EXPECTED_DIFFERENCE",2,NA,NA,NA,NA,NA,33.6375374537975,33.3025997369224,-0.334937716875103,NA,NA,NA,NA,NA,NA,NA,NA,"EXPECTED METHOD DIFFERENCE"
"alpha_detail",10,"DML-CV vs DML-BC","DML_CV_VS_BC_EXPECTED_DIFFERENCE",2.1,NA,NA,NA,NA,NA,40.3334476668897,34.3164741988614,-6.01697346802834,NA,NA,NA,NA,NA,NA,NA,NA,"EXPECTED METHOD DIFFERENCE"
"alpha_detail",10,"DML-CV vs DML-BC","DML_CV_VS_BC_EXPECTED_DIFFERENCE",2.2,NA,NA,NA,NA,NA,40.0377741913503,33.6987614091967,-6.33901278215364,NA,NA,NA,NA,NA,NA,NA,NA,"EXPECTED METHOD DIFFERENCE"
"alpha_detail",10,"DML-CV vs DML-BC","DML_CV_VS_BC_EXPECTED_DIFFERENCE",2.3,NA,NA,NA,NA,NA,47.3386465738761,33.9224555016445,-13.4161910722316,NA,NA,NA,NA,NA,NA,NA,NA,"EXPECTED METHOD DIFFERENCE"
"alpha_detail",10,"DML-CV vs DML-BC","DML_CV_VS_BC_EXPECTED_DIFFERENCE",2.4,NA,NA,NA,NA,NA,51.0794829256199,50.1625728460695,-0.916910079550476,NA,NA,NA,NA,NA,NA,NA,NA,"EXPECTED METHOD DIFFERENCE"
"alpha_detail",10,"DML-CV vs DML-BC","DML_CV_VS_BC_EXPECTED_DIFFERENCE",2.5,NA,NA,NA,NA,NA,56.9926945515857,59.6402282439077,2.64753369232197,NA,NA,NA,NA,NA,NA,NA,NA,"EXPECTED METHOD DIFFERENCE"
"alpha_detail",10,"DML-CV vs DML-BC","DML_CV_VS_BC_EXPECTED_DIFFERENCE",2.6,NA,NA,NA,NA,NA,58.5842791795416,58.4797114158187,-0.104567763722912,NA,NA,NA,NA,NA,NA,NA,NA,"EXPECTED METHOD DIFFERENCE"
"alpha_detail",10,"DML-CV vs DML-BC","DML_CV_VS_BC_EXPECTED_DIFFERENCE",2.7,NA,NA,NA,NA,NA,61.0865641799005,59.0909124814449,-1.99565169845554,NA,NA,NA,NA,NA,NA,NA,NA,"EXPECTED METHOD DIFFERENCE"
"alpha_detail",10,"DML-CV vs DML-BC","DML_CV_VS_BC_EXPECTED_DIFFERENCE",2.8,NA,NA,NA,NA,NA,58.6419630937803,61.4910275259615,2.84906443218122,NA,NA,NA,NA,NA,NA,NA,NA,"EXPECTED METHOD DIFFERENCE"
"alpha_detail",10,"DML-CV vs DML-BC","DML_CV_VS_BC_EXPECTED_DIFFERENCE",2.9,NA,NA,NA,NA,NA,63.8306780527037,65.6333294849717,1.80265143226796,NA,NA,NA,NA,NA,NA,NA,NA,"EXPECTED METHOD DIFFERENCE"
"alpha_detail",10,"DML-CV vs DML-BC","DML_CV_VS_BC_EXPECTED_DIFFERENCE",3,NA,NA,NA,NA,NA,64.2747225024722,72.7444343877026,8.46971188523034,NA,NA,NA,NA,NA,NA,NA,NA,"EXPECTED METHOD DIFFERENCE"
