"relative_path","bytes","sha256","role","git_status"
"thesis_extension/calibration/instrument_strength_100rep/CALIBRATION_PROVENANCE.md","2368","8e6ee50610322d67ea60fb24dcbde9984da827161d4ecb5ed5d5351ad095f80c","instrument-strength calibration","tracked"
"thesis_extension/calibration/instrument_strength_100rep/kappa_strength_raw.csv","187763","8221d4439bae4df01ea510ac7ed042e9ec1f17707a6d235afe37e121818ae0b4","instrument-strength calibration","tracked"
"thesis_extension/calibration/instrument_strength_100rep/kappa_strength_report.txt","1970","6b1c3906a439a5cdc10d767c72a8f800df5fbb21101637fca87d734480536427","instrument-strength calibration","tracked"
"thesis_extension/calibration/instrument_strength_100rep/kappa_strength_summary.csv","2355","9a0d511aab9e0eb5d950b8287f846d5e02df65cf34b8f2c09bd3075826126da4","instrument-strength calibration","tracked"
"thesis_extension/calibration/instrument_strength_100rep/run_kappa_strength_pilot_legacy.R","11593","a2597666d9887a0b2a0472543f4940060b3fcce084d17bec2492aae3d1e13056","instrument-strength calibration","tracked"
"thesis_extension/calibration/instrument_strength_100rep/run_strength_calibration.R","10742","26c532ba10dcc9b858db7ee5bd1360c0fb4a41dc4e308c97553f7b1c9b2066ec","instrument-strength calibration","tracked"
"thesis_extension/diagnostics/coverage_audit/COVERAGE_AUDIT_MANIFEST.csv","7266","f5ec3a0c79184288e8323bec33c143b8c35f8bdd04bac846142cff55024b112d","coverage forensic audit","tracked"
"thesis_extension/diagnostics/coverage_audit/COVERAGE_AUDIT_REPORT.md","12215","31da270ea9b031ca6063e00ac21a59ceca00f65cbb64a99a6c398f867a972998","coverage forensic audit","tracked"
"thesis_extension/diagnostics/coverage_audit/README.md","2193","1b60851f3d36c45667f383aba0d83672a84626c97f6926672df4e28b175097ae","coverage forensic audit","tracked"
"thesis_extension/diagnostics/coverage_audit/coverage_audit_functions.R","15290","aee29320c7b0f8ad56ba898823eb14da68155c2e29b1e4d9549b4556dc324745","coverage forensic audit","tracked"
"thesis_extension/diagnostics/coverage_audit/figures/ecdf_tau_0p50_dml_ivqr_bc.png","10202","0ee97a6bec46c8b030f00c5569eaaec982b97915150e79ffabade16172c80ec8","coverage forensic audit","tracked"
"thesis_extension/diagnostics/coverage_audit/figures/ecdf_tau_0p50_full_gmm.png","9662","4c0345b00d995fc4296741816b9525882a08a1e3ec2aff6e96ee253bb023c180","coverage forensic audit","tracked"
"thesis_extension/diagnostics/coverage_audit/figures/ecdf_tau_0p50_oracle_gmm.png","10180","eb997e2bacf8b5a62c69c18d7f9bc2defdb1b87dc1847934164f70fcbaace608","coverage forensic audit","tracked"
"thesis_extension/diagnostics/coverage_audit/figures/ecdf_tau_0p75_dml_ivqr_bc.png","9923","4c2b5c8cd65eaeccec1d730b17603c4206a9462de9c7b8185c872ed6e1ea6f5d","coverage forensic audit","tracked"
"thesis_extension/diagnostics/coverage_audit/figures/ecdf_tau_0p75_full_gmm.png","9790","f83f0ebc5503942be8a53a2dbf9cf51308b13cc12b3c39405ecdde95e4fc5d71","coverage forensic audit","tracked"
"thesis_extension/diagnostics/coverage_audit/figures/ecdf_tau_0p75_oracle_gmm.png","10029","bafd98b2d3623c14709dae38ec0962e16c3bb21e0e46b57e894166e3578d90ec","coverage forensic audit","tracked"
"thesis_extension/diagnostics/coverage_audit/figures/ecdf_tau_0p90_dml_ivqr_bc.png","10010","4b3eb85b4a2234575bf8ccae8b68bbe9793f84fba94f4ded4365794df000149a","coverage forensic audit","tracked"
"thesis_extension/diagnostics/coverage_audit/figures/ecdf_tau_0p90_full_gmm.png","9798","d3062b6544480eb024a322df0732e714d71f9420eb3424ac84a72dbbc3af9588","coverage forensic audit","tracked"
"thesis_extension/diagnostics/coverage_audit/figures/ecdf_tau_0p90_oracle_gmm.png","10037","6bb0424cf3f736af40fa2a4fec7d9d58525c60d925e58f61f2ec79fb7646f3c1","coverage forensic audit","tracked"
"thesis_extension/diagnostics/coverage_audit/figures/histogram_tau_0p50_dml_ivqr_bc.png","9382","d819b56b2406c51894fa1599b17e1635d86fb5aa1ad1ab5511c9a20883bddd39","coverage forensic audit","tracked"
"thesis_extension/diagnostics/coverage_audit/figures/histogram_tau_0p50_full_gmm.png","9227","18de70846fb6d41435c60077579efff0897e57528e9c64786eefd08c9c6a06bb","coverage forensic audit","tracked"
"thesis_extension/diagnostics/coverage_audit/figures/histogram_tau_0p50_oracle_gmm.png","9499","0f5867a1abcfca43f4e4062e99eda4ed11dac6565ab211be9c2f8ffc73ec768e","coverage forensic audit","tracked"
"thesis_extension/diagnostics/coverage_audit/figures/histogram_tau_0p75_dml_ivqr_bc.png","9187","896b0af291a9f6ab6d0244435fe2f4fbbbd2fd6d166611b7f3f381d7e33d8e27","coverage forensic audit","tracked"
"thesis_extension/diagnostics/coverage_audit/figures/histogram_tau_0p75_full_gmm.png","8624","4636bc9be148a1ed6f286673da5d577e6fbeadcc8b927ccfac3fc6c3ae1a9aff","coverage forensic audit","tracked"
"thesis_extension/diagnostics/coverage_audit/figures/histogram_tau_0p75_oracle_gmm.png","9479","9189d72c7e92a24ba9a88d648b196632003e2dd904bae2b62448542a00818a9a","coverage forensic audit","tracked"
"thesis_extension/diagnostics/coverage_audit/figures/histogram_tau_0p90_dml_ivqr_bc.png","9136","ecb3e704b91e2473a3f437c3c71b64aacd0e05d419a3cde831b1f305af176a7b","coverage forensic audit","tracked"
"thesis_extension/diagnostics/coverage_audit/figures/histogram_tau_0p90_full_gmm.png","8942","4cdc9a06c143e76a28f0c8a2823ea88d602988fa9d8954a862cb874a1f777ff3","coverage forensic audit","tracked"
"thesis_extension/diagnostics/coverage_audit/figures/histogram_tau_0p90_oracle_gmm.png","9814","e83da1438c75fd47e0409c87e9a3550f9d9d65cc22b16abf80a57c3561bf8e4b","coverage forensic audit","tracked"
"thesis_extension/diagnostics/coverage_audit/figures/q95_comparison_n1000_kappa1.png","11273","51245baeb867ab9d9aad13b0077a60a79ae70b46c57b66a17df289ec27102fd2","coverage forensic audit","tracked"
"thesis_extension/diagnostics/coverage_audit/figures/qq_tau_0p50_dml_ivqr_bc.png","11080","2fd7353d821b9c110f1323d8d88920549083c9b0c383de4e925bfb889c41da80","coverage forensic audit","tracked"
"thesis_extension/diagnostics/coverage_audit/figures/qq_tau_0p50_full_gmm.png","10397","cadfdeefbc6915b694af72abe430721290798d3ee955def3b27dbaa2ca2f90a3","coverage forensic audit","tracked"
"thesis_extension/diagnostics/coverage_audit/figures/qq_tau_0p50_oracle_gmm.png","10940","518700cad3901f6441fdda5568cbe0da52ad9e651a0dd00a5f98551412fa3ad5","coverage forensic audit","tracked"
"thesis_extension/diagnostics/coverage_audit/figures/qq_tau_0p75_dml_ivqr_bc.png","10713","ae3cc10971bc285bdde2ac725891a6947ca0fcd187378c5dad82eb7bd44c1481","coverage forensic audit","tracked"
"thesis_extension/diagnostics/coverage_audit/figures/qq_tau_0p75_full_gmm.png","10873","22381d31197b2fdaf6e571f9d7a09d6b176d656d7942bf5db7f086557064d860","coverage forensic audit","tracked"
"thesis_extension/diagnostics/coverage_audit/figures/qq_tau_0p75_oracle_gmm.png","10834","6ec995337f44f816a51976093924367307f52d44d56c82520ce39ab75bb40a6d","coverage forensic audit","tracked"
"thesis_extension/diagnostics/coverage_audit/figures/qq_tau_0p90_dml_ivqr_bc.png","10647","60c473c3c67548ba3edc86922d525ecb3e3cd10bbaf862283f59944b58c42f90","coverage forensic audit","tracked"
"thesis_extension/diagnostics/coverage_audit/figures/qq_tau_0p90_full_gmm.png","11317","c0b978e1f03a7634459442d977e82247d98ae0fddfb1a066b563ba0f2d8c3912","coverage forensic audit","tracked"
"thesis_extension/diagnostics/coverage_audit/figures/qq_tau_0p90_oracle_gmm.png","10699","3bc53661b4299a639dc1cc9a5eeed605df979f902372c2fff625efbeccf16420","coverage forensic audit","tracked"
"thesis_extension/diagnostics/coverage_audit/output/coverage_audit_all_cells.csv","50376","815c64904c00bb6f0677a669d3df879a5a58dafb7f10701b6a0e663a9a17717b","coverage forensic audit","tracked"
"thesis_extension/diagnostics/coverage_audit/output/coverage_audit_consistency_checks.csv","9016","5c1991fda318bf3147165474463101651bc1f2805ccee9d6aaf1e15cb99467ec","coverage forensic audit","tracked"
"thesis_extension/diagnostics/coverage_audit/output/coverage_audit_outliers.csv","5805","1dd03ee1337d0ff84833bb87f89b6a182761538f46f4e7f1394c0e0887d127e0","coverage forensic audit","tracked"
"thesis_extension/diagnostics/coverage_audit/output/coverage_audit_paired_estimators.csv","2935","847b6d52b72a459018c70c3425b6f5a32fdbed476ac0897e0218713355bbacee","coverage forensic audit","tracked"
"thesis_extension/diagnostics/coverage_audit/output/coverage_audit_primary_cells.csv","4643","ebd0925b4e7a45635a52907044f3b86c0afd21fbaab2961888109f9846090f59","coverage forensic audit","tracked"
"thesis_extension/diagnostics/coverage_audit/output/coverage_audit_reference_quantiles.csv","140","6332b5645271238724fdabec7408874ff1ac13342f63a5c80ee4966ff96a59cc","coverage forensic audit","tracked"
"thesis_extension/diagnostics/coverage_audit/output/coverage_audit_run_metadata.csv","321","5db890acede57f29173853598f59c7205c39200d08353b6089619f174ec70a17","coverage forensic audit","tracked"
"thesis_extension/diagnostics/coverage_audit/output/coverage_audit_strong_kappa_n1000.csv","6614","7b839e364197f5721fbe632b822b875d868bb5f3d957e0a6e3f1fa52e30c0963","coverage forensic audit","tracked"
"thesis_extension/diagnostics/coverage_audit/run_coverage_audit.R","21929","f7bb5af8583aba8c723490a9e76beb18abb0b90f319626495cab06c3107aad03","coverage forensic audit","tracked"
"thesis_extension/diagnostics/grid_sensitivity/GRID_RESULTS_MANIFEST.csv","24664","57bd91d624229696a5cca33c7c47f8eb38099f53a3e875aca9875c3ad5fd306f","grid-domain diagnostic","tracked"
"thesis_extension/diagnostics/grid_sensitivity/GRID_RESULTS_PROVENANCE.md","2151","087045e8f5a4e69b817281a12bd978feb784d3ed8c99a513f3bb9fd5fbd59376","grid-domain diagnostic","tracked"
"thesis_extension/diagnostics/grid_sensitivity/output/stage1/primitives/rep_001.rds","1576637","ba2b3f273687a9a6ab60ab1f2cff3bed43d8a0d7ee98ae846ec5bd4ea52e92e7","grid-domain diagnostic","ignored"
"thesis_extension/diagnostics/grid_sensitivity/output/stage1/primitives/rep_002.rds","1576751","d0d04f3fa3b7d858b1ff1c7dcb75e43750d692e65701beccb99fee30cb2d5a82","grid-domain diagnostic","ignored"
"thesis_extension/diagnostics/grid_sensitivity/output/stage1/primitives/rep_003.rds","1576607","b55963013685826a82d22fea6ce91a652835c2b0e44c1eaa09be8667e2fd2f4d","grid-domain diagnostic","ignored"
"thesis_extension/diagnostics/grid_sensitivity/output/stage1/primitives/rep_004.rds","1576601","e0c188cd4f45703f17dd52be8e956f0d7a8f407e8c7e3fa78800d2547adad1a1","grid-domain diagnostic","ignored"
"thesis_extension/diagnostics/grid_sensitivity/output/stage1/primitives/rep_005.rds","1576646","cef12a6580f8d1871e34ff652b01398baae90e15a7580311af792af140dc2ecc","grid-domain diagnostic","ignored"
"thesis_extension/diagnostics/grid_sensitivity/output/stage1/primitives/rep_006.rds","1576648","f26f5447883cba79b8f2f925d37beab595e8f52147101ff4991fe3c0a882e14f","grid-domain diagnostic","ignored"
"thesis_extension/diagnostics/grid_sensitivity/output/stage1/primitives/rep_007.rds","1576578","c0006956eaa3fb6c9e66f53db3c10e24fc794b90ea3966450146d77a8d135254","grid-domain diagnostic","ignored"
"thesis_extension/diagnostics/grid_sensitivity/output/stage1/primitives/rep_008.rds","1576583","b9dbbece4ab100e9430cc83a092cb4407b4fc1b1b4788e620dda8b0f46552431","grid-domain diagnostic","ignored"
"thesis_extension/diagnostics/grid_sensitivity/output/stage1/primitives/rep_009.rds","1576725","e7d2a9e6168d0a138644655dd784fada8aabacb6c785101d6c16929e34013142","grid-domain diagnostic","ignored"
"thesis_extension/diagnostics/grid_sensitivity/output/stage1/primitives/rep_010.rds","1576732","cb4b5ae855c4ce0abc2fde49caa4fd5383dbca5fd0173b6ff3b85194aeffc491","grid-domain diagnostic","ignored"
"thesis_extension/diagnostics/grid_sensitivity/output/stage1/primitives/rep_011.rds","1576808","7d32cb5d6e6b9cccfde4ca582b24ab3eef986c8b3f4a5d16a2d55dad4eceac97","grid-domain diagnostic","ignored"
"thesis_extension/diagnostics/grid_sensitivity/output/stage1/primitives/rep_012.rds","1576647","9e84cb82761b581aa90979db0599dba7168b91eaba7114cf1a6fd4ee7fca04b6","grid-domain diagnostic","ignored"
"thesis_extension/diagnostics/grid_sensitivity/output/stage1/primitives/rep_013.rds","1576608","b8374b6b00add9c3b6f5a0136d7369e56ccee87ec11088ee736fa06d6a84fce1","grid-domain diagnostic","ignored"
"thesis_extension/diagnostics/grid_sensitivity/output/stage1/primitives/rep_014.rds","1576646","eeb62e3f82bd88cf75f0a6e75070d8159356ec6a2df2e8e80ea49d31e23754a2","grid-domain diagnostic","ignored"
"thesis_extension/diagnostics/grid_sensitivity/output/stage1/primitives/rep_015.rds","1576644","9f28f79273cdf1648aba87bc7a191f3f01316a958aac349272eb09b16e100754","grid-domain diagnostic","ignored"
"thesis_extension/diagnostics/grid_sensitivity/output/stage1/primitives/rep_016.rds","1576606","295b971709691e01047aefb3f8c76d8f128433e1f441bfccdf156d4e2734b972","grid-domain diagnostic","ignored"
"thesis_extension/diagnostics/grid_sensitivity/output/stage1/primitives/rep_017.rds","1576612","2029da324ec1d82f1a5b29f1339b25efabfbff23fcd73db8f1f4ddb70d18c761","grid-domain diagnostic","ignored"
"thesis_extension/diagnostics/grid_sensitivity/output/stage1/primitives/rep_018.rds","1576563","470949c1a0f2f8ea435695ae9c76322563310c18e9c08c34e6d5aeb5bfe35f12","grid-domain diagnostic","ignored"
"thesis_extension/diagnostics/grid_sensitivity/output/stage1/primitives/rep_019.rds","1576632","d3c204b27b81e1a570b52c2a73c53b883fe7f0aa5072e41fec33648597d822bb","grid-domain diagnostic","ignored"
"thesis_extension/diagnostics/grid_sensitivity/output/stage1/primitives/rep_020.rds","1576660","a8d0c2dbcb92311885b12bee35dfd15159f6d8daad68eb4f21e3d621edb78954","grid-domain diagnostic","ignored"
"thesis_extension/diagnostics/grid_sensitivity/output/stage1/primitives/rep_021.rds","1576663","4d6ea5377d16203276655dbf15c4aaafa2ed74010c752cc1dcb832ef8e63e7d1","grid-domain diagnostic","ignored"
"thesis_extension/diagnostics/grid_sensitivity/output/stage1/primitives/rep_022.rds","1576682","b690f3329710c2b0c07ddf58eabd284d4c53e265f6249331b947eb6235d5cf6a","grid-domain diagnostic","ignored"
"thesis_extension/diagnostics/grid_sensitivity/output/stage1/primitives/rep_023.rds","1576627","e83d533d91632135a586c971213001a79f6e8d9d2424e205784c6e87f33890d4","grid-domain diagnostic","ignored"
"thesis_extension/diagnostics/grid_sensitivity/output/stage1/primitives/rep_024.rds","1576717","bfcf600a99102b588189d2b4b86ce0eaca3155888ec6a429860f466f3e8f2078","grid-domain diagnostic","ignored"
"thesis_extension/diagnostics/grid_sensitivity/output/stage1/primitives/rep_025.rds","1576569","154f7ace73eca1eba253921306ed7ddc28169f23f3f1b2aa6b72cbb21df6614f","grid-domain diagnostic","ignored"
"thesis_extension/diagnostics/grid_sensitivity/output/stage1/primitives/rep_026.rds","1576734","a221491debb63bdc02b7a770d62dbc615a94d5ec989a1b886ca427a2de7a74cc","grid-domain diagnostic","ignored"
"thesis_extension/diagnostics/grid_sensitivity/output/stage1/primitives/rep_027.rds","1576508","6242bc665f0f3774edb8aa8b156fd36da2b48e3c0ef5cc43bdfe1f01fa4be376","grid-domain diagnostic","ignored"
"thesis_extension/diagnostics/grid_sensitivity/output/stage1/primitives/rep_028.rds","1576638","3483d358dfe6e5107a61342bd7f2a2a7b10829b39f5ba44a69ee4181cdc16e3a","grid-domain diagnostic","ignored"
"thesis_extension/diagnostics/grid_sensitivity/output/stage1/primitives/rep_029.rds","1576587","13d82ee7094d5efc98825c5230b320c2d76262409c42a51f667a1717f8c706ec","grid-domain diagnostic","ignored"
"thesis_extension/diagnostics/grid_sensitivity/output/stage1/primitives/rep_030.rds","1576614","7a30f594b1dd6ef33bec3b884ec5439af8a9deaa1008cd3cfa8f231fe5563570","grid-domain diagnostic","ignored"
"thesis_extension/diagnostics/grid_sensitivity/output/stage1/primitives/rep_031.rds","1576592","c1cfdeca3a4eff963a52235840ef70c2e6e8379811d783b5dc3d21c0f36a4fda","grid-domain diagnostic","ignored"
"thesis_extension/diagnostics/grid_sensitivity/output/stage1/primitives/rep_032.rds","1576683","1a5cbfaf1edd6b0530f291a581e5daa2d00fbd1c4ad928ac6ed166f2cff90724","grid-domain diagnostic","ignored"
"thesis_extension/diagnostics/grid_sensitivity/output/stage1/primitives/rep_033.rds","1576800","5ef956700e1da0755fd65cbf7b19597774729349eb6af8ef6587037d17d96831","grid-domain diagnostic","ignored"
"thesis_extension/diagnostics/grid_sensitivity/output/stage1/primitives/rep_034.rds","1576450","38ace885e17ce507a7893f2491f3794fb45a71c7939caecb100cd154cb3ffdee","grid-domain diagnostic","ignored"
"thesis_extension/diagnostics/grid_sensitivity/output/stage1/primitives/rep_035.rds","1576610","d8a8990f0e2d19c4cd4c450139776f3a43fce743c849038ca94b8ec7e46951b5","grid-domain diagnostic","ignored"
"thesis_extension/diagnostics/grid_sensitivity/output/stage1/primitives/rep_036.rds","1576658","1c6ea551e9c40829419f502c51767e8ba3441dd917cc9d78fcda07b8d6f05f01","grid-domain diagnostic","ignored"
"thesis_extension/diagnostics/grid_sensitivity/output/stage1/primitives/rep_037.rds","1576674","a0a9279aacc7c000d57ac78e7ac8f37a98312d5f51f3ac3f111ee72b65883ce0","grid-domain diagnostic","ignored"
"thesis_extension/diagnostics/grid_sensitivity/output/stage1/primitives/rep_038.rds","1576524","79215e70892cf6e73d79fa9b7fa3cbffe9c9442bc69baa242c5dde8453f923b1","grid-domain diagnostic","ignored"
"thesis_extension/diagnostics/grid_sensitivity/output/stage1/primitives/rep_039.rds","1576693","2a52b90c47b183d44f02ac7aaf3509c46b8f2b4463c567a8338594212763b544","grid-domain diagnostic","ignored"
"thesis_extension/diagnostics/grid_sensitivity/output/stage1/primitives/rep_040.rds","1576791","b73313a26c83da32b60dc38b150890c4fa400ad8e1c52910a6eef8eea4c070ed","grid-domain diagnostic","ignored"
"thesis_extension/diagnostics/grid_sensitivity/output/stage1/primitives/rep_041.rds","1576668","f855c12e32162e0cdcf2244a08382444c7ea874eb61eedad5d6615ab6fefed5a","grid-domain diagnostic","ignored"
"thesis_extension/diagnostics/grid_sensitivity/output/stage1/primitives/rep_042.rds","1576537","cc879f022e45d8151b1b368d37fd2f6bb66af80e4c6d5e858627204ead3f65f2","grid-domain diagnostic","ignored"
"thesis_extension/diagnostics/grid_sensitivity/output/stage1/primitives/rep_043.rds","1576601","c8101eb9f2ef49ab52c0313607342780344d87359cf7b24ded0b489fba7ca67b","grid-domain diagnostic","ignored"
"thesis_extension/diagnostics/grid_sensitivity/output/stage1/primitives/rep_044.rds","1576653","6b95b8eebdc770576ec016230f0752e3e2f23050113361ef2be120bf2eaae82c","grid-domain diagnostic","ignored"
"thesis_extension/diagnostics/grid_sensitivity/output/stage1/primitives/rep_045.rds","1576611","dab866cec386158deab2b891a0b1d99445d5dd4572efa32897482b0afc39f036","grid-domain diagnostic","ignored"
"thesis_extension/diagnostics/grid_sensitivity/output/stage1/primitives/rep_046.rds","1576750","29b4b2578e78d2d71d341a210decfcc8ebf394ed7f42693744f0912d04c550b4","grid-domain diagnostic","ignored"
"thesis_extension/diagnostics/grid_sensitivity/output/stage1/primitives/rep_047.rds","1576676","e91550fd042c0a12e858fe6597f4b962d22163e1b0184c759d9c6b9af7e891ef","grid-domain diagnostic","ignored"
"thesis_extension/diagnostics/grid_sensitivity/output/stage1/primitives/rep_048.rds","1576615","18f2501407e7b16e0528423819f12a240b51e08b9bee46f23c89b911197a1491","grid-domain diagnostic","ignored"
"thesis_extension/diagnostics/grid_sensitivity/output/stage1/primitives/rep_049.rds","1576577","7aebd44fd37a20c1fd42ca31bc390f82cce55766eeef2b1f68a54f32de656dac","grid-domain diagnostic","ignored"
"thesis_extension/diagnostics/grid_sensitivity/output/stage1/primitives/rep_050.rds","1576601","18962e809b131a67af4cee648c3fa459d1505f54de3eeda52a5a35bb390ecbca","grid-domain diagnostic","ignored"
"thesis_extension/diagnostics/grid_sensitivity/output/stage1/primitives/rep_051.rds","1576488","3004f899c2042390d83b8ff4804db31b7d176725c530c00d721210a7fbf9029e","grid-domain diagnostic","ignored"
"thesis_extension/diagnostics/grid_sensitivity/output/stage1/primitives/rep_052.rds","1576545","9b0d07b338cbc807cd81a6b8052447862a6a4d0ea4a759a8df1f68e72c892f67","grid-domain diagnostic","ignored"
"thesis_extension/diagnostics/grid_sensitivity/output/stage1/primitives/rep_053.rds","1576558","dafe6f98168f88f4aa5cf8de03a16b945ec27ff88a93b41a55262cea7da57aaa","grid-domain diagnostic","ignored"
"thesis_extension/diagnostics/grid_sensitivity/output/stage1/primitives/rep_054.rds","1576580","d5a96244cc98f0a8cc2c323c65af3eeefb15b477f6b5fbb8fce66cb4481dde98","grid-domain diagnostic","ignored"
"thesis_extension/diagnostics/grid_sensitivity/output/stage1/primitives/rep_055.rds","1576818","4818a9fdfd3d0b67830e06119a3838c6aa5cdf4516194771888abf4567c3edcd","grid-domain diagnostic","ignored"
"thesis_extension/diagnostics/grid_sensitivity/output/stage1/primitives/rep_056.rds","1576862","f1c07cf61d5bf338176d2e4b56c5b095e8e7add2146eb6126c4362fd8eccc903","grid-domain diagnostic","ignored"
"thesis_extension/diagnostics/grid_sensitivity/output/stage1/primitives/rep_057.rds","1576637","ba2fe7dd0b1efa3068c759346d6722778d3190086dbfe88467017d4b4251ae76","grid-domain diagnostic","ignored"
"thesis_extension/diagnostics/grid_sensitivity/output/stage1/primitives/rep_058.rds","1576630","8adbaa8195c8e5e4d75963ca649a427b620522b4a72760fd799b8f2588e3b724","grid-domain diagnostic","ignored"
"thesis_extension/diagnostics/grid_sensitivity/output/stage1/primitives/rep_059.rds","1576815","6f4d1ad5ab9014bd871f0c2f08aae645086d8b5d92e0970b4f6783c948ea3e34","grid-domain diagnostic","ignored"
"thesis_extension/diagnostics/grid_sensitivity/output/stage1/primitives/rep_060.rds","1576799","0466168a41aa47852e8d3506a4fd76a4766ec0b1a889abe45bb846dc476e6e19","grid-domain diagnostic","ignored"
"thesis_extension/diagnostics/grid_sensitivity/output/stage1/primitives/rep_061.rds","1576683","bfc17c79c79c86d83e8a4876405ad5333f44a5891f987b67a5374ef503943e66","grid-domain diagnostic","ignored"
"thesis_extension/diagnostics/grid_sensitivity/output/stage1/primitives/rep_062.rds","1576649","21aa858db975d21b0938320a80975a6111e3a3fc95029bc91734752d4c41e994","grid-domain diagnostic","ignored"
"thesis_extension/diagnostics/grid_sensitivity/output/stage1/primitives/rep_063.rds","1576475","d1ae42da44ef0eff5ffe2baf010632f2e2298b1d6bc17cab5a84f3ba2e61fe49","grid-domain diagnostic","ignored"
"thesis_extension/diagnostics/grid_sensitivity/output/stage1/primitives/rep_064.rds","1576658","f1c355575014b39ebf6341b8d5fd231a3031ab53ba30be0ade52fb75d475677e","grid-domain diagnostic","ignored"
"thesis_extension/diagnostics/grid_sensitivity/output/stage1/primitives/rep_065.rds","1576611","74702ce4a97187a6230c7920d2e9562f4f870af0280ca94d82f66af045bfc06c","grid-domain diagnostic","ignored"
"thesis_extension/diagnostics/grid_sensitivity/output/stage1/primitives/rep_066.rds","1576695","122f23a2a50f877482690549f48ea45a348fd6b77276b066949488404473003a","grid-domain diagnostic","ignored"
"thesis_extension/diagnostics/grid_sensitivity/output/stage1/primitives/rep_067.rds","1576501","a330edff8ae8599549bc5720c7c9614b46a75f4ba60c2b1a3b40c9c3fe4b3940","grid-domain diagnostic","ignored"
"thesis_extension/diagnostics/grid_sensitivity/output/stage1/primitives/rep_068.rds","1576478","6e99c543eac2da51a46a9759bdd07673afa1dc8ecf49f151460a3dfa6b8b6632","grid-domain diagnostic","ignored"
"thesis_extension/diagnostics/grid_sensitivity/output/stage1/primitives/rep_069.rds","1576490","c34b96739819cec508dd841964d914a3b8bd89d8fd9213e051e873e8b16c94f3","grid-domain diagnostic","ignored"
"thesis_extension/diagnostics/grid_sensitivity/output/stage1/primitives/rep_070.rds","1576648","fe2782f53f2a6f5fd6f84011e0b7e37214c5485939cd10eec991d0cb2a7f9349","grid-domain diagnostic","ignored"
"thesis_extension/diagnostics/grid_sensitivity/output/stage1/primitives/rep_071.rds","1576524","0bde71bbb35e766cfa193dbb81d4bb0bc9fcb76a6b0e72de7f993cf3bca38f30","grid-domain diagnostic","ignored"
"thesis_extension/diagnostics/grid_sensitivity/output/stage1/primitives/rep_072.rds","1576691","1adffaeaebb37b1fb9894d9da9319607ca4b317abc6d0cb91467415d37c2324d","grid-domain diagnostic","ignored"
"thesis_extension/diagnostics/grid_sensitivity/output/stage1/primitives/rep_073.rds","1576585","f01be8b9a73f2dadec832b350db01218c3a02d6eeec536332b5d1834396dcc0a","grid-domain diagnostic","ignored"
"thesis_extension/diagnostics/grid_sensitivity/output/stage1/primitives/rep_074.rds","1576543","13e61afe3449dd37ced0601c64cf87db3f50ec63594334119a98894181490771","grid-domain diagnostic","ignored"
"thesis_extension/diagnostics/grid_sensitivity/output/stage1/primitives/rep_075.rds","1576690","5654e9e233522b3645fe0a0a9f7d17036ec08b2eab1384ddfca02671a0cf455c","grid-domain diagnostic","ignored"
"thesis_extension/diagnostics/grid_sensitivity/output/stage1/primitives/rep_076.rds","1576624","c4edee1428b0e65b224df47e556e78ea65e675f8ea80364570e235ba1b688d0a","grid-domain diagnostic","ignored"
"thesis_extension/diagnostics/grid_sensitivity/output/stage1/primitives/rep_077.rds","1576602","046e40bf1d4652ae30a644ea2eedf72d0dac443388d9dc2729446e6229bf62d2","grid-domain diagnostic","ignored"
"thesis_extension/diagnostics/grid_sensitivity/output/stage1/primitives/rep_078.rds","1576517","885c05763cbe68db547f66240f74bbfafaae0f1ae76169ddeae7d4280f24c7b0","grid-domain diagnostic","ignored"
"thesis_extension/diagnostics/grid_sensitivity/output/stage1/primitives/rep_079.rds","1576658","deb8028787c5b8a992d7c449a04bfc3c30f8584d9a4f1f7ecff9a11cf95a6d21","grid-domain diagnostic","ignored"
"thesis_extension/diagnostics/grid_sensitivity/output/stage1/primitives/rep_080.rds","1576725","e4d3cb2639483efd49b3db3beeab07a5fe0ebd2d64772fc84359073cedde2117","grid-domain diagnostic","ignored"
"thesis_extension/diagnostics/grid_sensitivity/output/stage1/primitives/rep_081.rds","1576751","7f21e2ca929fa7765d9dc7bcdc5af51cb8a0513a08cbd502c363d5ca92f3f2f1","grid-domain diagnostic","ignored"
"thesis_extension/diagnostics/grid_sensitivity/output/stage1/primitives/rep_082.rds","1576728","a4778b046503fd9801984fd680493d7ca1f7e3679954bccda813d27641fdd5bf","grid-domain diagnostic","ignored"
"thesis_extension/diagnostics/grid_sensitivity/output/stage1/primitives/rep_083.rds","1576679","a1a2b1c15331d39ea4777356d1463a708df4d7b4b6a38396fe4fbab934574d24","grid-domain diagnostic","ignored"
"thesis_extension/diagnostics/grid_sensitivity/output/stage1/primitives/rep_084.rds","1576628","36672c2b50310441832f573ffaa263be735aeb14ae589046db147b73c1dc794b","grid-domain diagnostic","ignored"
"thesis_extension/diagnostics/grid_sensitivity/output/stage1/primitives/rep_085.rds","1576564","35d7faf798762035286d8bcc1b1a9e0a55d7010e3ab9bc2d2ced785040ad9ca4","grid-domain diagnostic","ignored"
"thesis_extension/diagnostics/grid_sensitivity/output/stage1/primitives/rep_086.rds","1576665","50287c6d3ee65ac278efcdf7381507fd351b188ef63ef2f51443cefdf57fda92","grid-domain diagnostic","ignored"
"thesis_extension/diagnostics/grid_sensitivity/output/stage1/primitives/rep_087.rds","1576564","8363e3762a8536c10dcbb42f618c65656ad84ee4103bd3b01e64a9bfbb604f14","grid-domain diagnostic","ignored"
"thesis_extension/diagnostics/grid_sensitivity/output/stage1/primitives/rep_088.rds","1576712","5fd6fb2f8da8a2a38847144a9787bab9f5eaee77b0ba3be46a66ad7ec48507e5","grid-domain diagnostic","ignored"
"thesis_extension/diagnostics/grid_sensitivity/output/stage1/primitives/rep_089.rds","1576717","1e84a0a46f54dbc98fb7869a44978c819d3bd0f49df1909d236b667da7f8f73b","grid-domain diagnostic","ignored"
"thesis_extension/diagnostics/grid_sensitivity/output/stage1/primitives/rep_090.rds","1576723","5b42f222bcefd0be81f17b835735b0fbabfd8f66fea2a6f0f1d5b7c87a195838","grid-domain diagnostic","ignored"
"thesis_extension/diagnostics/grid_sensitivity/output/stage1/primitives/rep_091.rds","1576666","72f06fceb941526688ff0c0d778b0b6a5033bea25eecb56b1155885f9df36045","grid-domain diagnostic","ignored"
"thesis_extension/diagnostics/grid_sensitivity/output/stage1/primitives/rep_092.rds","1576541","8cbeaa1d7a7e5080f951485b01e06a8277b046689dbda99505ff3cbb95b7be07","grid-domain diagnostic","ignored"
"thesis_extension/diagnostics/grid_sensitivity/output/stage1/primitives/rep_093.rds","1576641","ada288acbcdee983f4b59c5b3a0cc9be9e14cb65a3e8f551d1953a8f13ecf738","grid-domain diagnostic","ignored"
"thesis_extension/diagnostics/grid_sensitivity/output/stage1/primitives/rep_094.rds","1576652","6f2c9a4c8d83e6b801eb19af520f5dfc4e203e259031f0077987c2182868c675","grid-domain diagnostic","ignored"
"thesis_extension/diagnostics/grid_sensitivity/output/stage1/primitives/rep_095.rds","1576515","39e514f7fa9d30cdc45bd8af5b839075152d68cece21be297b46edb3a9fcd2a9","grid-domain diagnostic","ignored"
"thesis_extension/diagnostics/grid_sensitivity/output/stage1/primitives/rep_096.rds","1576677","77611c69112d8fe7b9ca6f837ad64549e19c1f8f35f8d8eea5e2eff52a1df259","grid-domain diagnostic","ignored"
"thesis_extension/diagnostics/grid_sensitivity/output/stage1/primitives/rep_097.rds","1576595","18c8012cb07936de3fe9cdb292ea7d7074e94766723750862accc4b693ee78e8","grid-domain diagnostic","ignored"
"thesis_extension/diagnostics/grid_sensitivity/output/stage1/primitives/rep_098.rds","1576460","f31e897bea15904ad97f32c801602c7584fdbe6b28fb93e246f4b04b01933fed","grid-domain diagnostic","ignored"
"thesis_extension/diagnostics/grid_sensitivity/output/stage1/primitives/rep_099.rds","1576787","a01e78b8e72855df687dea39393566a1c496242fcb033d36b107ffb6cbd34931","grid-domain diagnostic","ignored"
"thesis_extension/diagnostics/grid_sensitivity/output/stage1/primitives/rep_100.rds","1576773","78adeac10c4d38b2587cc95293adfef42a4af12f8dc2827f3da6044212afde43","grid-domain diagnostic","ignored"
"thesis_extension/diagnostics/grid_sensitivity/output/stage1/stage1_config.txt","642","94e43be8dc18d141993d372f614ca398299f3c56266744d7d864f118f7dc918d","grid-domain diagnostic","tracked"
"thesis_extension/diagnostics/grid_sensitivity/output/stage1/stage1_expansion_metrics.csv","472316","ece310d8606fe1f28c976257a9211d474a6b6eaebcee8244ca4341e2bd61b0f2","grid-domain diagnostic","ignored"
"thesis_extension/diagnostics/grid_sensitivity/output/stage1/stage1_expansion_summary.csv","6195","e19949e07001362a81e5e0cfcf0ac9766b0a19724d75ff04600bc357dd3c036f","grid-domain diagnostic","tracked"
"thesis_extension/diagnostics/grid_sensitivity/output/stage1/stage1_failures.csv","174","54ea810b321d391b701dca88379ffe2782dc9b1110605d93cabb5f492e27d53f","grid-domain diagnostic","tracked"
"thesis_extension/diagnostics/grid_sensitivity/output/stage1/stage1_manifest.txt","584","d440bdd81cef92b8a7eec6b80d331a05e5a770615103f4d4955dd59c26b143ef","grid-domain diagnostic","tracked"
"thesis_extension/diagnostics/grid_sensitivity/output/stage1/stage1_primitive_hashes.csv","5325","ea4c9e73c4a6fa9ec121c94a637c4f02e9bb0cf085d23290653cb5adb8b38b9c","grid-domain diagnostic","tracked"
"thesis_extension/diagnostics/grid_sensitivity/output/stage1/stage1_profiles.csv","20611776","8e6ab1bea0e606e95f7a270c3da64380ffc0d28c2d2d942648f308b85e83054e","grid-domain diagnostic","ignored"
"thesis_extension/diagnostics/grid_sensitivity/output/stage1/stage1_range_metrics.csv","962094","0ba100d61f42c57cd9423e8bc67d0c820098b2313c67b23ae43114f564272659","grid-domain diagnostic","ignored"
"thesis_extension/diagnostics/grid_sensitivity/output/stage1/stage1_run_log.txt","335","e830965e1f548ebd1544ea8e6c1a604d48c3289ef5982fb87126adc5f406ef98","grid-domain diagnostic","tracked"
"thesis_extension/diagnostics/grid_sensitivity/output/stage1/stage1_sessionInfo.txt","853","42ab673070a88ccabd67e7fa1a10a0595f9c9135467a70368d0ff718de3d007f","grid-domain diagnostic","tracked"
"thesis_extension/diagnostics/grid_sensitivity/output/stage1/stage1_summary.csv","11480","35879c9d63e82e224c851956076918888dd48f9a5eb39b03395d85ceefb83225","grid-domain diagnostic","tracked"
"thesis_extension/diagnostics/grid_sensitivity/output/stage1/stage1_trigger_cells.csv","2178","f7185564123d7819f35dbb1e717a016a860eae1c6063e619a1fecb069542ffa5","grid-domain diagnostic","tracked"
"thesis_extension/diagnostics/grid_sensitivity/output/stage1/stage1_trigger_decision.txt","7963","e0ea0e90c375569fc2aa3cb2421f1825fd5c7183651fcafc87a735843d4d2e56","grid-domain diagnostic","tracked"
"thesis_extension/diagnostics/grid_sensitivity/output/stage2/combined_profiles_-5_7.csv","30793233","1fa1fc66af6d9b17a7c47d3d2af6bc371320065e786f6d5773901c1db0510020","grid-domain diagnostic","ignored"
"thesis_extension/diagnostics/grid_sensitivity/output/stage2/stage2_config.txt","642","ccc743f91a69406849cbdfdeb193ac0f05fc96714e1bc1dd390b23444227c659","grid-domain diagnostic","tracked"
"thesis_extension/diagnostics/grid_sensitivity/output/stage2/stage2_expansion_metrics.csv","580830","25734dba3a83033de61ce78c0934395b30215f44149a2ab6152ffcdb4428c8b3","grid-domain diagnostic","ignored"
"thesis_extension/diagnostics/grid_sensitivity/output/stage2/stage2_expansion_summary.csv","8565","d6d48959007761505b8bddd5009aa1f0edeae2fd9a9bc86f58fd53ef8fd38add","grid-domain diagnostic","tracked"
"thesis_extension/diagnostics/grid_sensitivity/output/stage2/stage2_failures.csv","73","345c084f403a28d060fe0ec6abc3029cc525a86677519f62ccd19304b938444e","grid-domain diagnostic","tracked"
"thesis_extension/diagnostics/grid_sensitivity/output/stage2/stage2_manifest.txt","620","4b21c32933b066f39aa254b1f1d2bd59d3d2cda49684d52a21fb0821abe21834","grid-domain diagnostic","tracked"
"thesis_extension/diagnostics/grid_sensitivity/output/stage2/stage2_range_metrics.csv","1460507","3a23fb676929914f7ed795d716267450277a3b4b98f663b00c32b9d0bed6c037","grid-domain diagnostic","ignored"
"thesis_extension/diagnostics/grid_sensitivity/output/stage2/stage2_run_log.txt","309","14390e130fa4ba5b03d06045c41f198c689d80984415f590cf95f71ed8ac1d86","grid-domain diagnostic","tracked"
"thesis_extension/diagnostics/grid_sensitivity/output/stage2/stage2_sessionInfo.txt","853","42ab673070a88ccabd67e7fa1a10a0595f9c9135467a70368d0ff718de3d007f","grid-domain diagnostic","tracked"
"thesis_extension/diagnostics/grid_sensitivity/output/stage2/stage2_summary.csv","17152","5162811ebbbf3cd3e077260bb5703b3d7c50a77f1466ac879f8749bcb938d304","grid-domain diagnostic","tracked"
"thesis_extension/diagnostics/grid_sensitivity/output/stage2/stage2_tail_profiles.csv","10181521","c8720cbcb58089985c75a0de2449a430b9ff339de78d1565b96b101a678bb6ac","grid-domain diagnostic","ignored"
"thesis_extension/environment/AUTHOR_R343_ENVIRONMENT_REPORT.md","5944","113ab0bfb90b3aa1433baed735113924d9849534aa7543d4fb4b899c9cb9d5d9","R environment provenance","tracked"
"thesis_extension/environment/SETUP_SECOND_LAPTOP.md","3731","506311b85d6858e150deb78064f15f1fe56a5ab904b08a7dc5b2aaa7483e1091","R environment provenance","tracked"
"thesis_extension/environment/check_author_environment.R","4619","2233d2682414476ffc0150872717f960b1160947401007db6cfeffef1e30dcd2","R environment provenance","tracked"
"thesis_extension/environment/installed_packages_R343.csv","5465","8dfc45ebb62ad8ad656b96cb4349343b0eaa679be1bc7b5c97050f2bee436cf4","R environment provenance","tracked"
"thesis_extension/environment/legacy_R343_library/Formula/CITATION","744","b6808a04368787d5e7fde383060dfbe30477bf83da0b5cabefe2d35abc8dda54","R environment provenance","tracked"
"thesis_extension/environment/legacy_R343_library/Formula/DESCRIPTION","886","a2b27d6ecd063e32232d5a3cfd454fdaccccdf6a4ef935af55b06d868217f69f","R environment provenance","tracked"
"thesis_extension/environment/legacy_R343_library/Formula/INDEX","230","cf5b0bb9acbf5c0de3ad5182bac92537d5f6ca2f20a5121b2affc31bb86dba77","R environment provenance","tracked"
"thesis_extension/environment/legacy_R343_library/Formula/MD5","1390","8dfec6b851ad650a576c386ca1174d7bfd446996f340cfb1f0561fb3358948fc","R environment provenance","tracked"
"thesis_extension/environment/legacy_R343_library/Formula/Meta/Rd.rds","402","9246a1083b4f3965cefaaaf95f0e744edb6ef719cda48c9cc2dfdfc3f0fc5e3c","R environment provenance","tracked"
"thesis_extension/environment/legacy_R343_library/Formula/Meta/features.rds","112","0c47f77934234b8ddfc04ba4cf55da90ab9ef317d3825782bd4282625c53d444","R environment provenance","tracked"
"thesis_extension/environment/legacy_R343_library/Formula/Meta/hsearch.rds","462","f00f416dbe3cd058233e26d8c75e40a7fa39c50c2f5f2e1ab1a579d7ea426351","R environment provenance","tracked"
"thesis_extension/environment/legacy_R343_library/Formula/Meta/links.rds","220","45a267bc134a6e9126387ba4abe18b3b679f9a3752515e6ed8314e6b31a5dbe4","R environment provenance","tracked"
"thesis_extension/environment/legacy_R343_library/Formula/Meta/nsInfo.rds","313","ce830a53903137221f64c291f8ff6ca596d6a3090adb022b379526af068f934d","R environment provenance","tracked"
"thesis_extension/environment/legacy_R343_library/Formula/Meta/package.rds","869","3de8e4226b20e4d1414380345e8a670f74af27921fcb12d273f06ad95b000922","R environment provenance","tracked"
"thesis_extension/environment/legacy_R343_library/Formula/Meta/vignette.rds","275","8f619c869e774a79c4c6528cb4329bd176d07200a9a0edfe2637402140d99240","R environment provenance","tracked"
"thesis_extension/environment/legacy_R343_library/Formula/NAMESPACE","799","664fc380c943ee2ebbc192d8fef1da2a175cf0d9947b0bfefcebfb846c6f3b36","R environment provenance","tracked"
"thesis_extension/environment/legacy_R343_library/Formula/NEWS","3766","493164ef0ccc034e46dabab0eda65675c1130880f17480923859f6b08a6fb0e2","R environment provenance","tracked"
"thesis_extension/environment/legacy_R343_library/Formula/R/Formula","1056","2fb8b16be23c820daf2e51b7ddfef61ca4978e561b1d228d546d1b356041f79e","R environment provenance","tracked"
"thesis_extension/environment/legacy_R343_library/Formula/R/Formula.rdb","10644","b4b5df47a8e0c0f99d7f587f33c6d25380f6c4c018079dfa1c547b1f86c8986a","R environment provenance","tracked"
"thesis_extension/environment/legacy_R343_library/Formula/R/Formula.rdx","542","0def403508835843e0ca69e4a76b40cf99fa5748a93b21d21a091bad8ac44c81","R environment provenance","tracked"
"thesis_extension/environment/legacy_R343_library/Formula/doc/Formula.R","5386","29f55a6d1abd09c0f710347de22e777332015725d4500ae07551444ad6156c16","R environment provenance","tracked"
"thesis_extension/environment/legacy_R343_library/Formula/doc/Formula.Rnw","25333","54c55ae0ebdadeca3e9cc64a7f343fb34ef87ed306a3db1b4dee3ee14760dc1c","R environment provenance","tracked"
"thesis_extension/environment/legacy_R343_library/Formula/doc/Formula.pdf","119311","1bef73b9c24f6c2a4880c293b50361fd152763ace57e2bbc8e83c8d4a81cff37","R environment provenance","tracked"
"thesis_extension/environment/legacy_R343_library/Formula/doc/index.html","1405","79cfc0f470af3bafed734a77779d8d02e1fb1d6fe5a3a9c3e75018cd5bda5d8d","R environment provenance","tracked"
"thesis_extension/environment/legacy_R343_library/Formula/help/AnIndex","515","62e6d1d8eee294f2f97ed7af89000c222d0e7eae374543cc0c07bfd3c1202a3d","R environment provenance","tracked"
"thesis_extension/environment/legacy_R343_library/Formula/help/Formula.rdb","15335","8d633c95a5ff128a48c6af41c8734b817f194234e29f87186ef8c5ef855d1a0e","R environment provenance","tracked"
"thesis_extension/environment/legacy_R343_library/Formula/help/Formula.rdx","187","5abfb84c8007c3014bc767c6fab1ff7de2d835f6bca801d5c4dcb3ec1a09551c","R environment provenance","tracked"
"thesis_extension/environment/legacy_R343_library/Formula/help/aliases.rds","197","5966a48027a2418c26f80eec7e9a763a6021419ef9ac836301a549324166b987","R environment provenance","tracked"
"thesis_extension/environment/legacy_R343_library/Formula/help/paths.rds","171","41766277f467e1a3dd1b1ce77be4dcba667146d02f3cd9632340328d3b67a04c","R environment provenance","tracked"
"thesis_extension/environment/legacy_R343_library/Formula/html/00Index.html","3992","133a6623eb1c7716ec9cc33738dfea7ee90bfe73b263ee0b3f61736f29e8187f","R environment provenance","tracked"
"thesis_extension/environment/legacy_R343_library/Formula/html/Formula.html","6907","99d5664cb20044d772048e57b58816266c2e55a357c798e800709b7e7ef07ca3","R environment provenance","tracked"
"thesis_extension/environment/legacy_R343_library/Formula/html/R.css","1335","0f4849ab1757247808d54da2c371e992364371c942ad7d629dae8d62327ed068","R environment provenance","tracked"
"thesis_extension/environment/legacy_R343_library/Formula/html/model.frame.Formula.html","9441","754ff1bc85bbd21545038b1f916aa496c625e4e60a65479008fd3f365280b289","R environment provenance","tracked"
"thesis_extension/environment/legacy_R343_library/MatrixModels/DESCRIPTION","776","8556e20454fadd1cf6e168850452aed5efef29793ef4ce7245f49672f3734b58","R environment provenance","tracked"
"thesis_extension/environment/legacy_R343_library/MatrixModels/INDEX","1029","1463fe6606743de344f860c7729035f78b4dd96983abf029298d1f1e41df97df","R environment provenance","tracked"
"thesis_extension/environment/legacy_R343_library/MatrixModels/MD5","1764","cb7953fd729fde9861d0b316dfaf9a73f5baa6392ad671323653adf0e59c8dd9","R environment provenance","tracked"
"thesis_extension/environment/legacy_R343_library/MatrixModels/Meta/Rd.rds","1070","fb53681d704a1795c048001650ad267870dae8b076932ebebe0aad172141022d","R environment provenance","tracked"
"thesis_extension/environment/legacy_R343_library/MatrixModels/Meta/features.rds","112","0c47f77934234b8ddfc04ba4cf55da90ab9ef317d3825782bd4282625c53d444","R environment provenance","tracked"
"thesis_extension/environment/legacy_R343_library/MatrixModels/Meta/hsearch.rds","1117","b4ba44d207bfa0e6fef48f4d4d7ae21d44059aad3cb40b970d09e7e50f22525d","R environment provenance","tracked"
"thesis_extension/environment/legacy_R343_library/MatrixModels/Meta/links.rds","587","8fe7acebcce6a1c56a27ced888c729dfe98a22d9beb5b4cdfe1f89d9e156f405","R environment provenance","tracked"
"thesis_extension/environment/legacy_R343_library/MatrixModels/Meta/nsInfo.rds","892","8194be676a7f39b0f07a8f914e992547cf9d6efb0d609b9cda1f9fbc6542f1f8","R environment provenance","tracked"
"thesis_extension/environment/legacy_R343_library/MatrixModels/Meta/package.rds","859","6c746f554179377a354c7be1dc71e24abe366d3849829dcecf44e1f56861a45c","R environment provenance","tracked"
"thesis_extension/environment/legacy_R343_library/MatrixModels/NAMESPACE","3488","9acf125e68f40cd0b7adac7e92dd0b37716ba05fe903a651a3d5f8d2f75f354f","R environment provenance","tracked"
"thesis_extension/environment/legacy_R343_library/MatrixModels/R/MatrixModels","1056","2fb8b16be23c820daf2e51b7ddfef61ca4978e561b1d228d546d1b356041f79e","R environment provenance","tracked"
"thesis_extension/environment/legacy_R343_library/MatrixModels/R/MatrixModels.rdb","261044","bf98fb84d76634eaa7bdafaaf98e632a176419f6da3915164d9c5d4bf0e557f4","R environment provenance","tracked"
"thesis_extension/environment/legacy_R343_library/MatrixModels/R/MatrixModels.rdx","1708","91058ed5a0233764da7a05be843077735a8c8d32033f2e48abb00fc46e9ff80d","R environment provenance","tracked"
"thesis_extension/environment/legacy_R343_library/MatrixModels/help/AnIndex","1905","67fce3b9c6b19f96fb60207089c47cc719217eeb4365d580d1cc0efd5e3b9757","R environment provenance","tracked"
"thesis_extension/environment/legacy_R343_library/MatrixModels/help/MatrixModels.rdb","52339","4dc0d7f9f53f2784538c7dd82ac96bcbf698f9aacfca250c690aecfcb90d3ef8","R environment provenance","tracked"
"thesis_extension/environment/legacy_R343_library/MatrixModels/help/MatrixModels.rdx","485","a687ce134462e564bf092fac9aa0ee81d32bc05a71f17503b8371573598d23ac","R environment provenance","tracked"
"thesis_extension/environment/legacy_R343_library/MatrixModels/help/aliases.rds","521","e239a88b1eed3154a7fd1dc45bdc96fafefa79b739dbf25561310cf6a821bff8","R environment provenance","tracked"
"thesis_extension/environment/legacy_R343_library/MatrixModels/help/paths.rds","294","72b0c170c2cb8239837b79001d9c7af44c9e1c594947b47f286fa18f4ba5d7e7","R environment provenance","tracked"
"thesis_extension/environment/legacy_R343_library/MatrixModels/html/00Index.html","6926","be4dd1c5550d1710f7c4d33e92ad8335aaf00caabd3deaa4f6a5b6afb7553292","R environment provenance","tracked"
"thesis_extension/environment/legacy_R343_library/MatrixModels/html/Model-class.html","2620","dbd2d13a2f98b302fccffcf533eb1c22143b6b6cd1822c6409b29d2f1cd919e2","R environment provenance","tracked"
"thesis_extension/environment/legacy_R343_library/MatrixModels/html/R.css","1335","0f4849ab1757247808d54da2c371e992364371c942ad7d629dae8d62327ed068","R environment provenance","tracked"
"thesis_extension/environment/legacy_R343_library/MatrixModels/html/glm4.html","8671","93d5c4e9291e7ecd3a559ba881f71d4af64a54b60dbb68efe05baa2aa4af57b2","R environment provenance","tracked"
"thesis_extension/environment/legacy_R343_library/MatrixModels/html/glpModel-class.html","2953","4e6747e068ac6701e2c3eb86b8cbf486a59a6a26a842918a165175d0db77743f","R environment provenance","tracked"
"thesis_extension/environment/legacy_R343_library/MatrixModels/html/lm.fit.sparse.html","6103","a33350eb7cdaa1682aa878f1636a1e56a51a9910d52b9129bf7c006aa60fe74c","R environment provenance","tracked"
"thesis_extension/environment/legacy_R343_library/MatrixModels/html/mkRespMod.html","3227","6bb931d075a70c40c76f8b9ff566ae2eec9c2a9c2f6477bb6f2a26b06acd5895","R environment provenance","tracked"
"thesis_extension/environment/legacy_R343_library/MatrixModels/html/model.Matrix.html","5238","57ccc6224ddd9f36d32251390d4ff8a584dfd7ad42acc652b8fe8d721e826e11","R environment provenance","tracked"
"thesis_extension/environment/legacy_R343_library/MatrixModels/html/modelMatrix-class.html","4634","f8c97b30fd7c51d383fdb4015c54d5cc17bf302fdaa46baf5bc955b42d059f10","R environment provenance","tracked"
"thesis_extension/environment/legacy_R343_library/MatrixModels/html/predModule-class.html","3798","bb9d6ffbdcfcf5e492791867a7a80ea5be484d81d8e1074013e71ee2dd3a597a","R environment provenance","tracked"
"thesis_extension/environment/legacy_R343_library/MatrixModels/html/resid-et-al.html","2339","423a412ac5652c2e4c6832327b8950aa7493fbe32ac01f7dbd98c9f543701376","R environment provenance","tracked"
"thesis_extension/environment/legacy_R343_library/MatrixModels/html/respModule-class.html","4732","347292e5c24ec77b2bdad2d6763a1be2a647aafdf04af9dc4dc9d6735070d9d5","R environment provenance","tracked"
"thesis_extension/environment/legacy_R343_library/MatrixModels/html/reweightPred.html","1911","063eedde367cbf956bbfc9e5a3a5c99fb1cba65bc5750a0ebb36241bb886c0bd","R environment provenance","tracked"
"thesis_extension/environment/legacy_R343_library/MatrixModels/html/solveCoef.html","1641","8bcb00975e4d92d9b0a2fb614f6aa1b950af26096b1e57c2bf3b4c13f82cf0d0","R environment provenance","tracked"
"thesis_extension/environment/legacy_R343_library/MatrixModels/html/updateMu.html","2500","7450cd27551ab7f6baf93240942f955f2eabd4ce5fb860dfffed43b8d183ad82","R environment provenance","tracked"
"thesis_extension/environment/legacy_R343_library/MatrixModels/html/updateWts.html","1616","c1e12a822d7310b935d8cecc3e2837cbb2a82262daeb482f84ddf912a3e09ef7","R environment provenance","tracked"
"thesis_extension/environment/legacy_R343_library/R6/DESCRIPTION","1094","9b16e566b949a9a7f6a143046e7f71d97fa4d53c6c1291d8cce4adb85c9af679","R environment provenance","tracked"
"thesis_extension/environment/legacy_R343_library/R6/INDEX","193","e4c57c4045348e8a29b44fb2700352c7287acb56203d8ce7b40460f7cb388aae","R environment provenance","tracked"
"thesis_extension/environment/legacy_R343_library/R6/LICENSE","37","70d024f12e68c5a569e845d9191ee8d0c74917632bec068173bb6dc54012980c","R environment provenance","tracked"
"thesis_extension/environment/legacy_R343_library/R6/MD5","1902","703956f09f1e37ef71996e608f6a4ee0ca229370b2d1eb3e37eb99e9e92c7b2d","R environment provenance","tracked"
"thesis_extension/environment/legacy_R343_library/R6/Meta/Rd.rds","314","2f9014e67b098bfdbfc7be82719fe1da69987b3251bf90523d4574022c370e2b","R environment provenance","tracked"
"thesis_extension/environment/legacy_R343_library/R6/Meta/features.rds","112","0c47f77934234b8ddfc04ba4cf55da90ab9ef317d3825782bd4282625c53d444","R environment provenance","tracked"
"thesis_extension/environment/legacy_R343_library/R6/Meta/hsearch.rds","349","cc41c221383fac5007173a707960f3e1120544ee51e6c7c08d94733b3d1ee42f","R environment provenance","tracked"
"thesis_extension/environment/legacy_R343_library/R6/Meta/links.rds","134","caf8a0d78c9e578a6c54af685d9dc70a3bf6c5a51bb5326826763309f561e0bc","R environment provenance","tracked"
"thesis_extension/environment/legacy_R343_library/R6/Meta/nsInfo.rds","261","0a1989d384e7560da4b2b41e1e903756e2fb8f4f8a24866a2b1a50da95281655","R environment provenance","tracked"
"thesis_extension/environment/legacy_R343_library/R6/Meta/package.rds","1064","5ad0f798ff2f44557cc706eb11f798e5fca562d6be4efa5746d34b82747f9526","R environment provenance","tracked"
"thesis_extension/environment/legacy_R343_library/R6/Meta/vignette.rds","327","04190af09f90990874e64a559d75f6be5fd9eef83f095691b473e7d43286530c","R environment provenance","tracked"
"thesis_extension/environment/legacy_R343_library/R6/NAMESPACE","240","07b7ec6387964ff782e5623b679c7629fdef2ab06c908c8b45b8c8397a0df1dd","R environment provenance","tracked"
"thesis_extension/environment/legacy_R343_library/R6/NEWS.md","4221","b86dc230b0485b5883ae371266a04dfe1cb79af599624402ea2714e971463366","R environment provenance","tracked"
"thesis_extension/environment/legacy_R343_library/R6/R/R6","1056","2fb8b16be23c820daf2e51b7ddfef61ca4978e561b1d228d546d1b356041f79e","R environment provenance","tracked"
"thesis_extension/environment/legacy_R343_library/R6/R/R6.rdb","9168","7d0213f39b891bb3a3db6b3484f90a48a21ad0a6c7f440954e607409d53053be","R environment provenance","tracked"
"thesis_extension/environment/legacy_R343_library/R6/R/R6.rdx","450","45b6ef311558e4078df23e120ccd4cf03b3016794e2b4b96c2a3e06f83e85056","R environment provenance","tracked"
"thesis_extension/environment/legacy_R343_library/R6/doc/Debugging.R","1026","c675589b1bc02a3a5afabb5ef507a6fd08939df49512425333bafaa531b7b268","R environment provenance","tracked"
"thesis_extension/environment/legacy_R343_library/R6/doc/Debugging.Rmd","2041","b158e412cae3fe49fb2397b3962e1eed01a9b2fa164d74150a4ec1cd646529f1","R environment provenance","tracked"
"thesis_extension/environment/legacy_R343_library/R6/doc/Debugging.html","53005","48324ab586004f95c1b8141d5e46606e835963ea55d74c1a1756355ccb801663","R environment provenance","tracked"
"thesis_extension/environment/legacy_R343_library/R6/doc/Introduction.R","10097","38248a8e1e25f4981cffb669a0b5dd0abe09e07ac4ded80ea82f182bd553b567","R environment provenance","tracked"
"thesis_extension/environment/legacy_R343_library/R6/doc/Introduction.Rmd","17881","22a433f906ff666ee096194fe61ae5abe6b32eb442ffb63846c6ece4f38c14ef","R environment provenance","tracked"
"thesis_extension/environment/legacy_R343_library/R6/doc/Introduction.html","72981","cbb9f21d608498922a08a71366049abc101ba010f9044a9905653fa22a3c2e40","R environment provenance","tracked"
"thesis_extension/environment/legacy_R343_library/R6/doc/Performance.R","14477","fa01ddc5143bf0a3a1eeaabf97106d6400e779ecd0128969b988641df6edae45","R environment provenance","tracked"
"thesis_extension/environment/legacy_R343_library/R6/doc/Performance.Rmd","23601","e6548c24c91046ece5abdb1ce9bed63a66156af9dc5ffc39cd5fee52af836a98","R environment provenance","tracked"
"thesis_extension/environment/legacy_R343_library/R6/doc/Performance.html","312254","a704945418902952776ec9849d7f9659b29d19a95ed4461011ec116f91168964","R environment provenance","tracked"
"thesis_extension/environment/legacy_R343_library/R6/doc/Portable.R","3242","cf1c8f29e521bb628f193e7aed1fb495c1bdbcacaa975476d58a782986208965","R environment provenance","tracked"
"thesis_extension/environment/legacy_R343_library/R6/doc/Portable.Rmd","8512","d4d77d2682902fe4885804f0edbb52a2000ec527949992f2a76108cb44ef1c49","R environment provenance","tracked"
"thesis_extension/environment/legacy_R343_library/R6/doc/Portable.html","60909","8c09de96c6b3e2c2e29d27f8eed6f9f27a6e8ce0198d3611cbadab3ab0ba01c2","R environment provenance","tracked"
"thesis_extension/environment/legacy_R343_library/R6/doc/index.html","2788","0ed2889904f4619f0dab83ac53b4120f7dc065d819e7bd12123418a29021dafd","R environment provenance","tracked"
"thesis_extension/environment/legacy_R343_library/R6/help/AnIndex","83","014d5af43e94142a54e052c429bd365b2a98d973c61cddf50790f23f2c71ab62","R environment provenance","tracked"
"thesis_extension/environment/legacy_R343_library/R6/help/R6.rdb","16486","f27b3c542990ae04b1061de90d3f389b02e52097254053592de48f65cd294ea3","R environment provenance","tracked"
"thesis_extension/environment/legacy_R343_library/R6/help/R6.rdx","202","610b191c9f81e60ed847ca1293774047eaa23dccbabc4b9d2987b9cebefd8a8d","R environment provenance","tracked"
"thesis_extension/environment/legacy_R343_library/R6/help/aliases.rds","100","14a12cee8662e1e7d484f6830cc991dfaed044144245ae6f81db2a49f98b4433","R environment provenance","tracked"
"thesis_extension/environment/legacy_R343_library/R6/help/paths.rds","178","1718f735e6913624814ae79c491af5c0de90975d62467564296dfa9c22c02f9a","R environment provenance","tracked"
"thesis_extension/environment/legacy_R343_library/R6/html/00Index.html","1678","5f592f798d7a5a83b907d4498e8f3e5dcbaa44e47190eefa8dd0ef5507751717","R environment provenance","tracked"
"thesis_extension/environment/legacy_R343_library/R6/html/R.css","1335","0f4849ab1757247808d54da2c371e992364371c942ad7d629dae8d62327ed068","R environment provenance","tracked"
"thesis_extension/environment/legacy_R343_library/R6/html/R6Class.html","16456","1331143c1939b55e9e82e8defc3450deedbea83c5f9b41349dadf7c264b9ad99","R environment provenance","tracked"
"thesis_extension/environment/legacy_R343_library/R6/html/as.list.R6.html","1162","7e8ac9f447f23dd53ae3e7743d0d20691e6cb50ee24b7081a857f22668b097f5","R environment provenance","tracked"
"thesis_extension/environment/legacy_R343_library/R6/html/is.R6.html","1532","d8cdf4fad741bbbde4315c0865147a2faf275d58bbea26101d7f1c63521a3efa","R environment provenance","tracked"
"thesis_extension/environment/legacy_R343_library/RColorBrewer/COPYING","2122","7c099f4fea951e648742c4e8bbfc6e87b5ddf79aabdf793cd9e4474ec50f671f","R environment provenance","tracked"
"thesis_extension/environment/legacy_R343_library/RColorBrewer/DESCRIPTION","699","1ed3b901106d705509a4c0f68f041babce00ac698a41493a807e434c7c86b85a","R environment provenance","tracked"
"thesis_extension/environment/legacy_R343_library/RColorBrewer/INDEX","46","f4fdf4e1e825768d85a489123a8cfbc5408f96d5e306bc087aee8f145bad00b8","R environment provenance","tracked"
"thesis_extension/environment/legacy_R343_library/RColorBrewer/MD5","1059","60ebbbe40423424a9fba97aea3047fd6ed6de40727aea1ebf60dfce90fb0a477","R environment provenance","tracked"
"thesis_extension/environment/legacy_R343_library/RColorBrewer/Meta/Rd.rds","284","0e93e74999a344f01845e7c7e1b1abb5aaeb0fe8a831021d1eeb6439b2beff9b","R environment provenance","tracked"
"thesis_extension/environment/legacy_R343_library/RColorBrewer/Meta/features.rds","112","0c47f77934234b8ddfc04ba4cf55da90ab9ef317d3825782bd4282625c53d444","R environment provenance","tracked"
"thesis_extension/environment/legacy_R343_library/RColorBrewer/Meta/hsearch.rds","364","4ea9a728f177337a021e9eefe277d6c944a67e1e52b65cc80035462485ae1c13","R environment provenance","tracked"
"thesis_extension/environment/legacy_R343_library/RColorBrewer/Meta/links.rds","194","f59b298de639660c0f02c5d140f893f2442d8c54e1ae4846fa0921a12b42d14a","R environment provenance","tracked"
"thesis_extension/environment/legacy_R343_library/RColorBrewer/Meta/nsInfo.rds","216","f3f419638574f097a4833bd7f3f8dbae8f0b8a67b84ad830947e598fd779ad76","R environment provenance","tracked"
"thesis_extension/environment/legacy_R343_library/RColorBrewer/Meta/package.rds","773","93a624460c590b04bcb0bf61e1ad4834d0cc17db5670ece3b41fd011cfefbdef","R environment provenance","tracked"
"thesis_extension/environment/legacy_R343_library/RColorBrewer/NAMESPACE","76","a849cfcc7ae268869aaafcc90d094e6dafd4ee6f414f210764194830fbdc47c5","R environment provenance","tracked"
"thesis_extension/environment/legacy_R343_library/RColorBrewer/R/RColorBrewer","1056","2fb8b16be23c820daf2e51b7ddfef61ca4978e561b1d228d546d1b356041f79e","R environment provenance","tracked"
"thesis_extension/environment/legacy_R343_library/RColorBrewer/R/RColorBrewer.rdb","12101","f0ac778df84b52cd5f3df864891d0a77e1659025e96f08a4f331ef47a994f154","R environment provenance","tracked"
"thesis_extension/environment/legacy_R343_library/RColorBrewer/R/RColorBrewer.rdx","421","0cdda74c9a8ec99165c6ef270061b4256aa18aea8a179a589e8fbb9e47e16631","R environment provenance","tracked"
"thesis_extension/environment/legacy_R343_library/RColorBrewer/help/AnIndex","232","b4fe9cf7727fcdbd2858eb539826a959d0efef6b9fb4fdf45a3e4bcfee389768","R environment provenance","tracked"
"thesis_extension/environment/legacy_R343_library/RColorBrewer/help/RColorBrewer.rdb","5540","d06f203697c347ab02525611cb0e8fb544720f86bc2db8aca11129e8cbd01c4d","R environment provenance","tracked"
"thesis_extension/environment/legacy_R343_library/RColorBrewer/help/RColorBrewer.rdx","153","d3baa3ce577495089577bd950aa84dab71ec49845174b7e8cfa06b0612947248","R environment provenance","tracked"
"thesis_extension/environment/legacy_R343_library/RColorBrewer/help/aliases.rds","132","bee52298924ee258559057de49012e2d58f933072e8c2b51063bc1e6ab5b62db","R environment provenance","tracked"
"thesis_extension/environment/legacy_R343_library/RColorBrewer/help/paths.rds","156","61328726776a93a14ee2070f03fbd3a77b862881b4c71d13dc4bf7bf5e0f29d1","R environment provenance","tracked"
"thesis_extension/environment/legacy_R343_library/RColorBrewer/html/00Index.html","1968","0767e0b7d62b8ce21ca261acb7179d9db65da82b88482c779243cd2cacec75bf","R environment provenance","tracked"
"thesis_extension/environment/legacy_R343_library/RColorBrewer/html/ColorBrewer.html","7203","f09462cf3582d2fb814e894821d6879da0c1ebe225c797e46e913516f75de098","R environment provenance","tracked"
"thesis_extension/environment/legacy_R343_library/RColorBrewer/html/R.css","1335","0f4849ab1757247808d54da2c371e992364371c942ad7d629dae8d62327ed068","R environment provenance","tracked"
"thesis_extension/environment/legacy_R343_library/Rcpp/CITATION","2385","2535ba5458b27bba991ee360552cb19e7e6d74d0a7b36772337c9a32ec040b16","R environment provenance","tracked"
"thesis_extension/environment/legacy_R343_library/Rcpp/DESCRIPTION","1724","b77ed2405718a41dfd5d075e5076a6c4f64fe21dc4923284a709c1c8d5be0b3f","R environment provenance","tracked"
"thesis_extension/environment/legacy_R343_library/Rcpp/INDEX","1948","520801de5c9e22c6b1f544eef7ca72c4063cead6552347f4e9ee72419357bd88","R environment provenance","tracked"
"thesis_extension/environment/legacy_R343_library/Rcpp/MD5","43652","94e1ed79a181b8f649e4946de2fc16ab9121cfe54111c4854ef4a161234dd11e","R environment provenance","tracked"
"thesis_extension/environment/legacy_R343_library/Rcpp/Meta/Rd.rds","1568","11b6433614935463929972c469de309968e5d73c801f4f5a6e3e568852791f35","R environment provenance","tracked"
"thesis_extension/environment/legacy_R343_library/Rcpp/Meta/features.rds","112","0c47f77934234b8ddfc04ba4cf55da90ab9ef317d3825782bd4282625c53d444","R environment provenance","tracked"
"thesis_extension/environment/legacy_R343_library/Rcpp/Meta/hsearch.rds","1482","bcbf8cbcc95822d01ef079c5b257874933c94c473ddef12880b4515666b71657","R environment provenance","tracked"
"thesis_extension/environment/legacy_R343_library/Rcpp/Meta/links.rds","780","fdfcb74bf79e8abd8eee6c6af1afe98388a9dd2ab4851f0a4375e65d6f4120b9","R environment provenance","tracked"
"thesis_extension/environment/legacy_R343_library/Rcpp/Meta/nsInfo.rds","665","24865319fa8b977bf0b9e945b849bb5b7b51096de1b8abc2a46533e1b17a9b03","R environment provenance","tracked"
"thesis_extension/environment/legacy_R343_library/Rcpp/Meta/package.rds","1454","7f81169836e3c24b8375eef3a746f6d156cc3dff3affdda7ce326280ad6d39e6","R environment provenance","tracked"
"thesis_extension/environment/legacy_R343_library/Rcpp/Meta/vignette.rds","518","bf74f28458f1b009b295418b022ae0c4c5494f34037e4c67696e9c067c44cc61","R environment provenance","tracked"
"thesis_extension/environment/legacy_R343_library/Rcpp/NAMESPACE","1095","527e9dd713b351ca83aa221f44cb333a1d44b96858811546ccca7d3e1884310c","R environment provenance","tracked"
"thesis_extension/environment/legacy_R343_library/Rcpp/NEWS.Rd","117143","b8c7c92646a508e8424667ff01a949aec547b4d322ddb6f0a931f5549eb24cf9","R environment provenance","tracked"
"thesis_extension/environment/legacy_R343_library/Rcpp/R/Rcpp","1056","2fb8b16be23c820daf2e51b7ddfef61ca4978e561b1d228d546d1b356041f79e","R environment provenance","tracked"
"thesis_extension/environment/legacy_R343_library/Rcpp/R/Rcpp.rdb","164996","474c787889a1bc906d56ef2f923383d3f18cbcd0705b0499185e9acf77e0fee2","R environment provenance","tracked"
"thesis_extension/environment/legacy_R343_library/Rcpp/R/Rcpp.rdx","3017","0b77b327ef9a57713d2fe60dfa4929f9c9f20fe45c79be39c389c49f1bcc44fe","R environment provenance","tracked"
"thesis_extension/environment/legacy_R343_library/Rcpp/README","1789","1a77e8d137ad763c80af3859891398e6780e22812a85c9ed76dc9152ee6b74ee","R environment provenance","tracked"
"thesis_extension/environment/legacy_R343_library/Rcpp/THANKS","2077","3bb6baa291b15b6d5a5533c64f9d9dd7316195112719ca2792338493b1d83833","R environment provenance","tracked"
"thesis_extension/environment/legacy_R343_library/Rcpp/announce/ANNOUNCE-0.10.0.txt","6353","7296bdcfd6b3dfae18014a06a536600fdb5f1aab9a9fa94456d986ae08d050ea","R environment provenance","tracked"
"thesis_extension/environment/legacy_R343_library/Rcpp/announce/ANNOUNCE-0.11.0.txt","4172","e064c9a77a4acdc55eb9074495d0229687d99d0a36420481981e9f2675011925","R environment provenance","tracked"
"thesis_extension/environment/legacy_R343_library/Rcpp/announce/ANNOUNCE-0.6.0.txt","2602","178c35db0d2fd6febc8a0ce764da72956d4684fa965a1b2bc8aa395d25bf610d","R environment provenance","tracked"
"thesis_extension/environment/legacy_R343_library/Rcpp/announce/ANNOUNCE-0.7.0.txt","2707","787a81fa26374777bf2b292f499be73eda1ffdfa196175d8045415f00911b866","R environment provenance","tracked"
"thesis_extension/environment/legacy_R343_library/Rcpp/announce/ANNOUNCE-0.8.0.txt","11390","3e253e4ccded0c4058b446efb9ad551bc7423acb25e23f5d81b7b080cc0dacff","R environment provenance","tracked"
"thesis_extension/environment/legacy_R343_library/Rcpp/announce/ANNOUNCE-0.9.0.txt","7339","381ffaeff1e689348010fd77f3b505df44677208a70209b4ca0e3090f945616f","R environment provenance","tracked"
"thesis_extension/environment/legacy_R343_library/Rcpp/bib/Rcpp.bib","26418","c36fca7119363e491f32f281a122ee8896e5a4ee7b1a32029ba2a61b709a6204","R environment provenance","tracked"
"thesis_extension/environment/legacy_R343_library/Rcpp/discovery/cxx0x.R","1656","f23f0446f42456501a710b85e5e67f91b312aae58856ad0f220b3eee9c43d8a1","R environment provenance","tracked"
"thesis_extension/environment/legacy_R343_library/Rcpp/doc/Rcpp-FAQ.R","8102","5cb7f88f48374d42f488d8aed5fe3ac4c2134e0895f8526c3d3f6532d0ed329b","R environment provenance","tracked"
"thesis_extension/environment/legacy_R343_library/Rcpp/doc/Rcpp-FAQ.Rmd","64035","dd72260ffd46a78277a19b543c5f9e84ea72fe1bf06108bbc25877f318b402dc","R environment provenance","tracked"
"thesis_extension/environment/legacy_R343_library/Rcpp/doc/Rcpp-FAQ.pdf","302940","d2a1102febb19abb18e55e740c0cead34c0eef91950d28b26e6c12106aaf6126","R environment provenance","tracked"
"thesis_extension/environment/legacy_R343_library/Rcpp/doc/Rcpp-attributes.R","1438","9edb5762590c2bd541fc8e6e2662694287a67e00c27486175f732cb8d316b1ee","R environment provenance","tracked"
"thesis_extension/environment/legacy_R343_library/Rcpp/doc/Rcpp-attributes.Rmd","29494","03a057b084963e7dce5988817d2d313bd103277a058095051ab612ebbdbca3ae","R environment provenance","tracked"
"thesis_extension/environment/legacy_R343_library/Rcpp/doc/Rcpp-attributes.pdf","220996","b92cbdb977f861b3b27c0ae4123641cfedcd6114e6bbdbbb9610c25b1d7825c6","R environment provenance","tracked"
"thesis_extension/environment/legacy_R343_library/Rcpp/doc/Rcpp-extending.R","210","8fdfd35a67698f6b95162bf83cab91216284aa8bd1079781d30e263bfd68eddb","R environment provenance","tracked"
"thesis_extension/environment/legacy_R343_library/Rcpp/doc/Rcpp-extending.Rmd","10212","cf9a844ba60968ac178acf7a88b76b7a04a93e694be79bba67d026683d53354a","R environment provenance","tracked"
"thesis_extension/environment/legacy_R343_library/Rcpp/doc/Rcpp-extending.pdf","177541","36737bd789be64021676acb622ab7e741ea56f84d44803d286e6c360b8f5e7ad","R environment provenance","tracked"
"thesis_extension/environment/legacy_R343_library/Rcpp/doc/Rcpp-introduction.R","3514","69df74fc6a2340fb4185a3e15e1d62ff136bb390d3fa84efc8395769b301ee50","R environment provenance","tracked"
"thesis_extension/environment/legacy_R343_library/Rcpp/doc/Rcpp-introduction.Rmd","41809","927ab35b1f8602566f084d493f5a5141e8e3823aacfd1b29156b7790c83932dc","R environment provenance","tracked"
"thesis_extension/environment/legacy_R343_library/Rcpp/doc/Rcpp-introduction.pdf","517512","eb59c5cb264d4af1012ff0dfaa46cc5c05e3db37a454a6506cc670e65d56aeec","R environment provenance","tracked"
"thesis_extension/environment/legacy_R343_library/Rcpp/doc/Rcpp-jss-2011.R","347","8c8aa004a9e15172173c9e1cbd3f54be14b49f5e35662a264c52861ea0c09489","R environment provenance","tracked"
"thesis_extension/environment/legacy_R343_library/Rcpp/doc/Rcpp-jss-2011.Rnw","47146","e8970249313e6bfd9fc1ef4477cf2e8f91325b2acb83f999d86ea470b64c39cb","R environment provenance","tracked"
"thesis_extension/environment/legacy_R343_library/Rcpp/doc/Rcpp-jss-2011.pdf","299398","220a140988946691741951e3dc097a6125bd7e287b2db8785afeaea634745f09","R environment provenance","tracked"
"thesis_extension/environment/legacy_R343_library/Rcpp/doc/Rcpp-modules.R","4919","30996e0ee614262467fde63332d9e3bbc642e7ae1fa45921a1f7ec8f865e52e5","R environment provenance","tracked"
"thesis_extension/environment/legacy_R343_library/Rcpp/doc/Rcpp-modules.Rmd","30559","27c7c2ba76ee82a9045e3af9d8dbebd8ec66fd79b69f2f6724fcafc166f49736","R environment provenance","tracked"
"thesis_extension/environment/legacy_R343_library/Rcpp/doc/Rcpp-modules.pdf","228766","c8133ef63c8bae03cf444719205cc7f28a776c85fba94036a6484f6d92f71dc9","R environment provenance","tracked"
"thesis_extension/environment/legacy_R343_library/Rcpp/doc/Rcpp-package.Rmd","15282","7036071d037e9eed3c3408146b88deaaf434ca0c71631a1fa710a3677bdea7f8","R environment provenance","tracked"
"thesis_extension/environment/legacy_R343_library/Rcpp/doc/Rcpp-package.pdf","227308","3648a585901470df9ccd78c054eb93f0c5da8bee8d7da4d001cac0963fff8e41","R environment provenance","tracked"
"thesis_extension/environment/legacy_R343_library/Rcpp/doc/Rcpp-quickref.R","1407","b89e87bd449772e6ed8f3bf00681c7261b4ee8eb056b3e00d689be2003564112","R environment provenance","tracked"
"thesis_extension/environment/legacy_R343_library/Rcpp/doc/Rcpp-quickref.Rmd","11942","ab84bafc50521bc83a16a891c6e88778f5c2243cbe3184b4cf0ccb3920fbe088","R environment provenance","tracked"
"thesis_extension/environment/legacy_R343_library/Rcpp/doc/Rcpp-quickref.pdf","161201","cf631670cc0be6019a75aa65b893f2be4131415d761677b2a39214ce317b1610","R environment provenance","tracked"
"thesis_extension/environment/legacy_R343_library/Rcpp/doc/Rcpp-sugar.R","147","555f40df51532c929d24f66f1467b63c7e25199c4eeefcb2f61213d83e87bbcb","R environment provenance","tracked"
"thesis_extension/environment/legacy_R343_library/Rcpp/doc/Rcpp-sugar.Rmd","23276","8e2b59fb6df35314796aca426da6a2fe80184b13c6d4b94503f2f278e1187724","R environment provenance","tracked"
"thesis_extension/environment/legacy_R343_library/Rcpp/doc/Rcpp-sugar.pdf","214924","4495106e64d533ad2ab1bead5fca80e7d8f9ede07226753d4f492f538ebfff01","R environment provenance","tracked"
"thesis_extension/environment/legacy_R343_library/Rcpp/doc/Rcpp-unitTests.R","2097","21935181182a3512d5781bb6e786c96c422689b68f94dade7bda8584875314fd","R environment provenance","tracked"
"thesis_extension/environment/legacy_R343_library/Rcpp/doc/Rcpp-unitTests.Rnw","2521","636b88d3f46c18ddb275c2f26fa909ad796b82fbbcdc2f0b942cd001ff3719e5","R environment provenance","tracked"
"thesis_extension/environment/legacy_R343_library/Rcpp/doc/Rcpp-unitTests.pdf","58849","cb7bf5a2dbad551d06ea63dcd8cf24dc53b732a8df001b0a97f309848c1a5ec7","R environment provenance","tracked"
"thesis_extension/environment/legacy_R343_library/Rcpp/doc/Rcpp.bib","26418","c36fca7119363e491f32f281a122ee8896e5a4ee7b1a32029ba2a61b709a6204","R environment provenance","tracked"
"thesis_extension/environment/legacy_R343_library/Rcpp/doc/index.html","5866","b548a8d7dcceb663ef74658310faa8b1021028d7f40ea4729b43577ab69e24b4","R environment provenance","tracked"
"thesis_extension/environment/legacy_R343_library/Rcpp/examples/Attributes/Depends.cpp","840","3edd409a061fc1380a81abd8d467c8c483b37734c5a07ef6eb77437b47b9c5cb","R environment provenance","tracked"
"thesis_extension/environment/legacy_R343_library/Rcpp/examples/Attributes/Export.cpp","743","86d4da289ebb6bdaed64380d30b7b936922ec8d4e5b82fb37386b1ae575aba48","R environment provenance","tracked"
"thesis_extension/environment/legacy_R343_library/Rcpp/examples/Attributes/cppFunction.R","1282","0a0bf2a04f8c9e2e662617820589e88ef572150799b5234faa9d686ea6c2f33d","R environment provenance","tracked"
"thesis_extension/environment/legacy_R343_library/Rcpp/examples/Attributes/sourceCpp.R","111","d32c655ed9942eea8cd5ba0084a419c32d0a2c61da9b4722b2b5f37bad9faf91","R environment provenance","tracked"
"thesis_extension/environment/legacy_R343_library/Rcpp/examples/ConvolveBenchmarks/GNUmakefile","969","5575f124b2902edaa1c1a7693e4a6d83be812b618bddb26890bbd012faba41aa","R environment provenance","tracked"
"thesis_extension/environment/legacy_R343_library/Rcpp/examples/ConvolveBenchmarks/buildAndRun.sh","683","1d0a1092a88d632fedbbb3fab5e76317e71a40a3f179e4e53896f39c24ee980b","R environment provenance","tracked"
"thesis_extension/environment/legacy_R343_library/Rcpp/examples/ConvolveBenchmarks/convolve10_cpp.cpp","1021","4a4b9fc3b8cf2e796d9f4adf08c3fab03ee9d01710026754211e130dd4aa1002","R environment provenance","tracked"
"thesis_extension/environment/legacy_R343_library/Rcpp/examples/ConvolveBenchmarks/convolve10_cpp.h","517","941f7f9304d2b3f2a33cf7d57fc0ce486c81aefe6362bdf28d98982509fe30b4","R environment provenance","tracked"
"thesis_extension/environment/legacy_R343_library/Rcpp/examples/ConvolveBenchmarks/convolve11_cpp.cpp","626","6d7864bb9d4e71219af40cbb574d78eb06e78af7eb18f759e4444d7456b66b49","R environment provenance","tracked"
"thesis_extension/environment/legacy_R343_library/Rcpp/examples/ConvolveBenchmarks/convolve12_cpp.cpp","676","4f41973344e02ea46a4460fc77d979d728031c56e8eb249b053b68369f00e400","R environment provenance","tracked"
"thesis_extension/environment/legacy_R343_library/Rcpp/examples/ConvolveBenchmarks/convolve13_cpp.cpp","705","6e1727885f4427d3ad8770027210e41035ed5ff60c76ecb7059d572297b76882","R environment provenance","tracked"
"thesis_extension/environment/legacy_R343_library/Rcpp/examples/ConvolveBenchmarks/convolve14_cpp.cpp","624","b1b384a629967f6d066cb0be5e453eb26c76189b6d9a1ba45af9e48c683944c0","R environment provenance","tracked"
"thesis_extension/environment/legacy_R343_library/Rcpp/examples/ConvolveBenchmarks/convolve2_c.c","647","6d774645a9cfb570f2440bb447ab5a9876bd1733f07d739a1867e34ab629a822","R environment provenance","tracked"
"thesis_extension/environment/legacy_R343_library/Rcpp/examples/ConvolveBenchmarks/convolve3_cpp.cpp","584","d55f83bed4fc59fca253703f142906b2969ccb05b6650b76789dfc65846099bc","R environment provenance","tracked"
"thesis_extension/environment/legacy_R343_library/Rcpp/examples/ConvolveBenchmarks/convolve4_cpp.cpp","675","4d8058926fd44be55ed333e1fd7ad0e7e8ec158ed5dd3ffc6164bd6d982e5aca","R environment provenance","tracked"
"thesis_extension/environment/legacy_R343_library/Rcpp/examples/ConvolveBenchmarks/convolve5_cpp.cpp","550","96b10f190e4ee99ecf17af16efacc4d42a0c970b32885b3d3c5dc6b7d6ba1efc","R environment provenance","tracked"
"thesis_extension/environment/legacy_R343_library/Rcpp/examples/ConvolveBenchmarks/convolve7_c.c","642","f39bd7faac3dc0ccb8b9851f514ef0ff0c6d9bbe37194582ce872b1970068bf2","R environment provenance","tracked"
"thesis_extension/environment/legacy_R343_library/Rcpp/examples/ConvolveBenchmarks/convolve8_cpp.cpp","1209","bf790d285e850feee1e93cb2bc1fb56a901dfd43a3f1730ef20dd495858feede","R environment provenance","tracked"
"thesis_extension/environment/legacy_R343_library/Rcpp/examples/ConvolveBenchmarks/convolve9_cpp.cpp","1507","fafd0bd92e3774417956d7f60334d8aa79b9e31d000912443438c606d4813249","R environment provenance","tracked"
"thesis_extension/environment/legacy_R343_library/Rcpp/examples/ConvolveBenchmarks/exampleRCode.r","3588","80876c23b6640a9a6d40950557b8f7dd699c082644e8df904ed42a1c23fc1ed5","R environment provenance","tracked"
"thesis_extension/environment/legacy_R343_library/Rcpp/examples/ConvolveBenchmarks/loopmacro.h","430","3ce76bc77b0e265799fbe65e8ab7fafb001de8c8bfbb4dae7c80d64d01a15030","R environment provenance","tracked"
"thesis_extension/environment/legacy_R343_library/Rcpp/examples/ConvolveBenchmarks/overhead.r","717","437b7e3123921992dc55d89cdb49c3613b6e44b843980feb38d331e8a5afe3d1","R environment provenance","tracked"
"thesis_extension/environment/legacy_R343_library/Rcpp/examples/ConvolveBenchmarks/overhead.sh","405","b688e470061d9a83d615ef51ac7abe335547f7423e800634a0e2dfeac8d6cdbd","R environment provenance","tracked"
"thesis_extension/environment/legacy_R343_library/Rcpp/examples/ConvolveBenchmarks/overhead_1.cpp","498","ca42ab8954a60dd69055d7b038698445e547f12812634dd0b0c63fd2733b521a","R environment provenance","tracked"
"thesis_extension/environment/legacy_R343_library/Rcpp/examples/ConvolveBenchmarks/overhead_2.c","501","b3842c3d2375bea90c5fe432e27c7ebd6dc81028ceb3aa7318645334d8fe4b2d","R environment provenance","tracked"
"thesis_extension/environment/legacy_R343_library/Rcpp/examples/FastLM/benchmark.r","1781","7be9166e007cac5ac8c1f0fb33ae395a5414923cbdc7faaace57f42d8d64aa5e","R environment provenance","tracked"
"thesis_extension/environment/legacy_R343_library/Rcpp/examples/FastLM/benchmarkLongley.r","1834","c11ab2e91232b21112fdaa7ae8d4660dc3b518bb5ae28da28fb27f166524f2f5","R environment provenance","tracked"
"thesis_extension/environment/legacy_R343_library/Rcpp/examples/FastLM/fastLMviaArmadillo.r","1578","21a059cb34a2ce2475d494f8bb5a9124d284d3f61a283323d74aed0455aba6db","R environment provenance","tracked"
"thesis_extension/environment/legacy_R343_library/Rcpp/examples/FastLM/fastLMviaGSL.r","1555","3b7cddc5c0c81936ea8afbd4439b4875999e89b1ecd8000105b2f7468564bc57","R environment provenance","tracked"
"thesis_extension/environment/legacy_R343_library/Rcpp/examples/FastLM/lmArmadillo.R","3217","c6b793265c756b641528832f8e42ed3333b3afecb55531b6f82435cc6e8fcb5e","R environment provenance","tracked"
"thesis_extension/environment/legacy_R343_library/Rcpp/examples/FastLM/lmGSL.R","3859","da1e7ead0e5ae609c388e6ddd27b1de8abafd0125dc36b4355d6fbe2bcd8c80b","R environment provenance","tracked"
"thesis_extension/environment/legacy_R343_library/Rcpp/examples/Misc/fibonacci.r","1328","abb5de9329fd6d5c5431dcc8c53fa066565de0553e437e5f0b20586773e68973","R environment provenance","tracked"
"thesis_extension/environment/legacy_R343_library/Rcpp/examples/Misc/ifelseLooped.r","3084","eee67f016448de8d45030d024912dd7d406bdb79a4d5814cc8b7fc91e25540cb","R environment provenance","tracked"
"thesis_extension/environment/legacy_R343_library/Rcpp/examples/Misc/newFib.r","836","6f5ce89ef65c1ef2e69d046eb29b294e47d1a20ef04830f9e3c7ed08d819950f","R environment provenance","tracked"
"thesis_extension/environment/legacy_R343_library/Rcpp/examples/Misc/piBySimulation.r","438","8dd4a24d599160e334e6ae0d16f3032799ca5e7af6b4581efd730c91e3f266a5","R environment provenance","tracked"
"thesis_extension/environment/legacy_R343_library/Rcpp/examples/Misc/piSugar.cpp","273","4ad140d8dbece2c6fe8b79dee0b2b938aad80578079a43f6ca74d397427addba","R environment provenance","tracked"
"thesis_extension/environment/legacy_R343_library/Rcpp/examples/OpenMP/GNUmakefile","967","171f723be35e7b6a448dfcb00cfa1c952ab31ad7d24eeec712031ba764bd5dcc","R environment provenance","tracked"
"thesis_extension/environment/legacy_R343_library/Rcpp/examples/OpenMP/OpenMPandInline.r","2829","a38bcf882ccd546d078d6958a29cd790085554b34c392209ceae10954249ad1b","R environment provenance","tracked"
"thesis_extension/environment/legacy_R343_library/Rcpp/examples/OpenMP/check.R","152","ee68c1623bd3d9528a4410c9c1f024230f3f224a6d3c697540e4b48634aa313e","R environment provenance","tracked"
"thesis_extension/environment/legacy_R343_library/Rcpp/examples/OpenMP/piWithInterrupts.cpp","3175","b43f4ba4704930ace8c0be8aec145cf6fbc8df8a30db82d27db57628ba459184","R environment provenance","tracked"
"thesis_extension/environment/legacy_R343_library/Rcpp/examples/RcppGibbs/RcppGibbs.R","8674","5174178aea2058f31501b228966f03c9225eb5ceea74a8887dac7ba6f15e25a2","R environment provenance","tracked"
"thesis_extension/environment/legacy_R343_library/Rcpp/examples/RcppGibbs/timeRNGs.R","4004","10388ef0d9c107dfe5d62bea072f5bf74b5c3dd70fdb9f5d2f761d8bfb070074","R environment provenance","tracked"
"thesis_extension/environment/legacy_R343_library/Rcpp/examples/RcppInline/RObject.r","8755","8668e858c97e6628d40667d398afb6fb3c113bf64faccc93871b9740e25d345d","R environment provenance","tracked"
"thesis_extension/environment/legacy_R343_library/Rcpp/examples/RcppInline/RcppInlineExample.r","1274","904051b5d97ab2f586ea202e2553221535f5b350f1eb93ddda3c605b0d916710","R environment provenance","tracked"
"thesis_extension/environment/legacy_R343_library/Rcpp/examples/RcppInline/RcppInlineWithLibsExamples.r","9429","00c33f9305fc5ff05a0a7ae32a7fb31ca500dbc2ea8407eabd4eafac875616df","R environment provenance","tracked"
"thesis_extension/environment/legacy_R343_library/Rcpp/examples/RcppInline/RcppSimpleExample.r","650","3d172dd832ab529dc562ed8ff76f659f46ea6a7dfdb67f38aef352adb37da308","R environment provenance","tracked"
"thesis_extension/environment/legacy_R343_library/Rcpp/examples/RcppInline/UncaughtExceptions.r","1686","cd0681b95b5e3b3df09f4267cd58cb0c599733c02df3824d5681cd946255e40b","R environment provenance","tracked"
"thesis_extension/environment/legacy_R343_library/Rcpp/examples/RcppInline/external_pointer.r","4038","2351113925f5199f477bff5794fea3ec7778d341d3367eb5c1e61375e42ee3a8","R environment provenance","tracked"
"thesis_extension/environment/legacy_R343_library/Rcpp/examples/SugarPerformance/Timer.h","1759","866afa267557a7dedeff2ab4234288e7da9fdd6ad846ab5f427e51fb2f34bce2","R environment provenance","tracked"
"thesis_extension/environment/legacy_R343_library/Rcpp/examples/SugarPerformance/Timertest.cpp","1091","156f2d4ac155a6e76e052bdb1b58b5efbc29856943902cd1091ec48cdde89301","R environment provenance","tracked"
"thesis_extension/environment/legacy_R343_library/Rcpp/examples/SugarPerformance/sugarBenchmarks.R","5606","109ecfab5325e8e2067ca22fcbd1727f0ff116ea82e1e04b3f43fecf8fec4c42","R environment provenance","tracked"
"thesis_extension/environment/legacy_R343_library/Rcpp/examples/functionCallback/README","944","d1d20b768bddbeab1db82c163314604948142940a5e028eaafe122ee2f3711ee","R environment provenance","tracked"
"thesis_extension/environment/legacy_R343_library/Rcpp/examples/functionCallback/newApiExample.r","1551","af04c265f022fdd60cddc16553003391c08a143db7d0befa595eb919086e9d33","R environment provenance","tracked"
"thesis_extension/environment/legacy_R343_library/Rcpp/examples/performance/extractors.R","3163","38cd58d7e888ec5dd2eb0f0d9a3f8d011eaeb75390b0dcce6eee9a1c80df1269","R environment provenance","tracked"
"thesis_extension/environment/legacy_R343_library/Rcpp/examples/performance/performance.R","831","82531eb746ced2cd7eec676a5179a40f36f9901c6953e9a4effd82366dd2188a","R environment provenance","tracked"
"thesis_extension/environment/legacy_R343_library/Rcpp/help/AnIndex","1806","18758af8d505b5dbb2e5608f676359e565f26996b99bd8b8226a11e6b469f406","R environment provenance","tracked"
"thesis_extension/environment/legacy_R343_library/Rcpp/help/Rcpp.rdb","90141","d06ca338be45eaf3caa182650fc4a35fed4656999e3ae1de5da28a688b8fea18","R environment provenance","tracked"
"thesis_extension/environment/legacy_R343_library/Rcpp/help/Rcpp.rdx","947","5dfd2530211149338ab34260b2035e278ad19ac8eddd28f2e6069dfcf57338de","R environment provenance","tracked"
"thesis_extension/environment/legacy_R343_library/Rcpp/help/aliases.rds","650","1918b988a2dac26a6099349a39b969b3cbd9e2063ebb334e2705e81284e6df78","R environment provenance","tracked"
"thesis_extension/environment/legacy_R343_library/Rcpp/help/paths.rds","494","0a67a9c97423a2488c46559eaa82e4ba726347d621e33b54ae8a12537d44786d","R environment provenance","tracked"
"thesis_extension/environment/legacy_R343_library/Rcpp/html/00Index.html","7530","f9f843194e93c14b0373c6e7426fd7b0dd85ca3504f3348fca84cbcfd1c685ce","R environment provenance","tracked"
"thesis_extension/environment/legacy_R343_library/Rcpp/html/CppClass-class.html","2151","1bc5089a4130f5830b0ce72be35d48372e2d2e25a83390e56f75a20ad367ef3d","R environment provenance","tracked"
"thesis_extension/environment/legacy_R343_library/Rcpp/html/CppConstructor-class.html","2000","7ce3f254e3085b0682316ba20025493d0bb8b063456681f6fc2c75214435d754","R environment provenance","tracked"
"thesis_extension/environment/legacy_R343_library/Rcpp/html/CppField-class.html","1575","15c5f98c635f6ce311c869af913d28069c24446130e07fc82134c6e517faa2d3","R environment provenance","tracked"
"thesis_extension/environment/legacy_R343_library/Rcpp/html/CppFunction-class.html","1912","c68be6e8b422e2b9543510bcee3b76d70ef1364762bfbf6f17fbc6a0df2f93b8","R environment provenance","tracked"
"thesis_extension/environment/legacy_R343_library/Rcpp/html/CppObject-class.html","1275","5f6625daa617b0201d32bd46198cd59562e3e19bb35c67e11b9ec6be1d9575ea","R environment provenance","tracked"
"thesis_extension/environment/legacy_R343_library/Rcpp/html/CppOverloadedMethods-class.html","1822","e77c4528bbdd053f69436f723bf974cee11cf64f85409c8bb26352f2a461a642","R environment provenance","tracked"
"thesis_extension/environment/legacy_R343_library/Rcpp/html/DollarNames-methods.html","1032","3977b540aca11ad4c8659b067657b3111182c3067db4079b7b60c1e550dfc2d0","R environment provenance","tracked"
"thesis_extension/environment/legacy_R343_library/Rcpp/html/Module-class.html","1443","2f4e73f3efca9171652fd774a54d78ab2e77f7c775280f706e20107fb83b1f8c","R environment provenance","tracked"
"thesis_extension/environment/legacy_R343_library/Rcpp/html/Module.html","1757","ef832aa438dfffce1b7b2150d1471bf0f90606c12694dea9ab9a2449ebb138f3","R environment provenance","tracked"
"thesis_extension/environment/legacy_R343_library/Rcpp/html/R.css","1335","0f4849ab1757247808d54da2c371e992364371c942ad7d629dae8d62327ed068","R environment provenance","tracked"
"thesis_extension/environment/legacy_R343_library/Rcpp/html/Rcpp-deprecated.html","1082","c8d2ee40503f96e54b7c31c8539aa850c75e9427b063bc71b3eb9bc364e6d3b5","R environment provenance","tracked"
"thesis_extension/environment/legacy_R343_library/Rcpp/html/Rcpp-internal.html","1540","57374cb310412ad280a9bbd1d4fde791ca964a8c0c9f8aa2c103ba54016ad064","R environment provenance","tracked"
"thesis_extension/environment/legacy_R343_library/Rcpp/html/Rcpp-package.html","2905","02aab610b9e7d3e05acd56f492b906b8484aeffaa23e76a3ba2636704aca6027","R environment provenance","tracked"
"thesis_extension/environment/legacy_R343_library/Rcpp/html/Rcpp.package.skeleton.html","6646","8b925447350579fe20bd56440200d2e3a8c05abd87fa14df2b4d4b56a3d40d2d","R environment provenance","tracked"
"thesis_extension/environment/legacy_R343_library/Rcpp/html/Rcpp.plugin.maker.html","2621","abc74c173a8170c18458b9e59fefee49f19db609fe3c008e19aefce88d403b9d","R environment provenance","tracked"
"thesis_extension/environment/legacy_R343_library/Rcpp/html/RcppLdFlags.html","1496","cef1a911520a85414ded8ede5f5cc6e6f3add820ce584a43e38a6be83d009377","R environment provenance","tracked"
"thesis_extension/environment/legacy_R343_library/Rcpp/html/RcppUnitTests.html","1504","ea8ad662a8ad4d6834050101dd964e5aa75306dd02ce49e801ba970fb77998b0","R environment provenance","tracked"
"thesis_extension/environment/legacy_R343_library/Rcpp/html/compileAttributes.html","3570","6c006a31d458ab5e030ea4a7ed60e5e8c2b94877be13da6731f1528c9260e460","R environment provenance","tracked"
"thesis_extension/environment/legacy_R343_library/Rcpp/html/compilerCheck.html","1795","09847fda1a0f69500e2b88f28d05234ec6fdc081604a6ca37957c1e45eaef422","R environment provenance","tracked"
"thesis_extension/environment/legacy_R343_library/Rcpp/html/cppFunction.html","5368","e43bf5784fc1a245d7784e2e4d66c992568c867d4364abc951845570b1e29e7f","R environment provenance","tracked"
"thesis_extension/environment/legacy_R343_library/Rcpp/html/demangle.html","2538","0baa4f9edd8c64384f5daa0c8bd85209ee7b0cfc3ca04f8c6018b55926ed8689","R environment provenance","tracked"
"thesis_extension/environment/legacy_R343_library/Rcpp/html/dependsAttribute.html","2347","ce30624ccdd0489804419f9f80294f30df5bf76e49f163af2cf188c69f7d4b6e","R environment provenance","tracked"
"thesis_extension/environment/legacy_R343_library/Rcpp/html/evalCpp.html","3415","5109de266ec15d6af6c3910d337368380d8e247c43e996b9eff2e6d9fc022d85","R environment provenance","tracked"
"thesis_extension/environment/legacy_R343_library/Rcpp/html/exportAttribute.html","4301","df3bd72c3afb0439c5401887278780c1bcb856a8816971733a7a219deade6828","R environment provenance","tracked"
"thesis_extension/environment/legacy_R343_library/Rcpp/html/exposeClass.html","10750","c362fe76dcd39bee81c78de7ea7776235155afebda52cb80e7227c4fb5b21ef1","R environment provenance","tracked"
"thesis_extension/environment/legacy_R343_library/Rcpp/html/formals.html","983","7b7664d7a7aad4821757ed5d1d169a9d6707f2f344c7e382da639ba37199637e","R environment provenance","tracked"
"thesis_extension/environment/legacy_R343_library/Rcpp/html/interfacesAttribute.html","4527","fec49be70fc73b7f756dbfb01905e1f797f973090e92432e04161c722a312480","R environment provenance","tracked"
"thesis_extension/environment/legacy_R343_library/Rcpp/html/loadModule.html","4930","4320310a7cef5565bc097b419414068bfed87084646bb438cff9a2dc62828386","R environment provenance","tracked"
"thesis_extension/environment/legacy_R343_library/Rcpp/html/loadRcppModules-deprecated.html","1806","4e72bb09532b41b5a0dc366311a62ca759fb5c335336356ecb1fc75d8655f6df","R environment provenance","tracked"
"thesis_extension/environment/legacy_R343_library/Rcpp/html/pluginsAttribute.html","2065","a39c4631b8f3b52dc391c1ab98b2ce6a95207a52650d9815e0c213158656a624","R environment provenance","tracked"
"thesis_extension/environment/legacy_R343_library/Rcpp/html/populate.html","1168","e09a731a7faace0a10bfb23df76dd38312a6138064e8c8634ee8e61fc80f5617","R environment provenance","tracked"
"thesis_extension/environment/legacy_R343_library/Rcpp/html/registerPlugin.html","1684","4d7f2e1e12d878c96bef6eee1b5bc736eea5ab3bec7a55413afce0f2ea10f014","R environment provenance","tracked"
"thesis_extension/environment/legacy_R343_library/Rcpp/html/setRcppClass.html","6964","ff50045ee012e88f97d5884a7c1b96841f6dd662e55e1379e696bc5737cf2e18","R environment provenance","tracked"
"thesis_extension/environment/legacy_R343_library/Rcpp/html/sourceCpp.html","7243","a1d276e2ed58c235a581e127b36e2934f0f2ca71d422325638d8fef5087853b3","R environment provenance","tracked"
"thesis_extension/environment/legacy_R343_library/Rcpp/include/Rcpp.h","2345","acc9ac1ff0ce45bd6e3bcaaa911b8974ad96db4e5755fe795735d4be33beded1","R environment provenance","tracked"
"thesis_extension/environment/legacy_R343_library/Rcpp/include/Rcpp/Benchmark/Timer.h","4412","196b9d554bdced0647b9c6201e467257d90475e25792d6408cd7ebdff9dd45da","R environment provenance","tracked"
"thesis_extension/environment/legacy_R343_library/Rcpp/include/Rcpp/DataFrame.h","5362","3ae20ceae40f4203bb7cf54bdf802bf01ab9232b469e1ba06cc543d93d84587e","R environment provenance","tracked"
"thesis_extension/environment/legacy_R343_library/Rcpp/include/Rcpp/Dimension.h","2521","e63c931988192090a3e8a80f0c4d03d11eb97a6da0790e20d2e0a964be10a1ee","R environment provenance","tracked"
"thesis_extension/environment/legacy_R343_library/Rcpp/include/Rcpp/DottedPair.h","1408","2e80e061433a4084eb1fca3eda2cf461a5b091e7b77b34fa3eab66e8a94df8c1","R environment provenance","tracked"
"thesis_extension/environment/legacy_R343_library/Rcpp/include/Rcpp/DottedPairImpl.h","2923","5d0e4e15cec4a142879a5010f7b4093de3645778eaa14717216b4016e0fffbb9","R environment provenance","tracked"
"thesis_extension/environment/legacy_R343_library/Rcpp/include/Rcpp/Environment.h","13830","0ebeedae0c210f1ef0d233c49e831c04ed162bdae8d43e70bdd6144b9598efb2","R environment provenance","tracked"
"thesis_extension/environment/legacy_R343_library/Rcpp/include/Rcpp/Extractor.h","1134","b7010e051a0f77840849edabcdfb4cd039639409b94862ce3e861dd96d5abb65","R environment provenance","tracked"
"thesis_extension/environment/legacy_R343_library/Rcpp/include/Rcpp/Fast.h","1380","0d90598469f7b830245149995e515b47e0c232c2312407b932f8b163d0ca9fbc","R environment provenance","tracked"
"thesis_extension/environment/legacy_R343_library/Rcpp/include/Rcpp/Formula.h","2680","da3fc0586ae6137a20eb71cc7b33419f9ca69ca4e066dc245865a178eeefc994","R environment provenance","tracked"
"thesis_extension/environment/legacy_R343_library/Rcpp/include/Rcpp/Function.h","3702","542ca46fb6383a89277161655451328b8f42775156bcd7657947ccbcdb817e11","R environment provenance","tracked"
"thesis_extension/environment/legacy_R343_library/Rcpp/include/Rcpp/InputParameter.h","2897","8a2894ce2f8a43547c24b7ff92f74272c3e103f8a8fe6b1b0082a9a55e4d74d0","R environment provenance","tracked"
"thesis_extension/environment/legacy_R343_library/Rcpp/include/Rcpp/InternalFunction.h","2146","1f4014e7da99d61ea968f2a5bc0b3afa077f32028cb4e448c00a50df7dc83444","R environment provenance","tracked"
"thesis_extension/environment/legacy_R343_library/Rcpp/include/Rcpp/InternalFunctionWithStdFunction.h","2561","7ea03bbe67367f9894057749871f662e394c9d24c81f168384d66044ba65f349","R environment provenance","tracked"
"thesis_extension/environment/legacy_R343_library/Rcpp/include/Rcpp/Interrupt.h","2375","8f7483180c14a9aa8cde85a1f9f1414301f45f58ab9cb38b422d6fa3f5f2e96a","R environment provenance","tracked"
"thesis_extension/environment/legacy_R343_library/Rcpp/include/Rcpp/Language.h","6808","f01557475a89d1eb966d21a766a7be48d35b7b19bdcec6b41f1e98f8510cbde2","R environment provenance","tracked"
"thesis_extension/environment/legacy_R343_library/Rcpp/include/Rcpp/Module.h","16145","a02757926f3c937ec9ce608c0fab47993d9c7ef0891a8798efb17b4a13dec22b","R environment provenance","tracked"
"thesis_extension/environment/legacy_R343_library/Rcpp/include/Rcpp/Na_Proxy.h","3280","ecfe1ce17bb8ad2073b4fc54dbfa88667c9083ec4078430ae829e19b00dd1677","R environment provenance","tracked"
"thesis_extension/environment/legacy_R343_library/Rcpp/include/Rcpp/Named.h","1808","1495bd7cf4d973fd886a266c8bc7b4bbbd2358cfaef85ddf3141b8ea1ca80837","R environment provenance","tracked"
"thesis_extension/environment/legacy_R343_library/Rcpp/include/Rcpp/Nullable.h","3944","6105f957d6487cf262217f7bde05cdcbd828174f128e57d234393a969fa78494","R environment provenance","tracked"
"thesis_extension/environment/legacy_R343_library/Rcpp/include/Rcpp/Pairlist.h","1778","53b1a7115f6bf546b2198b74153414561207ad9def4190ec55d95cd35e88c627","R environment provenance","tracked"
"thesis_extension/environment/legacy_R343_library/Rcpp/include/Rcpp/Promise.h","2349","0d13d187604241939075d6ca1cf778f07a432c1cd5ae8f2ca323b747b6773665","R environment provenance","tracked"
"thesis_extension/environment/legacy_R343_library/Rcpp/include/Rcpp/RNGScope.h","1099","7774713dfc33b08065751456235ba3bf3416e0778393033d97ac0ccf1a8c185a","R environment provenance","tracked"
"thesis_extension/environment/legacy_R343_library/Rcpp/include/Rcpp/RObject.h","1800","f24f7ddb64268800fac51cdd5ebe8c3b95b8e12a3025c4e44c8332a011347e55","R environment provenance","tracked"
"thesis_extension/environment/legacy_R343_library/Rcpp/include/Rcpp/Reference.h","2302","dd1489dc44dc9756c668fb4beb128b9dfb334a86f6cde89420a569d887a267b6","R environment provenance","tracked"
"thesis_extension/environment/legacy_R343_library/Rcpp/include/Rcpp/Rmath.h","15947","84026a9758f8d890e47d53f208837cb1e8675a8d45ae50dbde85fceb89c01034","R environment provenance","tracked"
"thesis_extension/environment/legacy_R343_library/Rcpp/include/Rcpp/S4.h","2314","c479155042d5a4677b5ffa9e2a0ca2aebae5818ba8b0109f3fbb4dcb223e62fd","R environment provenance","tracked"
"thesis_extension/environment/legacy_R343_library/Rcpp/include/Rcpp/StretchyList.h","2832","299a473e0c40ed601c3bbf1e7e1910abb1114f64fc7a552c4140f223324be696","R environment provenance","tracked"
"thesis_extension/environment/legacy_R343_library/Rcpp/include/Rcpp/String.h","22929","01aa9ba448628b99ca6c4d2c7b0e6cf8efbf79ba39515606139ba7f528ec2fa0","R environment provenance","tracked"
"thesis_extension/environment/legacy_R343_library/Rcpp/include/Rcpp/StringTransformer.h","1627","3a5c37fdf3691af661daddb2893a3b039e2cfbe728b889b9fc75a0d35d165fa1","R environment provenance","tracked"
"thesis_extension/environment/legacy_R343_library/Rcpp/include/Rcpp/Symbol.h","3068","837122be38a0a15f316cd7c79b436b60330f41484ccac1d933c22cff2d77ae48","R environment provenance","tracked"
"thesis_extension/environment/legacy_R343_library/Rcpp/include/Rcpp/Vector.h","2318","d71c4d38908af12c0d58131592e107bc92ed4bff55beada2722da5ee44f29b44","R environment provenance","tracked"
"thesis_extension/environment/legacy_R343_library/Rcpp/include/Rcpp/WeakReference.h","1898","c3e4fd97b5b842e44d2e1f5e2608bf5e6df24e496185d534cd1851ce1877e7d0","R environment provenance","tracked"
"thesis_extension/environment/legacy_R343_library/Rcpp/include/Rcpp/XPtr.h","6234","bab9b6ba1f31ff096b849b5e58b7bb89b47948feb9bc25ced0f775ebb2951965","R environment provenance","tracked"
"thesis_extension/environment/legacy_R343_library/Rcpp/include/Rcpp/algo.h","3981","5b32b99990fdcdc44879e840538250bfdef6625aa7a8c3d84dcb302bab19ab28","R environment provenance","tracked"
"thesis_extension/environment/legacy_R343_library/Rcpp/include/Rcpp/algorithm.h","16770","607661fb9576e1c652abdb5d4206b268922096b34a90ed67a892dbe46ffab27d","R environment provenance","tracked"
"thesis_extension/environment/legacy_R343_library/Rcpp/include/Rcpp/api/bones/Date.h","1625","e1aeb5f29eec1c31017a12e8c76c4da5371762bca5934533aca9fc75ee548f4e","R environment provenance","tracked"
"thesis_extension/environment/legacy_R343_library/Rcpp/include/Rcpp/api/bones/Datetime.h","1677","9ae33e11b7b179e3350eab292bb965a5dc9dee984be33808447c13a4f2947b00","R environment provenance","tracked"
"thesis_extension/environment/legacy_R343_library/Rcpp/include/Rcpp/api/bones/bones.h","1047","f2b21c46309ee875e63c1a58d30e56b80b0a436e1985eee213e9244c63edb133","R environment provenance","tracked"
"thesis_extension/environment/legacy_R343_library/Rcpp/include/Rcpp/api/bones/wrap_extra_steps.h","1205","91aad8c8c7ad6fc944c713866107a51171015f4a808d1e13747d1a642a0bb9d8","R environment provenance","tracked"
"thesis_extension/environment/legacy_R343_library/Rcpp/include/Rcpp/api/meat/DataFrame.h","974","0852768ecb3adafb8330abc09f547935de09bf4cf043d3a7f60d13e72e42f7e3","R environment provenance","tracked"
"thesis_extension/environment/legacy_R343_library/Rcpp/include/Rcpp/api/meat/Date.h","1424","9738f468b59cb7b70f27982f7ac61784a7060c1c8ce7a4a15a09ee3c1e654250","R environment provenance","tracked"
"thesis_extension/environment/legacy_R343_library/Rcpp/include/Rcpp/api/meat/Datetime.h","1673","8daeafdc81dc86cb8b19a3a15c00d73884eaf952736d19395819bccef7e3bdee","R environment provenance","tracked"
"thesis_extension/environment/legacy_R343_library/Rcpp/include/Rcpp/api/meat/Dimension.h","983","654742f1e1f26e3a8d8f30ae774384b0dfe3c0dcf373523f3cfac1f7bddb8df5","R environment provenance","tracked"
"thesis_extension/environment/legacy_R343_library/Rcpp/include/Rcpp/api/meat/DottedPairImpl.h","4033","84cf3849908d63a03c8b1be46f783967d5af70149655daf65803cfeec5b45983","R environment provenance","tracked"
"thesis_extension/environment/legacy_R343_library/Rcpp/include/Rcpp/api/meat/Environment.h","1673","d34e754a3a6e3039134c89efd34f43f89419351befbe62dc6e2349a54ee7c75b","R environment provenance","tracked"
"thesis_extension/environment/legacy_R343_library/Rcpp/include/Rcpp/api/meat/Rcpp_eval.h","2269","4bcd43ec57f8e4f8581fb7a71b1ca2ef72a76b77b84e2d65c586f332c80e0c0d","R environment provenance","tracked"
"thesis_extension/environment/legacy_R343_library/Rcpp/include/Rcpp/api/meat/S4.h","1540","d4bebc92fc5869a1373f1a16d8b34e67c041379c738808d332388febf31c5b08","R environment provenance","tracked"
"thesis_extension/environment/legacy_R343_library/Rcpp/include/Rcpp/api/meat/StretchyList.h","2568","f762c225400b40fa1711123baf90270e5db5d78aa048f5a55221b4e7227858ee","R environment provenance","tracked"
"thesis_extension/environment/legacy_R343_library/Rcpp/include/Rcpp/api/meat/Vector.h","1340","1bdd6c80298325266fd2632a7051a2bf4c5db45fa4aadccae036b97203f489fe","R environment provenance","tracked"
"thesis_extension/environment/legacy_R343_library/Rcpp/include/Rcpp/api/meat/as.h","975","adc02e6a52920efb4935841b8be742f4f508595ef068d26911114fe85f751eeb","R environment provenance","tracked"
"thesis_extension/environment/legacy_R343_library/Rcpp/include/Rcpp/api/meat/export.h","2602","0acf6ca1dd59db2c978c4d5179161adea32a58a33735e5af36ded521e005720c","R environment provenance","tracked"
"thesis_extension/environment/legacy_R343_library/Rcpp/include/Rcpp/api/meat/is.h","6162","d25c364b2f49c60151ab9dc38e7b7342dda4dcc0fd93736a5d0ec4aaabe67b3c","R environment provenance","tracked"
"thesis_extension/environment/legacy_R343_library/Rcpp/include/Rcpp/api/meat/meat.h","1540","365703a565a52f57d56ddcaf719dc409d5f5d12854d12afd382e3f7f1fa3c697","R environment provenance","tracked"
"thesis_extension/environment/legacy_R343_library/Rcpp/include/Rcpp/api/meat/module/Module.h","1578","4313ab7d834cebb5bd6b3ed9e311c031843351db08b9ecf584ca6ff57d7b98d6","R environment provenance","tracked"
"thesis_extension/environment/legacy_R343_library/Rcpp/include/Rcpp/api/meat/protection.h","1094","50fde94abb680b61af76619f0f4696dc0390eed7933dc3f0f53e6c7cc78fd21a","R environment provenance","tracked"
"thesis_extension/environment/legacy_R343_library/Rcpp/include/Rcpp/api/meat/proxy.h","5402","7a3da1e2b462dc69146feb3404fc765ababf8d076a72a354297e749f4f4868c0","R environment provenance","tracked"
"thesis_extension/environment/legacy_R343_library/Rcpp/include/Rcpp/api/meat/wrap.h","2361","59ddd82bd327230c5f143e6d341e31423d18b2e1d5f91d3b57c1b7e52b35b8f4","R environment provenance","tracked"
"thesis_extension/environment/legacy_R343_library/Rcpp/include/Rcpp/as.h","6576","2cca7c492a3cd2c487caf3abdb5d879285783c08fdc2a5d7f8fb988cad78f098","R environment provenance","tracked"
"thesis_extension/environment/legacy_R343_library/Rcpp/include/Rcpp/barrier.h","1329","980c6f178ca071d0321d7c890517ffa2f87083c10d6f32db87303c76cd358ad7","R environment provenance","tracked"
"thesis_extension/environment/legacy_R343_library/Rcpp/include/Rcpp/clone.h","1210","867bd112540ee40640576a8d44629b541bbd49c02797d3c7e3e026efa80e8df7","R environment provenance","tracked"
"thesis_extension/environment/legacy_R343_library/Rcpp/include/Rcpp/complex.h","2387","0db2b8d299c4c1f0f5b273d46e036ef99acf3d0be2f5858fd0b47759d3928f90","R environment provenance","tracked"
"thesis_extension/environment/legacy_R343_library/Rcpp/include/Rcpp/config.h","1258","b25db789e922678f6de308ec27429bac90d04c51da5e113f87d27b5854f0243a","R environment provenance","tracked"
"thesis_extension/environment/legacy_R343_library/Rcpp/include/Rcpp/date_datetime/Date.h","7649","02bb17f9dd619b2828c07c0e1cde106b99b3ee42e285bd963c85674ba85fed92","R environment provenance","tracked"
"thesis_extension/environment/legacy_R343_library/Rcpp/include/Rcpp/date_datetime/Datetime.h","7021","8b391f39e4fbc3ec8694bd45d1d2599df890e40f0a2ee0a09f9a14563ca951d8","R environment provenance","tracked"
"thesis_extension/environment/legacy_R343_library/Rcpp/include/Rcpp/date_datetime/date_datetime.h","1609","8dd85407f161d1d7f8e531805dcc89239fa3b7d3d396ce095583a0426ee3154c","R environment provenance","tracked"
"thesis_extension/environment/legacy_R343_library/Rcpp/include/Rcpp/date_datetime/newDateVector.h","2318","abac1e3775d53e5713159b461ab6797db3abcfe7b70712789ef626ee0d2d6735","R environment provenance","tracked"
"thesis_extension/environment/legacy_R343_library/Rcpp/include/Rcpp/date_datetime/newDatetimeVector.h","2927","569740a717df9e9bb230fdadfc750106bfe3d8a9ab58ee9794463369d36476af","R environment provenance","tracked"
"thesis_extension/environment/legacy_R343_library/Rcpp/include/Rcpp/date_datetime/oldDateVector.h","1364","8d0e8eab0ab3e5e4a870d93916fed2e230fa93f86fb591032aa684f92a385e68","R environment provenance","tracked"
"thesis_extension/environment/legacy_R343_library/Rcpp/include/Rcpp/date_datetime/oldDatetimeVector.h","1409","4053f688bda8845f83e922aad5a2448d6a5f80f69c30f50e52dbb570bacfb192","R environment provenance","tracked"
"thesis_extension/environment/legacy_R343_library/Rcpp/include/Rcpp/exceptions.h","13613","8b05276b63ed959d5f352a3414d7e3cf9182b9b870deb7a5041837e780ee0d90","R environment provenance","tracked"
"thesis_extension/environment/legacy_R343_library/Rcpp/include/Rcpp/exceptions/cpp11/exceptions.h","2439","464818cc94a0af99de33e654c837ae7ae4e14f0eb52f31fd9436ebc29466f3f8","R environment provenance","tracked"
"thesis_extension/environment/legacy_R343_library/Rcpp/include/Rcpp/exceptions/cpp98/exceptions.h","15669","ddd80e442939dd53fec839e09a9902bf59f17395e73e9b160e83f8ae815aac26","R environment provenance","tracked"
"thesis_extension/environment/legacy_R343_library/Rcpp/include/Rcpp/generated/DataFrame_generated.h","9868","1a29dae4c5260f637eed6aae0a25b10387e53e387d021e060c227fbe204e01ec","R environment provenance","tracked"
"thesis_extension/environment/legacy_R343_library/Rcpp/include/Rcpp/generated/DottedPair__ctors.h","9156","00db8488af4ecdca7770aa278c7fdf6f33bca165ed921cbf32222b6fd6d919be","R environment provenance","tracked"
"thesis_extension/environment/legacy_R343_library/Rcpp/include/Rcpp/generated/Function__operator.h","10048","7f9a349d2086924a04c2d996c5e088f676f1d5f2a812034d76faa43279f3a1f6","R environment provenance","tracked"
"thesis_extension/environment/legacy_R343_library/Rcpp/include/Rcpp/generated/InternalFunctionWithStdFunction_call.h","197628","8b278737329378eb9b0801da25e2273dd65b41ff7faedcaf0bf073cf4c1316f1","R environment provenance","tracked"
"thesis_extension/environment/legacy_R343_library/Rcpp/include/Rcpp/generated/InternalFunction__ctors.h","80864","99a85d459aff8cd9ca4c876c1faf8af346dc18b284e3f04ff9db4a583923d377","R environment provenance","tracked"
"thesis_extension/environment/legacy_R343_library/Rcpp/include/Rcpp/generated/Language__ctors.h","19213","918877870f9e6cf2c7a1cf3d53e13a50f20ffd12eca3ac227bd432a2c2d72d3c","R environment provenance","tracked"
"thesis_extension/environment/legacy_R343_library/Rcpp/include/Rcpp/generated/Pairlist__ctors.h","9088","fd06e48523dd9585855b965ad42666c5a4d7aee7560f3b64416f39275089b49f","R environment provenance","tracked"
"thesis_extension/environment/legacy_R343_library/Rcpp/include/Rcpp/generated/Vector__create.h","59148","a9f672ba402690098a0d85a643d12f0b6cf143a0840ba6bc5376c5190c55fe13","R environment provenance","tracked"
"thesis_extension/environment/legacy_R343_library/Rcpp/include/Rcpp/generated/grow__pairlist.h","10569","e74767ba33ff13e2ae3f5fb20e9e5ed4bad04a3e08ee10e3ddcbb7d5f090d05d","R environment provenance","tracked"
"thesis_extension/environment/legacy_R343_library/Rcpp/include/Rcpp/grow.h","2295","5b77e113268591f6b198e393f2c3a83babc7841b4d5983aa039aa391395d7d79","R environment provenance","tracked"
"thesis_extension/environment/legacy_R343_library/Rcpp/include/Rcpp/hash/IndexHash.h","7041","b643fdda37113f9bc2c25f30d0985e3fb869c078568ca911d5a49a3c4d0c5496","R environment provenance","tracked"
"thesis_extension/environment/legacy_R343_library/Rcpp/include/Rcpp/hash/SelfHash.h","4005","7ee416679bc67366a267c1ac3e632e83513b38540513c338066d87bbb7352b01","R environment provenance","tracked"
"thesis_extension/environment/legacy_R343_library/Rcpp/include/Rcpp/hash/hash.h","1053","7c007f47294ef4253ca826ffe3f303539b0945a883d321d6324ff3ed6a2cdcb8","R environment provenance","tracked"
"thesis_extension/environment/legacy_R343_library/Rcpp/include/Rcpp/internal/Exporter.h","3881","bb85bea8f77492c897b769c2ef78954d0d3d4c29a073f710dcba4c1c6708448b","R environment provenance","tracked"
"thesis_extension/environment/legacy_R343_library/Rcpp/include/Rcpp/internal/GreedyVector.h","2872","850c2fa7e432ea9c52909da830a58743582417279cb22820ce9c2fa0c791962f","R environment provenance","tracked"
"thesis_extension/environment/legacy_R343_library/Rcpp/include/Rcpp/internal/ListInitialization.h","1428","cf5d033d4e615d1d7b6ed4ae384e1d8fdec0944233223bf1ab06700a61c29840","R environment provenance","tracked"
"thesis_extension/environment/legacy_R343_library/Rcpp/include/Rcpp/internal/NAComparator.h","3499","1e5e0a65cbb4222b83d521135baaaadd773c6259321dd464dcf595692df18992","R environment provenance","tracked"
"thesis_extension/environment/legacy_R343_library/Rcpp/include/Rcpp/internal/NAEquals.h","1241","e4e96345d7652c24887eebafe65d41329cfd8b7f7a2d67eb8ad69417bc465d75","R environment provenance","tracked"
"thesis_extension/environment/legacy_R343_library/Rcpp/include/Rcpp/internal/Proxy_Iterator.h","3617","9ba997724b040b97be514aee4b451008f59e7867f88617c2a38c74d9d32c4cc0","R environment provenance","tracked"
"thesis_extension/environment/legacy_R343_library/Rcpp/include/Rcpp/internal/SEXP_Iterator.h","2714","d698c71086374afd52dd9bf2d3e745a4d8438bec31ce938520f257d7f10178fd","R environment provenance","tracked"
"thesis_extension/environment/legacy_R343_library/Rcpp/include/Rcpp/internal/caster.h","2017","d80344ca30b393b3cb5d8fb8e964801692f00063dbe526e4d0876fd9f4036f53","R environment provenance","tracked"
"thesis_extension/environment/legacy_R343_library/Rcpp/include/Rcpp/internal/converter.h","1374","9717ee972115cbf6c4a25be5526d9e5cd2746ea7df4097a21e5fb882b5e57e68","R environment provenance","tracked"
"thesis_extension/environment/legacy_R343_library/Rcpp/include/Rcpp/internal/export.h","6059","7f302299c45ebb9be654fef55242de18498761b5423faa499bff2c29903ec8ee","R environment provenance","tracked"
"thesis_extension/environment/legacy_R343_library/Rcpp/include/Rcpp/internal/na.h","2624","d475ed54bc37fd195bc616992f5e277c706f0790832b1f9e6fbeff904ced9dbb","R environment provenance","tracked"
"thesis_extension/environment/legacy_R343_library/Rcpp/include/Rcpp/internal/r_coerce.h","8449","37aae1e649e9fa53a66f6c78dc22e5e99d8b1b181a7ce11012f0e05e57d5af58","R environment provenance","tracked"
"thesis_extension/environment/legacy_R343_library/Rcpp/include/Rcpp/internal/r_vector.h","3858","dba244c4adf2c1410c43475602bffed0b5d5ae4048397d6f94d66fa2efa767f5","R environment provenance","tracked"
"thesis_extension/environment/legacy_R343_library/Rcpp/include/Rcpp/internal/wrap.h","39615","67b008f92e24cf3cbd16757de643a3b7e08bf4ead51caa02294dfc14ad087974","R environment provenance","tracked"
"thesis_extension/environment/legacy_R343_library/Rcpp/include/Rcpp/internal/wrap_end.h","1561","8251220f2fcf3a862d554714315058d49ffd96eb9d8a915fccedc4f164d886d1","R environment provenance","tracked"
"thesis_extension/environment/legacy_R343_library/Rcpp/include/Rcpp/iostream/Rstreambuf.h","2703","a2747d5ef39d2c6f31793613731b1482c83f26ab7f0459c35f052be3339ae8a2","R environment provenance","tracked"
"thesis_extension/environment/legacy_R343_library/Rcpp/include/Rcpp/is.h","1893","31ddd34a1653f768cd729c235c6c1ed5b02205491ca31e72b7fc6ee9e5edb683","R environment provenance","tracked"
"thesis_extension/environment/legacy_R343_library/Rcpp/include/Rcpp/lang.h","10392","26a729f812a746dc0e27d1df4696601ea514002fdce6991cb5993f0037f54c53","R environment provenance","tracked"
"thesis_extension/environment/legacy_R343_library/Rcpp/include/Rcpp/longlong.h","1512","ace08637ff7efde042207414bb82187c13be603af058eabd6270a81bc8d185b4","R environment provenance","tracked"
"thesis_extension/environment/legacy_R343_library/Rcpp/include/Rcpp/macros/cat.hpp","883","c9436837637ed7d255a2614d65e84843c8c91268eb7d55ab878fada937ec4566","R environment provenance","tracked"
"thesis_extension/environment/legacy_R343_library/Rcpp/include/Rcpp/macros/config.hpp","2627","59a7c43ccea7ac8e74105f0978ce0031ae2ee814de85d5e5202673dca218ca8f","R environment provenance","tracked"
"thesis_extension/environment/legacy_R343_library/Rcpp/include/Rcpp/macros/debug.h","8267","67b838738a73614a44f6a3cc94838084e1378ee3352c09c54b3e81d5c53d582c","R environment provenance","tracked"
"thesis_extension/environment/legacy_R343_library/Rcpp/include/Rcpp/macros/dispatch.h","6294","af6403968c63b821980f4c01c1ed034b22e816c6e29ff7324886d88ca9490748","R environment provenance","tracked"
"thesis_extension/environment/legacy_R343_library/Rcpp/include/Rcpp/macros/interface.h","3030","25db16d86051d343ff084eeb7ed22839d843a014d6e7af5664ca8329a4b66b28","R environment provenance","tracked"
"thesis_extension/environment/legacy_R343_library/Rcpp/include/Rcpp/macros/macros.h","5456","24f891e284e13d95489df325d02a513eca64186ba4040d8f0d845527fe60ba5d","R environment provenance","tracked"
"thesis_extension/environment/legacy_R343_library/Rcpp/include/Rcpp/macros/module.h","4754","38ec96af7ecbd9c065810ff43e662880fa1666c00d8b4d19ff51296d1e84741d","R environment provenance","tracked"
"thesis_extension/environment/legacy_R343_library/Rcpp/include/Rcpp/macros/traits.h","1960","69bea793408d0c2237b26b4777284774020814688f311f81c9366068580b6336","R environment provenance","tracked"
"thesis_extension/environment/legacy_R343_library/Rcpp/include/Rcpp/macros/unroll.h","3827","0eeaf6439044e3d52f96a8daa9d11b4cbd4e8be06985423c8757de871a1d3d84","R environment provenance","tracked"
"thesis_extension/environment/legacy_R343_library/Rcpp/include/Rcpp/macros/xp.h","3173","2b61d59dbf26f7a6d77e62880bc9d051b5f8cfa1bd0459b28d9e4c5491db21ad","R environment provenance","tracked"
"thesis_extension/environment/legacy_R343_library/Rcpp/include/Rcpp/module/CppFunction.h","2666","d62caf9fa5aa7c41e055da54b3fd1f7e9e534f3e966b4fe3ebc0ef2151bde83f","R environment provenance","tracked"
"thesis_extension/environment/legacy_R343_library/Rcpp/include/Rcpp/module/Module.h","7895","e5672150a4da034857153bc76e43d6ebacfd572d0e8cd5bfdae466adf06cdd7a","R environment provenance","tracked"
"thesis_extension/environment/legacy_R343_library/Rcpp/include/Rcpp/module/Module_Add_Property.h","3404","53beb3f0924d9cd5f4ac5a5ce3523934b78ea675e5d517682c1422025b456d4b","R environment provenance","tracked"
"thesis_extension/environment/legacy_R343_library/Rcpp/include/Rcpp/module/Module_Field.h","2651","989d3df3d9490c9bd64d9a2f160b2c76175703e39611b265ee99d2ef0331730d","R environment provenance","tracked"
"thesis_extension/environment/legacy_R343_library/Rcpp/include/Rcpp/module/Module_Property.h","8484","cbfeb915d95446059f22475d5c8e6df3b4e6e190a84a9236fb2d88d35cdaeef9","R environment provenance","tracked"
"thesis_extension/environment/legacy_R343_library/Rcpp/include/Rcpp/module/Module_generated_Constructor.h","5219","66af6aa9bab43c3afa5007937691903ca55e40f17acd4584ff153542b3818d48","R environment provenance","tracked"
"thesis_extension/environment/legacy_R343_library/Rcpp/include/Rcpp/module/Module_generated_CppFunction.h","1059422","81977ed9c9f74cdbca0527fc0c169bc7af609c3012686838890b1f4fa5894760","R environment provenance","tracked"
"thesis_extension/environment/legacy_R343_library/Rcpp/include/Rcpp/module/Module_generated_CppMethod.h","1023004","304959e3c288ffa4657d4d4b7b226a84c774e7c4106df5f3e6a99738ad3a5ab0","R environment provenance","tracked"
"thesis_extension/environment/legacy_R343_library/Rcpp/include/Rcpp/module/Module_generated_Factory.h","6007","2caa50639f1c175d9989d7701679b418f4d9c0f4b0258ada24e7fd4f80caf745","R environment provenance","tracked"
"thesis_extension/environment/legacy_R343_library/Rcpp/include/Rcpp/module/Module_generated_Pointer_CppMethod.h","1067905","1559eb3c9666f1abdd095e9d1b57dae0c00933354c639726733b420d96dfc651","R environment provenance","tracked"
"thesis_extension/environment/legacy_R343_library/Rcpp/include/Rcpp/module/Module_generated_Pointer_method.h","154849","eed0cc8995950f85c333a992d9e5520550c21b9f3f604ae7fc071c29a7ca2399","R environment provenance","tracked"
"thesis_extension/environment/legacy_R343_library/Rcpp/include/Rcpp/module/Module_generated_class_constructor.h","3359","62563a30f8da0a68012a44dc0e1cc7520bd06613f44f9a2d4282c2dfa1b49488","R environment provenance","tracked"
"thesis_extension/environment/legacy_R343_library/Rcpp/include/Rcpp/module/Module_generated_class_factory.h","3528","81eb1b8e7c641b79809972229913c8d645340e1a1e24820b6bb27bceaa80c8c7","R environment provenance","tracked"
"thesis_extension/environment/legacy_R343_library/Rcpp/include/Rcpp/module/Module_generated_class_signature.h","1158","9ceaaeb08a952d0467babc36f526054697f14490b9fb25ae5e0b4621f2916fbd","R environment provenance","tracked"
"thesis_extension/environment/legacy_R343_library/Rcpp/include/Rcpp/module/Module_generated_ctor_signature.h","3637","9183abb31ce3637cd1bdd10b0eb6c378a8220a67f7b8a9368e32f3909e1af7bc","R environment provenance","tracked"
"thesis_extension/environment/legacy_R343_library/Rcpp/include/Rcpp/module/Module_generated_function.h","153444","8c97cd7c7104385e1d2224b8b38dd4d7735a4d32fc60a58203733aa28988aad7","R environment provenance","tracked"
"thesis_extension/environment/legacy_R343_library/Rcpp/include/Rcpp/module/Module_generated_get_signature.h","139162","b23ad3773e6ef16396261155b885d19ce63c64e32e09a865d7182ec058b0ad80","R environment provenance","tracked"
"thesis_extension/environment/legacy_R343_library/Rcpp/include/Rcpp/module/Module_generated_method.h","306832","4c3056901597443b4d81288a1e618b3abaeb138874505ec2015d02d1bab83e5a","R environment provenance","tracked"
"thesis_extension/environment/legacy_R343_library/Rcpp/include/Rcpp/module/class.h","20925","cc19467294a5425704a65986d10908528425db5f968f7c08b0391dc3eae0689c","R environment provenance","tracked"
"thesis_extension/environment/legacy_R343_library/Rcpp/include/Rcpp/module/class_Base.h","3587","c42d2fbf9c70ede17a8f83ef6f7cde2e302684ddd5ee6cf9fb46767c9ccb680f","R environment provenance","tracked"
"thesis_extension/environment/legacy_R343_library/Rcpp/include/Rcpp/module/get_return_type.h","2615","542f3d45d2334658369836cd520da9ad7d884c6256175b0ffeaba0b0948c2d56","R environment provenance","tracked"
"thesis_extension/environment/legacy_R343_library/Rcpp/include/Rcpp/platform/compiler.h","5835","e6d74541b41375596c186ffc7bcf838efbe72fc7ac4ca722c47ded889a31cb7f","R environment provenance","tracked"
"thesis_extension/environment/legacy_R343_library/Rcpp/include/Rcpp/platform/solaris.h","2614","af42ea9dbafdced0069dd88326453ae588d4a833a32a762de8e27aaf3b0bb074","R environment provenance","tracked"
"thesis_extension/environment/legacy_R343_library/Rcpp/include/Rcpp/print.h","1116","6615c2892fd052b1cc8232792b8fb7556b945b633678bbaa8f544795fb364933","R environment provenance","tracked"
"thesis_extension/environment/legacy_R343_library/Rcpp/include/Rcpp/protection/Armor.h","1441","f98d8a47511d5cf38e4487dbbfddcca3e51a8e7d33f4b9442c0565475bcf23c6","R environment provenance","tracked"
"thesis_extension/environment/legacy_R343_library/Rcpp/include/Rcpp/protection/Shelter.h","1254","512f2532b7cec0f1b241cdd91cd92038d753ac2ed63ccf24db0eb9ff5d2c64a0","R environment provenance","tracked"
"thesis_extension/environment/legacy_R343_library/Rcpp/include/Rcpp/protection/Shield.h","1265","0a9ae66923721510d40c1bc5886589a84752b4c7d8e5353c5ffc4bf2f318eeba","R environment provenance","tracked"
"thesis_extension/environment/legacy_R343_library/Rcpp/include/Rcpp/protection/protection.h","891","e14e34d6529fb1e8b77e993023c184cb2cdd646c641c68496c5072fee1f324ae","R environment provenance","tracked"
"thesis_extension/environment/legacy_R343_library/Rcpp/include/Rcpp/proxy/AttributeProxy.h","3094","55080505b4f2041e624cece4212d64be48eb75b01e52b3dce4a921abed8da596","R environment provenance","tracked"
"thesis_extension/environment/legacy_R343_library/Rcpp/include/Rcpp/proxy/Binding.h","2944","ec71cc8ef49a790444026207c72c7831d2da02d937f44d37e60bad52043c958e","R environment provenance","tracked"
"thesis_extension/environment/legacy_R343_library/Rcpp/include/Rcpp/proxy/DottedPairProxy.h","3207","bac36ba0540e2b81a7560083bba9c508c0a62f816387874042b6318374763886","R environment provenance","tracked"
"thesis_extension/environment/legacy_R343_library/Rcpp/include/Rcpp/proxy/FieldProxy.h","2640","af445453665bb70614796a1a3855789386842f4fec081dcdb37fda576594dc3b","R environment provenance","tracked"
"thesis_extension/environment/legacy_R343_library/Rcpp/include/Rcpp/proxy/GenericProxy.h","932","433f5709834865910d03bd3c7a9d1fed621abe8c3cf35caee00bd7e95ea2f9f6","R environment provenance","tracked"
"thesis_extension/environment/legacy_R343_library/Rcpp/include/Rcpp/proxy/NamesProxy.h","2490","d19ce7d575f7b92529415d34de8b6478a7cfd27cc596ea3c72f69f54504a7f13","R environment provenance","tracked"
"thesis_extension/environment/legacy_R343_library/Rcpp/include/Rcpp/proxy/ProtectedProxy.h","2451","07791cdfc6a2f2b30b0542ba376054840b8ac92533465c4fe97f2a590f002ac6","R environment provenance","tracked"
"thesis_extension/environment/legacy_R343_library/Rcpp/include/Rcpp/proxy/RObjectMethods.h","1333","ff76ec8cf4a85b1eedc385c01460f24db350f0dcfdf49cd4b6b52aec40f16762","R environment provenance","tracked"
"thesis_extension/environment/legacy_R343_library/Rcpp/include/Rcpp/proxy/SlotProxy.h","3013","489f1b6bf8806e792f7692b0f9bba680282321eec224c6740a32f8f7119dcf39","R environment provenance","tracked"
"thesis_extension/environment/legacy_R343_library/Rcpp/include/Rcpp/proxy/TagProxy.h","2043","6f947a6efed3902d0be1540ef43ad3f3ef1eb8000ff0df5436d205ede4bec063","R environment provenance","tracked"
"thesis_extension/environment/legacy_R343_library/Rcpp/include/Rcpp/proxy/proxy.h","1097","e989af60aa77f6964df1c2c113e377cf9a85f473fca59d71a9ddf70164d1affb","R environment provenance","tracked"
"thesis_extension/environment/legacy_R343_library/Rcpp/include/Rcpp/r/headers.h","2202","2654e3243bdda7db8879fa1ec456ea4004d626a95eb22c3f456b05bb42f29038","R environment provenance","tracked"
"thesis_extension/environment/legacy_R343_library/Rcpp/include/Rcpp/r_cast.h","5883","bff6159dc2db03c3f75c9a7e02cd43f81771d15dc7a7edbafd7452ea5ff7d8ff","R environment provenance","tracked"
"thesis_extension/environment/legacy_R343_library/Rcpp/include/Rcpp/routines.h","7928","f1cf5b1d5c40b714eb099f77abcd3134af6d30349c2979b3e84774f02668b3c6","R environment provenance","tracked"
"thesis_extension/environment/legacy_R343_library/Rcpp/include/Rcpp/sprintf.h","1167","89ac1eef8105c4886bfbff00fc7f947a470899490c486ff8f6acdb54ecd03cc2","R environment provenance","tracked"
"thesis_extension/environment/legacy_R343_library/Rcpp/include/Rcpp/stats/beta.h","998","88887d49b4fb62430c8bf168e4e7fea4f29354223022d1a57c6878bff0b16136","R environment provenance","tracked"
"thesis_extension/environment/legacy_R343_library/Rcpp/include/Rcpp/stats/binom.h","987","2a6975b2f496b9ebb8795e1a9797e61c40d5556158c36a7e45a317dc992dbf22","R environment provenance","tracked"
"thesis_extension/environment/legacy_R343_library/Rcpp/include/Rcpp/stats/cauchy.h","2001","6c53fddfeca4b9e06d86a39e8ba123de2290184c1148445f54fa3d090a1d6117","R environment provenance","tracked"
"thesis_extension/environment/legacy_R343_library/Rcpp/include/Rcpp/stats/chisq.h","1003","7ee72ad1316b7db37c4be8ff51a436d73ceb91287f677a762638801e2e70ddea","R environment provenance","tracked"
"thesis_extension/environment/legacy_R343_library/Rcpp/include/Rcpp/stats/dpq/dpq.h","15746","e0ad8bf6fd73b587a47ad48cecf29ca65595de1474ec82e2a071c847498c8729","R environment provenance","tracked"
"thesis_extension/environment/legacy_R343_library/Rcpp/include/Rcpp/stats/dpq/macros.h","4617","d7ff5cd053c7498e959c7071eda1f470887f1bf2fa4d1b9789b775bb823a831b","R environment provenance","tracked"
"thesis_extension/environment/legacy_R343_library/Rcpp/include/Rcpp/stats/exp.h","2870","90bc3ab421497d4d7e2d31552841c27c78cccc504dde5a70b2815c8eea6e9cf6","R environment provenance","tracked"
"thesis_extension/environment/legacy_R343_library/Rcpp/include/Rcpp/stats/f.h","975","5022cbfafb59a59a684f819750aa358e282bac8ed5d61adda5d89df379a9ab09","R environment provenance","tracked"
"thesis_extension/environment/legacy_R343_library/Rcpp/include/Rcpp/stats/gamma.h","2196","aa497e453b07c8a1d17e9224ba5a808b143ae0147c67b41501f941d958552fdf","R environment provenance","tracked"
"thesis_extension/environment/legacy_R343_library/Rcpp/include/Rcpp/stats/geom.h","1000","8ebc1fc838d6764b585db16e334f1128599ad392cd628b329b83e9ae13914701","R environment provenance","tracked"
"thesis_extension/environment/legacy_R343_library/Rcpp/include/Rcpp/stats/hyper.h","1003","441990564c0ea5f62ab55fde2c2bc8191241646ddd2bf17c2393b9d5c58053c3","R environment provenance","tracked"
"thesis_extension/environment/legacy_R343_library/Rcpp/include/Rcpp/stats/lnorm.h","3064","5c9658a0464a2a8c272c99346411aa0896234df16bc5098f919f0d84f92826e0","R environment provenance","tracked"
"thesis_extension/environment/legacy_R343_library/Rcpp/include/Rcpp/stats/logis.h","3688","326205132aaff05fa7bbc94b198366e4967f3af4705d9114ab4b4c68cf8b5e32","R environment provenance","tracked"
"thesis_extension/environment/legacy_R343_library/Rcpp/include/Rcpp/stats/nbeta.h","1003","a4722a876770ebf9ce8d78b28f9184fcd100943f462e20a3a626b56bc37857f3","R environment provenance","tracked"
"thesis_extension/environment/legacy_R343_library/Rcpp/include/Rcpp/stats/nbinom.h","1014","bfa316d76f156a8381ee1a4b57a5e43927adced1295162b07684f47657146ef4","R environment provenance","tracked"
"thesis_extension/environment/legacy_R343_library/Rcpp/include/Rcpp/stats/nbinom_mu.h","1025","1ed5870419fed5af0bbc15cbc2b0eb3560ba492fd224e7fd3287639231928934","R environment provenance","tracked"
"thesis_extension/environment/legacy_R343_library/Rcpp/include/Rcpp/stats/nchisq.h","1015","0bda525f0ccf699ced0ac5abfa87a567df33c80c586cd2c39d4a5f741a75e768","R environment provenance","tracked"
"thesis_extension/environment/legacy_R343_library/Rcpp/include/Rcpp/stats/nf.h","982","9f4f7c46c7f126f76a1388cbbfc855295a4bc93250f03bcc231880eb397dc58b","R environment provenance","tracked"
"thesis_extension/environment/legacy_R343_library/Rcpp/include/Rcpp/stats/norm.h","3608","9ec62c62b3be032dffcce07150adbb1f5e74d128583e9f172921254936b7c4b4","R environment provenance","tracked"
"thesis_extension/environment/legacy_R343_library/Rcpp/include/Rcpp/stats/nt.h","982","087ff462fafdbbcaa0ec1446474e9337279c5c3c61707ffc243ef7448edb8769","R environment provenance","tracked"
"thesis_extension/environment/legacy_R343_library/Rcpp/include/Rcpp/stats/pois.h","980","a7d950b567e1eaef4dea87b4b77f4ea2b9a2392284c18b582235a50162656ff7","R environment provenance","tracked"
"thesis_extension/environment/legacy_R343_library/Rcpp/include/Rcpp/stats/random/random.h","11573","44011c76910dc734b252e550ad39f8f5d4312e11b50bdb34d1d746e1c99ebc64","R environment provenance","tracked"
"thesis_extension/environment/legacy_R343_library/Rcpp/include/Rcpp/stats/random/rbeta.h","1252","7ad7248a2750f3e7532b4e2488fedacf099fb5312de39df1af0cbd544ffd595d","R environment provenance","tracked"
"thesis_extension/environment/legacy_R343_library/Rcpp/include/Rcpp/stats/random/rbinom.h","1267","b853d136ddc5f00c39bf1a90b4d19448bf5dc252e557b421010a0863622303c9","R environment provenance","tracked"
"thesis_extension/environment/legacy_R343_library/Rcpp/include/Rcpp/stats/random/rcauchy.h","1816","7f5dcc07961862aa7b143963dd6d74053b04ce962d3e83b4248d5be1b69cb6ed","R environment provenance","tracked"
"thesis_extension/environment/legacy_R343_library/Rcpp/include/Rcpp/stats/random/rchisq.h","1263","d250a6468db269c455ba477354ac3b9cd2ad27aae908c5267bab9e915ef3fec2","R environment provenance","tracked"
"thesis_extension/environment/legacy_R343_library/Rcpp/include/Rcpp/stats/random/rexp.h","1396","05d4fc0d18c724e32488d3ecfaa3863e231714ffb6bfeafe7e8e6c28a4364781","R environment provenance","tracked"
"thesis_extension/environment/legacy_R343_library/Rcpp/include/Rcpp/stats/random/rf.h","2164","c02885f808aad2f592171e5030f88f7c701014c7ef0504cc6cdb9354fee82dde","R environment provenance","tracked"
"thesis_extension/environment/legacy_R343_library/Rcpp/include/Rcpp/stats/random/rgamma.h","1265","9bece0ca4b1998704bd6b04189ed7821e592ac530586df7abc56ab6e0a2e1fb9","R environment provenance","tracked"
"thesis_extension/environment/legacy_R343_library/Rcpp/include/Rcpp/stats/random/rgeom.h","1267","09471ab00ba4e87b1fedc54f83d423152be03cbf670a25456df957c3de51faa2","R environment provenance","tracked"
"thesis_extension/environment/legacy_R343_library/Rcpp/include/Rcpp/stats/random/rhyper.h","1284","b7712dbd59287987415855ee815acef9a3826cd6602ccc68062fc562e4e770a6","R environment provenance","tracked"
"thesis_extension/environment/legacy_R343_library/Rcpp/include/Rcpp/stats/random/rlnorm.h","1800","15c5320d9c39ab670791d28f9b2e6bf1a5f3c4ce9b518002a0f89705e4e488e4","R environment provenance","tracked"
"thesis_extension/environment/legacy_R343_library/Rcpp/include/Rcpp/stats/random/rlogis.h","1901","e2465d850d706535d4b6579f04d9c29404f82bd7839de8dd0a6e7472ae80851a","R environment provenance","tracked"
"thesis_extension/environment/legacy_R343_library/Rcpp/include/Rcpp/stats/random/rnbinom.h","1348","427f10694688cf04472ad19d1d860f12b6c01de4256a7a9eaaa9dd7222dc5456","R environment provenance","tracked"
"thesis_extension/environment/legacy_R343_library/Rcpp/include/Rcpp/stats/random/rnbinom_mu.h","1355","26b1c089e2b04d091678a888f4f668e577276e4f032b40460bf8f3c212dcab9d","R environment provenance","tracked"
"thesis_extension/environment/legacy_R343_library/Rcpp/include/Rcpp/stats/random/rnchisq.h","1691","00254667001a51321090fe6054dbfedb867998211e6ac7ea76a798970e67fc75","R environment provenance","tracked"
"thesis_extension/environment/legacy_R343_library/Rcpp/include/Rcpp/stats/random/rnorm.h","1971","120ce7ebdf211d419a866820599ddf1703da33dfbf7ddd163ad38aec5e8f86c5","R environment provenance","tracked"
"thesis_extension/environment/legacy_R343_library/Rcpp/include/Rcpp/stats/random/rpois.h","1218","5a4d06634d3ae474eb08c948a5ef95d39be8c51173e98086932e41fe40183ecc","R environment provenance","tracked"
"thesis_extension/environment/legacy_R343_library/Rcpp/include/Rcpp/stats/random/rsignrank.h","1235","32fe495131299c33f6f4e4197adf6273dcb3c42a6f32705d0795d51d483e2cb7","R environment provenance","tracked"
"thesis_extension/environment/legacy_R343_library/Rcpp/include/Rcpp/stats/random/rt.h","1592","315c1572b2d6be7c42a5dba280da06c621189b2d0c4178e46165915af61108c2","R environment provenance","tracked"
"thesis_extension/environment/legacy_R343_library/Rcpp/include/Rcpp/stats/random/runif.h","1626","1c4537fb507cdf6c6771ff6ca41d7000f2f2cb6b68dee47ad593cc08961088b5","R environment provenance","tracked"
"thesis_extension/environment/legacy_R343_library/Rcpp/include/Rcpp/stats/random/rweibull.h","1651","bd46a0bb91b60fa0a0d0fb22d277080524a4039c1b8865c398acf0ab6dbe04c6","R environment provenance","tracked"
"thesis_extension/environment/legacy_R343_library/Rcpp/include/Rcpp/stats/random/rwilcox.h","1251","9312e39f0d9e41eb3718e9b3a0903d4aaae77cf7416195310d4cdc0088c06923","R environment provenance","tracked"
"thesis_extension/environment/legacy_R343_library/Rcpp/include/Rcpp/stats/stats.h","1751","f5709232880eaefe4d1d9fae812d5d301961a1697b3519293320615082c1e9ae","R environment provenance","tracked"
"thesis_extension/environment/legacy_R343_library/Rcpp/include/Rcpp/stats/t.h","977","670b87edb6596c5fa04ecb921086d66c4c2b8dc19f76c306fd3354995e3bd94a","R environment provenance","tracked"
"thesis_extension/environment/legacy_R343_library/Rcpp/include/Rcpp/stats/unif.h","2804","2466b16b71a87adfa9d52068932fe325acfed7547d2d65fd4dc49e6022565688","R environment provenance","tracked"
"thesis_extension/environment/legacy_R343_library/Rcpp/include/Rcpp/stats/weibull.h","2671","83c1efd79de5dd66da9c67affa1d572c580175aebdb9de4f5f094a395990dcca","R environment provenance","tracked"
"thesis_extension/environment/legacy_R343_library/Rcpp/include/Rcpp/storage/NoProtectStorage.h","1133","f291788208edcb45f546c79678355dca86295e519d2d6ccd339d9f63bf76adb2","R environment provenance","tracked"
"thesis_extension/environment/legacy_R343_library/Rcpp/include/Rcpp/storage/PreserveStorage.h","1220","4a82de94152043d90144b26eb24ae6345219568a26beaa7d6b5e22d8ee537d86","R environment provenance","tracked"
"thesis_extension/environment/legacy_R343_library/Rcpp/include/Rcpp/storage/storage.h","156","b1a8650ff15c72cc540aec204d4f814540ebd13cd9ddc455262d421316f71ae2","R environment provenance","tracked"
"thesis_extension/environment/legacy_R343_library/Rcpp/include/Rcpp/sugar/Range.h","2481","7d6f686096a16268016a4c0951e8b94aef77c1a833f4cbf844e7a280a2985cf0","R environment provenance","tracked"
"thesis_extension/environment/legacy_R343_library/Rcpp/include/Rcpp/sugar/block/SugarBlock_1.h","2595","fb89d9acfd6239d3b984650a0ad09311f3283c79708f5afcc0ae2bc3b0f2616d","R environment provenance","tracked"
"thesis_extension/environment/legacy_R343_library/Rcpp/include/Rcpp/sugar/block/SugarBlock_2.h","9425","18fdddfb38ad4b2f5a77c9a1d21fe1a352b89eafb420a54aae0224d13060c218","R environment provenance","tracked"
"thesis_extension/environment/legacy_R343_library/Rcpp/include/Rcpp/sugar/block/SugarBlock_3.h","5027","da65457a939b25fc2e43cf98b5459d9f52439b4614c81f153e75c2597c894874","R environment provenance","tracked"
"thesis_extension/environment/legacy_R343_library/Rcpp/include/Rcpp/sugar/block/SugarMath.h","4556","d3595a6117948a4d3f44ebcd101e734d5fc92374277dfdbce22dbf301033230f","R environment provenance","tracked"
"thesis_extension/environment/legacy_R343_library/Rcpp/include/Rcpp/sugar/block/Vectorized_Math.h","3980","f2f0a21a6c4c67ae477c973853c1af38aed573ac5e4c465755d419472bef17e4","R environment provenance","tracked"
"thesis_extension/environment/legacy_R343_library/Rcpp/include/Rcpp/sugar/block/block.h","1165","c053e6d6b49b2e9f88c502528312163f40fb48147c6874d9108dfaa40a9564aa","R environment provenance","tracked"
"thesis_extension/environment/legacy_R343_library/Rcpp/include/Rcpp/sugar/functions/Lazy.h","1103","9030b4bcf9aed6a3596e5e82326f12873c75d4654cb147e2c25673968a1f69f2","R environment provenance","tracked"
"thesis_extension/environment/legacy_R343_library/Rcpp/include/Rcpp/sugar/functions/all.h","2285","2384ed715ac13131a4fc4dbe5acdd4faf06811f8066e2dcb1c51fcbcaf3da3b9","R environment provenance","tracked"
"thesis_extension/environment/legacy_R343_library/Rcpp/include/Rcpp/sugar/functions/any.h","2264","23db1f8551184bb4bf799f52b14c6afee332ada6834a22f3f4100d5985673f1f","R environment provenance","tracked"
"thesis_extension/environment/legacy_R343_library/Rcpp/include/Rcpp/sugar/functions/cbind.h","79931","c1c479dcd90c0db9cd8b312a4366efc182887bc18a02aa3a26e424a609d7f69a","R environment provenance","tracked"
"thesis_extension/environment/legacy_R343_library/Rcpp/include/Rcpp/sugar/functions/clamp.h","2617","02347e9d0c6f547d72fdbf01588976a0bfc7d7dee1908d81920de9f3bc635257","R environment provenance","tracked"
"thesis_extension/environment/legacy_R343_library/Rcpp/include/Rcpp/sugar/functions/complex.h","7368","8208eb9847bbfa090d934d44dfea6e18842b5c818d77c1af1f4b74411fd6e32c","R environment provenance","tracked"
"thesis_extension/environment/legacy_R343_library/Rcpp/include/Rcpp/sugar/functions/cummax.h","2257","149c269651f137666a9ebf616d4ef96f1e132f3f855eb5169ceff313dd324de3","R environment provenance","tracked"
"thesis_extension/environment/legacy_R343_library/Rcpp/include/Rcpp/sugar/functions/cummin.h","2257","a9123e73d1a7d6615482c83c70790e09689b992cb7cc404531e9313278989486","R environment provenance","tracked"
"thesis_extension/environment/legacy_R343_library/Rcpp/include/Rcpp/sugar/functions/cumprod.h","2406","01583ec4e0f1f6d9357e99c8f39380b0c4139690ddb7314d25f24d2ab3f0681e","R environment provenance","tracked"
"thesis_extension/environment/legacy_R343_library/Rcpp/include/Rcpp/sugar/functions/cumsum.h","2115","6cb94f7a4a14b83e818c93235a21ebb116f39b774874eca676e5776146baee6b","R environment provenance","tracked"
"thesis_extension/environment/legacy_R343_library/Rcpp/include/Rcpp/sugar/functions/diff.h","4201","81438f0d49a80f2c3e0a36f20c0070ed3ba11f7ea9a92cfc7ecce681ebe540fb","R environment provenance","tracked"
"thesis_extension/environment/legacy_R343_library/Rcpp/include/Rcpp/sugar/functions/duplicated.h","1195","4bb7229a66163e15891ea4cdf7fbd80bbba8c464aedc2bb95c47cf4ee1863158","R environment provenance","tracked"
"thesis_extension/environment/legacy_R343_library/Rcpp/include/Rcpp/sugar/functions/functions.h","3078","e1f3b4cd05b92e0791772102b811a0cf35e5d5d2d82b063b711f3810889443f7","R environment provenance","tracked"
"thesis_extension/environment/legacy_R343_library/Rcpp/include/Rcpp/sugar/functions/head.h","1692","a2a3f3be94e703ee812151a2e5844001bfe50d3dfa3a64b7a5ab43fd0c6ff3bd","R environment provenance","tracked"
"thesis_extension/environment/legacy_R343_library/Rcpp/include/Rcpp/sugar/functions/ifelse.h","11409","b44df8f7c6311852149fe4405e007eb40b827c019caacc5e74d1d7da91c645a3","R environment provenance","tracked"
"thesis_extension/environment/legacy_R343_library/Rcpp/include/Rcpp/sugar/functions/is_finite.h","1571","bc8a660e1fc19d5bac01a4ba502666ac7bda51738b7a7f4dd20b5129536e583c","R environment provenance","tracked"
"thesis_extension/environment/legacy_R343_library/Rcpp/include/Rcpp/sugar/functions/is_infinite.h","1593","682c07f427bf6d6a2ed1c1aca99669c924c21e22bdb06b5f382e58ed0c3e18d3","R environment provenance","tracked"
"thesis_extension/environment/legacy_R343_library/Rcpp/include/Rcpp/sugar/functions/is_na.h","2926","a92c0f27e79588811cb0959eb01fceb48f6fd68a77f415386aeb5e0492f415fd","R environment provenance","tracked"
"thesis_extension/environment/legacy_R343_library/Rcpp/include/Rcpp/sugar/functions/is_nan.h","1552","bd4584db3707c4e1908a17541c638ad118e56971e51135dedd788c1d58d2c5db","R environment provenance","tracked"
"thesis_extension/environment/legacy_R343_library/Rcpp/include/Rcpp/sugar/functions/lapply.h","1760","60727bbf8ade88b9485ad5361b4f07582e3b7073695f3d23a45808e17b5228ef","R environment provenance","tracked"
"thesis_extension/environment/legacy_R343_library/Rcpp/include/Rcpp/sugar/functions/mapply.h","1025","d79194e1e982c3d7efddc289298688308765f2cba31f7a5cbb79d5a899606b64","R environment provenance","tracked"
"thesis_extension/environment/legacy_R343_library/Rcpp/include/Rcpp/sugar/functions/mapply/mapply_2.h","4290","3398b567b96c47475463449c71dc3d8a5caa17ad58a7c862e0f5e8e2a190653b","R environment provenance","tracked"
"thesis_extension/environment/legacy_R343_library/Rcpp/include/Rcpp/sugar/functions/mapply/mapply_3.h","2822","4f59a572f51e2baf5d487c201805b0d8930b94423fbd7201553d903c3442a548","R environment provenance","tracked"
"thesis_extension/environment/legacy_R343_library/Rcpp/include/Rcpp/sugar/functions/match.h","1243","451933606d69bf30c61d106644e0ddd053365cd6a0f663330be2caac8a2c4e3a","R environment provenance","tracked"
"thesis_extension/environment/legacy_R343_library/Rcpp/include/Rcpp/sugar/functions/math.h","2784","87b387112c3524b18be9a975031c2e48d4cd6cfd86d5374864ec5e24dea80ad1","R environment provenance","tracked"
"thesis_extension/environment/legacy_R343_library/Rcpp/include/Rcpp/sugar/functions/max.h","2418","716407d07b50a61a75ec8dce4a5e3406c96f636e433f0ce5403829046a0ece7a","R environment provenance","tracked"
"thesis_extension/environment/legacy_R343_library/Rcpp/include/Rcpp/sugar/functions/mean.h","4710","a41dd56ccd55ca864e9439aba0aa1eda2df826653e6dfab7cb70d16413b2615d","R environment provenance","tracked"
"thesis_extension/environment/legacy_R343_library/Rcpp/include/Rcpp/sugar/functions/median.h","7619","b41b6544081114906ba65ad41ccec23d7bba8204048b5a0800111857e1734d92","R environment provenance","tracked"
"thesis_extension/environment/legacy_R343_library/Rcpp/include/Rcpp/sugar/functions/min.h","2393","e10b3532253ce6bf01df8f4cc070c8fc85126ab0cce8d58b7bbec76adaf805fc","R environment provenance","tracked"
"thesis_extension/environment/legacy_R343_library/Rcpp/include/Rcpp/sugar/functions/na_omit.h","2577","fa01643665484cfae4c6457566713686d772ddf32e81a5323339e174f79b4e0f","R environment provenance","tracked"
"thesis_extension/environment/legacy_R343_library/Rcpp/include/Rcpp/sugar/functions/pmax.h","5035","a9c35cbb1a461f6b2f98ac2b98ac68f175026318db299f0dafd8c8d2ffdc9940","R environment provenance","tracked"
"thesis_extension/environment/legacy_R343_library/Rcpp/include/Rcpp/sugar/functions/pmin.h","5032","0ace90c9380dcf6c7d2dece907f8195a7cc32e2b6b12cee1959195962ec13b33","R environment provenance","tracked"
"thesis_extension/environment/legacy_R343_library/Rcpp/include/Rcpp/sugar/functions/pow.h","2742","54c337000aaf58cac71b539abaa525e41e5659a16fd2e27698f2336603ad851d","R environment provenance","tracked"
"thesis_extension/environment/legacy_R343_library/Rcpp/include/Rcpp/sugar/functions/range.h","2701","97af058b731568a8c6871e11a8960b2fca0ed21532673fd9b5c32ba47b181239","R environment provenance","tracked"
"thesis_extension/environment/legacy_R343_library/Rcpp/include/Rcpp/sugar/functions/rep.h","2653","ee52bfcb9a3cab982bf2e9d535591a5fe93d5d52ca04c52c79dd89c7e5927940","R environment provenance","tracked"
"thesis_extension/environment/legacy_R343_library/Rcpp/include/Rcpp/sugar/functions/rep_each.h","1780","c6b324d7019a1c169479499035ddbecd1b2068d76dafad24099585775b2d07a5","R environment provenance","tracked"
"thesis_extension/environment/legacy_R343_library/Rcpp/include/Rcpp/sugar/functions/rep_len.h","1748","862edcf4f3eea540494107ba7879be0b708eaba349539b3c16d7109522068045","R environment provenance","tracked"
"thesis_extension/environment/legacy_R343_library/Rcpp/include/Rcpp/sugar/functions/rev.h","1652","8114646f37dcbb464f33d2420854c0ac32f4465d1199515aafd47baa9f8d1679","R environment provenance","tracked"
"thesis_extension/environment/legacy_R343_library/Rcpp/include/Rcpp/sugar/functions/rowSums.h","52495","470c8e5e1fa4094757b1340097be4cd45d324da6bf619f2c96f53aeb2a232b8e","R environment provenance","tracked"
"thesis_extension/environment/legacy_R343_library/Rcpp/include/Rcpp/sugar/functions/sample.h","11671","94d2c5c82816cfe1838e9ac5ff6522651e8a1bda9c1f3735ff6df0d06396a1ac","R environment provenance","tracked"
"thesis_extension/environment/legacy_R343_library/Rcpp/include/Rcpp/sugar/functions/sapply.h","4558","a8d2b208eb6df3d032998f871d8864a559959e30db046f64eae200e52f0fe07a","R environment provenance","tracked"
"thesis_extension/environment/legacy_R343_library/Rcpp/include/Rcpp/sugar/functions/sd.h","1545","33c0e95de111aada66a9716115d9b5da54a1ba156ace0f20d5fce93c3059055b","R environment provenance","tracked"
"thesis_extension/environment/legacy_R343_library/Rcpp/include/Rcpp/sugar/functions/self_match.h","2200","6b75c3bbc26ed542fe0e755646e516e8e40cd008d2bef36318d5448b0ce30f7c","R environment provenance","tracked"
"thesis_extension/environment/legacy_R343_library/Rcpp/include/Rcpp/sugar/functions/seq_along.h","1591","8d0ace55cf78f9396a903369cdbbb71c6e008cf9f775473e97a4790eaa9c3f55","R environment provenance","tracked"
"thesis_extension/environment/legacy_R343_library/Rcpp/include/Rcpp/sugar/functions/setdiff.h","6140","63e463509832bd5d28e3b4299a4c8bce3910f53625873dca8ad599505d82b2cc","R environment provenance","tracked"
"thesis_extension/environment/legacy_R343_library/Rcpp/include/Rcpp/sugar/functions/sign.h","2399","36ee59bc0873c2cf6abfd65e7792ee0ca2fb9a33750aa01e39e7f266e6ea87e9","R environment provenance","tracked"
"thesis_extension/environment/legacy_R343_library/Rcpp/include/Rcpp/sugar/functions/strings/collapse.h","1496","d6389cd47183b175dbf0c1ecce8847b7e91d9c5f16ba4f9b78000df102feb810","R environment provenance","tracked"
"thesis_extension/environment/legacy_R343_library/Rcpp/include/Rcpp/sugar/functions/strings/strings.h","1060","0a0d499a4027dc06d6e24d9730614cc6dc1fe52cd58551b06d55dfb44614fd96","R environment provenance","tracked"
"thesis_extension/environment/legacy_R343_library/Rcpp/include/Rcpp/sugar/functions/strings/trimws.h","5577","565f7955a3cc68c747dc38d435fd8bac61d086ecd15bbb03c70581a41df78b3d","R environment provenance","tracked"
"thesis_extension/environment/legacy_R343_library/Rcpp/include/Rcpp/sugar/functions/sum.h","3314","f07b6efe76aef1e924b6ee77c8e84e2dbbf3adf12770484fdf3173c86287cbed","R environment provenance","tracked"
"thesis_extension/environment/legacy_R343_library/Rcpp/include/Rcpp/sugar/functions/table.h","3684","e69801f89b8097c6a24d5a7ceba363545627a68f2e6fe44d26c52ef4d09d3420","R environment provenance","tracked"
"thesis_extension/environment/legacy_R343_library/Rcpp/include/Rcpp/sugar/functions/tail.h","1812","ece6ea292dee4e1029dcb2a47dbc08a967aaa5209d2aa3e93f74f4b5dc51f04c","R environment provenance","tracked"
"thesis_extension/environment/legacy_R343_library/Rcpp/include/Rcpp/sugar/functions/unique.h","2287","de1a349c6bfb86180bbd0eca971bcd58c09a5d21472eb618036b8a152a1effef","R environment provenance","tracked"
"thesis_extension/environment/legacy_R343_library/Rcpp/include/Rcpp/sugar/functions/var.h","2984","89397af58cb86ae43aff23ad2740458af73d73e4d422c8d401d0160289e70a60","R environment provenance","tracked"
"thesis_extension/environment/legacy_R343_library/Rcpp/include/Rcpp/sugar/functions/which_max.h","2499","8be046a32087080115af83d7a9d4ab7145283891322416819d73392ab3f6d9d6","R environment provenance","tracked"
"thesis_extension/environment/legacy_R343_library/Rcpp/include/Rcpp/sugar/functions/which_min.h","2499","c653f6804b12b2a56357145a369422ca8ffa51fbd17a074b2bf903d2863a2780","R environment provenance","tracked"
"thesis_extension/environment/legacy_R343_library/Rcpp/include/Rcpp/sugar/logical/SingleLogicalResult.h","2298","3dd7e90d17c790f8d3a72df35a80e78edc0958698a1e344039097dbdc6addcbe","R environment provenance","tracked"
"thesis_extension/environment/legacy_R343_library/Rcpp/include/Rcpp/sugar/logical/and.h","9775","47c8698ec56ae2ff13b436c8cf36798b8780574906082af5a0cc1af9603b791b","R environment provenance","tracked"
"thesis_extension/environment/legacy_R343_library/Rcpp/include/Rcpp/sugar/logical/can_have_na.h","1038","2dbf09850779411e703a2d4eaa617af320c4c2cd0d52a7e02dc6ef57ede8c9b1","R environment provenance","tracked"
"thesis_extension/environment/legacy_R343_library/Rcpp/include/Rcpp/sugar/logical/is.h","1500","9490832ed9a3a01ad41b7bfe57ab57a24e63e18c854f370f43507bb12f4d6d47","R environment provenance","tracked"
"thesis_extension/environment/legacy_R343_library/Rcpp/include/Rcpp/sugar/logical/logical.h","1164","a8cce877b0a95959b8d5b025e17c71c022a0414df471831070e3ca3eac2bf51c","R environment provenance","tracked"
"thesis_extension/environment/legacy_R343_library/Rcpp/include/Rcpp/sugar/logical/not.h","1870","b124a56a50a2c68cc4bebddd0f0267eee40c73a0e73565df10ec759f90517536","R environment provenance","tracked"
"thesis_extension/environment/legacy_R343_library/Rcpp/include/Rcpp/sugar/logical/or.h","9728","e269c36b78371977241d4f87991bb3888972f6830cc79c2f72d014e0be9449b9","R environment provenance","tracked"
"thesis_extension/environment/legacy_R343_library/Rcpp/include/Rcpp/sugar/matrix/as_vector.h","2186","db741c1d255b94d4a2161680cc0572b58e9388efb6c2a081d4c9e3b94d89289d","R environment provenance","tracked"
"thesis_extension/environment/legacy_R343_library/Rcpp/include/Rcpp/sugar/matrix/col.h","1684","41a01a2993686db40bd49ede02a0644b8a05e34a284f9ed6426b891ac8474b56","R environment provenance","tracked"
"thesis_extension/environment/legacy_R343_library/Rcpp/include/Rcpp/sugar/matrix/diag.h","2648","293932fa1fc8896f54bc9da51d06bc85d7c9de7a02286b4d61afc1e24f76b2cd","R environment provenance","tracked"
"thesis_extension/environment/legacy_R343_library/Rcpp/include/Rcpp/sugar/matrix/lower_tri.h","2239","31900289c27c1081550931fa5c2eb870bfe1af2ebafd07933c9a9b2550fb85cd","R environment provenance","tracked"
"thesis_extension/environment/legacy_R343_library/Rcpp/include/Rcpp/sugar/matrix/matrix_functions.h","1240","9eb8243f4949eb974dbaeb05784bdbc717d7516de6ebf1e97c88380159195d3a","R environment provenance","tracked"
"thesis_extension/environment/legacy_R343_library/Rcpp/include/Rcpp/sugar/matrix/outer.h","2892","fee65a059bd79875fcec75033aaf29d04eeb947f95d050eebac98a4c02d5b153","R environment provenance","tracked"
"thesis_extension/environment/legacy_R343_library/Rcpp/include/Rcpp/sugar/matrix/row.h","1684","0d13a737218b7ef6c1ba0d0c463fa313af7905952997817fe05cbe1b623e4574","R environment provenance","tracked"
"thesis_extension/environment/legacy_R343_library/Rcpp/include/Rcpp/sugar/matrix/tools.h","1266","593dd7f371cb346db285cff89bf66ba882b01b79175eaa9ccd1f969a85c4877f","R environment provenance","tracked"
"thesis_extension/environment/legacy_R343_library/Rcpp/include/Rcpp/sugar/matrix/upper_tri.h","2243","8dd8fdbf5762842f8e050c44bd92b2888fa3fe885ec90c4192902fe0e75b0d34","R environment provenance","tracked"
"thesis_extension/environment/legacy_R343_library/Rcpp/include/Rcpp/sugar/nona/nona.h","2851","6b96d9b98a1661684034304383389f684c5d2f4f9f6978f1203824e2e831cc60","R environment provenance","tracked"
"thesis_extension/environment/legacy_R343_library/Rcpp/include/Rcpp/sugar/operators/Comparator.h","3437","279077327df70f78750ecead7835b6519df8030b47ca281f871b636b16ec2090","R environment provenance","tracked"
"thesis_extension/environment/legacy_R343_library/Rcpp/include/Rcpp/sugar/operators/Comparator_With_One_Value.h","3032","aa87adefdc74f5404154fdfdba23232690470935a3295b8cf586d56634d034bb","R environment provenance","tracked"
"thesis_extension/environment/legacy_R343_library/Rcpp/include/Rcpp/sugar/operators/divides.h","15251","b20ac7e501d906a87bce95f735f437e32f97106a7a47706cbb03d4164f2a9f2a","R environment provenance","tracked"
"thesis_extension/environment/legacy_R343_library/Rcpp/include/Rcpp/sugar/operators/logical_operators__Vector__Vector.h","3783","8c0eda98e6c5e67b125bbb6226a27fcd5a0ba94f8551033bdaac72376973fc1c","R environment provenance","tracked"
"thesis_extension/environment/legacy_R343_library/Rcpp/include/Rcpp/sugar/operators/logical_operators__Vector__primitive.h","5784","d8da99f48dd8c6b15a1bee46404fb93e98bb34397a85da76ff8c49d3b15320c4","R environment provenance","tracked"
"thesis_extension/environment/legacy_R343_library/Rcpp/include/Rcpp/sugar/operators/minus.h","14991","533335db4ea6aae1daada7c5a0d04283b0eb44266a8d9d0fa5de8871fd703e93","R environment provenance","tracked"
"thesis_extension/environment/legacy_R343_library/Rcpp/include/Rcpp/sugar/operators/not.h","2871","0e905975f24aba81ffb05e383ef90fc8c5a84302f2b22d10f36bfb1a38cd1967","R environment provenance","tracked"
"thesis_extension/environment/legacy_R343_library/Rcpp/include/Rcpp/sugar/operators/operators.h","1484","d06fdda1085358ccf552514c8ecebb4851424a1df976d496c91b301add83c837","R environment provenance","tracked"
"thesis_extension/environment/legacy_R343_library/Rcpp/include/Rcpp/sugar/operators/plus.h","16162","1723d6347823705b982fc7b186cc6f6dacc1dff72dad233e70424237ee94633e","R environment provenance","tracked"
"thesis_extension/environment/legacy_R343_library/Rcpp/include/Rcpp/sugar/operators/r_binary_op.h","1716","674e05a5445d1a640ce0b3ab59651a311b3e839036cc830392d5b0a45ad26391","R environment provenance","tracked"
"thesis_extension/environment/legacy_R343_library/Rcpp/include/Rcpp/sugar/operators/times.h","15985","8a2261edf3ec71738503cadd3cc1ff1b63ed73eed6fd6d271929d9b4b93d0003","R environment provenance","tracked"
"thesis_extension/environment/legacy_R343_library/Rcpp/include/Rcpp/sugar/operators/unary_minus.h","3191","20e7c621b63b044876d4802e7b757d8cf87bad4553a7185b089906eeec625259","R environment provenance","tracked"
"thesis_extension/environment/legacy_R343_library/Rcpp/include/Rcpp/sugar/sets.h","1892","5954220472a4275c12fe70c319ab5f8a8376974f740779485b9a3c610d912f17","R environment provenance","tracked"
"thesis_extension/environment/legacy_R343_library/Rcpp/include/Rcpp/sugar/sugar.h","1174","732195720bd52a56e49e4fff82dfb6ebeb4eaf933ed79c6b945a5c255ddd6784","R environment provenance","tracked"
"thesis_extension/environment/legacy_R343_library/Rcpp/include/Rcpp/sugar/sugar_forward.h","1110","0d1d07badf1d0fc218e76f2b62142717f96023b155a1cbfa573160ce8e4df220","R environment provenance","tracked"
"thesis_extension/environment/legacy_R343_library/Rcpp/include/Rcpp/sugar/tools/iterator.h","4955","a15970ea052bf566bad5717c52fb90ee9d859de25039e293190382e230bc26ce","R environment provenance","tracked"
"thesis_extension/environment/legacy_R343_library/Rcpp/include/Rcpp/sugar/undoRmath.h","2947","ba833fc9f6cd259909716d9c7881feeb6dc3ccea40d338f26d7b5599bee01bcc","R environment provenance","tracked"
"thesis_extension/environment/legacy_R343_library/Rcpp/include/Rcpp/traits/char_type.h","1339","9eb6af2e80c58f6edf0a80d4bc33557678f518fac64daf75ab418d661d6abe04","R environment provenance","tracked"
"thesis_extension/environment/legacy_R343_library/Rcpp/include/Rcpp/traits/enable_if.h","247","1bc803bcaf386c8610f637128241626b2812b810fe16d3a359237fa39b3f6de1","R environment provenance","tracked"
"thesis_extension/environment/legacy_R343_library/Rcpp/include/Rcpp/traits/expands_to_logical.h","1808","6933eedd0d174eb51be2205a92f38ab1aa9dda6df176446fa6e3e3cee78bf136","R environment provenance","tracked"
"thesis_extension/environment/legacy_R343_library/Rcpp/include/Rcpp/traits/get_na.h","1595","e21b1e52d11ae155bd63088e951bdca50c046202fba7141808fa7a463a8088a7","R environment provenance","tracked"
"thesis_extension/environment/legacy_R343_library/Rcpp/include/Rcpp/traits/has_iterator.h","3609","e5389173e92bf0f35afb0d6f2afcb432d7de18d733fd6bebe31131add18e099b","R environment provenance","tracked"
"thesis_extension/environment/legacy_R343_library/Rcpp/include/Rcpp/traits/has_na.h","1816","e1f8c04d498c0cf2a38fa741969c5d4bfe4b9f4eafd89e85aa9bc9046ed4efa1","R environment provenance","tracked"
"thesis_extension/environment/legacy_R343_library/Rcpp/include/Rcpp/traits/if_.h","1139","0178c1fa7640ede75313126623ece1b373608649cc391f635677ef381ad343f2","R environment provenance","tracked"
"thesis_extension/environment/legacy_R343_library/Rcpp/include/Rcpp/traits/init_type.h","1238","c1e0fdb38edd86a6f16e2094b774524686baab2c8ca5c0647aaeda0062447824","R environment provenance","tracked"
"thesis_extension/environment/legacy_R343_library/Rcpp/include/Rcpp/traits/integral_constant.h","1488","b781e19454ff497b865bef58330a87335d60d825a976aa7b288cbb4c74dbe64e","R environment provenance","tracked"
"thesis_extension/environment/legacy_R343_library/Rcpp/include/Rcpp/traits/is_arithmetic.h","2987","3407cbbda73e71485bdf75e82fbfda3a6434419fbe0ded420f91f856c6d1ef46","R environment provenance","tracked"
"thesis_extension/environment/legacy_R343_library/Rcpp/include/Rcpp/traits/is_bool.h","376","bd1173d14fe642a820a4bf441e40630df3d6ebeab9bccf5e680e574fc458f395","R environment provenance","tracked"
"thesis_extension/environment/legacy_R343_library/Rcpp/include/Rcpp/traits/is_const.h","1287","597788d9916333eb4631177b0bb4c62a9e0417757a305689c1f6f1a3f5d1183e","R environment provenance","tracked"
"thesis_extension/environment/legacy_R343_library/Rcpp/include/Rcpp/traits/is_convertible.h","1458","71c3b292732f552c880bc7928b84956dcf3f8fa2afd4c014f5202e8fd855fa27","R environment provenance","tracked"
"thesis_extension/environment/legacy_R343_library/Rcpp/include/Rcpp/traits/is_eigen_base.h","1450","88b3ea47655c6b69c0ef3f5826b3aac6ab65cbe58a54ecf7f242ec39421694d7","R environment provenance","tracked"
"thesis_extension/environment/legacy_R343_library/Rcpp/include/Rcpp/traits/is_finite.h","1756","006cb9b8cdf03414e43ac63deab8c201bd023d8bd585267c12b17f1864816b3f","R environment provenance","tracked"
"thesis_extension/environment/legacy_R343_library/Rcpp/include/Rcpp/traits/is_infinite.h","1369","2bbffd72d824265ba321156143e35be3f4650e14331e59d6056beefd0fadf303","R environment provenance","tracked"
"thesis_extension/environment/legacy_R343_library/Rcpp/include/Rcpp/traits/is_module_object.h","1700","1ae60ee7ed8d463ef2d68e113e85ec1e22904d6ff7f96ab5720e4627f4f68531","R environment provenance","tracked"
"thesis_extension/environment/legacy_R343_library/Rcpp/include/Rcpp/traits/is_na.h","1897","65ca1c1f8d5e29425ecca6e6c1bb107cbf4f17a4bc903e83d2a9877485be2ef7","R environment provenance","tracked"
"thesis_extension/environment/legacy_R343_library/Rcpp/include/Rcpp/traits/is_nan.h","1309","364cfd0874851243cd85ff03c8fe6adf4f764973662d6389e87fae18d4101451","R environment provenance","tracked"
"thesis_extension/environment/legacy_R343_library/Rcpp/include/Rcpp/traits/is_pointer.h","1216","0f4fe24781c09a1ecac39fb3d3009a744dbba1a8e2b05a88ac92e6864d7cd4ee","R environment provenance","tracked"
"thesis_extension/environment/legacy_R343_library/Rcpp/include/Rcpp/traits/is_primitive.h","1230","94f98612a3d67457059fb2c8a55444d720ecbb3b0d8c7652e694eafc46cb612e","R environment provenance","tracked"
"thesis_extension/environment/legacy_R343_library/Rcpp/include/Rcpp/traits/is_reference.h","1258","183011ca1b7b50eb7c3e61f9a4cd338276d28f89f4732d4d36b5db2f6b4a0333","R environment provenance","tracked"
"thesis_extension/environment/legacy_R343_library/Rcpp/include/Rcpp/traits/is_sugar_expression.h","1503","b181562d2b96b693e550accdd434a4bbf17d80488447896e54e77377bc5a9d91","R environment provenance","tracked"
"thesis_extension/environment/legacy_R343_library/Rcpp/include/Rcpp/traits/is_trivial.h","1213","3de91e2cb384c9d122d8d1f734b6575f783cc3f18e3bac9c5ae1541ecf12fb89","R environment provenance","tracked"
"thesis_extension/environment/legacy_R343_library/Rcpp/include/Rcpp/traits/is_wide_string.h","1512","408c5c97db3323182f3ce1ed7d217aafd75d86e9e62cf1126f0734ded1533452","R environment provenance","tracked"
"thesis_extension/environment/legacy_R343_library/Rcpp/include/Rcpp/traits/longlong.h","1973","e0c247a6f1d9c9a47f160ed831c2f6f19a65c03e0424a91c33952a1be142ae3e","R environment provenance","tracked"
"thesis_extension/environment/legacy_R343_library/Rcpp/include/Rcpp/traits/matrix_interface.h","1665","21be516abc1c6a9ce2e7fae2c3a74c9ab3edecd8a3cafce04df6141db9b99687","R environment provenance","tracked"
"thesis_extension/environment/legacy_R343_library/Rcpp/include/Rcpp/traits/module_wrap_traits.h","1495","6be8dc2152ebb6bb40d574ff447901ae4af896b00b99154645a71b05934a49f7","R environment provenance","tracked"
"thesis_extension/environment/legacy_R343_library/Rcpp/include/Rcpp/traits/named_object.h","2231","7e717db44acff1bebe5a3a4381ec1014bd950c3d469fa4bc1be45910ba15e25f","R environment provenance","tracked"
"thesis_extension/environment/legacy_R343_library/Rcpp/include/Rcpp/traits/num2type.h","1049","0be594961f107b686c34549e91f746cf56eb15087bfb4fa36100611c54ba0e93","R environment provenance","tracked"
"thesis_extension/environment/legacy_R343_library/Rcpp/include/Rcpp/traits/one_type.h","1848","f94747382df207fde76a1e1083978c9ec3cb65af04ac2451c70ce56d51fb6c0a","R environment provenance","tracked"
"thesis_extension/environment/legacy_R343_library/Rcpp/include/Rcpp/traits/r_sexptype_traits.h","3411","c322d47aadd813b74c13a3405891d45145dd95b205389fac3028347ef549b1ea","R environment provenance","tracked"
"thesis_extension/environment/legacy_R343_library/Rcpp/include/Rcpp/traits/r_type_traits.h","7839","ff49db36b581c06af80192b4cb4c0d2dfdbc1581140f2bf82b1fb2fd54b130ff","R environment provenance","tracked"
"thesis_extension/environment/legacy_R343_library/Rcpp/include/Rcpp/traits/remove_const.h","1324","8ab472206b59c0058d6e479583698f960e8fd370a5c7feef12f95d556d021735","R environment provenance","tracked"
"thesis_extension/environment/legacy_R343_library/Rcpp/include/Rcpp/traits/remove_const_and_reference.h","1276","59622f5ae2400fa66999e72a36792923712536b7bb08c02194c7de6fe89768b7","R environment provenance","tracked"
"thesis_extension/environment/legacy_R343_library/Rcpp/include/Rcpp/traits/remove_reference.h","1330","b0687becc04c70333454654822d643213325f62b31f9aa95681639cdca43a67c","R environment provenance","tracked"
"thesis_extension/environment/legacy_R343_library/Rcpp/include/Rcpp/traits/result_of.h","1584","29df2a5fe2763c535288889c31df57307f473b7d6bacf6d39dbd1e1688f5abf2","R environment provenance","tracked"
"thesis_extension/environment/legacy_R343_library/Rcpp/include/Rcpp/traits/same_type.h","1250","c7ffad8aa7c991f7dff2dc63d027388ce135b36158d50baee042a5adc3345e8c","R environment provenance","tracked"
"thesis_extension/environment/legacy_R343_library/Rcpp/include/Rcpp/traits/storage_type.h","2111","0397033a6c8002db6e8ffabc3239b6415d3c46f4bb1511c93de6020306d2c727","R environment provenance","tracked"
"thesis_extension/environment/legacy_R343_library/Rcpp/include/Rcpp/traits/traits.h","2700","2d11ad267ff803832502a3ab5c2b54a63f92fc351eecebd9d7cde5c7f6219103","R environment provenance","tracked"
"thesis_extension/environment/legacy_R343_library/Rcpp/include/Rcpp/traits/un_pointer.h","1296","0b8d095c1d9d71460df16099c3b581e99c3273578040ce5e4cfb70f63deec7be","R environment provenance","tracked"
"thesis_extension/environment/legacy_R343_library/Rcpp/include/Rcpp/traits/wrap_type_traits.h","4536","c586635c06a02d5299583caa02b24d223cfec92e669088084624e2eb003957b6","R environment provenance","tracked"
"thesis_extension/environment/legacy_R343_library/Rcpp/include/Rcpp/utils/tinyformat.h","43503","62fd02efdeea300af493c817664653585fe1329b1f158a22594eb13072b2ae5d","R environment provenance","tracked"
"thesis_extension/environment/legacy_R343_library/Rcpp/include/Rcpp/vector/00_forward_Vector.h","1049","549ac462a5553a4c1146ae633b7c46049ba234db9da2f520905cb159f58b7ed7","R environment provenance","tracked"
"thesis_extension/environment/legacy_R343_library/Rcpp/include/Rcpp/vector/00_forward_proxy.h","1784","15bb81d4438bef1034888053b808c5c6acb7e046365102db1c68cdc0f83bf6ee","R environment provenance","tracked"
"thesis_extension/environment/legacy_R343_library/Rcpp/include/Rcpp/vector/ChildVector.h","2116","fc7ff7cc3a8902af6003ab9efe857b1f030e4f434aa20fade6e3cc13a086250b","R environment provenance","tracked"
"thesis_extension/environment/legacy_R343_library/Rcpp/include/Rcpp/vector/DimNameProxy.h","2975","62afca7f6184ea3a9227bedeefc2d6c98df2151e2e3f8d1398e1fcdc32ffe5fb","R environment provenance","tracked"
"thesis_extension/environment/legacy_R343_library/Rcpp/include/Rcpp/vector/LazyVector.h","2006","425c7fbb454d00ecf9f130a26b6780ca9a2007e6c95ec621d02faa4b2d42d46a","R environment provenance","tracked"
"thesis_extension/environment/legacy_R343_library/Rcpp/include/Rcpp/vector/ListOf.h","3436","61ac0150fd5ba15f4d934c3577eabaa4485931cad41d63074859c31622429903","R environment provenance","tracked"
"thesis_extension/environment/legacy_R343_library/Rcpp/include/Rcpp/vector/Matrix.h","16038","f145e05eed1be181687f43233b2f885b8bb8288ac3fc91e2a70c680a60a688cd","R environment provenance","tracked"
"thesis_extension/environment/legacy_R343_library/Rcpp/include/Rcpp/vector/MatrixBase.h","6850","079b5b240059e258991b1ffc126a37a03d4666dad0c7cc014fc7d3756ad1b110","R environment provenance","tracked"
"thesis_extension/environment/legacy_R343_library/Rcpp/include/Rcpp/vector/MatrixColumn.h","4983","9ddbdd646c505e73e9ad7ee51c99bc5213332db72e1653ecce3d8801c37a9a84","R environment provenance","tracked"
"thesis_extension/environment/legacy_R343_library/Rcpp/include/Rcpp/vector/MatrixRow.h","11366","b24b080e4b8957e08160588388f7ab1a7440b6abf6c0c249c6ff0ce4578f3cf9","R environment provenance","tracked"
"thesis_extension/environment/legacy_R343_library/Rcpp/include/Rcpp/vector/RangeIndexer.h","3341","44cc8206485ca919df1a48f0adeb25c93d903f5b46c676858154d8aa9ea6ccc7","R environment provenance","tracked"
"thesis_extension/environment/legacy_R343_library/Rcpp/include/Rcpp/vector/SubMatrix.h","3464","4e9dbd9a16f1ae17ca697fef083fe816fad629201401733a0b48810251cba8a1","R environment provenance","tracked"
"thesis_extension/environment/legacy_R343_library/Rcpp/include/Rcpp/vector/Subsetter.h","8718","a0fbbf95eee19bd845b3c94907a500da37831bb98b5925de6f4532c53cbdbd32","R environment provenance","tracked"
"thesis_extension/environment/legacy_R343_library/Rcpp/include/Rcpp/vector/Vector.h","42290","0231124aa7f337109eec2132d091222e6838f459caf9675cb4f7959ea3a7e77b","R environment provenance","tracked"
"thesis_extension/environment/legacy_R343_library/Rcpp/include/Rcpp/vector/VectorBase.h","5152","b293b79897dddbec5e60ad4ffc29d1e86a5f0ec005daf537e8d9a3f656ccf926","R environment provenance","tracked"
"thesis_extension/environment/legacy_R343_library/Rcpp/include/Rcpp/vector/const_generic_proxy.h","1839","02cb1f122f25b32508c683707d6f92c2049cbacc64533f9570342843b62d73f7","R environment provenance","tracked"
"thesis_extension/environment/legacy_R343_library/Rcpp/include/Rcpp/vector/const_string_proxy.h","4995","166cbd7690e27115b85b60ddde921737fea8c1a221ecb71bab685a4388a1d385","R environment provenance","tracked"
"thesis_extension/environment/legacy_R343_library/Rcpp/include/Rcpp/vector/converter.h","2941","62d13be0cad9e2e8027a00f00edd651386840710a621eee19d5114184e63a0b6","R environment provenance","tracked"
"thesis_extension/environment/legacy_R343_library/Rcpp/include/Rcpp/vector/generic_proxy.h","2389","b695e8958a2f9bbbb23e99ca0d9fef77250f955a439ffc8dfd585dbfd76b9610","R environment provenance","tracked"
"thesis_extension/environment/legacy_R343_library/Rcpp/include/Rcpp/vector/instantiation.h","1868","a9de6866212aebf5cd0a88509a1d47018a31688613c96b6b1b1b29a99b6c24a8","R environment provenance","tracked"
"thesis_extension/environment/legacy_R343_library/Rcpp/include/Rcpp/vector/no_init.h","1964","f9856e2f0887c2702a28950a7b45e9e27dad4bd195524923b328c3e42d9cba48","R environment provenance","tracked"
"thesis_extension/environment/legacy_R343_library/Rcpp/include/Rcpp/vector/proxy.h","7253","92058554c6df8a8fa1f4d9feca28b2a650783aa8821ab261a3e84d7244eb3c6e","R environment provenance","tracked"
"thesis_extension/environment/legacy_R343_library/Rcpp/include/Rcpp/vector/string_proxy.h","6824","49bb5bac998bd858e89167335885cfcb45741edd99fa2606d5b843655b045040","R environment provenance","tracked"
"thesis_extension/environment/legacy_R343_library/Rcpp/include/Rcpp/vector/swap.h","1348","7675da4a991c82d1da95c3161ba0d5c98372be5ed66b5a5d9ee0ccba15549586","R environment provenance","tracked"
"thesis_extension/environment/legacy_R343_library/Rcpp/include/Rcpp/vector/traits.h","3783","98c3f7b0492d7ee9c1673712f4842527d691fe676cf81427cfe971a0ceb13a0d","R environment provenance","tracked"
"thesis_extension/environment/legacy_R343_library/Rcpp/include/Rcpp/vector/vector_from_string.h","1810","8976b6d973f244f7232ceb536b544366cbb1b6c07124a9c5110c1a4075ac2722","R environment provenance","tracked"
"thesis_extension/environment/legacy_R343_library/Rcpp/include/RcppCommon.h","4291","e499df738f8c44c39528791696bd7181d7a68246211c7dfa17cdacd7fb96ba8b","R environment provenance","tracked"
"thesis_extension/environment/legacy_R343_library/Rcpp/include/doxygen/Examples.h","5385","dc01f0c10fd44d211ddae8afeb93f6f380604ba2145952271fa181a397f14afa","R environment provenance","tracked"
"thesis_extension/environment/legacy_R343_library/Rcpp/libs/i386/Rcpp.dll","1071630","f138f7146a463bd2e209bbc16fb1cc9d3a940cc217b225d546f036ccff061036","R environment provenance","tracked"
"thesis_extension/environment/legacy_R343_library/Rcpp/libs/x64/Rcpp.dll","1007616","997e071ce131881702afd953d90a4cdfc8af8eb72a4fec67378167e022f5797d","R environment provenance","tracked"
"thesis_extension/environment/legacy_R343_library/Rcpp/prompt/module.Rd","540","ab0b1997c7e91c75b5ec312eb7d9d484bcdb370f1254377d28c5a88099d9c0f8","R environment provenance","tracked"
"thesis_extension/environment/legacy_R343_library/Rcpp/skeleton/Num.cpp","1477","160a69cd4235ad84a474247fb4fe450e6cddce8f16cb8a09deea7aa5e3910b8c","R environment provenance","tracked"
"thesis_extension/environment/legacy_R343_library/Rcpp/skeleton/Rcpp_modules_examples.Rd","507","ba7d2a1c3d6a9c96269e336f6f9f20d3d41f52f50f4a910bdb096c1a2fc3317a","R environment provenance","tracked"
"thesis_extension/environment/legacy_R343_library/Rcpp/skeleton/manual-page-stub.Rd","866","424b799d2289c52dd6d745a1e59b739278cac807ad70d8e38c40eba227b37db9","R environment provenance","tracked"
"thesis_extension/environment/legacy_R343_library/Rcpp/skeleton/rcpp_hello_world.R","86","e95bdae2e54eb5f9033f38ffb69faae319c26e5882315bea4a30155573f776ee","R environment provenance","tracked"
"thesis_extension/environment/legacy_R343_library/Rcpp/skeleton/rcpp_hello_world.Rd","221","254093c83a069cdc07ea9f00b9891d8adf61995a873ad4badf2dfcf7f435bb17","R environment provenance","tracked"
"thesis_extension/environment/legacy_R343_library/Rcpp/skeleton/rcpp_hello_world.cpp","276","1bac981c68c47dc10f798e71ce7807927f2381ab2387cff4eb41a176dcdc4873","R environment provenance","tracked"
"thesis_extension/environment/legacy_R343_library/Rcpp/skeleton/rcpp_hello_world.h","628","7fb73e8c4072e9b78e2ef04dcc80c60d06cc39c21971abc8101bb64cc6058207","R environment provenance","tracked"
"thesis_extension/environment/legacy_R343_library/Rcpp/skeleton/rcpp_hello_world_attributes.cpp","281","7e09daa1b85225442942ff853d45618323c56b85a553c5188cec2fd1009cd620","R environment provenance","tracked"
"thesis_extension/environment/legacy_R343_library/Rcpp/skeleton/rcpp_module.cpp","2214","097b529907bc20def00afbd505ad6c0f9972ee3f8c67d25f797d744d4b5a01d5","R environment provenance","tracked"
"thesis_extension/environment/legacy_R343_library/Rcpp/skeleton/stdVector.cpp","2974","5870108d7a9d37db33adf43160fc4d48ec914841d61a5fc49dcf9b54ed38f698","R environment provenance","tracked"
"thesis_extension/environment/legacy_R343_library/Rcpp/skeleton/zzz.R","477","f4727471eb7d6fbbf57a180e7811775a51a36b9d371f9358eb9417907fc6d301","R environment provenance","tracked"
"thesis_extension/environment/legacy_R343_library/Rcpp/unitTests/bin/amd64/r-cran-testrcpppackage_0.1.0-1_amd64.deb","16266","431339b8ed1e7a7f354e70a982f64535ec75dcabe5d8b4c25161cd81bd8d7f13","R environment provenance","tracked"
"thesis_extension/environment/legacy_R343_library/Rcpp/unitTests/bin/i386/r-cran-testrcpppackage_0.1.0-1_i386.deb","16142","924e3c73da76efe92bdc7d247f887a9fcd2b74ebdb22c67766e9669620342b17","R environment provenance","tracked"
"thesis_extension/environment/legacy_R343_library/Rcpp/unitTests/cpp/DataFrame.cpp","2424","087c19a3bc52c7d874cd9e9998a0561e96dffb84749af2b8a7edc5418bd2eaf6","R environment provenance","tracked"
"thesis_extension/environment/legacy_R343_library/Rcpp/unitTests/cpp/Environment.cpp","4146","dd0aee4ec170d3b77d28dc27c899919e1334de79ce74769253e973d92eadb0aa","R environment provenance","tracked"
"thesis_extension/environment/legacy_R343_library/Rcpp/unitTests/cpp/Function.cpp","2316","2e6830b192ecce46682342d70eac46e619e71e97046862658fb3cd5e2c37145a","R environment provenance","tracked"
"thesis_extension/environment/legacy_R343_library/Rcpp/unitTests/cpp/InternalFunction.cpp","1264","61ede57426bed2a2d00f7a338567f811de81e6bdbe5ad9d3e2b7cb8d396dff72","R environment provenance","tracked"
"thesis_extension/environment/legacy_R343_library/Rcpp/unitTests/cpp/InternalFunctionCPP11.cpp","1388","c3574bf0c4aface875017b97f1ebb656d88c81f0cb37fa2f19d7447f3bc9a236","R environment provenance","tracked"
"thesis_extension/environment/legacy_R343_library/Rcpp/unitTests/cpp/ListOf.cpp","2105","17e26b40f960e5442702b19fa380c301bad4ad1e6b9d9efa5e302134e47df99f","R environment provenance","tracked"
"thesis_extension/environment/legacy_R343_library/Rcpp/unitTests/cpp/Matrix.cpp","10332","b8ae355b2d20d3d52872f010ba3daf69a46069db4bd48eaeaadb772f89c13529","R environment provenance","tracked"
"thesis_extension/environment/legacy_R343_library/Rcpp/unitTests/cpp/Module.cpp","5079","4d205c3c0a79c0c27ff42fd03288ce45dd2bfe7c42e322d6051290530f1ae62a","R environment provenance","tracked"
"thesis_extension/environment/legacy_R343_library/Rcpp/unitTests/cpp/RObject.cpp","3580","96f0bed2a9ce539e7b2f4682ec998c9ffce5ab4d6ef6f455d75d510c9341893f","R environment provenance","tracked"
"thesis_extension/environment/legacy_R343_library/Rcpp/unitTests/cpp/Reference.cpp","1046","dc7dafe07a28477e1214115b343f37c00697b764f0de47c54b1689f0983b7aa1","R environment provenance","tracked"
"thesis_extension/environment/legacy_R343_library/Rcpp/unitTests/cpp/S4.cpp","2171","b74cb8c67d9c3405d8df8dd5c817b876692f59f0e1868bdc417fec786f7d8d32","R environment provenance","tracked"
"thesis_extension/environment/legacy_R343_library/Rcpp/unitTests/cpp/String.cpp","2573","789e6c199ef2f9cab63c0cfc2126601dffd08ca80103c593917995d22f0b5661","R environment provenance","tracked"
"thesis_extension/environment/legacy_R343_library/Rcpp/unitTests/cpp/Subset.cpp","2211","2780361fa950a9463b32321975e5c6fa694bf1121aac96791f794c4d9427ac29","R environment provenance","tracked"
"thesis_extension/environment/legacy_R343_library/Rcpp/unitTests/cpp/Vector.cpp","19024","fd14d0aebe8b5d076bde35cf1887cb60641f7822437e64c0d312365825798723","R environment provenance","tracked"
"thesis_extension/environment/legacy_R343_library/Rcpp/unitTests/cpp/VectorOld.cpp","1210","4ea5747fffdc1f261168388ee4d7480ade8be5debc888617483c2309d2dd0c0a","R environment provenance","tracked"
"thesis_extension/environment/legacy_R343_library/Rcpp/unitTests/cpp/XPtr.cpp","2100","218ece5e467bcb533a27a53b61fc448fba53978876e3387025c3a534c730ca1e","R environment provenance","tracked"
"thesis_extension/environment/legacy_R343_library/Rcpp/unitTests/cpp/algorithm.cpp","2515","bbfd3b4bea9aa513913f5ebd355eda29a7b5e9b38d2af438314c2e3593d971d7","R environment provenance","tracked"
"thesis_extension/environment/legacy_R343_library/Rcpp/unitTests/cpp/as.cpp","1984","ccf04651a12db8944303a4fe073ef8a7f1be97f2269b4ed9e3a14d21f6de1049","R environment provenance","tracked"
"thesis_extension/environment/legacy_R343_library/Rcpp/unitTests/cpp/attributes.cpp","673","9ef524fdafb1e0a93be741aabc7bc4585930a86d083f286ac034d8af1adb4853","R environment provenance","tracked"
"thesis_extension/environment/legacy_R343_library/Rcpp/unitTests/cpp/attributes.hpp","202","87138de7a7c70511296867e922e757cab1886a045cb9a66c2d4565b568bf8427","R environment provenance","tracked"
"thesis_extension/environment/legacy_R343_library/Rcpp/unitTests/cpp/dates.cpp","6336","9f2a79c237039cbe87cb9c53f260f8cc92aa424445aa6c0f9ca0bf168db3cd89","R environment provenance","tracked"
"thesis_extension/environment/legacy_R343_library/Rcpp/unitTests/cpp/dispatch.cpp","1321","a3f3b4305eb22f63c3447590fca96101d58de02fca1c11ced1ca25de8a8ead6c","R environment provenance","tracked"
"thesis_extension/environment/legacy_R343_library/Rcpp/unitTests/cpp/exceptions.cpp","1805","3dc7f0ca5c525b82de90dda4291693993ed34cec9aa1e2eb1e3e21e18134f17d","R environment provenance","tracked"
"thesis_extension/environment/legacy_R343_library/Rcpp/unitTests/cpp/language.cpp","5939","ef532571f8507650f0becf110c5bef3045b52472f5137af7e4139271d65e7b0c","R environment provenance","tracked"
"thesis_extension/environment/legacy_R343_library/Rcpp/unitTests/cpp/misc.cpp","5807","19f714080bf12ab661b32638e53e9c58773665b3d17d561c7aeaff6c7dd005cb","R environment provenance","tracked"
"thesis_extension/environment/legacy_R343_library/Rcpp/unitTests/cpp/modref.cpp","1549","bc64a556cf04d755cbd55029762e51e53c431b9ffdf5aa74d00b1af472c05e95","R environment provenance","tracked"
"thesis_extension/environment/legacy_R343_library/Rcpp/unitTests/cpp/na.cpp","1195","50569a8dda0e146bcda875d530375f824b0661c9c9ef4b1764e26d830362068f","R environment provenance","tracked"
"thesis_extension/environment/legacy_R343_library/Rcpp/unitTests/cpp/rmath.cpp","22687","ad87e965c3d2b17a560d283597846020a7e6a857c13eac13c940a622b5972d9d","R environment provenance","tracked"
"thesis_extension/environment/legacy_R343_library/Rcpp/unitTests/cpp/stats.cpp","7874","b74624a854dc485e38f0214add5cad2f953ac0bb71639bc1e731e22c563d0148","R environment provenance","tracked"
"thesis_extension/environment/legacy_R343_library/Rcpp/unitTests/cpp/sugar.cpp","28711","1a914393fe488de418a3054a65cbfab282c6bfda63ced56a1466779c87431710","R environment provenance","tracked"
"thesis_extension/environment/legacy_R343_library/Rcpp/unitTests/cpp/support.cpp","2469","bf6f760e21cd95cc69c06062fbcc9b8ab472b509b682027da123d7ce8fec3cac","R environment provenance","tracked"
"thesis_extension/environment/legacy_R343_library/Rcpp/unitTests/cpp/table.cpp","1287","fa75f2518cf7ea1ffd2885b65f089cca08f900958141acea4a3d62922080f924","R environment provenance","tracked"
"thesis_extension/environment/legacy_R343_library/Rcpp/unitTests/cpp/wrap.cpp","7736","2caaa45cfede24045a6a8a4f197634bb4b0e98f3e2853166aedfaecd690a3fea","R environment provenance","tracked"
"thesis_extension/environment/legacy_R343_library/Rcpp/unitTests/cpp/wstring.cpp","835","28857cf3c049c2953aeaba512cd0eebe099b2b2999c51c0dfd18585bb3351a26","R environment provenance","tracked"
"thesis_extension/environment/legacy_R343_library/Rcpp/unitTests/runTests.R","6044","eb748d8116cc4d08036fce256451e04ded70cf0a52a68736713760e2e92de353","R environment provenance","tracked"
"thesis_extension/environment/legacy_R343_library/Rcpp/unitTests/runit.DataFrame.R","3495","e15bbed0765e85b8ccdc1c41481da830ff99c2617636c3e778c29d412c98a1b3","R environment provenance","tracked"
"thesis_extension/environment/legacy_R343_library/Rcpp/unitTests/runit.Date.R","11190","8787707d5fbd661161285b6100e68ddb34704797e07bbf453d193750bf01bb99","R environment provenance","tracked"
"thesis_extension/environment/legacy_R343_library/Rcpp/unitTests/runit.Function.R","4077","6f10bee0a27ccb962212a0b47a5f4cb5fef685d8583ec4655c19cf5598747869","R environment provenance","tracked"
"thesis_extension/environment/legacy_R343_library/Rcpp/unitTests/runit.InternalFunction.R","1220","4bf4a6a59af1aa45280ec3b21c5a25ece090ce7d672b2ea3b172ede6426adf4d","R environment provenance","tracked"
"thesis_extension/environment/legacy_R343_library/Rcpp/unitTests/runit.InternalFunctionCPP11.R","1272","13a3af7638a3364bf714d06c36994e557c4b4324e12e57f55480532699d5dc89","R environment provenance","tracked"
"thesis_extension/environment/legacy_R343_library/Rcpp/unitTests/runit.Language.R","7306","2344e8db4213b1f0eb6c48bf83d78ae95cf6c4c64493f448162496bf1dfcace0","R environment provenance","tracked"
"thesis_extension/environment/legacy_R343_library/Rcpp/unitTests/runit.ListOf.R","2981","79f5f5b7f7eaf6e30b316c8a5cc57b994a91a6022af085cbb4de29795288096f","R environment provenance","tracked"
"thesis_extension/environment/legacy_R343_library/Rcpp/unitTests/runit.Matrix.R","12166","b37608ecd3f41d190f627c0209b77dcd561ef8074cee955a9b70c5d8f314586c","R environment provenance","tracked"
"thesis_extension/environment/legacy_R343_library/Rcpp/unitTests/runit.Module.R","3058","7fa2eb2376a9f2dd746a2ae2af00350cf69377238f5205ed908d69031ac9ea0e","R environment provenance","tracked"
"thesis_extension/environment/legacy_R343_library/Rcpp/unitTests/runit.Module.client.package.R","2495","ad87d45f30f4080b9c0edeeaf7d7df2f67c492e722505892d405c61aebd0b172","R environment provenance","tracked"
"thesis_extension/environment/legacy_R343_library/Rcpp/unitTests/runit.RObject.R","10019","e49ba6b016f30f0a6140fa17a497020327eb27d599387706767bfef928bec36f","R environment provenance","tracked"
"thesis_extension/environment/legacy_R343_library/Rcpp/unitTests/runit.Rcpp.package.skeleton.R","6646","c348c8ab3200ff8c367df438c5181ba56f1a6360c71012191a5ae6276e8cfdda","R environment provenance","tracked"
"thesis_extension/environment/legacy_R343_library/Rcpp/unitTests/runit.Reference.R","1274","ec7da9db6e3bf91dd51d0e0bc1b719a553e9f07bef9fe2c49d10bb58a350ba09","R environment provenance","tracked"
"thesis_extension/environment/legacy_R343_library/Rcpp/unitTests/runit.S4.R","3389","76d7c88951b9651a274379895c6b574f531f1ad43dca52f1f5523ed58089ef58","R environment provenance","tracked"
"thesis_extension/environment/legacy_R343_library/Rcpp/unitTests/runit.String.R","3077","cfdc31fa948bf88ec6e12f0d5ede0eca95e8f0367a4540909d4e18ef9111a678","R environment provenance","tracked"
"thesis_extension/environment/legacy_R343_library/Rcpp/unitTests/runit.Vector.R","24913","059d2f076e403003c24b9288194baa37cd88e973097182a6936eac56bc120fd8","R environment provenance","tracked"
"thesis_extension/environment/legacy_R343_library/Rcpp/unitTests/runit.VectorOld.R","1202","5a761661fd784f4f29d23883711abd3c93c7a54fb0197e910f8350c9b38cd546","R environment provenance","tracked"
"thesis_extension/environment/legacy_R343_library/Rcpp/unitTests/runit.XPTr.R","1532","a10bffd21133abf44501b7f5e477eb7262799cdd88296aef60c45e7285c0d06c","R environment provenance","tracked"
"thesis_extension/environment/legacy_R343_library/Rcpp/unitTests/runit.algorithm.R","4372","a2a5ab0666110d159155fde0eb894d1161663245268033bcb4552eeb0c59008d","R environment provenance","tracked"
"thesis_extension/environment/legacy_R343_library/Rcpp/unitTests/runit.as.R","4605","fd514025d6f76eeda46c10cc37946054d248d1b2a25f315109ba2ee87105d7ee","R environment provenance","tracked"
"thesis_extension/environment/legacy_R343_library/Rcpp/unitTests/runit.attributes.R","1181","5009956b18387477491c0f0897e6c47e11e6de05c75f30927856c5173ca46cb0","R environment provenance","tracked"
"thesis_extension/environment/legacy_R343_library/Rcpp/unitTests/runit.binary.package.R","2104","62ef077b1be1ffa5e5accd8de83e87732290e4260e716a17e6113e7a33f0678f","R environment provenance","tracked"
"thesis_extension/environment/legacy_R343_library/Rcpp/unitTests/runit.client.package.R","1863","e34bc8f386b7cad40648006a86c6a5e46eb67bb1aacd4a992e36543a3f58f2fa","R environment provenance","tracked"
"thesis_extension/environment/legacy_R343_library/Rcpp/unitTests/runit.dispatch.R","3272","9f6585fde912a96bd313dbd075c1d8c41b232979ebeed3ee018e67ab7703edc8","R environment provenance","tracked"
"thesis_extension/environment/legacy_R343_library/Rcpp/unitTests/runit.environments.R","13517","61c8da82423eb8e1f95dab923e9c67770bc1cfe568fe98796f5ccd5aefe64f4d","R environment provenance","tracked"
"thesis_extension/environment/legacy_R343_library/Rcpp/unitTests/runit.exceptions.R","3883","97387e69edefd955adb37f73f07d9fb9515cb7ac2dda1547b6aa7940c5cc45a2","R environment provenance","tracked"
"thesis_extension/environment/legacy_R343_library/Rcpp/unitTests/runit.misc.R","7009","ec0b89e1627e06e1251202580929fec3b40a82096c71aa0babe5620ef029f853","R environment provenance","tracked"
"thesis_extension/environment/legacy_R343_library/Rcpp/unitTests/runit.modref.R","1377","da9f25df6050557041002c3d83b98796215a5de2576c5e482b83ca056acfbb76","R environment provenance","tracked"
"thesis_extension/environment/legacy_R343_library/Rcpp/unitTests/runit.na.R","1323","3660904204acafd175a9f23c806926721ef5d1606bfbdf3bec12d339f803ac9c","R environment provenance","tracked"
"thesis_extension/environment/legacy_R343_library/Rcpp/unitTests/runit.quickanddirty.R","2193","91ef988899bfd1bf3bf3f844b80ec4b30aa9a170a995891c68d1639932c629b5","R environment provenance","tracked"
"thesis_extension/environment/legacy_R343_library/Rcpp/unitTests/runit.rmath.R","26075","86bf9ca1a4305da3eb3748ec5e9079179054026560d21a3c0e6ac039c5ada9e3","R environment provenance","tracked"
"thesis_extension/environment/legacy_R343_library/Rcpp/unitTests/runit.stats.R","13180","e53c94274defde9027deea389bddd68f8783faf78cc586eee710447d21f610b2","R environment provenance","tracked"
"thesis_extension/environment/legacy_R343_library/Rcpp/unitTests/runit.subset.R","3081","d9fd5cc83d9fadaef8d0b1054820365c6035605d23784fdb245f3efe3449f4f1","R environment provenance","tracked"
"thesis_extension/environment/legacy_R343_library/Rcpp/unitTests/runit.sugar.R","61529","7eabcdf10ad3bd7d07a307b5b8dd29f881449c0be7dcef68b536e1bcb0477394","R environment provenance","tracked"
"thesis_extension/environment/legacy_R343_library/Rcpp/unitTests/runit.sugar.var.R","1950","14c00148364407e43b48097dde46cc6fc6cd2ead52e3774eae4c06656e73395e","R environment provenance","tracked"
"thesis_extension/environment/legacy_R343_library/Rcpp/unitTests/runit.support.R","1797","f5e68018341d190508983ee6d9435c9f6d89ba8281f3fdb29675a4cded2aea2a","R environment provenance","tracked"
"thesis_extension/environment/legacy_R343_library/Rcpp/unitTests/runit.system.R","1646","ffe415faac5e27d85c3908c0db6ac2c2e186ae93c39f00e3516e9a6a3b6a27fa","R environment provenance","tracked"
"thesis_extension/environment/legacy_R343_library/Rcpp/unitTests/runit.table.R","1643","ae3ecfb2a89d424cb2fec967cdc0f3514f8a8922f061f311701c68121241ae10","R environment provenance","tracked"
"thesis_extension/environment/legacy_R343_library/Rcpp/unitTests/runit.wrap.R","7857","b0ee40392be4a46084e536efd594f46fc69fa38a0b68de33699455d1d1f2ae61","R environment provenance","tracked"
"thesis_extension/environment/legacy_R343_library/Rcpp/unitTests/runit.wstring.R","1575","f23410ca4dd4e58f04db1abedf9c100f945bf9b71001e693a0e22b4349e913b4","R environment provenance","tracked"
"thesis_extension/environment/legacy_R343_library/Rcpp/unitTests/testRcppClass/DESCRIPTION","530","984c55f564a49f4ab86ea383cae1faa42203b651a9dce32dfe73507020427e7c","R environment provenance","tracked"
"thesis_extension/environment/legacy_R343_library/Rcpp/unitTests/testRcppClass/NAMESPACE","192","a80c3ef46a44ddc876529d27cda59ec0d9a50ff8af7530ba221ec6b473729d39","R environment provenance","tracked"
"thesis_extension/environment/legacy_R343_library/Rcpp/unitTests/testRcppClass/R/load.R","1573","a0d0335c54249ff1c1d863dff63244b63a9484fb9e0769cd1fa2faa4443fb4fa","R environment provenance","tracked"
"thesis_extension/environment/legacy_R343_library/Rcpp/unitTests/testRcppClass/R/rcpp_hello_world.R","97","eae627f55f349784f0c4b398e6ba835d9585e3f158f255a616fed7aa3d66fd5b","R environment provenance","tracked"
"thesis_extension/environment/legacy_R343_library/Rcpp/unitTests/testRcppClass/man/Rcpp_class_examples.Rd","640","ed6d6f7488f270e5c0e604433521b980596b29e6f2d27e192e179125fa685eb7","R environment provenance","tracked"
"thesis_extension/environment/legacy_R343_library/Rcpp/unitTests/testRcppClass/man/rcpp_hello_world.Rd","221","254093c83a069cdc07ea9f00b9891d8adf61995a873ad4badf2dfcf7f435bb17","R environment provenance","tracked"
"thesis_extension/environment/legacy_R343_library/Rcpp/unitTests/testRcppClass/man/testRcppClass-package.Rd","402","1fa5da28d2c7fb34c04a80a7181b50fe35fae8f20750aad17febc39616fc9166","R environment provenance","tracked"
"thesis_extension/environment/legacy_R343_library/Rcpp/unitTests/testRcppClass/src/Num.cpp","575","ce8dd2bac608e1ea3b04b73d981871d162c5d9ae4099ede0f870a53229d5c02d","R environment provenance","tracked"
"thesis_extension/environment/legacy_R343_library/Rcpp/unitTests/testRcppClass/src/init.c","887","1604c16354d0761d9c31e135daac1e668c2349865635c2c41505b040650cb9be","R environment provenance","tracked"
"thesis_extension/environment/legacy_R343_library/Rcpp/unitTests/testRcppClass/src/rcpp_hello_world.cpp","280","c2888430f9ca7131df693e72a16e594d093b8c5a4f3d945ba2fb34ffc8f9d07d","R environment provenance","tracked"
"thesis_extension/environment/legacy_R343_library/Rcpp/unitTests/testRcppClass/src/rcpp_hello_world.h","155","e57998aa358c550f0afc26b18f1eb0344efeeb4736b5037d323ad4ab815c2018","R environment provenance","tracked"
"thesis_extension/environment/legacy_R343_library/Rcpp/unitTests/testRcppClass/src/rcpp_module.cpp","964","3051b0df466dcce0dcd9498da6cdf03ecb21f42b35471f5d3f9130e59844dac5","R environment provenance","tracked"
"thesis_extension/environment/legacy_R343_library/Rcpp/unitTests/testRcppClass/src/stdVector.cpp","2050","06aca9a0da324142b034c2468595846d216d4aea9904fd106f9e124d53414ad9","R environment provenance","tracked"
"thesis_extension/environment/legacy_R343_library/Rcpp/unitTests/testRcppClass/tests/classes.R","462","9cffef65371d60c9d3b5d623aa6fc30e09a8f6cef3fe4817de759a08c52120f2","R environment provenance","tracked"
"thesis_extension/environment/legacy_R343_library/Rcpp/unitTests/testRcppModule/DESCRIPTION","464","76f31d966dac43c59d9733deaa7be2e348bb0afd4a4ef1cc2989ee88189d2a30","R environment provenance","tracked"
"thesis_extension/environment/legacy_R343_library/Rcpp/unitTests/testRcppModule/NAMESPACE","99","c5d6188e0f7f0615320d95caa3e37467e95053765617d15c4bd7e7ce871199df","R environment provenance","tracked"
"thesis_extension/environment/legacy_R343_library/Rcpp/unitTests/testRcppModule/R/rcpp_hello_world.R","100","dc0bbd94bb1022f345682697614ce0fc8edbd5d4b1477b254227473063db17a3","R environment provenance","tracked"
"thesis_extension/environment/legacy_R343_library/Rcpp/unitTests/testRcppModule/R/zzz.R","339","c3e96e9b182301510f04551d7de8860ccee050e9169df03bb8ab9fccb602c75b","R environment provenance","tracked"
"thesis_extension/environment/legacy_R343_library/Rcpp/unitTests/testRcppModule/man/Rcpp_modules_examples.Rd","547","80f715c454f6df5fff4968ca12f4c2c958bd841e3885e3ef16d89f517b3f5c9c","R environment provenance","tracked"
"thesis_extension/environment/legacy_R343_library/Rcpp/unitTests/testRcppModule/man/rcpp_hello_world.Rd","250","18a1f9afbb82f2995e6cd615c2397fd2f4dd9ae612b3e21c34285f456d7538af","R environment provenance","tracked"
"thesis_extension/environment/legacy_R343_library/Rcpp/unitTests/testRcppModule/man/testRcppModule-package.Rd","406","f1f7bde31575570f3cac1c97ae8af989c050b8509e3ab05918594c41081b1172","R environment provenance","tracked"
"thesis_extension/environment/legacy_R343_library/Rcpp/unitTests/testRcppModule/src/Num.cpp","1564","b0df89d816d28a8bacbb398f84e77099bd7527d11960a37f431b1c60e717321e","R environment provenance","tracked"
"thesis_extension/environment/legacy_R343_library/Rcpp/unitTests/testRcppModule/src/init.c","917","8cf34eceac96736e070bd44d5213bf0d18663f2556da9807ec56163888eb3acf","R environment provenance","tracked"
"thesis_extension/environment/legacy_R343_library/Rcpp/unitTests/testRcppModule/src/rcpp_hello_world.cpp","280","c2888430f9ca7131df693e72a16e594d093b8c5a4f3d945ba2fb34ffc8f9d07d","R environment provenance","tracked"
"thesis_extension/environment/legacy_R343_library/Rcpp/unitTests/testRcppModule/src/rcpp_hello_world.h","155","e57998aa358c550f0afc26b18f1eb0344efeeb4736b5037d323ad4ab815c2018","R environment provenance","tracked"
"thesis_extension/environment/legacy_R343_library/Rcpp/unitTests/testRcppModule/src/rcpp_module.cpp","2154","b391401ca18b320717017f3b7a0e028e425b49357addf491e080d8afc14888c5","R environment provenance","tracked"
"thesis_extension/environment/legacy_R343_library/Rcpp/unitTests/testRcppModule/src/stdVector.cpp","3067","e2382dc92f2c1e8aa95b557025ba700ad2b7986cd44d32c2b9a2723a5d23bd9a","R environment provenance","tracked"
"thesis_extension/environment/legacy_R343_library/Rcpp/unitTests/testRcppModule/tests/modules.R","391","9fd8843bfd6ad94415844040998cbfcc17893e08bae45b5614ac8b4b9f578266","R environment provenance","tracked"
"thesis_extension/environment/legacy_R343_library/Rcpp/unitTests/testRcppPackage/DESCRIPTION","355","32e5ca2ebccee92ac454251c4261cd10893f7f5ac21a5730f337055a40e17cb3","R environment provenance","tracked"
"thesis_extension/environment/legacy_R343_library/Rcpp/unitTests/testRcppPackage/NAMESPACE","40","b8b38bd2b8e5d7f8f8834118bd7273f790ea71e304ecf8aeeb1f0a6627ce0d32","R environment provenance","tracked"
"thesis_extension/environment/legacy_R343_library/Rcpp/unitTests/testRcppPackage/R/rcpp_hello_world.R","94","b0f636fa316711add018aa8548df06835d91dbe2010e4e5ea62446e941bdadb0","R environment provenance","tracked"
"thesis_extension/environment/legacy_R343_library/Rcpp/unitTests/testRcppPackage/man/testRcppPackage-package.Rd","388","63bb4a68ca7b64e9a0f7ca71974131c92833f7708c33dde4368d61db6594883f","R environment provenance","tracked"
"thesis_extension/environment/legacy_R343_library/Rcpp/unitTests/testRcppPackage/src/rcpp_hello_world.cpp","454","fdadacc5da45474ca056d63f7186853d6848f694d40691b25583fe2604962110","R environment provenance","tracked"
"thesis_extension/environment/legacy_R343_library/Rcpp/unitTests/testRcppPackage/src/rcpp_hello_world.h","188","c3ae8e4c5d897e73df1dc04fbcd377152b73902fb2b7af89d321008a6759efac","R environment provenance","tracked"
"thesis_extension/environment/legacy_R343_library/SparseM/ChangeLog","21857","3d6124ff88306c0834be041068a9a08b5911443fe82aac4986e392bcbd247405","R environment provenance","tracked"
"thesis_extension/environment/legacy_R343_library/SparseM/DESCRIPTION","747","d506b3c8dde98b5905904a58ece9b2025c804abf3c749b2e70ca88935b4a5f39","R environment provenance","tracked"
"thesis_extension/environment/legacy_R343_library/SparseM/INDEX","1265","a47517483249a30b906900ebec9b2136912ab7c7454580f6e8e39f1f93dc029f","R environment provenance","tracked"
"thesis_extension/environment/legacy_R343_library/SparseM/Meta/Rd.rds","1838","6795b50d6e3892cb0e4b74777ab5bd9517290cc6de15a44528531cd43496a908","R environment provenance","tracked"
"thesis_extension/environment/legacy_R343_library/SparseM/Meta/data.rds","147","ea14009dd44acf9b313765e46914b77b930fd516946cd74e855e07121b9c3371","R environment provenance","tracked"
"thesis_extension/environment/legacy_R343_library/SparseM/Meta/demo.rds","244","e30b1294229e36799adcbd6d9efd2413140263231bcba5c41ec1a8e94379387d","R environment provenance","tracked"
"thesis_extension/environment/legacy_R343_library/SparseM/Meta/features.rds","112","ca4e61dba7127bc424bf40792181e41b09328ada0e081299d6abb7784d47abeb","R environment provenance","tracked"
"thesis_extension/environment/legacy_R343_library/SparseM/Meta/hsearch.rds","1848","8e12fa2cccba92d70a62aae0a92f07cd5610559225e4b67fdea4c0e62f3f96ce","R environment provenance","tracked"
"thesis_extension/environment/legacy_R343_library/SparseM/Meta/links.rds","1388","3f8d93f290b2291a28e441a4593ae4feb9c182ecd631628827faa67c7900d313","R environment provenance","tracked"
"thesis_extension/environment/legacy_R343_library/SparseM/Meta/nsInfo.rds","894","654349cca3d17f01942c2d7007bfc9531fa5899abfcd2604a0fd1814b3bb2389","R environment provenance","tracked"
"thesis_extension/environment/legacy_R343_library/SparseM/Meta/package.rds","863","41f5285535c1cb26dc3e967e93430705e06d81ac384135cc6d65c56661de15a0","R environment provenance","tracked"
"thesis_extension/environment/legacy_R343_library/SparseM/Meta/vignette.rds","236","99aae2d4b9d33fda99cef1cb00af1823777450117359adf34d0ed3b58a19535f","R environment provenance","tracked"
"thesis_extension/environment/legacy_R343_library/SparseM/NAMESPACE","2335","9d0e57615c477b0d28e5bc86dc8b2d9177d9b90d970519b3a1dff86bc87ab04a","R environment provenance","tracked"
"thesis_extension/environment/legacy_R343_library/SparseM/R/SparseM","1056","2fb8b16be23c820daf2e51b7ddfef61ca4978e561b1d228d546d1b356041f79e","R environment provenance","tracked"
"thesis_extension/environment/legacy_R343_library/SparseM/R/SparseM.rdb","186949","dc6496be1c8be4ebc73f5ef4ca0f5cb1eb2190745771e1e7acbf221fd136ffb4","R environment provenance","tracked"
"thesis_extension/environment/legacy_R343_library/SparseM/R/SparseM.rdx","2483","22fafafffbc0ca676faa5dca5f6e5aea1199155f23958728d3f0d351d455e8e5","R environment provenance","tracked"
"thesis_extension/environment/legacy_R343_library/SparseM/TODO","779","45ee144edc742f29ec9f11d21175442d12dfcb85529db2868d4f0e5b05691798","R environment provenance","tracked"
"thesis_extension/environment/legacy_R343_library/SparseM/data/lsq.rda","56814","cc4614d12008037d09f4bba630eb73e16177512ec5888999f6d239767cecdd33","R environment provenance","tracked"
"thesis_extension/environment/legacy_R343_library/SparseM/data/triogramX.rda","10899","63ee47de4a3a24455d2fbf485175a967aeb1dc7925e5cec85deb61e8e9083033","R environment provenance","tracked"
"thesis_extension/environment/legacy_R343_library/SparseM/demo/Binding.R","358","03bc8b324c8bfc142f2f2282c860f859cc1f05efa7f5f15789b9d7a90a1835b9","R environment provenance","tracked"
"thesis_extension/environment/legacy_R343_library/SparseM/demo/Coercion.R","429","c5e839f8539ed8ae930eb50d9afb536292e74f735f72b98fea5c7c6286549fda","R environment provenance","tracked"
"thesis_extension/environment/legacy_R343_library/SparseM/demo/LeastSquares.R","770","7327a9805f23320ea31119b6aa141f688d6cb48dc3396dc6e46c6551c74b894d","R environment provenance","tracked"
"thesis_extension/environment/legacy_R343_library/SparseM/demo/LinearAlgebra.R","658","22ab1b48944ab66ca5fdd0e5293ea16670121a26af4af2afd8e20f5ad4a6d550","R environment provenance","tracked"
"thesis_extension/environment/legacy_R343_library/SparseM/demo/Solve.R","922","efe602b8ea64b8d6619dec222265ea39f50fa2c54436122dc434089272830e13","R environment provenance","tracked"
"thesis_extension/environment/legacy_R343_library/SparseM/demo/Visualization.R","88","e8c835030c787575ac672c8b19a5bb40370d1709c4b9003c34cde43a37bd1225","R environment provenance","tracked"
"thesis_extension/environment/legacy_R343_library/SparseM/doc/SparseM.R","1553","8db66ec8457d836f3efd8776a420b8912d6c50d4d1e1096ca7858277c0e2e358","R environment provenance","tracked"
"thesis_extension/environment/legacy_R343_library/SparseM/doc/SparseM.Rnw","18859","5d8b7c5eec366719effdef1efd3b8f754b631cfe40ac6520d3368bb602585fca","R environment provenance","tracked"
"thesis_extension/environment/legacy_R343_library/SparseM/doc/SparseM.pdf","453943","6b876cac3dc988708089aae89b7b62ec7fc75944ac2a2748d6796074c6e57cef","R environment provenance","tracked"
"thesis_extension/environment/legacy_R343_library/SparseM/doc/index.html","1402","ed5bed7f0a018d745bcfef84a652132c330dfef3c7e523d8e8483f557f7c5637","R environment provenance","tracked"
"thesis_extension/environment/legacy_R343_library/SparseM/extdata/lsq.out","220096","ca7094697d1cbaa1d4c62aebe0fca515f2e4647c7b7e32d221f69a95bf54988e","R environment provenance","tracked"
"thesis_extension/environment/legacy_R343_library/SparseM/extdata/lsq.rra","560196","32ef3cf04c8eeb399e93945d68715b738a9bec60e1d14bc2476278406118ff3c","R environment provenance","tracked"
"thesis_extension/environment/legacy_R343_library/SparseM/extdata/rua_32_ax.rua","3455","f3d59d28d7f19720996ed886711c804c29dadd12a68082d20e08abe73a661e07","R environment provenance","tracked"
"thesis_extension/environment/legacy_R343_library/SparseM/help/AnIndex","7795","d0df064766e23b9dbf9163d54be3979fcb5f43868ec9ce22a781726db3374c49","R environment provenance","tracked"
"thesis_extension/environment/legacy_R343_library/SparseM/help/SparseM.rdb","75645","761b6a19564c4b8f98ee54ad6b82dc0310348fd687feccd4b6a9da79d951bd2f","R environment provenance","tracked"
"thesis_extension/environment/legacy_R343_library/SparseM/help/SparseM.rdx","666","76b0bece5e3e9d3d313e86108fb13b62b862f507d7f892f98fca65df1fd6fee2","R environment provenance","tracked"
"thesis_extension/environment/legacy_R343_library/SparseM/help/aliases.rds","1346","79915c985a732d2d839418ac1a09877afa33b0175ebdcdf02a58904efb592b43","R environment provenance","tracked"
"thesis_extension/environment/legacy_R343_library/SparseM/help/paths.rds","333","4d5948f8ce01edb3e1c6e5e5461a6dc1e1e468f97fbac04763b8592cf30622c6","R environment provenance","tracked"
"thesis_extension/environment/legacy_R343_library/SparseM/html/00Index.html","19568","9ae1e0cda86f6a0c95624e72f1522b82d866748b6932a1767217a4ede906277a","R environment provenance","tracked"
"thesis_extension/environment/legacy_R343_library/SparseM/html/R.css","1335","0f4849ab1757247808d54da2c371e992364371c942ad7d629dae8d62327ed068","R environment provenance","tracked"
"thesis_extension/environment/legacy_R343_library/SparseM/html/SparseM.hb.html","6620","2f150339bb1368b13974a475200c1a4a70f89ec8ba87474075e13b63a8dda662","R environment provenance","tracked"
"thesis_extension/environment/legacy_R343_library/SparseM/html/SparseM.image.html","2548","355dda5ee0ca15e7f696be0da592d3fe5af54d75b8f01d75ae31b0ffe70214c4","R environment provenance","tracked"
"thesis_extension/environment/legacy_R343_library/SparseM/html/SparseM.ontology.html","6260","9b89ea2a230c4eaececb38de15d2c1ab9b8647e84bcb54452c0428a2725f7e7e","R environment provenance","tracked"
"thesis_extension/environment/legacy_R343_library/SparseM/html/SparseM.ops.html","4209","c797f4cec368593f56700b2e9fdbf4a4910f82559f7be1b17c0a89dffe016517","R environment provenance","tracked"
"thesis_extension/environment/legacy_R343_library/SparseM/html/SparseM.solve.html","7223","cede3df02538d5ba0445255f540a66afb21bb9ee738b1f2a4509d538cf5784d7","R environment provenance","tracked"
"thesis_extension/environment/legacy_R343_library/SparseM/html/character-null-class.html","1034","7d35a4c9a15243b29d264119ae99d6041aef4e6c0d4075047209a04044a51043","R environment provenance","tracked"
"thesis_extension/environment/legacy_R343_library/SparseM/html/lsq.html","3070","f2c3f22c59cbf750cc772e4c23d55479672cd1e7ce83f7827c6fcb5dd62d0954","R environment provenance","tracked"
"thesis_extension/environment/legacy_R343_library/SparseM/html/matrix.coo-class.html","1996","3beba6f0212c9710d49c19dff226f742fcaf8caf69bac0e0230f2aa3ecdd4e20","R environment provenance","tracked"
"thesis_extension/environment/legacy_R343_library/SparseM/html/matrix.csc-class.html","2766","33012d992c7cd2189e93333a2ed45e2f81796c1b70dc72a4415fa845f32bf10f","R environment provenance","tracked"
"thesis_extension/environment/legacy_R343_library/SparseM/html/matrix.csc.hb-class.html","3046","2d57eefe7d314fffff91ceebfa343bab0ac39b40f19486d3c65fb6a6d0cac618","R environment provenance","tracked"
"thesis_extension/environment/legacy_R343_library/SparseM/html/matrix.csr-class.html","4072","8e45633eee1189c33b6960342dbbe675ff2a194192fbd31d6172f940210485cf","R environment provenance","tracked"
"thesis_extension/environment/legacy_R343_library/SparseM/html/matrix.csr.chol-class.html","3397","e45038c28ed69a635fc70c023d740de3a0332bd8543eba626ecd1353c79566b5","R environment provenance","tracked"
"thesis_extension/environment/legacy_R343_library/SparseM/html/matrix.ssc-class.html","2638","165a9f06aa53ea95df64e33a62efbd1aac0df09c806225003633402fbe87dfbd","R environment provenance","tracked"
"thesis_extension/environment/legacy_R343_library/SparseM/html/matrix.ssc.hb-class.html","3114","fc93668e3b442a0671f70472703bfdaac890d536218d84558520e44910c3ee51","R environment provenance","tracked"
"thesis_extension/environment/legacy_R343_library/SparseM/html/matrix.ssr-class.html","2618","b6f1376490d49a2a9168f9bbd973284837f1b78eb4f8505d9bf6831ceaff8c14","R environment provenance","tracked"
"thesis_extension/environment/legacy_R343_library/SparseM/html/mslm-class.html","1962","1286efe3c0b09248fea45a400e215fe4beacf6bf9a2565ad5065e46be41aadd3","R environment provenance","tracked"
"thesis_extension/environment/legacy_R343_library/SparseM/html/numeric-null-class.html","1024","62ef4cae3b13f49eab6eea097612d59496d2ce9f207f69ac610fc3ebcdafcb2d","R environment provenance","tracked"
"thesis_extension/environment/legacy_R343_library/SparseM/html/slm-class.html","1911","10af684a963f01cdfe8db95e364f4ce377ddf2cc0972eae467f5ac765382230a","R environment provenance","tracked"
"thesis_extension/environment/legacy_R343_library/SparseM/html/slm.fit.html","3944","62589ae0622a69436ff2c6132a762dff8f87b8b6715e617514ec813082e91b1d","R environment provenance","tracked"
"thesis_extension/environment/legacy_R343_library/SparseM/html/slm.html","5952","361214cdbf0cf715f3252437474dbad56a63a320d1d6975448316b7c21dad9a5","R environment provenance","tracked"
"thesis_extension/environment/legacy_R343_library/SparseM/html/slm.methods.html","4311","84f785d89c21166a5db2883dc379b4a6f94b13f8947d2fb47dff9e6987607b86","R environment provenance","tracked"
"thesis_extension/environment/legacy_R343_library/SparseM/html/summary.mslm-class.html","1006","5cd9e6c4406ca4c2c3a6430d57aa4d5e881685dd5022d646f11af569d0e6342b","R environment provenance","tracked"
"thesis_extension/environment/legacy_R343_library/SparseM/html/summary.slm-class.html","1001","ed77a3ac558a338c2bc38853711fade741b3b01b068cff542caff3320f628098","R environment provenance","tracked"
"thesis_extension/environment/legacy_R343_library/SparseM/html/triogramX.html","1368","2178edd44209b66b1bff252c37bd6e8517d865900778093fa0c41d6d41f9065a","R environment provenance","tracked"
"thesis_extension/environment/legacy_R343_library/SparseM/libs/x64/SparseM.dll","329622","d5ed94d9cb795c5d0e4a899259979c66a6326044156b8c84471900a4c06593d0","R environment provenance","tracked"
"thesis_extension/environment/legacy_R343_library/backports/DESCRIPTION","1046","fbeedb426164b3ff3c7424a1985bcf3fe1af282e74b17f296330d4eda96a9e41","R environment provenance","tracked"
"thesis_extension/environment/legacy_R343_library/backports/INDEX","71","cb2e48922c53359a3dcb2786109214b5ed5fa1e840e06b3769bc21e55f3e4a3c","R environment provenance","tracked"
"thesis_extension/environment/legacy_R343_library/backports/MD5","1905","4828616e30a482227ba0d1fa70b6cd2fcf467d1d72e815d1aa975add3e36c30f","R environment provenance","tracked"
"thesis_extension/environment/legacy_R343_library/backports/Meta/Rd.rds","636","c92ea06d3258ac20e4ea8eaf06008d1e7418764eaa0462128bcff5967d9a0cac","R environment provenance","tracked"
"thesis_extension/environment/legacy_R343_library/backports/Meta/features.rds","112","0c47f77934234b8ddfc04ba4cf55da90ab9ef317d3825782bd4282625c53d444","R environment provenance","tracked"
"thesis_extension/environment/legacy_R343_library/backports/Meta/hsearch.rds","613","0fe262950959a69e256450bca9741e4301c959263f3dbd5fa40783d77744a231","R environment provenance","tracked"
"thesis_extension/environment/legacy_R343_library/backports/Meta/links.rds","305","7a8de2ddb8aaededecaa9c3f3e5b69a114b646e42cd331db3ee43df3bbe7d807","R environment provenance","tracked"
"thesis_extension/environment/legacy_R343_library/backports/Meta/nsInfo.rds","326","a75295e90d479ea048732a8964a7227bcabeea440d0fde857bd5093d726ceeeb","R environment provenance","tracked"
"thesis_extension/environment/legacy_R343_library/backports/Meta/package.rds","932","d3fb98e9f9ae1ff55526d96baa0020959cf18f7fa6b28e4c779868e469845688","R environment provenance","tracked"
"thesis_extension/environment/legacy_R343_library/backports/NAMESPACE","887","28fa934faf04fb87f4c4c0412dea72d9cb254ac690f21adec29e5e8a7df4be33","R environment provenance","tracked"
"thesis_extension/environment/legacy_R343_library/backports/NEWS.md","970","7e8f8ae891682e6a9dc0caf2b0c31297321ce08dbf221c798e218bd210b498cb","R environment provenance","tracked"
"thesis_extension/environment/legacy_R343_library/backports/R/backports","1056","2fb8b16be23c820daf2e51b7ddfef61ca4978e561b1d228d546d1b356041f79e","R environment provenance","tracked"
"thesis_extension/environment/legacy_R343_library/backports/R/backports.rdb","9677","019c1950ae64c02ca3d5a9b69210a4df58b68113d3900f0a285159e432305f76","R environment provenance","tracked"
"thesis_extension/environment/legacy_R343_library/backports/R/backports.rdx","506","a6b826aa44bd1427287e90f0eea7810e01fbce940778fa20d60a038a3b00ffe1","R environment provenance","tracked"
"thesis_extension/environment/legacy_R343_library/backports/help/AnIndex","308","7d2dee14adc0d1411a72833116dcff420e698870d8c34cb2a4f742824f24c038","R environment provenance","tracked"
"thesis_extension/environment/legacy_R343_library/backports/help/aliases.rds","209","e032619cedbe4e2ea48c0729b76d38d3d6b3f6e2e8f8a5a8cdbff7861d495dd6","R environment provenance","tracked"
"thesis_extension/environment/legacy_R343_library/backports/help/backports.rdb","18824","cf839dcf794d72128a99b812a6ba5c0cf6361bbb7bdabdf585cb82a76cc602e4","R environment provenance","tracked"
"thesis_extension/environment/legacy_R343_library/backports/help/backports.rdx","453","94ea4014c1347b437cd29db8e1d827e07c1f1e693aec9e300ed2b866ea6f1adf","R environment provenance","tracked"
"thesis_extension/environment/legacy_R343_library/backports/help/paths.rds","285","061b66a10e896a58d718fa523abe486c0be4e8a849d6eb075ae60fa5f8970872","R environment provenance","tracked"
"thesis_extension/environment/legacy_R343_library/backports/html/00Index.html","1139","611e4b55d14f0947a0f3e12b3b841fa69e6bf4abf9e336f8c5119fdaf4713bce","R environment provenance","tracked"
"thesis_extension/environment/legacy_R343_library/backports/html/R.css","1335","0f4849ab1757247808d54da2c371e992364371c942ad7d629dae8d62327ed068","R environment provenance","tracked"
"thesis_extension/environment/legacy_R343_library/backports/html/anyNA.html","1097","fd113e13d115486fc1ea8fc589862a5210a100b7c97a11a243c9876b220781fe","R environment provenance","tracked"
"thesis_extension/environment/legacy_R343_library/backports/html/dir.exists.html","1109","246e2e5e2597d7be67fde37d93bc127f632bd4776c4b35e1bf4634b9e345d541","R environment provenance","tracked"
"thesis_extension/environment/legacy_R343_library/backports/html/dotsElt.html","1111","ffc4d8971350fc6b680ec2f56f708159d19fbd425e3da1ff6f0af99efa1b52ce","R environment provenance","tracked"
"thesis_extension/environment/legacy_R343_library/backports/html/dotsLength.html","1120","f4da44a4f9f39e4f61b7d6518a71480a1dba842116098286407be5441c352eb7","R environment provenance","tracked"
"thesis_extension/environment/legacy_R343_library/backports/html/endsWith.html","1109","1d2240f44080703974e9d4c4da100b5739edd21157f323638e46a31b6b819ede","R environment provenance","tracked"
"thesis_extension/environment/legacy_R343_library/backports/html/file.info.html","1228","a8eeea79245ac4977223061f57331160e4d826dad63fdac93f5fa38add8ba7a4","R environment provenance","tracked"
"thesis_extension/environment/legacy_R343_library/backports/html/file.size.html","1371","53869cca0c07871dd9158203cc33d668b3003098e957f687a3f2b1e01e0fc5ac","R environment provenance","tracked"
"thesis_extension/environment/legacy_R343_library/backports/html/get0.html","1181","11731c3423b4e0ec4c1fe572ccfb6ddc3418b3360ce48fb303b83f281f09318b","R environment provenance","tracked"
"thesis_extension/environment/legacy_R343_library/backports/html/hasName.html","1112","c203de51aed0f88c252586b5bc76d33303590fa3b344a29a9d17e547039f5db0","R environment provenance","tracked"
"thesis_extension/environment/legacy_R343_library/backports/html/import.html","1953","523c3c641bb016d7d9fd40f79b03159b121e5688b1dbc5cb938007fdae842efa","R environment provenance","tracked"
"thesis_extension/environment/legacy_R343_library/backports/html/isFALSE.html","1092","40cbc5e542f4c44dd0e2344efcac218dc87d0c7d0708bd18fa59ce78bb75c0ef","R environment provenance","tracked"
"thesis_extension/environment/legacy_R343_library/backports/html/lengths.html","1099","631d5a5a6d4e76b89e447ddedaadc430c65e8157bbf0ea0d69fc100666f46144","R environment provenance","tracked"
"thesis_extension/environment/legacy_R343_library/backports/html/startsWith.html","1127","a256ab27edd4bebf3131ef0df59b5d1b67da255a93fe306f3d9e074b3991034e","R environment provenance","tracked"
"thesis_extension/environment/legacy_R343_library/backports/html/strrep.html","1074","df7cea65757c4760145888bd474123f5f319af31883f8acecc5fb24254382aed","R environment provenance","tracked"
"thesis_extension/environment/legacy_R343_library/backports/html/trimws.html","1173","400eb8adff5c89c6ebb35f690ec08e5af9d0990d7426012bd883db5df196cd81","R environment provenance","tracked"
"thesis_extension/environment/legacy_R343_library/backports/libs/i386/backports.dll","16398","a0cbb599bc10e40069769af11f7239e3650cfe0a789fd5167c655162e0b771f4","R environment provenance","tracked"
"thesis_extension/environment/legacy_R343_library/backports/libs/x64/backports.dll","16896","ba2421bb611b9a25dc6d89644335bf9f736dfc1e8e4a2cb88831c1f4b42211f9","R environment provenance","tracked"
"thesis_extension/environment/legacy_R343_library/checkmate/CITATION","354","6d648b6c3839b7678662713065efde773c5697ff2a7f41d56a308bebba135b59","R environment provenance","tracked"
"thesis_extension/environment/legacy_R343_library/checkmate/DESCRIPTION","2395","7fa0851874a7f3348eccbddcf57c10634a3ca3b6fc24e2b400178b869b8920ee","R environment provenance","tracked"
"thesis_extension/environment/legacy_R343_library/checkmate/INDEX","3995","e9a4031342eb07d4452c6bb6378df2903dcd528284af65b3424b6a74f9e80e49","R environment provenance","tracked"
"thesis_extension/environment/legacy_R343_library/checkmate/LICENSE","41","9512acb86d137b7a750242687ffd57836f804c15b2123ba223cd3d44075aabdc","R environment provenance","tracked"
"thesis_extension/environment/legacy_R343_library/checkmate/MD5","4928","122dc0f02cc34bcdf19309a8639923fbac8787c36cee5f21cc3dfa7342854daa","R environment provenance","tracked"
"thesis_extension/environment/legacy_R343_library/checkmate/Meta/Rd.rds","3038","8606d3d139d226565cd68b5b4d0fa30b95d29885068de69bfc664444e5c6464c","R environment provenance","tracked"
"thesis_extension/environment/legacy_R343_library/checkmate/Meta/features.rds","112","0c47f77934234b8ddfc04ba4cf55da90ab9ef317d3825782bd4282625c53d444","R environment provenance","tracked"
"thesis_extension/environment/legacy_R343_library/checkmate/Meta/hsearch.rds","3055","1388831ef3bf6d3eef5166b3ed5ab10e4933f9362b6e3d4db3acd8b51ab642ab","R environment provenance","tracked"
"thesis_extension/environment/legacy_R343_library/checkmate/Meta/links.rds","2159","8cab21b408ded1e9a53d9a47cae7f0b5b4736657436ecdad874d34de60755a6a","R environment provenance","tracked"
"thesis_extension/environment/legacy_R343_library/checkmate/Meta/nsInfo.rds","2043","42412b99933f7db38ee1ee16945d6b7be91f0ba44c6dda6de1f4b7181144dc07","R environment provenance","tracked"
"thesis_extension/environment/legacy_R343_library/checkmate/Meta/package.rds","1627","290996acca20c16ff75f5a25b2e54e9e01e66275e81f1f7dcaef2c81e291cad1","R environment provenance","tracked"
"thesis_extension/environment/legacy_R343_library/checkmate/Meta/vignette.rds","198","8904215d1b8d5cc9af55cf0a66547218f682aba974396cd238e32618e50262e5","R environment provenance","tracked"
"thesis_extension/environment/legacy_R343_library/checkmate/NAMESPACE","8472","0d1f0d3ede2735108fb739108869d46eafa5c3a077157535a0882ed488a0fa27","R environment provenance","tracked"
"thesis_extension/environment/legacy_R343_library/checkmate/NEWS.md","8943","7dbef664ad4614d98615946aa011fa7864a241777186761cb5bf5b53ad85bcfc","R environment provenance","tracked"
"thesis_extension/environment/legacy_R343_library/checkmate/R/checkmate","1056","2fb8b16be23c820daf2e51b7ddfef61ca4978e561b1d228d546d1b356041f79e","R environment provenance","tracked"
"thesis_extension/environment/legacy_R343_library/checkmate/R/checkmate.rdb","194375","b210d527e748264a2c393e81f6c56b9ece8b3d527c9f895bdee949d9d6708d05","R environment provenance","tracked"
"thesis_extension/environment/legacy_R343_library/checkmate/R/checkmate.rdx","3957","208222213784cd41539c74b1c229cdd1a89e44d56ecd95f8c34cfa71fe726c58","R environment provenance","tracked"
"thesis_extension/environment/legacy_R343_library/checkmate/doc/checkmate.R","4828","8ab6b2393061d05f744b1741b487d52b0badd1aee84fb03eff5e1328fb183684","R environment provenance","tracked"
"thesis_extension/environment/legacy_R343_library/checkmate/doc/checkmate.Rmd","12333","c52bea055f1c4b1e9e56426b32750312cefb775290c07bb317114a96ba5cf8ec","R environment provenance","tracked"
"thesis_extension/environment/legacy_R343_library/checkmate/doc/checkmate.html","316864","626054d3f4e186fe3b1da84f8d94e6faa6ecd1ea468c8a386ccabc75ed4969ef","R environment provenance","tracked"
"thesis_extension/environment/legacy_R343_library/checkmate/doc/index.html","1372","a9f8dc4cc14f091aaaaf8729e31676c8b4df66b6f7a1acb5e1b57c987aa440fe","R environment provenance","tracked"
"thesis_extension/environment/legacy_R343_library/checkmate/help/AnIndex","9079","d34ac4f87afc06caee8bfe1367bd32c52c3f007cef143911dfcd0435b98ae32c","R environment provenance","tracked"
"thesis_extension/environment/legacy_R343_library/checkmate/help/aliases.rds","1805","fb2dbd17267996627edc80d6a42a2bd30dbd7ca794f3744ab57e323754fc8008","R environment provenance","tracked"
"thesis_extension/environment/legacy_R343_library/checkmate/help/checkmate.rdb","281161","4d8db8ee44107350c5e32561bf3a83fbf18d576197be8ce83ec16e9c75c36b09","R environment provenance","tracked"
"thesis_extension/environment/legacy_R343_library/checkmate/help/checkmate.rdx","1406","5c8b276f78c0729e07fa9d494fe458be05155a0073fc15add74349567f737b06","R environment provenance","tracked"
"thesis_extension/environment/legacy_R343_library/checkmate/help/paths.rds","616","cde86817dc8ed1ab9cf168cc440953b49dfe96ba4cfdad3b68824819f0eae8b4","R environment provenance","tracked"
"thesis_extension/environment/legacy_R343_library/checkmate/html/00Index.html","47360","252b961146723fa8c0abc7953318bed862652038055cb36004bfefe192521b14","R environment provenance","tracked"
"thesis_extension/environment/legacy_R343_library/checkmate/html/AssertCollection.html","2087","5328af9d9d3c2cdd4bf5809d3461a3b1a2dbf8a915fb3ffe217580bede1b21b4","R environment provenance","tracked"
"thesis_extension/environment/legacy_R343_library/checkmate/html/R.css","1335","0f4849ab1757247808d54da2c371e992364371c942ad7d629dae8d62327ed068","R environment provenance","tracked"
"thesis_extension/environment/legacy_R343_library/checkmate/html/anyInfinite.html","1381","2c992bb21738ddd5acc55c2bb32656e2c9d95fc828dcc3e2061b19ebba6f9a61","R environment provenance","tracked"
"thesis_extension/environment/legacy_R343_library/checkmate/html/anyMissing.html","2233","224be033bc222a908dccf5d0c6e5f77eb4084a6acd63dc0aeddda203a1cba1ab","R environment provenance","tracked"
"thesis_extension/environment/legacy_R343_library/checkmate/html/anyNaN.html","1320","938460b8daf9330b43957a556d7b0e2823346af7e6ebffa639003e43b4a95785","R environment provenance","tracked"
"thesis_extension/environment/legacy_R343_library/checkmate/html/asInteger.html","4794","379c51ba44acd027daa00133854cf09f8cbeb1c2a3941a45d6886621cec4981c","R environment provenance","tracked"
"thesis_extension/environment/legacy_R343_library/checkmate/html/assert.html","2374","7d65f8cc39e1e53ff03c4e38d0451dc76f5c544d87775c3d6af6430a365f80a7","R environment provenance","tracked"
"thesis_extension/environment/legacy_R343_library/checkmate/html/checkAccess.html","3765","d96a439b4bddae95525466a259b7403a3d0cf10fc50dcc7d87d135a3f3ee51c0","R environment provenance","tracked"
"thesis_extension/environment/legacy_R343_library/checkmate/html/checkArray.html","6531","1da56dbe97b70f94ad157a617820b716de0dc7201345630b90513e6196cbbca7","R environment provenance","tracked"
"thesis_extension/environment/legacy_R343_library/checkmate/html/checkAtomic.html","6562","12f99950babd4b89f8efe1ae258387daa22da1bdd3eaee95a39341db24183dfa","R environment provenance","tracked"
"thesis_extension/environment/legacy_R343_library/checkmate/html/checkAtomicVector.html","7102","874ecebfe53ecc5571addad5d565c92e1489e8a8f96867c8753d57a4e978ce72","R environment provenance","tracked"
"thesis_extension/environment/legacy_R343_library/checkmate/html/checkBit.html","4705","64949b83b57569ed34270c44ef6cc3d03dccc95ef1621ce6a7190e33af59948e","R environment provenance","tracked"
"thesis_extension/environment/legacy_R343_library/checkmate/html/checkCharacter.html","8664","3fbabf7175fbfcd70961b0fed8eda4f850329396791409e1ee638c70220b765b","R environment provenance","tracked"
"thesis_extension/environment/legacy_R343_library/checkmate/html/checkChoice.html","4838","be0ce7b744e3cfefc6e0fa59d01c6c578d071fd46395004460cb93d553233da8","R environment provenance","tracked"
"thesis_extension/environment/legacy_R343_library/checkmate/html/checkClass.html","4579","e0a113e1039765d51820daffbb5f2ec4db12bf796cda48783f4b7bde45b49fb3","R environment provenance","tracked"
"thesis_extension/environment/legacy_R343_library/checkmate/html/checkComplex.html","6980","9ed47fc527026cc76925d6730be7f3c975039d9020d661f746f20693654399ab","R environment provenance","tracked"
"thesis_extension/environment/legacy_R343_library/checkmate/html/checkCount.html","5270","0246ba77e651c22272db7c7dab3e1a9a435a4908411f92d267a2446254548239","R environment provenance","tracked"
"thesis_extension/environment/legacy_R343_library/checkmate/html/checkDataFrame.html","8556","3f283abae7919d1de503c17ad7353da0a6793ee723b769f45c60ab16b676b1d6","R environment provenance","tracked"
"thesis_extension/environment/legacy_R343_library/checkmate/html/checkDataTable.html","8055","06ff0863196f9e551618d4e40ea5188407202161478873dcbaf6f5fd6be63f45","R environment provenance","tracked"
"thesis_extension/environment/legacy_R343_library/checkmate/html/checkDate.html","6976","c1f9f0bc664d9a0a5dd96c8ab019871020b0ef7d1cefc726dd85e2e3028566ef","R environment provenance","tracked"
"thesis_extension/environment/legacy_R343_library/checkmate/html/checkDirectoryExists.html","4514","856eaa08386e0af9bacdc8641c3207d9b0574845ceb984e4c320ce63b0dff210","R environment provenance","tracked"
"thesis_extension/environment/legacy_R343_library/checkmate/html/checkEnvironment.html","5073","bba94cf77d5035266a921117343e0850abafcac0d1fb0c8fcda96e33a21d1a43","R environment provenance","tracked"
"thesis_extension/environment/legacy_R343_library/checkmate/html/checkFALSE.html","2698","9847056a29201930d9742cc3fa46ca40c1fd96a0714985f1a7374627ca3779bf","R environment provenance","tracked"
"thesis_extension/environment/legacy_R343_library/checkmate/html/checkFactor.html","8722","790728478885e475f0e03fd5ba920cbd0b80565764a4617333d1291a2e3d57fb","R environment provenance","tracked"
"thesis_extension/environment/legacy_R343_library/checkmate/html/checkFileExists.html","4862","c77dbfd91d081da8f0432ba8f1e155bb05412f7de95f659b87f89485a87899b2","R environment provenance","tracked"
"thesis_extension/environment/legacy_R343_library/checkmate/html/checkFlag.html","4229","be6eba74f60157af6da0bd5c0f2f5078282b0d9bad982c38489e402f4d7e4a0d","R environment provenance","tracked"
"thesis_extension/environment/legacy_R343_library/checkmate/html/checkFunction.html","5646","9fcc95de735e6a39f716275d4c9023951540c910a581432fcc526f037531eab2","R environment provenance","tracked"
"thesis_extension/environment/legacy_R343_library/checkmate/html/checkInt.html","5474","31e90bbe36489a56ebebbe60276a91312daee14fe7d17fa1b12e8d0f54cf3939","R environment provenance","tracked"
"thesis_extension/environment/legacy_R343_library/checkmate/html/checkInteger.html","7921","f50ffd81213f3bd2006d7db0a67b1db23e3a8ea26e2f45534413500ceb34486e","R environment provenance","tracked"
"thesis_extension/environment/legacy_R343_library/checkmate/html/checkIntegerish.html","8649","6fe75ef14147d10ef7a7884b3bf1fc263078161620c9f8933c21768e694256fa","R environment provenance","tracked"
"thesis_extension/environment/legacy_R343_library/checkmate/html/checkList.html","8284","6ffb0c47493815bb37a7a6b4623424fb7c2174e041a50ce12418b7b8c5a5893f","R environment provenance","tracked"
"thesis_extension/environment/legacy_R343_library/checkmate/html/checkLogical.html","7056","f92a837c4347a3baf68e40aba20c00397becae7d9d7c01db12d88ca3b6ad52a0","R environment provenance","tracked"
"thesis_extension/environment/legacy_R343_library/checkmate/html/checkMatrix.html","8057","3e618e4f87c2e61c1dc28d78a115a95a8d397f4da2ce50e9476ffb09381fdc83","R environment provenance","tracked"
"thesis_extension/environment/legacy_R343_library/checkmate/html/checkNamed.html","3467","fb9fb0ee1e415520853edb83c56a0d0035fb078cbf68c01ea06127035d62fec4","R environment provenance","tracked"
"thesis_extension/environment/legacy_R343_library/checkmate/html/checkNames.html","6224","927789334bb0109ce35fee809365cb133e81c9c83116d72bff5d8b1b03add749","R environment provenance","tracked"
"thesis_extension/environment/legacy_R343_library/checkmate/html/checkNull.html","3514","c216b85b7a7c01b8fb03c5289032f65e810a14ada34a0330c284e5ed5e8d6fd4","R environment provenance","tracked"
"thesis_extension/environment/legacy_R343_library/checkmate/html/checkNumber.html","5124","598b76a8d5f7df6d1bf108a1a499ffcea731c2a65452732ebddd3162f26f1a3b","R environment provenance","tracked"
"thesis_extension/environment/legacy_R343_library/checkmate/html/checkNumeric.html","8124","c73f8e5df144eae851bbe2da73eb68fb55aa0df6dfcfd94e735320be7bd6a10e","R environment provenance","tracked"
"thesis_extension/environment/legacy_R343_library/checkmate/html/checkOS.html","3019","0426850b9de193c79907225c4216d21167c01412afbbdacaa4d85e58f926989e","R environment provenance","tracked"
"thesis_extension/environment/legacy_R343_library/checkmate/html/checkPOSIXct.html","7301","2d20f1c7417c66eb863e465a1ee7cd56c2e7173435d65893228fd61e279b818d","R environment provenance","tracked"
"thesis_extension/environment/legacy_R343_library/checkmate/html/checkPathForOutput.html","4218","863a1ed16a5c05b0521eabb940f305bef5440675f14025ac60ab743d93fde235","R environment provenance","tracked"
"thesis_extension/environment/legacy_R343_library/checkmate/html/checkR6.html","5094","f484600199a040b23d6fdcac2d3bd1f3f2bff0f8c2c1843a1b4598a6dfec3d0a","R environment provenance","tracked"
"thesis_extension/environment/legacy_R343_library/checkmate/html/checkScalar.html","4304","17db8099a43d892c7eb6e331b76b18c0819aa995c8d7b4df82a48b4209588d56","R environment provenance","tracked"
"thesis_extension/environment/legacy_R343_library/checkmate/html/checkScalarNA.html","3892","8db0db3789484433df80534a472bf76d601eb38f9b3e29eca46f64cdb0b55915","R environment provenance","tracked"
"thesis_extension/environment/legacy_R343_library/checkmate/html/checkSetEqual.html","4846","51de3575e9e2aacc3fd9ad52ebddaa4ac99bb029c402c9a0673258d9895a04d7","R environment provenance","tracked"
"thesis_extension/environment/legacy_R343_library/checkmate/html/checkString.html","5823","67f5787c3a85652dd1e7501982c8022ed49ce537118914d11934ccd4d4536acc","R environment provenance","tracked"
"thesis_extension/environment/legacy_R343_library/checkmate/html/checkSubset.html","4890","c3d34fb4119bdfc18db5c417cb65fdf622dd4623fa5a374846656eab847aca31","R environment provenance","tracked"
"thesis_extension/environment/legacy_R343_library/checkmate/html/checkTRUE.html","2673","3387ea12eadf2bca03e35d94a5388d7a3a416bd2b7f11a31369ab406bc0a9a6c","R environment provenance","tracked"
"thesis_extension/environment/legacy_R343_library/checkmate/html/checkTibble.html","7371","f1e3713e0f900bf6a6acc8f6e1b4350b7fc2599eb031aaba71d464d0ace2b84b","R environment provenance","tracked"
"thesis_extension/environment/legacy_R343_library/checkmate/html/checkVector.html","7379","68ec4a8498821f1054f5137c15dcff46063678d2a30050a05aec8da2bfdd3c44","R environment provenance","tracked"
"thesis_extension/environment/legacy_R343_library/checkmate/html/checkmate-package.html","6131","62af9f35fd50edab610f9d6ca14277173db5bb40972634489434a6fe4cf8d360","R environment provenance","tracked"
"thesis_extension/environment/legacy_R343_library/checkmate/html/coalesce.html","1457","69bd01ab1a88b5df00a6b4a023b418e241c086f1ebccea689ee24fc78e48be7e","R environment provenance","tracked"
"thesis_extension/environment/legacy_R343_library/checkmate/html/makeAssertion.html","3993","6a87b91b252798ca0284ef3b242bf985c007db76fccff27322c381f2f6611f32","R environment provenance","tracked"
"thesis_extension/environment/legacy_R343_library/checkmate/html/makeExpectation.html","3744","59111930accc6e2e943831d17ad64058d3d6d9f99d1eb13c42051f8a018a9d52","R environment provenance","tracked"
"thesis_extension/environment/legacy_R343_library/checkmate/html/makeTest.html","3219","4663e6e224fb992355949e3d0a62557dfbbabef01660bde4d60d20a943eac705","R environment provenance","tracked"
"thesis_extension/environment/legacy_R343_library/checkmate/html/matchArg.html","2347","8a81f27dae5fa17ecc9bdb8e0bb2e35af0e20c955c4f0eb01f89a49b10763716","R environment provenance","tracked"
"thesis_extension/environment/legacy_R343_library/checkmate/html/qassert.html","8121","b3ba3d14d3db9674715e4a1089a235b15bd64b1209db30745bf5eee041002c13","R environment provenance","tracked"
"thesis_extension/environment/legacy_R343_library/checkmate/html/qassertr.html","3390","9a5f9f69d9a06c0953ad001e5c8734ba5f0d6c9f756bbb31460aeb5556e0e8d3","R environment provenance","tracked"
"thesis_extension/environment/legacy_R343_library/checkmate/html/vname.html","1274","200654f937a0fef4bac94fd07e651a96cbf5cbcdbc6f9d136ee93f433ba1b5f1","R environment provenance","tracked"
"thesis_extension/environment/legacy_R343_library/checkmate/html/wf.html","1653","f9ee8cc4749a6fb27dc37f7845231ed460d03c70c40fb1266c51885a60834dc2","R environment provenance","tracked"
"thesis_extension/environment/legacy_R343_library/checkmate/include/checkmate.h","376","4e2f972b3f99262502b050e9898e58bce74d5fee5fdd76b6a3e96c78b2d246a4","R environment provenance","tracked"
"thesis_extension/environment/legacy_R343_library/checkmate/include/checkmate_stub.c","511","132b47e757e4f549b192ee345ce124a962cf65da7025f385f3012e26e76a4b4a","R environment provenance","tracked"
"thesis_extension/environment/legacy_R343_library/checkmate/libs/i386/checkmate.dll","95246","7565067cfb2b876b9c92d03ecc5425dc8157c668dacaa64bc0aa0350f3e806e4","R environment provenance","tracked"
"thesis_extension/environment/legacy_R343_library/checkmate/libs/x64/checkmate.dll","77312","61bb0827973b79ea8097beff63c69eb5278638dc517f99f10b12f3b611593514","R environment provenance","tracked"
"thesis_extension/environment/legacy_R343_library/colorspace/CITATION","2916","f87bf81190c26fb78481ff6951a2cb490ea5e73bafd5907e3851378d148e760c","R environment provenance","tracked"
"thesis_extension/environment/legacy_R343_library/colorspace/DESCRIPTION","1809","e6364e1a8b31b8897514dba9c0178c0dc5b0ce39c0e1cb4dac68b49839716bf1","R environment provenance","tracked"
"thesis_extension/environment/legacy_R343_library/colorspace/INDEX","1355","bbb37c3f4ac12372d8b2b42a68dee6f6d4154e7b43f1f5b5645a14be8ff6059d","R environment provenance","tracked"
"thesis_extension/environment/legacy_R343_library/colorspace/LICENSE","218","7293fb29d5a917973840253224bb9c9e6d37034620026bb6760c3f0dc8b10966","R environment provenance","tracked"
"thesis_extension/environment/legacy_R343_library/colorspace/MD5","6490","3da1f3ba6567c069007180d6644213411d76c3b37b99600135d51dd0cbe5df59","R environment provenance","tracked"
"thesis_extension/environment/legacy_R343_library/colorspace/Meta/Rd.rds","1063","0769e5715d724f6cfe5c8f29bc51579f2f2631c98abda9211a64126dd0f463b8","R environment provenance","tracked"
"thesis_extension/environment/legacy_R343_library/colorspace/Meta/data.rds","147","985c5e2361a8c6be2f873616548a7aa583370404a8d752f2529b96e2b7926878","R environment provenance","tracked"
"thesis_extension/environment/legacy_R343_library/colorspace/Meta/features.rds","112","0c47f77934234b8ddfc04ba4cf55da90ab9ef317d3825782bd4282625c53d444","R environment provenance","tracked"
"thesis_extension/environment/legacy_R343_library/colorspace/Meta/hsearch.rds","1038","e88c1fc292df90bb58c3d4a3a6da26ca4fb41c76215eca112f8a87d8d8f2901c","R environment provenance","tracked"
"thesis_extension/environment/legacy_R343_library/colorspace/Meta/links.rds","529","c891b950aecbef4f34fcdaaf0c2897c1ca367ead221a8f1d13f2e52dcba0a332","R environment provenance","tracked"
"thesis_extension/environment/legacy_R343_library/colorspace/Meta/nsInfo.rds","532","dd315addc594d819664bbb7e9aa81e4dff10cdc35cbc9cc509286efdb04ddae8","R environment provenance","tracked"
"thesis_extension/environment/legacy_R343_library/colorspace/Meta/package.rds","1379","a2ed6360fb3cce037f5911790d7bf872553af3f02799f9921154e6493957fcfb","R environment provenance","tracked"
"thesis_extension/environment/legacy_R343_library/colorspace/Meta/vignette.rds","310","80d09d48937ae60ae4e1602936c49d1ca7b08702ebbf647310b12f9d59f0b7ae","R environment provenance","tracked"
"thesis_extension/environment/legacy_R343_library/colorspace/NAMESPACE","895","3998bc502e49c2cecf931cae7ad5c890ea12a2fc7a9a081066fc257f94b12c1a","R environment provenance","tracked"
"thesis_extension/environment/legacy_R343_library/colorspace/NEWS","4237","cf23770e39fece0a63e9a0f0957bcecc001d8f5e708e2b5de691baa69a40a7d7","R environment provenance","tracked"
"thesis_extension/environment/legacy_R343_library/colorspace/R/colorspace","1056","2fb8b16be23c820daf2e51b7ddfef61ca4978e561b1d228d546d1b356041f79e","R environment provenance","tracked"
"thesis_extension/environment/legacy_R343_library/colorspace/R/colorspace.rdb","89138","20a8e85f25b2ed64345ccd025bfbe7e5b2689199f93ebfc5b293601280b0bba0","R environment provenance","tracked"
"thesis_extension/environment/legacy_R343_library/colorspace/R/colorspace.rdx","1416","90b56f902a6c068b487dec3e5a2d530c8496c7501c88dd26819db33a1765128a","R environment provenance","tracked"
"thesis_extension/environment/legacy_R343_library/colorspace/data/Rdata.rdb","43038","c099b4ad5717b7932756c85dc21bcc89be531af91092d2e37716afff779d37ea","R environment provenance","tracked"
"thesis_extension/environment/legacy_R343_library/colorspace/data/Rdata.rds","78","43d2ca2b9d0ce70f8b9dbc4761fb227e159d25a6400b616e95aeb8e07350748d","R environment provenance","tracked"
"thesis_extension/environment/legacy_R343_library/colorspace/data/Rdata.rdx","145","c3eb4edf67fa4548274469fb986ea5960948d2a58d2e059ddb9e384dbc48ceec","R environment provenance","tracked"
"thesis_extension/environment/legacy_R343_library/colorspace/doc/hcl-colors.R","10082","eb6c22f65f1ca84be4a9ce9270f8739fa9708596353a96ddf6f1f71ebd451bab","R environment provenance","tracked"
"thesis_extension/environment/legacy_R343_library/colorspace/doc/hcl-colors.Rnw","20922","5a345d8c5cdee46097612e3cf4930d1e162a087ba20e138ac33ab40fd578c411","R environment provenance","tracked"
"thesis_extension/environment/legacy_R343_library/colorspace/doc/hcl-colors.pdf","202996","7b0d888ad8fa63d83981df64a95b85567884cac632d155f5e71fc92b14dc781f","R environment provenance","tracked"
"thesis_extension/environment/legacy_R343_library/colorspace/doc/index.html","1400","6bd800fd513fe0045d2e2eccf7d9a5df9fca4c70953da0604b508eb3abaf25fe","R environment provenance","tracked"
"thesis_extension/environment/legacy_R343_library/colorspace/hclwizard/html/GrADS.html","591","f901c63e5c2e651d5142a2c5ee515b21ee63996e7d85c13ba18509a67021065b","R environment provenance","tracked"
"thesis_extension/environment/legacy_R343_library/colorspace/hclwizard/html/help.html","6304","48b99d64b6a8389d50be1088bf202126842b135674d68fdaf6251025b052a3da","R environment provenance","tracked"
"thesis_extension/environment/legacy_R343_library/colorspace/hclwizard/html/matlab.html","354","463dc79a5ff22de10f9765e63f029d58740351c5df5f42321d655198511096f4","R environment provenance","tracked"
"thesis_extension/environment/legacy_R343_library/colorspace/hclwizard/html/python.html","1471","6b6cb48a6de9bb26c8196742a458917823de5b42a4ee2140c32ad0058e2a56e6","R environment provenance","tracked"
"thesis_extension/environment/legacy_R343_library/colorspace/hclwizard/prepareStaticContent.R","5697","a42e87668327b92051bc343c32ae146e0bf4faafe974b653a38b48668f8ad7dd","R environment provenance","tracked"
"thesis_extension/environment/legacy_R343_library/colorspace/hclwizard/server.R","18422","6e9d5a1064bc7ef57521f29f766f529b9d9d7f2aa140c7f881f6fd6aabaa0040","R environment provenance","tracked"
"thesis_extension/environment/legacy_R343_library/colorspace/hclwizard/ui.R","13610","d312d910683a9e50a0d05caf612310ab308e885f438a4c20fdfe9d61c08d7a83","R environment provenance","tracked"
"thesis_extension/environment/legacy_R343_library/colorspace/hclwizard/www/hclwizard.css","3103","4bae5052b91eb1954bc59536f9144bb85c1c2ffa8282631c98b54a6b537e3822","R environment provenance","tracked"
"thesis_extension/environment/legacy_R343_library/colorspace/hclwizard/www/images/pal_alt_heat.png","119","f5a7ec6b02531d6f6eb901f845b2d4744bf95dd601b725cfc2f9eb2be4289766","R environment provenance","tracked"
"thesis_extension/environment/legacy_R343_library/colorspace/hclwizard/www/images/pal_alt_terrain.png","119","87d7db66dc789f762960c9f1b6a12bb4d2a185f28dac0de961145103438073f1","R environment provenance","tracked"
"thesis_extension/environment/legacy_R343_library/colorspace/hclwizard/www/images/pal_blue-red.png","119","3df4728b3a9dc78b98bc2f9fe7eb7850e444ee24f9f27d9b035a583d72ef2a5a","R environment provenance","tracked"
"thesis_extension/environment/legacy_R343_library/colorspace/hclwizard/www/images/pal_blue-red_2.png","119","20cecfbc9a093488efaa2c399dc3d4397077427d24ec2de46a6ed0a020a97688","R environment provenance","tracked"
"thesis_extension/environment/legacy_R343_library/colorspace/hclwizard/www/images/pal_blue-red_3.png","119","13b949a6348255dfaef1502c16d3f706316e402496076ab831d790d82814195f","R environment provenance","tracked"
"thesis_extension/environment/legacy_R343_library/colorspace/hclwizard/www/images/pal_blues.png","119","e3adb719b9ed2c97aca6bf8ab559a9c4b9abdc5743e3574f7412846c41177b46","R environment provenance","tracked"
"thesis_extension/environment/legacy_R343_library/colorspace/hclwizard/www/images/pal_blues_2.png","119","c5d191950c07de758e1e5280c70ec30b62ab82c6b934f16511caaee00235f731","R environment provenance","tracked"
"thesis_extension/environment/legacy_R343_library/colorspace/hclwizard/www/images/pal_bpy.png","119","a2197c8ceb22e570603d42e76852fd01fce4e21ca7010bd2c47be2e4759d3b2f","R environment provenance","tracked"
"thesis_extension/environment/legacy_R343_library/colorspace/hclwizard/www/images/pal_brbg.png","119","c0e42d1f6406d4f89e080f34f62f41111b2af944a19e97e41277f0c980c9c1d9","R environment provenance","tracked"
"thesis_extension/environment/legacy_R343_library/colorspace/hclwizard/www/images/pal_bupu.png","119","2736ea1e4afecd76bbea2bd4907325ed56599f798a724581cfa839c21fa2ede7","R environment provenance","tracked"
"thesis_extension/environment/legacy_R343_library/colorspace/hclwizard/www/images/pal_cm.colors.png","119","1a2f300195b44945b4d760edf3b037a82f3042624d2c69ddd35a290d65dba524","R environment provenance","tracked"
"thesis_extension/environment/legacy_R343_library/colorspace/hclwizard/www/images/pal_cold.png","119","9e7e39bc3e13b552f842b481c8aac80e26294f2a8c5f4f1702c5bff671a2c583","R environment provenance","tracked"
"thesis_extension/environment/legacy_R343_library/colorspace/hclwizard/www/images/pal_dark_2.png","119","954406d4523d8b770b3f27d1f8fbcbd873ec7d2d28be98b5adeff4dcb2184232","R environment provenance","tracked"
"thesis_extension/environment/legacy_R343_library/colorspace/hclwizard/www/images/pal_dynamic.png","119","e413ad8d84a67803f9a4af7ba2ba440edc5553adecf7ada79919bbfdaf3a5678","R environment provenance","tracked"
"thesis_extension/environment/legacy_R343_library/colorspace/hclwizard/www/images/pal_even_darker.png","119","77aef08d10722eb3eb826f839bcf4a1d4102d1b88b98eea347a7ca9935522ac3","R environment provenance","tracked"
"thesis_extension/environment/legacy_R343_library/colorspace/hclwizard/www/images/pal_green-orange.png","119","3a79c577b5fc81fe9f44ed913046e026b2bbc36c3b0496422efe59639e1535ac","R environment provenance","tracked"
"thesis_extension/environment/legacy_R343_library/colorspace/hclwizard/www/images/pal_greens.png","119","5b9819627cda6d859361fb043fbec81c0fae3da94c41533ea4e67be196b20cb4","R environment provenance","tracked"
"thesis_extension/environment/legacy_R343_library/colorspace/hclwizard/www/images/pal_greys.png","119","943f0cdc1977e888092aac76d87fe4f3b84f1bc0e5bbe320efa3cef83db558fe","R environment provenance","tracked"
"thesis_extension/environment/legacy_R343_library/colorspace/hclwizard/www/images/pal_harmonic.png","119","20cb1c7ee0fca34a95042cc18ef48f7ef132fbda66ce95e1feba214d0977eeb4","R environment provenance","tracked"
"thesis_extension/environment/legacy_R343_library/colorspace/hclwizard/www/images/pal_heat.colors.png","119","6ecbbe3a18cfc3133fba4fa2c153c7cceaa5233c1615a2037bc586eb9d47a247","R environment provenance","tracked"
"thesis_extension/environment/legacy_R343_library/colorspace/hclwizard/www/images/pal_heat_hcl.png","119","514e5c8e49e808d773edaff59242aa9bdcb3fdea85d19f9297021e707c11e987","R environment provenance","tracked"
"thesis_extension/environment/legacy_R343_library/colorspace/hclwizard/www/images/pal_light_grays.png","119","37b50f23ea50c87fc9f0cdaead2a4e6af945534c4806d89da399fbca2d4e5643","R environment provenance","tracked"
"thesis_extension/environment/legacy_R343_library/colorspace/hclwizard/www/images/pal_oranges.png","119","378c7afe98e98095851426da556269614564af95e734311c00e53ad0038253fd","R environment provenance","tracked"
"thesis_extension/environment/legacy_R343_library/colorspace/hclwizard/www/images/pal_pastel_1.png","119","d86fbc2840758538eebc145b50c2b8dd1802aa8f72704c1841fe93b00438fdb9","R environment provenance","tracked"
"thesis_extension/environment/legacy_R343_library/colorspace/hclwizard/www/images/pal_piyg.png","119","e97b6d522f350093047d4fb230ccbdff3b0653eac6af9294b1beaf34b37dc4ed","R environment provenance","tracked"
"thesis_extension/environment/legacy_R343_library/colorspace/hclwizard/www/images/pal_plasma.png","119","e4d588283c4ff5d38fdc8fd45c6790f611bde4723e8afe8c31d3a436e9220957","R environment provenance","tracked"
"thesis_extension/environment/legacy_R343_library/colorspace/hclwizard/www/images/pal_prgn.png","119","b0e5aa19cabfce8d39479922d62872b44e26cfc8bb180b2b8e0468888bad9ffb","R environment provenance","tracked"
"thesis_extension/environment/legacy_R343_library/colorspace/hclwizard/www/images/pal_puor.png","119","d16511fb5993bba14c7d27c51ff94dc4c16d0b1cb5ae3502fdb8e849d96369c8","R environment provenance","tracked"
"thesis_extension/environment/legacy_R343_library/colorspace/hclwizard/www/images/pal_pure_red.png","119","67ffbdd6a40eb3014e736ab0630dc4d86775c2f7ee5265ce1cdb2db92b718635","R environment provenance","tracked"
"thesis_extension/environment/legacy_R343_library/colorspace/hclwizard/www/images/pal_purples.png","119","740912a8ad8954cbef948e1e2383cbb4c841b2ab44a6bb8955eef829728f2c8a","R environment provenance","tracked"
"thesis_extension/environment/legacy_R343_library/colorspace/hclwizard/www/images/pal_rainbow.png","119","d66550034092804b84d659594005c8933af67c3ad6a3ae8187c7344027b2740e","R environment provenance","tracked"
"thesis_extension/environment/legacy_R343_library/colorspace/hclwizard/www/images/pal_rdbu.png","119","15cd46817c7b3e4ffd25fee13ff46ed30ae832021a51bc3bebd054b99a16763e","R environment provenance","tracked"
"thesis_extension/environment/legacy_R343_library/colorspace/hclwizard/www/images/pal_red_blue.png","119","c81307864c02529b723334d914d96209248e243747b552ac41636718f41bbf37","R environment provenance","tracked"
"thesis_extension/environment/legacy_R343_library/colorspace/hclwizard/www/images/pal_reds.png","119","ee3f7b3eff14cbb9ea810c2ac710f3147156f81188ca6bb6ccbd24391f11c960","R environment provenance","tracked"
"thesis_extension/environment/legacy_R343_library/colorspace/hclwizard/www/images/pal_set_2.png","119","1b8050b04973846ef63f55d67f9f5afb0ad802de685c13bda77e1fb0cba32355","R environment provenance","tracked"
"thesis_extension/environment/legacy_R343_library/colorspace/hclwizard/www/images/pal_set_3.png","119","2b6bfe83dc58e75c0ef91ed81a0f51f64d9bfe8b79090d26a8a4882e3a95d588","R environment provenance","tracked"
"thesis_extension/environment/legacy_R343_library/colorspace/hclwizard/www/images/pal_terrain.colors.png","119","fab86bd308982ee93de83461d9340321e8454bcda57de041f0b0a065992313ed","R environment provenance","tracked"
"thesis_extension/environment/legacy_R343_library/colorspace/hclwizard/www/images/pal_terrain_hcl.png","119","8ca07367056544134b0e9c06399a7ab4c3293ed06c0ed5a7f25434d0d3725894","R environment provenance","tracked"
"thesis_extension/environment/legacy_R343_library/colorspace/hclwizard/www/images/pal_topo.colors.png","119","a07b855aece2442f56b7840075bb7daad02c11a30f564a5bd41d8b22392efa26","R environment provenance","tracked"
"thesis_extension/environment/legacy_R343_library/colorspace/hclwizard/www/images/pal_viridis.png","119","5180ff2bf7c2bf65abfc1afa0fc8e9bc3545d96f1fb778aea1cd9cfbfd5a4c72","R environment provenance","tracked"
"thesis_extension/environment/legacy_R343_library/colorspace/hclwizard/www/images/pal_warm.png","119","1d55e73197aa7f72f39faeee73c3327b1638da1edc11e969deb7cc49e3f8316b","R environment provenance","tracked"
"thesis_extension/environment/legacy_R343_library/colorspace/hclwizard/www/images/pal_yellow-blue.png","119","e6d4ecf468578faf4d0abe1b5042d9046b40a9daaf246f44b7e91f05a1861021","R environment provenance","tracked"
"thesis_extension/environment/legacy_R343_library/colorspace/hclwizard/www/images/pal_yellow-green.png","119","c124ee9f6da689f373d6690e4b4de2b8a0f1e21f1d3de07fda4addbca2e898de","R environment provenance","tracked"
"thesis_extension/environment/legacy_R343_library/colorspace/hclwizard/www/images/pal_yellow-red.png","119","265709f5453fbffc4c39fb435dde260a5d862d452cd284602670bf5a77782fe9","R environment provenance","tracked"
"thesis_extension/environment/legacy_R343_library/colorspace/help/AnIndex","1206","6e2638e13b6b3ac9c90c1ebe8b0f56e36c2be067c6ed57242f26a9074d6bab1d","R environment provenance","tracked"
"thesis_extension/environment/legacy_R343_library/colorspace/help/aliases.rds","432","6c806961e094c6811cfe1d9e13e7ed7225a038cb861cc2b5c0efa18f7606c3e6","R environment provenance","tracked"
"thesis_extension/environment/legacy_R343_library/colorspace/help/colorspace.rdb","64961","5a5018d508d41b43c8fb9ce495f8a49d72f21e31fd87b6f222c96f6cc04e7cba","R environment provenance","tracked"
"thesis_extension/environment/legacy_R343_library/colorspace/help/colorspace.rdx","666","fb72e21b47cf4bdbbe0623b5c2ae897aff669708ada15d2dac876087643845cb","R environment provenance","tracked"
"thesis_extension/environment/legacy_R343_library/colorspace/help/paths.rds","320","2a27b9400de6f6001c4f09c3e87c62693d779bc6167e023ede89eeace6993ed5","R environment provenance","tracked"
"thesis_extension/environment/legacy_R343_library/colorspace/html/00Index.html","5866","a06941eba00e54ac2c3b4bcaebdd87a5f9c29cc152edc53432b6f0be6ce31de9","R environment provenance","tracked"
"thesis_extension/environment/legacy_R343_library/colorspace/html/HLS.html","2310","9d53de7031e5596f30a33fe240d53dbc2a08c8daae353cd02aee02f27b908193","R environment provenance","tracked"
"thesis_extension/environment/legacy_R343_library/colorspace/html/HSV.html","2299","74d3806e52caec62356f28431ceeea8c691fb9faaeed3db229778a5aa8fab2f4","R environment provenance","tracked"
"thesis_extension/environment/legacy_R343_library/colorspace/html/LAB.html","2533","5ee5318d1fe01dafb20371a0c611b3ee290e11abd8938da3da3f89eac1682404","R environment provenance","tracked"
"thesis_extension/environment/legacy_R343_library/colorspace/html/LUV.html","2498","e48d3d345b69ddce59c07b19c1de3897b0410205c6aa47d3c07f87990b9155f1","R environment provenance","tracked"
"thesis_extension/environment/legacy_R343_library/colorspace/html/R.css","1335","0f4849ab1757247808d54da2c371e992364371c942ad7d629dae8d62327ed068","R environment provenance","tracked"
"thesis_extension/environment/legacy_R343_library/colorspace/html/RGB.html","2263","1dfed562e2161e032fd1f84f6f3c17affbe035cfe3b5ec65ecec179b859b907c","R environment provenance","tracked"
"thesis_extension/environment/legacy_R343_library/colorspace/html/USSouthPolygon.html","1826","2c2186bb4663c7b1b683ff65faa555031f692c8b1bcbbea570451428d263b251","R environment provenance","tracked"
"thesis_extension/environment/legacy_R343_library/colorspace/html/XYZ.html","2210","6b590108f523fb000299a06f548c16a7cba7dd1878450f1735e397a102775e8b","R environment provenance","tracked"
"thesis_extension/environment/legacy_R343_library/colorspace/html/choose_palette.html","5546","1cc3b7817819722b09e71d4bd56d1689046d8aebbe0ff031db9d305a1c368747","R environment provenance","tracked"
"thesis_extension/environment/legacy_R343_library/colorspace/html/color-class.html","3603","2c0b163ea338e9b2834a1d2595d8c3c3d73e8ed484e0cd64b4866b6e33c11e16","R environment provenance","tracked"
"thesis_extension/environment/legacy_R343_library/colorspace/html/coords.html","1647","96d605a25a5565f53acbdcd17fe3363fc25ef4ae27ac905394da87f37c9649da","R environment provenance","tracked"
"thesis_extension/environment/legacy_R343_library/colorspace/html/desaturate.html","2662","ce6fc0d4c6bc9840d93a79c3a2aeb7f9cd42a1c828cb82f1bdf207bad8347e58","R environment provenance","tracked"
"thesis_extension/environment/legacy_R343_library/colorspace/html/hex.html","2528","faa38bfc07c65dcb42cedfbbd8cdae527c0d7c71bb08590aeb878500397d8857","R environment provenance","tracked"
"thesis_extension/environment/legacy_R343_library/colorspace/html/hex2RGB.html","2138","9e52c7bfaa16ec07f8c6cdca0eb3440a48dec7213806e1fe8c40c7212109dac8","R environment provenance","tracked"
"thesis_extension/environment/legacy_R343_library/colorspace/html/mixcolor.html","2132","c6c13b356497732d6d43b8fa16eaa498379bb27af782a6f170f7c17481d462c1","R environment provenance","tracked"
"thesis_extension/environment/legacy_R343_library/colorspace/html/polarLAB.html","2398","cbe42b3469f5e24d3dc5095b3f2dd0a7711c0e02fd6baf6c4014dd192cdf34f2","R environment provenance","tracked"
"thesis_extension/environment/legacy_R343_library/colorspace/html/polarLUV.html","2398","9a67b4fba280e3676bf9f8b7f851c7b2c49dbc9961bb0f849d119777951af51e","R environment provenance","tracked"
"thesis_extension/environment/legacy_R343_library/colorspace/html/rainbow_hcl.html","8881","b80abf3521bba5c6fde5c2e842fef75ccd96a025ff4c8848940d12c870a784c3","R environment provenance","tracked"
"thesis_extension/environment/legacy_R343_library/colorspace/html/readRGB.html","2246","68d58c5dc7af564b49b6b37b6bfd9b6a19575f17649ef219e5d5aa1758382653","R environment provenance","tracked"
"thesis_extension/environment/legacy_R343_library/colorspace/html/readhex.html","2175","79282e74cb41faf80c815ec4d463da6cf1c14f0665efcee37a9c7c41a5beede6","R environment provenance","tracked"
"thesis_extension/environment/legacy_R343_library/colorspace/html/sRGB.html","2267","69cdd0a10eaeb81f4adfc807ef42d50ba55c05ebcd5c70a0c0241867470039be","R environment provenance","tracked"
"thesis_extension/environment/legacy_R343_library/colorspace/html/specplot.html","5002","45c44adfb3ce8ed9da640019beef477d40ad8ea2aa195a76696400945fabdaa9","R environment provenance","tracked"
"thesis_extension/environment/legacy_R343_library/colorspace/html/writehex.html","2159","1859a0fa1f90282056bea60f70dda4a436b4861dea62003ece529151ceb8ba93","R environment provenance","tracked"
"thesis_extension/environment/legacy_R343_library/colorspace/libs/i386/colorspace.dll","65038","7d4643434d2d51917395659bb65649fb3f58c513911fad09174a7e6563b6e850","R environment provenance","tracked"
"thesis_extension/environment/legacy_R343_library/colorspace/libs/x64/colorspace.dll","54272","fbc993529d6065ac783ddee844e8ce678edf37007ed8016b1a65eea33da25e2b","R environment provenance","tracked"
"thesis_extension/environment/legacy_R343_library/dichromat/DESCRIPTION","1073","8796224df2f5d066f92a363dc4f024d4e6037ecb16c9fdb43a0ad977766bb535","R environment provenance","tracked"
"thesis_extension/environment/legacy_R343_library/dichromat/INDEX","241","5fac84ed4f67198c27798e7b7519b605c2e84126d646e23bb755bec140215418","R environment provenance","tracked"
"thesis_extension/environment/legacy_R343_library/dichromat/MD5","1307","6333eb27197e4fa0bd436e663572d88a423ca314c3604639c87bbd04a9442e22","R environment provenance","tracked"
"thesis_extension/environment/legacy_R343_library/dichromat/Meta/Rd.rds","344","b1b02fec67e86378a4e17e49f4915561e401ac9933c7c2fcf2ef0f1b6e7cd121","R environment provenance","tracked"
"thesis_extension/environment/legacy_R343_library/dichromat/Meta/data.rds","132","9d8f95c6e4f99da661681ea1c44717e2d3672dfc91eff56e1ab87e9fdb3c7f3e","R environment provenance","tracked"
"thesis_extension/environment/legacy_R343_library/dichromat/Meta/features.rds","112","0c47f77934234b8ddfc04ba4cf55da90ab9ef317d3825782bd4282625c53d444","R environment provenance","tracked"
"thesis_extension/environment/legacy_R343_library/dichromat/Meta/hsearch.rds","384","8da23e6db79da1593035508748433149a9eec457cf5918d217b9d11339f2e7e1","R environment provenance","tracked"
"thesis_extension/environment/legacy_R343_library/dichromat/Meta/links.rds","139","eaaad4c7e19624608568b11b6d825f10d35d01274567d4d3eefc70df72fbc541","R environment provenance","tracked"
"thesis_extension/environment/legacy_R343_library/dichromat/Meta/nsInfo.rds","201","2518d780d54a0a5dfbe33f4f26200fe677637eafb9f517a6769e57832bd07214","R environment provenance","tracked"
"thesis_extension/environment/legacy_R343_library/dichromat/Meta/package.rds","924","4d51a0b398dda5deb1144b697ff25cbca163ed44908d1df0b08496d4ac8b0762","R environment provenance","tracked"
"thesis_extension/environment/legacy_R343_library/dichromat/NAMESPACE","31","50eb3e5fe569954724e9ef1adfe2340859f2f478207577c83e719aefb0672edd","R environment provenance","tracked"
"thesis_extension/environment/legacy_R343_library/dichromat/R/dichromat","1056","2fb8b16be23c820daf2e51b7ddfef61ca4978e561b1d228d546d1b356041f79e","R environment provenance","tracked"
"thesis_extension/environment/legacy_R343_library/dichromat/R/dichromat.rdb","2197","d36c83d3a5ca7b1740c25262340d07d3a28aa0b0da9b0968c54bf03e0f2e307f","R environment provenance","tracked"
"thesis_extension/environment/legacy_R343_library/dichromat/R/dichromat.rdx","269","882b89e5fba2dbcae34f408dfa09beb019e4465550bd9ca19980290553ca5a6f","R environment provenance","tracked"
"thesis_extension/environment/legacy_R343_library/dichromat/R/sysdata.rdb","120473","f8c207c3aa8539b226ef8504d93cd49812de3edd1a08656b11f80df82818e0da","R environment provenance","tracked"
"thesis_extension/environment/legacy_R343_library/dichromat/R/sysdata.rdx","228","bacad2b835b1a2263a754f3896af03f3b7cdbe3df46c63148c29b75cdd226e2a","R environment provenance","tracked"
"thesis_extension/environment/legacy_R343_library/dichromat/data/dalton.rda","8596","925d7e7def9ebabcf98265b44ec5d8307d7b768830795c6704f7451b39610546","R environment provenance","tracked"
"thesis_extension/environment/legacy_R343_library/dichromat/help/AnIndex","85","351858c61d950140b6ae8831df1eb1a67e51260613704f477375b298f8d7f25a","R environment provenance","tracked"
"thesis_extension/environment/legacy_R343_library/dichromat/help/aliases.rds","104","03654560e0046ff98f642964358e976d59bcd52d07d7cc905ac1ebff91bf80fc","R environment provenance","tracked"
"thesis_extension/environment/legacy_R343_library/dichromat/help/dichromat.rdb","10483","6cc1bb64f601ba41f6a000f604ff6624392457e7078bbdd8deca03d204f22048","R environment provenance","tracked"
"thesis_extension/environment/legacy_R343_library/dichromat/help/dichromat.rdx","208","079cbb3a326b36620431e66fa59d047f954b96db243614c4761c26ef08103970","R environment provenance","tracked"
"thesis_extension/environment/legacy_R343_library/dichromat/help/paths.rds","183","c9897d939e51102e276a3ccad6d07fb429e33b0a50ca5eba02b7fc331ad5519e","R environment provenance","tracked"
"thesis_extension/environment/legacy_R343_library/dichromat/html/00Index.html","1475","eefced3c596889d1ea926b5c91577ea1a402a2843ae753ef0ff65c6f6d4a37c9","R environment provenance","tracked"
"thesis_extension/environment/legacy_R343_library/dichromat/html/R.css","1335","0f4849ab1757247808d54da2c371e992364371c942ad7d629dae8d62327ed068","R environment provenance","tracked"
"thesis_extension/environment/legacy_R343_library/dichromat/html/colorschemes.html","2816","11725e6dc7e003478e9da87f962f72782620f36e9a9bea88d52552622b57ab96","R environment provenance","tracked"
"thesis_extension/environment/legacy_R343_library/dichromat/html/dalton.html","3695","bb8db86369c560a49161361fa7633cf88699e56f31654372ec46c98027a9ee86","R environment provenance","tracked"
"thesis_extension/environment/legacy_R343_library/dichromat/html/dichromat.html","5812","d6a05822785ae3b4a4341eb1b7c92710bf554f67967e8c67d909adbe3ab03247","R environment provenance","tracked"
"thesis_extension/environment/legacy_R343_library/digest/DESCRIPTION","1405","f13f3450197d626f464ffa0c3c5ab5f9109bf2031b2ef94a6e561fa251095a02","R environment provenance","tracked"
"thesis_extension/environment/legacy_R343_library/digest/GPL-2","18092","8177f97513213526df2cf6184d8ff986c675afb514d4e68a404010521b880643","R environment provenance","tracked"
"thesis_extension/environment/legacy_R343_library/digest/INDEX","363","c821ba8a98e10e88a7ec383e7586f81480c682c2a11c90af1c3784d0f023e1a8","R environment provenance","tracked"
"thesis_extension/environment/legacy_R343_library/digest/MD5","1638","5038f550d0f8ce177b3df1c7de3bdd75ceb70ba97f9226bb9420f37dcbf8f60f","R environment provenance","tracked"
"thesis_extension/environment/legacy_R343_library/digest/Meta/Rd.rds","556","a5802f368cc48e31e567e01c643961ace28b6126b535475178c44590bab41621","R environment provenance","tracked"
"thesis_extension/environment/legacy_R343_library/digest/Meta/features.rds","112","0c47f77934234b8ddfc04ba4cf55da90ab9ef317d3825782bd4282625c53d444","R environment provenance","tracked"
"thesis_extension/environment/legacy_R343_library/digest/Meta/hsearch.rds","585","a1c646266684b1efc869193f4ba31b04023ffc1f735d09b92e3ea54feeb7bedc","R environment provenance","tracked"
"thesis_extension/environment/legacy_R343_library/digest/Meta/links.rds","330","95f65452e8451f7cddb4d864090cea5fac9e1ccc3f30c11fe0e838ab0865b135","R environment provenance","tracked"
"thesis_extension/environment/legacy_R343_library/digest/Meta/nsInfo.rds","489","7f58a869c72e7512921592dcad9179c1dc8d27201173b4962188d3989d6b7bb5","R environment provenance","tracked"
"thesis_extension/environment/legacy_R343_library/digest/Meta/package.rds","1240","a781e526526ef7608cb36348f773321b8696fd6cbb7dd5bfe2d415025fb96ae9","R environment provenance","tracked"
"thesis_extension/environment/legacy_R343_library/digest/Meta/vignette.rds","210","a5ce5437010c1c2e2850a28a376103b916f8899949179df0cb23471711fc0768","R environment provenance","tracked"
"thesis_extension/environment/legacy_R343_library/digest/NAMESPACE","803","d927f4139aaa3ef2ea6041bc95ff3ff96f807bec363858386972b1f4d66ec0ef","R environment provenance","tracked"
"thesis_extension/environment/legacy_R343_library/digest/R/digest","1056","2fb8b16be23c820daf2e51b7ddfef61ca4978e561b1d228d546d1b356041f79e","R environment provenance","tracked"
"thesis_extension/environment/legacy_R343_library/digest/R/digest.rdb","10907","4b6b93d96811dc99c0666a547f3cabdbe5c46a08960d36f0d890d179572af95e","R environment provenance","tracked"
"thesis_extension/environment/legacy_R343_library/digest/R/digest.rdx","674","ded90e802965a811385739771b1616f40c75a69bb9f638450a6a051f488fc037","R environment provenance","tracked"
"thesis_extension/environment/legacy_R343_library/digest/doc/index.html","1342","0a87ecbe1bcbcd02ce08ac0b0cabe1e3b1f576ed7aa2f91c6b025369262d8111","R environment provenance","tracked"
"thesis_extension/environment/legacy_R343_library/digest/doc/sha1.R","2991","1cb7e0464d6a55da95ece23aab0741ae58bb8f04b4d79df077c960b5e2c25e46","R environment provenance","tracked"
"thesis_extension/environment/legacy_R343_library/digest/doc/sha1.Rmd","7186","138f0466a8c412996accf537f4a2a8c916e412926124e0d8a62b6d695bed47bf","R environment provenance","tracked"
"thesis_extension/environment/legacy_R343_library/digest/doc/sha1.html","33470","92241b4a5d7fa5517f252648b24085e53a1c3a1d2de1c2378141acea9750e4d6","R environment provenance","tracked"
"thesis_extension/environment/legacy_R343_library/digest/help/AnIndex","507","fa7a67f3049d55a84b2302e0219be327cbc543a6c670282415d108ae85df7656","R environment provenance","tracked"
"thesis_extension/environment/legacy_R343_library/digest/help/aliases.rds","275","17648579af7532cf0b4f926a510901d15523f33b3b0dbaf2fc332b9ae6bc978b","R environment provenance","tracked"
"thesis_extension/environment/legacy_R343_library/digest/help/digest.rdb","25649","d988c657aea714c65df8e45909bf38f0ea3fadbb997092e2142e35372e172714","R environment provenance","tracked"
"thesis_extension/environment/legacy_R343_library/digest/help/digest.rdx","250","5520dc36212f0b0dd5dec757680b0398e8eef200aed707143c6a7a1d42620cba","R environment provenance","tracked"
"thesis_extension/environment/legacy_R343_library/digest/help/paths.rds","193","b431081ad9c078b81b64b73fbeb40bf69c5ea73c2a966a6a00f2b3cf017d1d6c","R environment provenance","tracked"
"thesis_extension/environment/legacy_R343_library/digest/html/00Index.html","4393","fa58cddeb8891ec0ecf9798c39e122926a01ed9720d95f386a27734f7b52292a","R environment provenance","tracked"
"thesis_extension/environment/legacy_R343_library/digest/html/AES.html","7776","aace80eb50b9954fcb827afd346bd3d49832566e83bfc3d971489ecbc03a022b","R environment provenance","tracked"
"thesis_extension/environment/legacy_R343_library/digest/html/R.css","1335","0f4849ab1757247808d54da2c371e992364371c942ad7d629dae8d62327ed068","R environment provenance","tracked"
"thesis_extension/environment/legacy_R343_library/digest/html/digest.html","13665","bd6cbdf0bdbea77fc2fec00c9f5a03e4325f6b8f5ee6701c149a67fe228ebbc8","R environment provenance","tracked"
"thesis_extension/environment/legacy_R343_library/digest/html/hmac.html","5378","e37b802b84ab3a6701f8b7ad82aa4e11dd2e0c4862901da1ec55951bc0c4c64d","R environment provenance","tracked"
"thesis_extension/environment/legacy_R343_library/digest/html/makeRaw.html","1399","bd258a8df7ecf629d72ac560c5e8058e31c7e94c95ef5762d2abfb2d3154a1ad","R environment provenance","tracked"
"thesis_extension/environment/legacy_R343_library/digest/html/sha1.html","3843","60884d56b0ce4241a7ca17ef7b93ac313dc9edaa2d82fe8f88d2042b9a433131","R environment provenance","tracked"
"thesis_extension/environment/legacy_R343_library/digest/include/pmurhashAPI.h","3165","554bc6bdac616df8e27a024b1a4558a994f874cdc0f88e4320c92f3f442f9fcf","R environment provenance","tracked"
"thesis_extension/environment/legacy_R343_library/digest/libs/i386/digest.dll","97806","9e7fe4078784b16231bd9426cdf190ec31cf083305af0c4d13dbd706ac0d75ba","R environment provenance","tracked"
"thesis_extension/environment/legacy_R343_library/digest/libs/x64/digest.dll","84992","962739a024bc73661757a1709b55d343aab757821392db8778af47143e17c9ec","R environment provenance","tracked"
"thesis_extension/environment/legacy_R343_library/doSNOW/DESCRIPTION","1188","b59940138090d1779b094385c55b1b9acc82f9c16240e1b1459a09353d69e92c","R environment provenance","tracked"
"thesis_extension/environment/legacy_R343_library/doSNOW/INDEX","40","17c2bef1904b1f6725b86bd2d6ece1eb72e9eacc921a33a7be537243922643ec","R environment provenance","tracked"
"thesis_extension/environment/legacy_R343_library/doSNOW/Meta/Rd.rds","228","9c2b1289be3f59d17514acfb23c9a9d08c297db796c37b1f3322b20bb8143a4c","R environment provenance","tracked"
"thesis_extension/environment/legacy_R343_library/doSNOW/Meta/features.rds","112","ca4e61dba7127bc424bf40792181e41b09328ada0e081299d6abb7784d47abeb","R environment provenance","tracked"
"thesis_extension/environment/legacy_R343_library/doSNOW/Meta/hsearch.rds","258","1feec935c1a00b3c9f76ff027153e0daf5ea8ae97d5b5d84b12239fe9b66d8b8","R environment provenance","tracked"
"thesis_extension/environment/legacy_R343_library/doSNOW/Meta/links.rds","112","b60ec3cf474052c2debfa02212d6fdc120f506c7307e1a6ed690e3554cfe505a","R environment provenance","tracked"
"thesis_extension/environment/legacy_R343_library/doSNOW/Meta/nsInfo.rds","253","267da230fecbd54b56333e3adc6c3fd050ac3350a3c05c5269070998747b3439","R environment provenance","tracked"
"thesis_extension/environment/legacy_R343_library/doSNOW/Meta/package.rds","1144","f8fcd17f2347bcbbefb9b73bba42b06088f04cd2800904ca1b86e45a6ee3138c","R environment provenance","tracked"
"thesis_extension/environment/legacy_R343_library/doSNOW/NAMESPACE","113","4ae36d675c816c68e35e4f0a6321230f7585c43a203c7bf5cdec7ea1075b69d5","R environment provenance","tracked"
"thesis_extension/environment/legacy_R343_library/doSNOW/NEWS","841","5da9a0f4bfa2c8dcfb8860d60bfb887baa757fe1fa5c186a14e5991f54c15883","R environment provenance","tracked"
"thesis_extension/environment/legacy_R343_library/doSNOW/R/doSNOW","1056","2fb8b16be23c820daf2e51b7ddfef61ca4978e561b1d228d546d1b356041f79e","R environment provenance","tracked"
"thesis_extension/environment/legacy_R343_library/doSNOW/R/doSNOW.rdb","6996","6f7c5401ae70d50ad7974f187be653f855a6ed1a04f2b24f1a74bcdbadc53bcc","R environment provenance","tracked"
"thesis_extension/environment/legacy_R343_library/doSNOW/R/doSNOW.rdx","419","47ad877cfa1cef404daaa3449ca29fab0e8e038c017ec9e6f3f08b0863e77de3","R environment provenance","tracked"
"thesis_extension/environment/legacy_R343_library/doSNOW/examples/boot.R","2493","22f46829c3325ab551fb1626f2da558588fe6bab922fc64b02969756825c370c","R environment provenance","tracked"
"thesis_extension/environment/legacy_R343_library/doSNOW/help/AnIndex","31","35d72000e0c143f7b07e01ffbb31b249550bcf71eb2f1e3c364327e1814788b8","R environment provenance","tracked"
"thesis_extension/environment/legacy_R343_library/doSNOW/help/aliases.rds","77","cddb1c9cadcd1b8a108d1319c7b360b2eed0f5b929e39761884edfda3290a022","R environment provenance","tracked"
"thesis_extension/environment/legacy_R343_library/doSNOW/help/doSNOW.rdb","1419","ecdd30cab76f8db27f07268e33277b37528a38fbdd1cc077df9ad8b214ecd7bf","R environment provenance","tracked"
"thesis_extension/environment/legacy_R343_library/doSNOW/help/doSNOW.rdx","155","1a62d8d8447f26c332b4a86f05368c22b8f02db49f7389bd2723d5f150878562","R environment provenance","tracked"
"thesis_extension/environment/legacy_R343_library/doSNOW/help/paths.rds","155","50b750b0d35031e99f3b5e2742fe8621440547e64e2f14c509d1bab278062a1a","R environment provenance","tracked"
"thesis_extension/environment/legacy_R343_library/doSNOW/html/00Index.html","1152","3b48ca90607854a9bcc8eeff998d30c2fa2d39f166992e48211a600b413df2a5","R environment provenance","tracked"
"thesis_extension/environment/legacy_R343_library/doSNOW/html/R.css","1335","0f4849ab1757247808d54da2c371e992364371c942ad7d629dae8d62327ed068","R environment provenance","tracked"
"thesis_extension/environment/legacy_R343_library/doSNOW/html/registerDoSNOW.html","1381","fa6b701be8a33d19417a318f9c8a78135c474865f2f7967640f2dca3f82a8e44","R environment provenance","tracked"
"thesis_extension/environment/legacy_R343_library/doSNOW/unitTests/options.R","1868","c9b14f35e1281e68d1a9ae2a3a3d4d586bad5ee3b3acd759538c3fb2f2898ddb","R environment provenance","tracked"
"thesis_extension/environment/legacy_R343_library/foreach/DESCRIPTION","1447","64686c6e57485051deb7e8e2d59f9a3815040a03b7d6dd55855b2668520bd2ec","R environment provenance","tracked"
"thesis_extension/environment/legacy_R343_library/foreach/INDEX","444","316f38886e4726ca402435aea09e0100e87d9b2799255d76825153a3e4a3c6c8","R environment provenance","tracked"
"thesis_extension/environment/legacy_R343_library/foreach/Meta/Rd.rds","536","186a3843d3dffdbe6d444eea1bc70c6bd462518d8b27fe4092a5b779b13e67ea","R environment provenance","tracked"
"thesis_extension/environment/legacy_R343_library/foreach/Meta/demo.rds","103","56287aac8b980dc5179be81069d34e4c89ae1805c89eb706bdccd78333f8a294","R environment provenance","tracked"
"thesis_extension/environment/legacy_R343_library/foreach/Meta/features.rds","112","ca4e61dba7127bc424bf40792181e41b09328ada0e081299d6abb7784d47abeb","R environment provenance","tracked"
"thesis_extension/environment/legacy_R343_library/foreach/Meta/hsearch.rds","556","c9e3cdcfde4ad68ae74015ddd7931ae71843e0c7da764dca620dde33a478f800","R environment provenance","tracked"
"thesis_extension/environment/legacy_R343_library/foreach/Meta/links.rds","326","742cdd84c1161b222bf19b1666926a45d470b92f010f8b2f764f0e495738f3f9","R environment provenance","tracked"
"thesis_extension/environment/legacy_R343_library/foreach/Meta/nsInfo.rds","449","b7590d1ef682d939f697aebba81c273a8448aa7edd49527d0ae0a8c3301fa9bd","R environment provenance","tracked"
"thesis_extension/environment/legacy_R343_library/foreach/Meta/package.rds","1192","a7456cf56cedddd81e483a1aacf2d975bd1e434da7e5c41a4ce5e2d1ec99032c","R environment provenance","tracked"
"thesis_extension/environment/legacy_R343_library/foreach/Meta/vignette.rds","229","9405595efb4366fc7dd4845c58453f89251c4daa73ce0c5f36834247c6502e40","R environment provenance","tracked"
"thesis_extension/environment/legacy_R343_library/foreach/NAMESPACE","1071","ef9b3caffd7b3992ffc9a64a1b08bce75d85a331abe29c20e25465a0e0f3f541","R environment provenance","tracked"
"thesis_extension/environment/legacy_R343_library/foreach/NEWS","1209","76d2183cbc395874dc1707f1e697228b51a7d632c78e1abad1dca3df94f395b3","R environment provenance","tracked"
"thesis_extension/environment/legacy_R343_library/foreach/R/foreach","1056","2fb8b16be23c820daf2e51b7ddfef61ca4978e561b1d228d546d1b356041f79e","R environment provenance","tracked"
"thesis_extension/environment/legacy_R343_library/foreach/R/foreach.rdb","19992","ed9de26dee35e3beb3b3d1a3745093cfd7c258dcbef9cb6f3418956da05a6fb3","R environment provenance","tracked"
"thesis_extension/environment/legacy_R343_library/foreach/R/foreach.rdx","951","57deaf73fe3d9373f5b7fe0477c7d4240f1cfde3199af6cc8297de75628c5410","R environment provenance","tracked"
"thesis_extension/environment/legacy_R343_library/foreach/demo/sincSEQ.R","907","fc1072f8d86f49d21bfb3dd6d1b1ad616419bc9a00b90d476d973f4345c4f49d","R environment provenance","tracked"
"thesis_extension/environment/legacy_R343_library/foreach/doc/foreach.R","6865","fc1077e0b2389cd452df1311ae77eb468b7d1e9e62a27a1b6b60efc074dfb716","R environment provenance","tracked"
"thesis_extension/environment/legacy_R343_library/foreach/doc/foreach.Rnw","20463","be44549fd796d497c27049890a98a76e8d344f6ce7357aebf748f34849a8c874","R environment provenance","tracked"
"thesis_extension/environment/legacy_R343_library/foreach/doc/foreach.pdf","149514","d082cb70145626826094c45df6f7bc6e1b3a3009644e4db7b4a271effb9958bb","R environment provenance","tracked"
"thesis_extension/environment/legacy_R343_library/foreach/doc/index.html","1818","48518556e900642371d1def5e80a34d7f4ec68bc6969527d55d090d4014a30f1","R environment provenance","tracked"
"thesis_extension/environment/legacy_R343_library/foreach/doc/nested.R","3191","7c7b2670bef876609f22c37d48895da348ec2e47de08edb998754e3cb640407d","R environment provenance","tracked"
"thesis_extension/environment/legacy_R343_library/foreach/doc/nested.Rnw","13632","a82763e861b85c11647fa20933cfed4ab5d66b748b03baad562d1d592a9a586a","R environment provenance","tracked"
"thesis_extension/environment/legacy_R343_library/foreach/doc/nested.pdf","143950","9c694fac4a1385d8f7d21e4783df6675f31d30a79016dde7a33e1ffe00f08774","R environment provenance","tracked"
"thesis_extension/environment/legacy_R343_library/foreach/examples/apply.R","4533","89411761b64d3df06a06656889d6fb9f2f4ed0e7c935677d2bd70aadbe7d7a57","R environment provenance","tracked"
"thesis_extension/environment/legacy_R343_library/foreach/examples/bigmax.R","1209","3ad9ed6988c2156e1e8d8fb4e8afcef2cbee4353079803c87ba9b3a681a2e9fa","R environment provenance","tracked"
"thesis_extension/environment/legacy_R343_library/foreach/examples/bigmean.R","1390","03a2e5226eebadf92c2da53e4f630e03449eb210e23c6d32952d656104fa32d9","R environment provenance","tracked"
"thesis_extension/environment/legacy_R343_library/foreach/examples/bigmean2.R","892","56bdc5b35999f99e76b2826c7789839d2f4ee2a00df72ad76cc9ab2bd743164b","R environment provenance","tracked"
"thesis_extension/environment/legacy_R343_library/foreach/examples/bootpar.R","548","4b4b6bb7707729393fdf3321a6a32d97d0f80c3bd26ec492dbbbdd8a0e7b1140","R environment provenance","tracked"
"thesis_extension/environment/legacy_R343_library/foreach/examples/bootpar2.R","655","27158338d258f70c8ee55a6c72c7e5e464529f8a8abb11037455c8ceb08ecdaf","R environment provenance","tracked"
"thesis_extension/environment/legacy_R343_library/foreach/examples/bootseq.R","514","9ed88767799f3a0e0e90269cd3896b0b7cb00aeb05cd7b1365ab9db6322c4d37","R environment provenance","tracked"
"thesis_extension/environment/legacy_R343_library/foreach/examples/colMeans.R","498","26697d67f521d75454a18e4d601b91885fd3d75e0af466db3d40015447911310","R environment provenance","tracked"
"thesis_extension/environment/legacy_R343_library/foreach/examples/comprehensions.R","723","de7f48f1bd14aedfe6eaf4e9f2cb3389f4992aeff7c302033665d7ad7c699181","R environment provenance","tracked"
"thesis_extension/environment/legacy_R343_library/foreach/examples/cross.R","807","dc2c7387ff154940f44a30ceeb83241fa9780347330a14d60e3e93f83315c401","R environment provenance","tracked"
"thesis_extension/environment/legacy_R343_library/foreach/examples/feapply.R","609","4a4dec41e18f96ce1119c93965587abaf08cb92610d68bc0e7a284c93048a233","R environment provenance","tracked"
"thesis_extension/environment/legacy_R343_library/foreach/examples/for.R","2939","6b8722c3465e7ab91f83853e82410eef3ac5ba78cc209e3a32943832d5e0d79d","R environment provenance","tracked"
"thesis_extension/environment/legacy_R343_library/foreach/examples/germandata.txt","102000","2752b044394958ab6dd193a0b56ca0f0b3a2d8bc7cb8c008e35a5e84bbec02f8","R environment provenance","tracked"
"thesis_extension/environment/legacy_R343_library/foreach/examples/isplit.R","882","8f4293bc8f6f0ef7ac5a30b2033416244a3c43ea75f513a3a936a1bbb39bb9d5","R environment provenance","tracked"
"thesis_extension/environment/legacy_R343_library/foreach/examples/matmul.R","326","7ac215b8f576400fed70bc8029299c07ab5f129085feeb39f903dbc1cd949c21","R environment provenance","tracked"
"thesis_extension/environment/legacy_R343_library/foreach/examples/matmul2.R","789","709bda4a43681696654b5f93be06eedad7b532cdea42a1bfcd25cd5744b5d849","R environment provenance","tracked"
"thesis_extension/environment/legacy_R343_library/foreach/examples/output.R","866","2ad94b50f9e850f1a8613979f26a422fefba72e4b873e107ca36f04fe9e7ba94","R environment provenance","tracked"
"thesis_extension/environment/legacy_R343_library/foreach/examples/pi.R","207","fd98859cd9252efb8dcac10c1afce6657651459429df6312c4201cbe27580bc7","R environment provenance","tracked"
"thesis_extension/environment/legacy_R343_library/foreach/examples/qsort.R","367","e70f3bd58b3347b5cc6adb87f357bde3f304de9c0a58e36dfe14d7b84d34a19c","R environment provenance","tracked"
"thesis_extension/environment/legacy_R343_library/foreach/examples/rf.R","624","b1ddd4a4eb00b19549431faf99702e5f48d4b1adf9f19e05232146f17d5dfe36","R environment provenance","tracked"
"thesis_extension/environment/legacy_R343_library/foreach/examples/sinc.R","667","ab0b2e9dce1d617ee44d4aa8fb3fe8d1f51f24792a36e34c187ef9001f45884e","R environment provenance","tracked"
"thesis_extension/environment/legacy_R343_library/foreach/examples/sinc2.R","936","df00a58d64a074b86d741bb09551456ad0192408d3ad5797eb213f3a28d9a8db","R environment provenance","tracked"
"thesis_extension/environment/legacy_R343_library/foreach/examples/sqlite.R","1045","2eb39c4552186b1254b378df9710ea0362be358465c9427de76cd2d97ad9a7d7","R environment provenance","tracked"
"thesis_extension/environment/legacy_R343_library/foreach/examples/tuneRF.R","1224","6f4a8e641972a4d0cdfec41e581dd8a7cebb1a0f6afa11a154234b4b7ed32651","R environment provenance","tracked"
"thesis_extension/environment/legacy_R343_library/foreach/help/AnIndex","627","9ab2a1ab93526743e1156c022401c591d05bdd689083e121cfd9aaef83a228e6","R environment provenance","tracked"
"thesis_extension/environment/legacy_R343_library/foreach/help/aliases.rds","282","784519151444ba3cb15ec1580503d46f58fe984cffce2d8edf076660873dde83","R environment provenance","tracked"
"thesis_extension/environment/legacy_R343_library/foreach/help/foreach.rdb","21400","afdbd72dbd03e5b02cf24fb8f13ca9082bcc4627b6ac00be214c8e9a28ee10a9","R environment provenance","tracked"
"thesis_extension/environment/legacy_R343_library/foreach/help/foreach.rdx","330","177d90a3e0c5d966d85fac427cd2b46a1d05bbbaabc3cd90ec4fb9b2cd8c3423","R environment provenance","tracked"
"thesis_extension/environment/legacy_R343_library/foreach/help/paths.rds","211","ad4429703fdb81025e61bec9d6c35d19a5946e4f8b91a59138e72199ab4ddb4d","R environment provenance","tracked"
"thesis_extension/environment/legacy_R343_library/foreach/html/00Index.html","4250","6e82844469794ebec3f569b22b777e3ba6af31505fbeabed02868aabfa9ec10b","R environment provenance","tracked"
"thesis_extension/environment/legacy_R343_library/foreach/html/R.css","1335","0f4849ab1757247808d54da2c371e992364371c942ad7d629dae8d62327ed068","R environment provenance","tracked"
"thesis_extension/environment/legacy_R343_library/foreach/html/foreach-ext.html","2406","42e5834ecb1b29c8c0a891e40c9eb02342f3dcf00899d3d56d4a3e35bfaae223","R environment provenance","tracked"
"thesis_extension/environment/legacy_R343_library/foreach/html/foreach-package.html","2480","043fec7459088a1ab4b59a7e928fc31b1f5db8445cf013c2b9c6dcea7d0562b8","R environment provenance","tracked"
"thesis_extension/environment/legacy_R343_library/foreach/html/foreach.html","9778","a1c090c55f7677f7e2fd1bd34969e3dcbe022aa405e343200db08d8f824861b6","R environment provenance","tracked"
"thesis_extension/environment/legacy_R343_library/foreach/html/getDoParWorkers.html","1985","06ab68960f528a2f3a7c92efc01c0e82180ee5ffe9532ade170971e4cbb6e5f9","R environment provenance","tracked"
"thesis_extension/environment/legacy_R343_library/foreach/html/getDoSeqWorkers.html","1896","82ae51394c1e9b4af8c3131856c3caf4f75718fddbbe6a26133f1cab6783335d","R environment provenance","tracked"
"thesis_extension/environment/legacy_R343_library/foreach/html/registerDoSEQ.html","1251","3331d0465c68905aa8a3e71fb11031090f552df1fcbdced152dee0b9eb3d946c","R environment provenance","tracked"
"thesis_extension/environment/legacy_R343_library/foreach/html/setDoPar.html","1619","d2884faf62710b2803b4ff61b3d97ed5cd6cdb0c290287a7763353de0ac0598f","R environment provenance","tracked"
"thesis_extension/environment/legacy_R343_library/foreach/html/setDoSeq.html","1626","c8c974be27b2e259e6ab2629fd607e5879abffd6740f04677d22eb2190cbf8dc","R environment provenance","tracked"
"thesis_extension/environment/legacy_R343_library/foreach/unitTests/combineTest.R","1323","8e42e82a6a7ac6266b8f495fb2a098695881e33e5449c367c27b92c98e124c13","R environment provenance","tracked"
"thesis_extension/environment/legacy_R343_library/foreach/unitTests/errorTest.R","912","c6726a03f119b1b8ecc60fa62690e07ff1bb5840be3b43adbeb492132ffe70e2","R environment provenance","tracked"
"thesis_extension/environment/legacy_R343_library/foreach/unitTests/foreachTest.R","491","eda4de4e55131729cd5eeb9649a03a3ddef9c343cc713de9bfc7543ac6a1d419","R environment provenance","tracked"
"thesis_extension/environment/legacy_R343_library/foreach/unitTests/iteratorTest.R","2034","42b05d7207d04dcbd534e3fb37586b7805da71f3089f2557126aabb9d546cab0","R environment provenance","tracked"
"thesis_extension/environment/legacy_R343_library/foreach/unitTests/loadFactorTest.R","456","53e4efeff8a6f8417c04fa308ef3c46cd16e53ca19ed2ef795710387d25b5a8f","R environment provenance","tracked"
"thesis_extension/environment/legacy_R343_library/foreach/unitTests/mergeTest.R","1411","62b4d8726a126a3457fbe6446e8744de8c8606f55a5e6f5a047c8b7567b7a2d8","R environment provenance","tracked"
"thesis_extension/environment/legacy_R343_library/foreach/unitTests/nestedTest.R","2440","0acf4026ba9258c0d07ad7a8994e2f1b94f79e621c7daf182f637af1e2097d6a","R environment provenance","tracked"
"thesis_extension/environment/legacy_R343_library/foreach/unitTests/packagesTest.R","431","21aee48b63849ebf308cfa78e2b991f57bbe8c560909bd397eb5e777d71e38dc","R environment provenance","tracked"
"thesis_extension/environment/legacy_R343_library/foreach/unitTests/runTestSuite.sh","1666","8ede7c7de3f6f03a26f1c518b6dc2e675c642f3e3bc66055704c33378f3a45a0","R environment provenance","tracked"
"thesis_extension/environment/legacy_R343_library/foreach/unitTests/stressTest.R","279","b2b25082d8de66d1f7fbcf13a3958e6eb5756e97133e685eb4587682985a9439","R environment provenance","tracked"
"thesis_extension/environment/legacy_R343_library/foreach/unitTests/whenTest.R","1054","1ee8a095e86c38e12692a6fb97d3f9e31dd401ace53fe4de84d19be4cdcdde75","R environment provenance","tracked"
"thesis_extension/environment/legacy_R343_library/ggplot2/CITATION","398","9d4d0e1c8cc9df2d32cf5f7d2459b8a481e3642ffb69bf273fb718096fe427d8","R environment provenance","tracked"
"thesis_extension/environment/legacy_R343_library/ggplot2/DESCRIPTION","4606","c453346fa855a57158fd1f949c65dd7d8ed85f3ba215fb478d5a9c9b7e4a9776","R environment provenance","tracked"
"thesis_extension/environment/legacy_R343_library/ggplot2/INDEX","6631","a2ef4608db4990f62986e8b9142a60e47e8fb702f9571cb98fdc886c2213e63c","R environment provenance","tracked"
"thesis_extension/environment/legacy_R343_library/ggplot2/LICENSE","15220","d8c320ffc0030d1b096ae4732b50d2b811cf95e9a9b7377c1127b2563e0a0388","R environment provenance","tracked"
"thesis_extension/environment/legacy_R343_library/ggplot2/MD5","11047","57d3403a7a1eb891e590925766c64903ffb9b76755042a924eb969a5cd4cfd87","R environment provenance","tracked"
"thesis_extension/environment/legacy_R343_library/ggplot2/Meta/Rd.rds","7323","eb3ed24aa6a7188b94ecabf262556ca0f1e5a92613d71cd76c8e0f76b98e24ca","R environment provenance","tracked"
"thesis_extension/environment/legacy_R343_library/ggplot2/Meta/data.rds","421","c28b5448e93b06d633f862a810e3d0021cc09e949d6150301397f91b665ed6e9","R environment provenance","tracked"
"thesis_extension/environment/legacy_R343_library/ggplot2/Meta/features.rds","112","0c47f77934234b8ddfc04ba4cf55da90ab9ef317d3825782bd4282625c53d444","R environment provenance","tracked"
"thesis_extension/environment/legacy_R343_library/ggplot2/Meta/hsearch.rds","6930","74e66eafd0251ffe783fdabf451ae063321a97f8c09d666b5e67a3bdb56bf46b","R environment provenance","tracked"
"thesis_extension/environment/legacy_R343_library/ggplot2/Meta/links.rds","3916","1a23c4a4beb3dc9130ce3327aba39347ccda43985ad1acaa29d49d896bf1bb35","R environment provenance","tracked"
"thesis_extension/environment/legacy_R343_library/ggplot2/Meta/nsInfo.rds","2957","ffe4d44ff91fc4fe750773524cae7255daf5d0fcad995d301e1c83ef2032c46b","R environment provenance","tracked"
"thesis_extension/environment/legacy_R343_library/ggplot2/Meta/package.rds","2419","5fe19002b0b95997ffb6046ea0681cc215c0722f1efeec27dae93b564b5b2661","R environment provenance","tracked"
"thesis_extension/environment/legacy_R343_library/ggplot2/Meta/vignette.rds","245","d99272eb7316901c8a7bd6a5852cb245ef9bbd3b17021a2129ce2de4d573e8af","R environment provenance","tracked"
"thesis_extension/environment/legacy_R343_library/ggplot2/NAMESPACE","11184","9b65621a427236a743f569fbba22cea7f72c9c5b152057f6d945bdf518a3b564","R environment provenance","tracked"
"thesis_extension/environment/legacy_R343_library/ggplot2/NEWS.md","38689","7a8e9ff94d05da0c6ce317451f7ffb821285ea31929486c8759f359b99d1215f","R environment provenance","tracked"
"thesis_extension/environment/legacy_R343_library/ggplot2/R/ggplot2","1056","2fb8b16be23c820daf2e51b7ddfef61ca4978e561b1d228d546d1b356041f79e","R environment provenance","tracked"
"thesis_extension/environment/legacy_R343_library/ggplot2/R/ggplot2.rdb","389190","7cb07d6bab42d44f81195aaa49e51caee477b9c7ca825aaa3fedbd80f7444015","R environment provenance","tracked"
"thesis_extension/environment/legacy_R343_library/ggplot2/R/ggplot2.rdx","9952","4b1847ca21fde886654d80f3ae4ed083c5400098a01b1405f17e6a6aa7e49242","R environment provenance","tracked"
"thesis_extension/environment/legacy_R343_library/ggplot2/data/Rdata.rdb","799376","a53165ec4e8560d831cb0fdf8f53c2e90a30dd58172b238659bc2b832acb651a","R environment provenance","tracked"
"thesis_extension/environment/legacy_R343_library/ggplot2/data/Rdata.rds","186","c7e7fd79b8ae94fd8fea865567f9cd7466cb7a4dd25118f63199cc70c4374560","R environment provenance","tracked"
"thesis_extension/environment/legacy_R343_library/ggplot2/data/Rdata.rdx","312","3c44039643fcfc633c3e4cbe7ac11613a0e4481ee5d3e90a7ec969cf72cf7152","R environment provenance","tracked"
"thesis_extension/environment/legacy_R343_library/ggplot2/doc/extending-ggplot2.R","23898","e4b0e72bf472683d0e174d164077e499f966bcc781d4533896d4f17412e3163a","R environment provenance","tracked"
"thesis_extension/environment/legacy_R343_library/ggplot2/doc/extending-ggplot2.Rmd","40853","f453e48488689f2168f1baf32f1ce537597fb16a4292f160164e6f0f403c5873","R environment provenance","tracked"
"thesis_extension/environment/legacy_R343_library/ggplot2/doc/extending-ggplot2.html","1387921","3c41f2ac33a83c350c55cb949c6de73149062e8cd6a54024ae86dd1ea4d71626","R environment provenance","tracked"
"thesis_extension/environment/legacy_R343_library/ggplot2/doc/ggplot2-specs.R","1984","ee0f23979e2087e00aa5eec632f796f1be9f2ffd52e243ac98ffdfc97ec0caa4","R environment provenance","tracked"
"thesis_extension/environment/legacy_R343_library/ggplot2/doc/ggplot2-specs.Rmd","5627","962c837c446e5d272ed52f1c6a38d834f49daf207e520b1c1b94221de9a039a5","R environment provenance","tracked"
"thesis_extension/environment/legacy_R343_library/ggplot2/doc/ggplot2-specs.html","122270","887a5e7c3875c16f9da8f8c2eebc69dd3b092643318e2cd21250825a3f514964","R environment provenance","tracked"
"thesis_extension/environment/legacy_R343_library/ggplot2/doc/index.html","1915","e629f00babda04c85c0e11af8dada98cb0789a17b363e930c015ce57b9ec9aa8","R environment provenance","tracked"
"thesis_extension/environment/legacy_R343_library/ggplot2/help/AnIndex","12308","efef5780c110f92db795f478e926a75d70fff14b11a4ad8e4d03eb6c1d104f2e","R environment provenance","tracked"
"thesis_extension/environment/legacy_R343_library/ggplot2/help/aliases.rds","3215","27b4e7c17902286ffd63da8ffd2ef9d724a0b6c06f82d182f602872c2e52ffa8","R environment provenance","tracked"
"thesis_extension/environment/legacy_R343_library/ggplot2/help/ggplot2.rdb","550918","d3687f00f0db1df5b74a704c28afcb79a59c0ffbf31fedd29fb699ad9074218e","R environment provenance","tracked"
"thesis_extension/environment/legacy_R343_library/ggplot2/help/ggplot2.rdx","3786","0ca179c7adc74f8efa0bfeedfc4ec5a10051548cc80cd88137257a3c6f827149","R environment provenance","tracked"
"thesis_extension/environment/legacy_R343_library/ggplot2/help/macros/aesthetics.Rd","94","35de545f231cbe98f869a435a7539bba796ef91ad73aa89cae4f8c82c3efc05f","R environment provenance","tracked"
"thesis_extension/environment/legacy_R343_library/ggplot2/help/paths.rds","1425","18d142b6ff571538561e927a13eb1799edf6988406b54de60f0f142475609be1","R environment provenance","tracked"
"thesis_extension/environment/legacy_R343_library/ggplot2/html/00Index.html","37448","435f468488ca57bd9754302366a0495b2e6aef55521c46de9641f2f815bd4f73","R environment provenance","tracked"
"thesis_extension/environment/legacy_R343_library/ggplot2/html/R.css","1335","0f4849ab1757247808d54da2c371e992364371c942ad7d629dae8d62327ed068","R environment provenance","tracked"
"thesis_extension/environment/legacy_R343_library/ggplot2/html/absoluteGrob.html","927","970f66b7467cc0a14e329c9557a4cac8bc83e34ea38cd599442f618e286d7dea","R environment provenance","tracked"
"thesis_extension/environment/legacy_R343_library/ggplot2/html/add_theme.html","1304","a98597ff45d46b3bdeffbbc0d79cb0a100c39b232be9ef4ac2e0d623ad09fcd1","R environment provenance","tracked"
"thesis_extension/environment/legacy_R343_library/ggplot2/html/aes.html","2270","54584ea7cee889cc9c36431ae4212950e63e43efaa959324727cede5d92aa182","R environment provenance","tracked"
"thesis_extension/environment/legacy_R343_library/ggplot2/html/aes_.html","2846","218cb9a692b01978a38d9b864b729662c1824fa78204907d6f60a9fbbb695951","R environment provenance","tracked"
"thesis_extension/environment/legacy_R343_library/ggplot2/html/aes_all.html","1154","017ecea5d6c313ec53f3ca65db3edee0a219d300f9f1ef2e689ce31f0c6f65d9","R environment provenance","tracked"
"thesis_extension/environment/legacy_R343_library/ggplot2/html/aes_auto.html","1097","86002aefc841c498294286a8217ddab47d54b880f93784f0871e6074cf66ea02","R environment provenance","tracked"
"thesis_extension/environment/legacy_R343_library/ggplot2/html/aes_colour_fill_alpha.html","2494","48be827b2e09b480c2e6ccd7e5775f608b00c2c3acb801b775ba1cb66646d4e1","R environment provenance","tracked"
"thesis_extension/environment/legacy_R343_library/ggplot2/html/aes_group_order.html","3925","d41e9236e519616eed067f24f9e3b1fc8d87441bbc19d1b5393999dc99beb4cb","R environment provenance","tracked"
"thesis_extension/environment/legacy_R343_library/ggplot2/html/aes_linetype_size_shape.html","2986","95199693642550789edf3b846037e6e562033c02498f655a03ed0f108d35e89e","R environment provenance","tracked"
"thesis_extension/environment/legacy_R343_library/ggplot2/html/aes_position.html","2171","2ea00ec68542f1e1bba18235eb716ced9c2e4c2f4b68b3007a4670983a7d08e5","R environment provenance","tracked"
"thesis_extension/environment/legacy_R343_library/ggplot2/html/annotate.html","3140","966b3e7861ceec4a7af21f5db780d4160f471728d38be269e409091140670b22","R environment provenance","tracked"
"thesis_extension/environment/legacy_R343_library/ggplot2/html/annotation_custom.html","2537","3be325224b28a721339771d42d5060cf1be4c97c0247a63eeaa266b9d066f70b","R environment provenance","tracked"
"thesis_extension/environment/legacy_R343_library/ggplot2/html/annotation_logticks.html","5189","69dbb1f7aff6112ae7d0775e40640a3930c18b8091f64fd74ac0a6ed74485ad7","R environment provenance","tracked"
"thesis_extension/environment/legacy_R343_library/ggplot2/html/annotation_map.html","1879","36346943fe0c1ca431b11c53989dc75ad3fb0a06212390b98b5d8a7eeed3da8b","R environment provenance","tracked"
"thesis_extension/environment/legacy_R343_library/ggplot2/html/annotation_raster.html","2617","5c2535f8057c30153120ab54b17025fa253cb9599abfbc4689f9527a2520dcdc","R environment provenance","tracked"
"thesis_extension/environment/legacy_R343_library/ggplot2/html/as.list.ggproto.html","1440","bfa1bc38de904bc3ed17422e26a70c59fe16ad7abecb9ef35a5b105777bc8d88","R environment provenance","tracked"
"thesis_extension/environment/legacy_R343_library/ggplot2/html/as_labeller.html","2569","49bdfb6a696e170467d0287d78532cec038c612661e1fa87634491f0ba2215ee","R environment provenance","tracked"
"thesis_extension/environment/legacy_R343_library/ggplot2/html/autoplot.html","1535","08267eb5554ed4a158e0a34c43323477c5800e3bb99863ca6f9528d7c2cb4266","R environment provenance","tracked"
"thesis_extension/environment/legacy_R343_library/ggplot2/html/benchplot.html","1290","e8fd3fc40241085331d447355082e23f8826ae5d35aec386f25ec41d9a543f76","R environment provenance","tracked"
"thesis_extension/environment/legacy_R343_library/ggplot2/html/borders.html","2776","06ccbeba64bd17e048b1e2340a21f98deab552d9b21d5bc27463b811ca5f4c48","R environment provenance","tracked"
"thesis_extension/environment/legacy_R343_library/ggplot2/html/calc_element.html","1781","a15a79104aa02919f92627709090c147b3be44ee65155a7e780a650a21f7a9c2","R environment provenance","tracked"
"thesis_extension/environment/legacy_R343_library/ggplot2/html/combine_vars.html","1703","c42d8459d40c161e3300fdab3aa4e1863d321e04bcab169d0d8944c364c868f7","R environment provenance","tracked"
"thesis_extension/environment/legacy_R343_library/ggplot2/html/continuous_scale.html","5702","0e4a602ac1cd57f6c85a06224638ea40aaac2b05dc6ab9df3dc91cd70f357cd6","R environment provenance","tracked"
"thesis_extension/environment/legacy_R343_library/ggplot2/html/coord_cartesian.html","3010","38bd3d04470b46b5298d52af385309f8923b1965925e90574dd189b223edf04c","R environment provenance","tracked"
"thesis_extension/environment/legacy_R343_library/ggplot2/html/coord_fixed.html","2492","74610a6ffd76f9fe1a0cca4a539fa076afc775b35777eaabdbbfe1115b398a62","R environment provenance","tracked"
"thesis_extension/environment/legacy_R343_library/ggplot2/html/coord_flip.html","2135","ac1ced22318a4c1099c9897635388da2d1209a782debe72c8c362656c13df8a4","R environment provenance","tracked"
"thesis_extension/environment/legacy_R343_library/ggplot2/html/coord_map.html","5414","a7451f5eaf768065309a5ed742037c242483b4ead010d2c525d7a7b9cfc6a649","R environment provenance","tracked"
"thesis_extension/environment/legacy_R343_library/ggplot2/html/coord_munch.html","1599","233d5d90cb76ff4fc410a6547248024e6eda99aef42116922d9fc0747fd79b3c","R environment provenance","tracked"
"thesis_extension/environment/legacy_R343_library/ggplot2/html/coord_polar.html","2788","a18a243da18dce3c6a9b10b2134e8cc32f2214fbc7b8538425aae83cbd5bbb3a","R environment provenance","tracked"
"thesis_extension/environment/legacy_R343_library/ggplot2/html/coord_trans.html","3620","d33851188ab0b0ff3a1a73a249aae91521b7e6aa7b4770bc5e7a004ed4460c99","R environment provenance","tracked"
"thesis_extension/environment/legacy_R343_library/ggplot2/html/cut_interval.html","2996","88a0542db831a95a90ea4a0d3819f1cdaa0ee954028ff52e242f029e9216c88d","R environment provenance","tracked"
"thesis_extension/environment/legacy_R343_library/ggplot2/html/diamonds.html","1806","cce150b3e21cfa6596c26de634f4e4edd97179d9fd9779be3ffdb05808f62b32","R environment provenance","tracked"
"thesis_extension/environment/legacy_R343_library/ggplot2/html/discrete_scale.html","4628","2cb32824ebf4ae0f711543d3e4f562ced40209951ef7c489c474053779c9d3ba","R environment provenance","tracked"
"thesis_extension/environment/legacy_R343_library/ggplot2/html/draw_key.html","1964","4ecf6f58ac8ac28e34a11e1e40e972c60a6bb6fdff564260ef5b1080544a2bca","R environment provenance","tracked"
"thesis_extension/environment/legacy_R343_library/ggplot2/html/economics.html","2148","05e039e799118bd939c31c4564e28574e5f692431521435a73212fefac38b2c1","R environment provenance","tracked"
"thesis_extension/environment/legacy_R343_library/ggplot2/html/element.html","5496","5bdf21da8ef1b6f8a7c3a1e121d4b65fd73af03fbccc819cd3c813146952ba78","R environment provenance","tracked"
"thesis_extension/environment/legacy_R343_library/ggplot2/html/element_grob.html","1247","753a962c4672f17bf510fcd27e8492dbd7f180848725cd22c7afdcece569c29d","R environment provenance","tracked"
"thesis_extension/environment/legacy_R343_library/ggplot2/html/expand_limits.html","1689","c76f12d8b05fcdd0360416b704efe10d970c465974af317b8bd98df09fc0ef4a","R environment provenance","tracked"
"thesis_extension/environment/legacy_R343_library/ggplot2/html/facet_grid.html","7646","7a5db41d0a86b534fdd9676cbedcc897186fa3dfbeed2e24e731053d338f1a69","R environment provenance","tracked"
"thesis_extension/environment/legacy_R343_library/ggplot2/html/facet_null.html","1339","c5ad37ddfd4063dae163f098dd09ff1a84cee2633e85c33a7a99df7d15a20f49","R environment provenance","tracked"
"thesis_extension/environment/legacy_R343_library/ggplot2/html/facet_wrap.html","6015","07af002ee7c7d305997822d08b4426f151f2ddec51635b24bb55ebc916f4c04b","R environment provenance","tracked"
"thesis_extension/environment/legacy_R343_library/ggplot2/html/faithfuld.html","1004","d36586c2fbbb0a15dd5227a541ac97ca35da71b80bbcb1dd75c7c5cf6ae7e3d4","R environment provenance","tracked"
"thesis_extension/environment/legacy_R343_library/ggplot2/html/find_panel.html","1385","c1c1618df6e741c1998d15695c01ebf980afd3f7f93f790b7de73a1e4a7dab7e","R environment provenance","tracked"
"thesis_extension/environment/legacy_R343_library/ggplot2/html/fortify-multcomp.html","2208","a4aba197b6fa15395014f2ec791e6339c18edf60a24fd305dba49c4d37a7ecec","R environment provenance","tracked"
"thesis_extension/environment/legacy_R343_library/ggplot2/html/fortify.html","1460","89ff138f9e5c6b2b68dd403206d5cc894122b83de0212b79d42bebe6f4f6b40a","R environment provenance","tracked"
"thesis_extension/environment/legacy_R343_library/ggplot2/html/fortify.lm.html","3756","b4e794bda618cea8b796f030f2c51d9eb1c8f4560cfea9f6220589e643085a32","R environment provenance","tracked"
"thesis_extension/environment/legacy_R343_library/ggplot2/html/fortify.map.html","1764","76e974941f25958ed8c72dcd2f3a0ab8a747e8d8f9807231bb084dba85482f8a","R environment provenance","tracked"
"thesis_extension/environment/legacy_R343_library/ggplot2/html/fortify.sp.html","2141","f89c7f404a275a14821a0c82ba4878204355a094e66c46108e898f383737f985","R environment provenance","tracked"
"thesis_extension/environment/legacy_R343_library/ggplot2/html/geom_abline.html","6012","bbd7a10a85448bcf42c91fdb76c9fbb310aa8fd02296a4b8a1f9cec9dd26ba72","R environment provenance","tracked"
"thesis_extension/environment/legacy_R343_library/ggplot2/html/geom_bar.html","8430","15bcb8872e63e6bef36e1efc5bb88359616bca89f1e87bd5bfb3e17a0d384f38","R environment provenance","tracked"
"thesis_extension/environment/legacy_R343_library/ggplot2/html/geom_bin2d.html","5376","90b38d3695b7086609745e74348dfaf67b88d2f4389f2e4e5d4348e2cd036874","R environment provenance","tracked"
"thesis_extension/environment/legacy_R343_library/ggplot2/html/geom_blank.html","3620","d43ac3feeb264deb479cacce4473eef9ab14bd65d936919734f1cd56699099a3","R environment provenance","tracked"
"thesis_extension/environment/legacy_R343_library/ggplot2/html/geom_boxplot.html","9965","de38979d887d067314e77ba27e743d0a71e82defffb5068ee71a5c39bcfcacae","R environment provenance","tracked"
"thesis_extension/environment/legacy_R343_library/ggplot2/html/geom_contour.html","6245","827230c28ef12b682d61bcb27455695e3ce6637952f9a94931be055ed557fc3a","R environment provenance","tracked"
"thesis_extension/environment/legacy_R343_library/ggplot2/html/geom_count.html","6054","40be19352a60f19fc734fb879739007a579b6e385c7ed88860f1d8aebb7aaf9e","R environment provenance","tracked"
"thesis_extension/environment/legacy_R343_library/ggplot2/html/geom_density.html","7610","99f35fc86f1b846808cc373ad06422237661013707e16a3bef6069aab12436e3","R environment provenance","tracked"
"thesis_extension/environment/legacy_R343_library/ggplot2/html/geom_density_2d.html","6574","a1c13690ce2ac463489b7d9135707302907499ab354b3d2c0810ac0d0d400da2","R environment provenance","tracked"
"thesis_extension/environment/legacy_R343_library/ggplot2/html/geom_dotplot.html","10078","8d139c34940fad1c2eb82efbc34826d4de9a8832785bfec42a37db0cf5a05b7d","R environment provenance","tracked"
"thesis_extension/environment/legacy_R343_library/ggplot2/html/geom_errorbarh.html","4764","498de9a2e3106174f50bdc66f23533ad3b4b03b6e5c1470a98c916b223dbfdf7","R environment provenance","tracked"
"thesis_extension/environment/legacy_R343_library/ggplot2/html/geom_hex.html","5411","fa59ea0c605c934ad4ce3776c79bb7342d4d96a45f12e3b4537b75f936cd645f","R environment provenance","tracked"
"thesis_extension/environment/legacy_R343_library/ggplot2/html/geom_histogram.html","10244","15c780ea0088e18de5320de644c0625176e2f0986e49612f4829a2de9ce41ada","R environment provenance","tracked"
"thesis_extension/environment/legacy_R343_library/ggplot2/html/geom_jitter.html","6239","88f2e67abad78ceae60337d144d4b1deb03d680d8b0ccf67b65b0f2aedd2c16f","R environment provenance","tracked"
"thesis_extension/environment/legacy_R343_library/ggplot2/html/geom_linerange.html","6598","16bd34cb3cc7a2ab0f6c9c345a5485750cc5771d08c667c945fd11af830ae2b6","R environment provenance","tracked"
"thesis_extension/environment/legacy_R343_library/ggplot2/html/geom_map.html","5932","96bf1d0255d4e21ce9434ecb0031faf9c56dd8cb57e1856ec0ada3a8567d807c","R environment provenance","tracked"
"thesis_extension/environment/legacy_R343_library/ggplot2/html/geom_path.html","8160","f998e15a18c271f665c2b30c239dad2da86bf015c75d4b4e4fb985a0ae307e8b","R environment provenance","tracked"
"thesis_extension/environment/legacy_R343_library/ggplot2/html/geom_point.html","7901","f926647a7b01dfbad574e3d3a329341fed432f6509eec2e459b0989416d85c8c","R environment provenance","tracked"
"thesis_extension/environment/legacy_R343_library/ggplot2/html/geom_polygon.html","5929","91daa46c1f9612df3418a1beb815cb0924bd4cafd75a950752a4607f5f33db72","R environment provenance","tracked"
"thesis_extension/environment/legacy_R343_library/ggplot2/html/geom_qq.html","5105","aa6b58b50c307f1590dcfd4f1f1ce2d6dff66e332de8ca35a96c4339a4f377eb","R environment provenance","tracked"
"thesis_extension/environment/legacy_R343_library/ggplot2/html/geom_quantile.html","6246","70d448f22de4182379aab93f6d4d37dca5c799beea6e61ff36ffdfa8ea0d4e2c","R environment provenance","tracked"
"thesis_extension/environment/legacy_R343_library/ggplot2/html/geom_ribbon.html","5707","fb60caaf7c497e5ef44f6821d071dacb5673568a10ab763f8837f21f5856cfd0","R environment provenance","tracked"
"thesis_extension/environment/legacy_R343_library/ggplot2/html/geom_rug.html","5059","b809c4138de099d438ceb538045a0263e0f098d604157d26e7b8b0d8bd1a2aca","R environment provenance","tracked"
"thesis_extension/environment/legacy_R343_library/ggplot2/html/geom_segment.html","7289","897f0bedad9c2a9bdfb1862d7ed79349f7e7b0fbf29eaadbdc39c6bf229cf8c1","R environment provenance","tracked"
"thesis_extension/environment/legacy_R343_library/ggplot2/html/geom_smooth.html","9503","24318fcd124d1c813a0456fb406b512bec00cbcb4bde5cd3449a360836a74add","R environment provenance","tracked"
"thesis_extension/environment/legacy_R343_library/ggplot2/html/geom_spoke.html","4768","813c5b09f6459f30e3e675c97fa0733ee44d00aeaff4af6be13a8a5b37823f86","R environment provenance","tracked"
"thesis_extension/environment/legacy_R343_library/ggplot2/html/geom_text.html","9824","50adef726750316bff97874f965fa8abbbc75bd591f8b57b60ddddc5366e9ea5","R environment provenance","tracked"
"thesis_extension/environment/legacy_R343_library/ggplot2/html/geom_tile.html","7095","69b42e37a963ee88e5ee14013feaa6e0d980c29d4be2063f3f33add76af738db","R environment provenance","tracked"
"thesis_extension/environment/legacy_R343_library/ggplot2/html/geom_violin.html","8780","16314a19933821f012bbbdf91989bcba061965123b444b07baf8f2d6dffdec99","R environment provenance","tracked"
"thesis_extension/environment/legacy_R343_library/ggplot2/html/gg-add.html","2642","d43d28566f0eb2c5187e445fd9c7d230a5a8e3a52c3154557c81b5e53f9c96e1","R environment provenance","tracked"
"thesis_extension/environment/legacy_R343_library/ggplot2/html/gg_dep.html","2124","1a1302f4abc26ddae8bd60a5ed447f6d22f166236d7880e55ce477b9233c522b","R environment provenance","tracked"
"thesis_extension/environment/legacy_R343_library/ggplot2/html/ggplot.html","4434","34cdcae42a41b39c2735b916bfcf34eb001fd176affe1f258fc0f2ef394428d8","R environment provenance","tracked"
"thesis_extension/environment/legacy_R343_library/ggplot2/html/ggplot2-ggproto.html","14939","379835806669abc52508105c9fb4b59ba9cc63ef307efc61f053904a6b5f5e63","R environment provenance","tracked"
"thesis_extension/environment/legacy_R343_library/ggplot2/html/ggplot2-package.html","1824","334428da1b90ce3cab8c48c315477ec1ca1ce1eb877ec3def64158f961758ff7","R environment provenance","tracked"
"thesis_extension/environment/legacy_R343_library/ggplot2/html/ggplotGrob.html","957","07e5a9538c5f40ef6d107bfab2230aa845f95ef708856202589e9d25499b4bb3","R environment provenance","tracked"
"thesis_extension/environment/legacy_R343_library/ggplot2/html/ggplot_build.html","1786","f090ba3a2ab53cb78355cf29490275cfaae44d6cc2d6ecf131cc21c6970d3c11","R environment provenance","tracked"
"thesis_extension/environment/legacy_R343_library/ggplot2/html/ggplot_gtable.html","1841","d0234ae8b8318aa11037a28449e28fae8e48a9d3f4870f61b061b313c1961d53","R environment provenance","tracked"
"thesis_extension/environment/legacy_R343_library/ggplot2/html/ggproto.html","3490","1079dc66d0fa04e7543a02aafdd3a9d96a79963edfc154376b242830237675b2","R environment provenance","tracked"
"thesis_extension/environment/legacy_R343_library/ggplot2/html/ggsave.html","3364","36ed8df3ba6106ef88b11c88ad60c99fab16eafc027c9cfd6b66d54a364765cf","R environment provenance","tracked"
"thesis_extension/environment/legacy_R343_library/ggplot2/html/ggtheme.html","3275","20883de60aa7633684358ce9be0eda2802e3f3caefed8ae9696b24381ed344b1","R environment provenance","tracked"
"thesis_extension/environment/legacy_R343_library/ggplot2/html/graphical-units.html","992","cd10b5d7398902a7c6acd0627ba83ef28eed5745ed333a353ecbff0c1160ce16","R environment provenance","tracked"
"thesis_extension/environment/legacy_R343_library/ggplot2/html/guide_colourbar.html","9047","c6e9b7019ce145313a32e71c1fe60fb07ae1bfe89859dc1aaf9e6681315a827f","R environment provenance","tracked"
"thesis_extension/environment/legacy_R343_library/ggplot2/html/guide_legend.html","8589","d47e51951688dc68742430e60f21470ada860c025a74048db161fe9940b937db","R environment provenance","tracked"
"thesis_extension/environment/legacy_R343_library/ggplot2/html/guides.html","2895","00453e1de2464c6af9f387cb25d60807fc42ffc3c5e83f20308ab14a19ca47f6","R environment provenance","tracked"
"thesis_extension/environment/legacy_R343_library/ggplot2/html/hmisc.html","2023","89bc738f2ec6f19e0cdbca2d6760d170fedb5a3c03efad8ab75a370cd59b4fc7","R environment provenance","tracked"
"thesis_extension/environment/legacy_R343_library/ggplot2/html/is.Coord.html","820","fee87f68975d4456bb47e06a87524a7add7393c38cd1c5cc99089c9261b10b6c","R environment provenance","tracked"
"thesis_extension/environment/legacy_R343_library/ggplot2/html/is.facet.html","987","5e717df6cc0c3469d79855a0fff81750971f3854ace8b506172d1b60ed2f9463","R environment provenance","tracked"
"thesis_extension/environment/legacy_R343_library/ggplot2/html/is.ggplot.html","978","2b44db51482067ccb2dd2774277e4bbb0896dea597be8e4c2c9bc89e027082bb","R environment provenance","tracked"
"thesis_extension/environment/legacy_R343_library/ggplot2/html/is.rel.html","960","c864523ca82003a22386ee7791893705405c4b82ac3725248806398ed45dfc85","R environment provenance","tracked"
"thesis_extension/environment/legacy_R343_library/ggplot2/html/is.theme.html","972","2cacc1062f35bc517e5fb725ace1f3052da37e32e823115de2a199bd153a3833","R environment provenance","tracked"
"thesis_extension/environment/legacy_R343_library/ggplot2/html/label_bquote.html","2030","9f00b3bb2c17e078bd2f26ba572bbfb5a695573dd7c26bef039489f86f397da3","R environment provenance","tracked"
"thesis_extension/environment/legacy_R343_library/ggplot2/html/labeller.html","5192","a54147c36c2abb0c64d576cd414b1497c1cfac2981d565d384596bd25f5afd7d","R environment provenance","tracked"
"thesis_extension/environment/legacy_R343_library/ggplot2/html/labellers.html","5605","4aa0b8245c9d65edbd28284a4edb604df1090cdcfd1593cc1b516fa50463f518","R environment provenance","tracked"
"thesis_extension/environment/legacy_R343_library/ggplot2/html/labs.html","2512","69f645119d7ae9e09c0938c7984e38428cb316223450bbc0b5aa010afe0d1fb8","R environment provenance","tracked"
"thesis_extension/environment/legacy_R343_library/ggplot2/html/last_plot.html","945","af68a4f630b6cadcbbf4eba0a6d583f8ed77bd698011a070c0f1fc112b93d76f","R environment provenance","tracked"
"thesis_extension/environment/legacy_R343_library/ggplot2/html/layer.html","4485","55635ac42cc20efcab52310011d9572b433b0a84635c722827170c4a81f33346","R environment provenance","tracked"
"thesis_extension/environment/legacy_R343_library/ggplot2/html/limits.html","1356","0867fccff06ec86bf09c2c851f78af994899655b7f1f979a73f4baec9f8febde","R environment provenance","tracked"
"thesis_extension/environment/legacy_R343_library/ggplot2/html/lims.html","2625","350855335e4f5d17b7d0c8e0dca41e44d64d5b182596d72784f14c8bdb04cd8d","R environment provenance","tracked"
"thesis_extension/environment/legacy_R343_library/ggplot2/html/luv_colours.html","1098","61ab45134fbf9f0dbb3197d2b0c7235bbaf48fb036b11e34f4a142e67c728464","R environment provenance","tracked"
"thesis_extension/environment/legacy_R343_library/ggplot2/html/map_data.html","2872","f21108b011a4b09963f964f16e7ad8dcc5603f433092ae38fb93ed8a036a6503","R environment provenance","tracked"
"thesis_extension/environment/legacy_R343_library/ggplot2/html/max_height.html","1123","4dc260ac3e154ee64eb6e654700e2f6680ba845e59f4cb468d0aa345587abdbe","R environment provenance","tracked"
"thesis_extension/environment/legacy_R343_library/ggplot2/html/mean_se.html","1304","bb371713324faad969b4ebd7df2c26c75b63658f033928a70146f3e9e4e08517","R environment provenance","tracked"
"thesis_extension/environment/legacy_R343_library/ggplot2/html/midwest.html","2165","063e17769e3ddf5e0db7593e787e5065ab062920f9ba264f008208e257883d77","R environment provenance","tracked"
"thesis_extension/environment/legacy_R343_library/ggplot2/html/mpg.html","1795","d21fd5f4cb17e424237626b0f7a4c3f0e3f45781ad6333424c4e00e8df8e2a23","R environment provenance","tracked"
"thesis_extension/environment/legacy_R343_library/ggplot2/html/msleep.html","1960","98c6eb64c6a5a50e4b0fc8362a4018ec3fc94e520a6d81763b8f52874289a791","R environment provenance","tracked"
"thesis_extension/environment/legacy_R343_library/ggplot2/html/position_dodge.html","2885","8e6368bbdfa0e0e6f6ffc48d67a36348dd706c88e8ad4d86bcefb4ff24a20b3a","R environment provenance","tracked"
"thesis_extension/environment/legacy_R343_library/ggplot2/html/position_identity.html","1199","87f11558767061f26a9e851a7ae241b27fcd95b65270f8ebfdf3ceec37188b2f","R environment provenance","tracked"
"thesis_extension/environment/legacy_R343_library/ggplot2/html/position_jitter.html","2605","f12db4d89d4f7f162f1fdd662bdc7edf124eea48a5d77751e0644c3f87bc268c","R environment provenance","tracked"
"thesis_extension/environment/legacy_R343_library/ggplot2/html/position_jitterdodge.html","2227","88514b203a8e20c31d08c5127a5e094bd0fe6f4546c2364655006a07d224e767","R environment provenance","tracked"
"thesis_extension/environment/legacy_R343_library/ggplot2/html/position_nudge.html","2079","867c18ab21ce9b9c5963f57080ec95db58cdf2dfc875b9c84f18ea051926dc8e","R environment provenance","tracked"
"thesis_extension/environment/legacy_R343_library/ggplot2/html/position_stack.html","6206","c228528dfa877d297b891a3c0b4438de96fbd2cba162eba8db5b328b293f0496","R environment provenance","tracked"
"thesis_extension/environment/legacy_R343_library/ggplot2/html/presidential.html","1020","b3fc9c34d333d6e872ca43c94af37f7abf12b7d615731d3e52e86d74aa1c143a","R environment provenance","tracked"
"thesis_extension/environment/legacy_R343_library/ggplot2/html/print.ggplot.html","2235","b78e57e0e5afb3de1ebab65bfbafc32068658ff53255946f638cdb9f112f5819","R environment provenance","tracked"
"thesis_extension/environment/legacy_R343_library/ggplot2/html/print.ggproto.html","1832","e1c74bfeb54da5dc588fcf37b7582ff4333755f9fdf0db65335745f85caf59ef","R environment provenance","tracked"
"thesis_extension/environment/legacy_R343_library/ggplot2/html/qplot.html","4292","f0a58b8177e79207714ed75d54daeb488d11adb22f65c54d95ecdd8dd1c3b344","R environment provenance","tracked"
"thesis_extension/environment/legacy_R343_library/ggplot2/html/reexports.html","1293","3a8a282b784172d7c443f19dceb708e69320e040bf8eac243a266d79da3a0e10","R environment provenance","tracked"
"thesis_extension/environment/legacy_R343_library/ggplot2/html/remove_missing.html","1900","852344ab396929ea3047ab2062e809368255acca58e4099690dd167e4901fe59","R environment provenance","tracked"
"thesis_extension/environment/legacy_R343_library/ggplot2/html/render_axes.html","2016","913f0e1907660f877f384ad4402d3371292a6669e3c9367d17b56cc2840dfa2b","R environment provenance","tracked"
"thesis_extension/environment/legacy_R343_library/ggplot2/html/render_strips.html","1560","73d56a2051fbfb9dafd4149d2ddc75e4d390d8bccd26e9f0e7b544a427b02b97","R environment provenance","tracked"
"thesis_extension/environment/legacy_R343_library/ggplot2/html/resolution.html","1643","0918f6c52c54f29acaae012f0c5a65053199ba74d1b8c601e0610434e28b5bca","R environment provenance","tracked"
"thesis_extension/environment/legacy_R343_library/ggplot2/html/scale_alpha.html","2180","72d56c85c94ab6aa95b118e17fba9808d3ca127c7500c0e1913736af672969d6","R environment provenance","tracked"
"thesis_extension/environment/legacy_R343_library/ggplot2/html/scale_brewer.html","5573","83b427b4aad825e1e5431d5b12f4bcd07c19c2236ae0ceaf4bfbec6ab715c50d","R environment provenance","tracked"
"thesis_extension/environment/legacy_R343_library/ggplot2/html/scale_continuous.html","7593","e0d31e5cb1a51dadad14c72ef6da79c05b96fe388eaf923e6a82243d66b78738","R environment provenance","tracked"
"thesis_extension/environment/legacy_R343_library/ggplot2/html/scale_date.html","7050","461a4c4a1faf5b9af0692f7c588ad94c4fac346dc9c9e5dddb0cb1046dfb78c2","R environment provenance","tracked"
"thesis_extension/environment/legacy_R343_library/ggplot2/html/scale_discrete.html","3374","cbcfdb22b19d4c58d5516a0c62d52c856ad82e47f9e9797d3fd8441fb044f972","R environment provenance","tracked"
"thesis_extension/environment/legacy_R343_library/ggplot2/html/scale_gradient.html","5245","6dda5944ba700b60416a250bafaaac1ddef5b2ba95160d3690c1dc569684ae64","R environment provenance","tracked"
"thesis_extension/environment/legacy_R343_library/ggplot2/html/scale_grey.html","2627","62e20eaadf8bf31b200612d5564923ec6e9e7db83361564c14713a910c8d2415","R environment provenance","tracked"
"thesis_extension/environment/legacy_R343_library/ggplot2/html/scale_hue.html","3713","91109e8edb6e9fa92ce2ab71e01317f2822c660959dd3d7e178080f14b4e3ebe","R environment provenance","tracked"
"thesis_extension/environment/legacy_R343_library/ggplot2/html/scale_identity.html","2703","6766ba21e858f66c540d6ca41cfd247c265939e1fde632d864bf2096b794a8b8","R environment provenance","tracked"
"thesis_extension/environment/legacy_R343_library/ggplot2/html/scale_linetype.html","2102","4afba1e8663b38eaa350947c1cfe1dbc8ea72b0454696acc1178dfdd0b7466ed","R environment provenance","tracked"
"thesis_extension/environment/legacy_R343_library/ggplot2/html/scale_manual.html","2614","af5233955929f7dac1d983a1bd13eeacde2b61ae38690109bb83b3ee2464131d","R environment provenance","tracked"
"thesis_extension/environment/legacy_R343_library/ggplot2/html/scale_shape.html","2500","87c16629e3ac5e7acb6c45b77940a1a4101ecc49824e32d913ac5ebf0da7f7ed","R environment provenance","tracked"
"thesis_extension/environment/legacy_R343_library/ggplot2/html/scale_size.html","4909","11158bda9a5fd26016376d535d1a401ee6a232ddac4bd51581556e0ba301d691","R environment provenance","tracked"
"thesis_extension/environment/legacy_R343_library/ggplot2/html/seals.html","1404","6a161c4ce82dd83d6cc78dd82eddff3d58f6201d60b27f49dc9e307d77f9bf6d","R environment provenance","tracked"
"thesis_extension/environment/legacy_R343_library/ggplot2/html/sec_axis.html","3205","42b39787f6351daa7a0e4da273b41b6441ee5f0640d1dfb321df84d101d24262","R environment provenance","tracked"
"thesis_extension/environment/legacy_R343_library/ggplot2/html/should_stop.html","1149","a216db2be0e19cfc39d147627fac532d635e7ad676818fc13dcee8a5aab30dbd","R environment provenance","tracked"
"thesis_extension/environment/legacy_R343_library/ggplot2/html/stat_ecdf.html","4887","9c819f11d38856544947f5a9dadd998d9a5d8b1e095179b2e469879356886e7d","R environment provenance","tracked"
"thesis_extension/environment/legacy_R343_library/ggplot2/html/stat_ellipse.html","5525","3041897619b1f1706da96da514b5f9ce2772b7449793d589a9301e9687f3d27e","R environment provenance","tracked"
"thesis_extension/environment/legacy_R343_library/ggplot2/html/stat_function.html","5750","2c3dc99e89bd6cc09447678bba5674b6104e15cceccafc42df3f677c682df80d","R environment provenance","tracked"
"thesis_extension/environment/legacy_R343_library/ggplot2/html/stat_identity.html","3465","dcfe263db94d9d99a6e5fa042b7e434b09002b679c3ecdf7b64daf1267b9f82d","R environment provenance","tracked"
"thesis_extension/environment/legacy_R343_library/ggplot2/html/stat_summary.html","9067","2c7e81eecc6b1a48b4ef4404f0326b2cd0dd181976e42e33d278bec4156fc1cb","R environment provenance","tracked"
"thesis_extension/environment/legacy_R343_library/ggplot2/html/stat_summary_2d.html","5997","9caec10cb87427565aef33f3b8ff0017b1e6b78f55b4d0ed526d9e28893da16b","R environment provenance","tracked"
"thesis_extension/environment/legacy_R343_library/ggplot2/html/stat_unique.html","3924","99868581a2bd2f8410e009438d6785976d85a93973b8c5af1f0bd80f13863198","R environment provenance","tracked"
"thesis_extension/environment/legacy_R343_library/ggplot2/html/summary.ggplot.html","1315","694f40c9bc8fbc23f3cd8c5f59ef31ed320eeade491dc505159d69591bbba63b","R environment provenance","tracked"
"thesis_extension/environment/legacy_R343_library/ggplot2/html/theme.html","18613","596e7a8b13015dcc16be9c602bbbaf2a9b2995399dcc4ba70ce93aebbe441c8c","R environment provenance","tracked"
"thesis_extension/environment/legacy_R343_library/ggplot2/html/theme_get.html","3629","d18e41537dfbd87acaa26c9519ba79751fc3e13c4a7a9904093928638878712f","R environment provenance","tracked"
"thesis_extension/environment/legacy_R343_library/ggplot2/html/transform_position.html","1342","a100022288b772283dff8b10001fcb09dbf085f9298b32e4558a29b7eb4b5163","R environment provenance","tracked"
"thesis_extension/environment/legacy_R343_library/ggplot2/html/translate_qplot_ggplot.html","4370","ab25ddfe47ef9a9867a69b3f211c5e1ed515b4577be0ffbacf7963b92cce3ed3","R environment provenance","tracked"
"thesis_extension/environment/legacy_R343_library/ggplot2/html/translate_qplot_lattice.html","3472","9ab7bb4d59bcc3bf8fc8f31e7a41828b24a6c28df486eee21d6b4f36997a080e","R environment provenance","tracked"
"thesis_extension/environment/legacy_R343_library/ggplot2/html/txhousing.html","1471","4408835a77279d513a8a934d392fdcb65941cf44789456559c493a87cfc2a067","R environment provenance","tracked"
"thesis_extension/environment/legacy_R343_library/ggplot2/html/update_defaults.html","1545","3e9bd7592f57818023a1c647d372be1aa31273ee2e74a0885f34507154f2d9f1","R environment provenance","tracked"
"thesis_extension/environment/legacy_R343_library/ggplot2/html/update_labels.html","1341","6f2495c3c11d505b4a3b90002555b132c5472ebc7536a18b2f50801ef7653289","R environment provenance","tracked"
"thesis_extension/environment/legacy_R343_library/ggplot2/html/waiver.html","1053","b3040ebdee7a1c79c49a51d625e65f6ee639b9f77a7688ea9dddeb0e4d70b86e","R environment provenance","tracked"
"thesis_extension/environment/legacy_R343_library/ggplot2/html/wrap_dims.html","1190","512f3916f1ded45f2e981570225204886d32dc717b618d90e84c8fd4beaa321c","R environment provenance","tracked"
"thesis_extension/environment/legacy_R343_library/ggplot2/html/zeroGrob.html","852","df51b20dcbf576be74e6ca56803249ecaa6d999a2622f746939b0e80dcb779c2","R environment provenance","tracked"
"thesis_extension/environment/legacy_R343_library/glmnet/CITATION","1741","2c5229104d32b6623429babbada9d378b482f211115ceda83e69753d647b3166","R environment provenance","tracked"
"thesis_extension/environment/legacy_R343_library/glmnet/DESCRIPTION","1169","033edc899ae80cd6303f916d1537178571f5c9e2a9fe70d9e48a7a94822cb3f6","R environment provenance","tracked"
"thesis_extension/environment/legacy_R343_library/glmnet/INDEX","797","8d6555e9fb1d1201790f97d2c4b3adddd875e762fa0b23a9841613609d81c0e1","R environment provenance","tracked"
"thesis_extension/environment/legacy_R343_library/glmnet/MD5","2794","4c58f63fff01ec2f5b9ca9d84094c1e57c43ad23725aecee35da1ba31fe67ab5","R environment provenance","tracked"
"thesis_extension/environment/legacy_R343_library/glmnet/Meta/Rd.rds","943","cb20debc79a45052821377a3959cc3a403ccef1c24a60d2e4075c723caac3097","R environment provenance","tracked"
"thesis_extension/environment/legacy_R343_library/glmnet/Meta/data.rds","242","335a0e8ae98772cd2b13014966ea3a9d72fa5ddad4517294933bc9dc454cdf1f","R environment provenance","tracked"
"thesis_extension/environment/legacy_R343_library/glmnet/Meta/features.rds","112","0c47f77934234b8ddfc04ba4cf55da90ab9ef317d3825782bd4282625c53d444","R environment provenance","tracked"
"thesis_extension/environment/legacy_R343_library/glmnet/Meta/hsearch.rds","1003","19a86aca0a50b0bb9296c5b29e802f64e181c3f425aae5c7fadf0c177fb5a675","R environment provenance","tracked"
"thesis_extension/environment/legacy_R343_library/glmnet/Meta/links.rds","533","9e637ddd95be6d780aa808e44477a86f871b3ac48a0676ec80e3ebc523f32e45","R environment provenance","tracked"
"thesis_extension/environment/legacy_R343_library/glmnet/Meta/nsInfo.rds","702","90da235bd47a9c3c9e252f580d00150ae9fbcf73e121240636905ff11e536c89","R environment provenance","tracked"
"thesis_extension/environment/legacy_R343_library/glmnet/Meta/package.rds","1113","754e3ba20a1683bae698717b51d377c14e1b48de6d93cbebea41495f3a9cd23e","R environment provenance","tracked"
"thesis_extension/environment/legacy_R343_library/glmnet/Meta/vignette.rds","256","772d144c7955a67928f9b71350fce46dea81fdc15a7e567ef6c466185b4c5131","R environment provenance","tracked"
"thesis_extension/environment/legacy_R343_library/glmnet/NAMESPACE","1421","4571741f473492efcc5bb9fc8f8807af6e8aaab8eb2ab603ba1ec479b0fa4c74","R environment provenance","tracked"
"thesis_extension/environment/legacy_R343_library/glmnet/R/glmnet","1056","2fb8b16be23c820daf2e51b7ddfef61ca4978e561b1d228d546d1b356041f79e","R environment provenance","tracked"
"thesis_extension/environment/legacy_R343_library/glmnet/R/glmnet.rdb","43057","f25a1c2b0a26e052eecfd1663fc59b6a362b8895c061c31324308a758140b821","R environment provenance","tracked"
"thesis_extension/environment/legacy_R343_library/glmnet/R/glmnet.rdx","942","f8369e2dd75c16d24600179ce24769b06b709a5a64e5d8da396a5b6c7c04f2a9","R environment provenance","tracked"
"thesis_extension/environment/legacy_R343_library/glmnet/data/BinomialExample.RData","23218","fb7bbb6cf2973def269721d7e601f3de3ef1e266bd40e6be9a05ad94f08bba31","R environment provenance","tracked"
"thesis_extension/environment/legacy_R343_library/glmnet/data/CVXResults.RData","202","f9ef3cf76777e3eeaa6d8207b391f3dbd83894d0b8795af403015e138aa6f71d","R environment provenance","tracked"
"thesis_extension/environment/legacy_R343_library/glmnet/data/CoxExample.RData","238741","e264b2d09c8efb93ca720203a28e204409638b76c28ce753f53b5e103ac83e3d","R environment provenance","tracked"
"thesis_extension/environment/legacy_R343_library/glmnet/data/MultiGaussianExample.RData","18647","a87f112003e96be420ec72f7a7ee005710d5725013f4e205d22b41f1ac431f71","R environment provenance","tracked"
"thesis_extension/environment/legacy_R343_library/glmnet/data/MultinomialExample.RData","115682","93a12fbaa6a525c942efa95c3952b6cb05946c8e9276ffc2b8d60806b4fca9a3","R environment provenance","tracked"
"thesis_extension/environment/legacy_R343_library/glmnet/data/PoissonExample.RData","77450","71cd6fc39631cfa8c9c773474ea5d2dc30d756bf41ffe1409f593ddd46073850","R environment provenance","tracked"
"thesis_extension/environment/legacy_R343_library/glmnet/data/QuickStartExample.RData","16275","54772b53668f445fae157bdac055792f90164200fdf81dab41d481d07020e82e","R environment provenance","tracked"
"thesis_extension/environment/legacy_R343_library/glmnet/data/SparseExample.RData","3921","ccb35850527b45ece4a2deb7c63b77cd1c0fa4c8e45b9bb53b1020e5379011ef","R environment provenance","tracked"
"thesis_extension/environment/legacy_R343_library/glmnet/doc/Coxnet.R","1366","ec9911e1d25e704fe033036f66f5062e8a7abe96b486b65450ca355ad796ddd9","R environment provenance","tracked"
"thesis_extension/environment/legacy_R343_library/glmnet/doc/Coxnet.pdf","98929","068df9488726337026f6d9b2e2098539e3da3b4051b36012fc0f7dfcad226a58","R environment provenance","tracked"
"thesis_extension/environment/legacy_R343_library/glmnet/doc/Coxnet.rnw","3359","2621dcac56ef5150d6dae2e9a01b99dda964b43b252d1d05e2b6d801b7d7047d","R environment provenance","tracked"
"thesis_extension/environment/legacy_R343_library/glmnet/doc/glmnet_beta.R","12262","77270c6d8e674ddd41076f3ce268f661b68ca465612bf28388ae729c35a79807","R environment provenance","tracked"
"thesis_extension/environment/legacy_R343_library/glmnet/doc/glmnet_beta.Rmd","54259","893b5c78ff1c1b3fb25c789b30e145058d42760da6658e20a0fc3767387d26ae","R environment provenance","tracked"
"thesis_extension/environment/legacy_R343_library/glmnet/doc/glmnet_beta.pdf","571141","a53540cb5305f204d4c4cf4bca1026c88abe4b828b83f34059c2b2b06a79f7f2","R environment provenance","tracked"
"thesis_extension/environment/legacy_R343_library/glmnet/doc/index.html","1848","a1e2de0c817b99ecd27439c12cc6ff4887499d8b1a295975eb5e280eb137f0b8","R environment provenance","tracked"
"thesis_extension/environment/legacy_R343_library/glmnet/help/AnIndex","1603","c80a94345de9b3cb87764b84cd2bd223cd9c99a82af70b23506fd60b69457f68","R environment provenance","tracked"
"thesis_extension/environment/legacy_R343_library/glmnet/help/aliases.rds","476","6a9124f9e2480ddb9e49421cdfe6157717434d1af076381c23f575ef6dc053dd","R environment provenance","tracked"
"thesis_extension/environment/legacy_R343_library/glmnet/help/glmnet.rdb","58569","10c5a4a6e6047ad2c836e770473c1d6feea1578c7ca7cad1ced71c20f4afe9cd","R environment provenance","tracked"
"thesis_extension/environment/legacy_R343_library/glmnet/help/glmnet.rdx","412","55c904e3c2b7b82b2660cd018aa7cb20a82a48a89ba5f7bcbbc761a5f2f61d6c","R environment provenance","tracked"
"thesis_extension/environment/legacy_R343_library/glmnet/help/paths.rds","258","a5e2498335aabcd0e7293f6380df91d0d8c6dddd1469bec30bc084d6f9ff811c","R environment provenance","tracked"
"thesis_extension/environment/legacy_R343_library/glmnet/html/00Index.html","4221","8f63ecc2c6008c40ea494952035512a36d7dbcb6c71f101f1b45ef0868d8dbb8","R environment provenance","tracked"
"thesis_extension/environment/legacy_R343_library/glmnet/html/R.css","1335","0f4849ab1757247808d54da2c371e992364371c942ad7d629dae8d62327ed068","R environment provenance","tracked"
"thesis_extension/environment/legacy_R343_library/glmnet/html/beta_CVX.html","1322","6995eb456b882ec91bc30637a63fa6196a3a1f1b8b1150ada57d74fe6c84cbf2","R environment provenance","tracked"
"thesis_extension/environment/legacy_R343_library/glmnet/html/cv.glmnet.html","10891","61b680da16ffc524e7186fb511cf57042a5757445fa8c9b49cc3ff65ddc49e14","R environment provenance","tracked"
"thesis_extension/environment/legacy_R343_library/glmnet/html/deviance.glmnet.html","2461","552b668faeaf81b7861f6601e31de6755a5e294f46ffb79450241429ed2e36bb","R environment provenance","tracked"
"thesis_extension/environment/legacy_R343_library/glmnet/html/glmnet-internal.html","1657","85400d5d75ef33e2a505167725fc9966b777df1ad626350000a01ed3029dc009","R environment provenance","tracked"
"thesis_extension/environment/legacy_R343_library/glmnet/html/glmnet-package.html","4006","17a58b081119b59598ec5a6556ed83c38bf74417de92bdc8d57190cb11d455f7","R environment provenance","tracked"
"thesis_extension/environment/legacy_R343_library/glmnet/html/glmnet.control.html","3449","b3fdf5f655d634f04b63a741c80955b8609b7b491d5939499285b420c27249d5","R environment provenance","tracked"
"thesis_extension/environment/legacy_R343_library/glmnet/html/glmnet.html","19185","eb6a32a2d6b61886cf093b10d4ea73bb9fa1c0b125a80df8d681171a2ae20bd9","R environment provenance","tracked"
"thesis_extension/environment/legacy_R343_library/glmnet/html/plot.cv.glmnet.html","2545","7a67f73d4a20a32c25ee785f88b26a2ecf5d20d01061a349327bee87c1cbb151","R environment provenance","tracked"
"thesis_extension/environment/legacy_R343_library/glmnet/html/plot.glmnet.html","3062","fb8464d6d33c6c678b4367b8408ad5edf3549cd9126ca06d4abe75b2410c7f77","R environment provenance","tracked"
"thesis_extension/environment/legacy_R343_library/glmnet/html/predict.cv.glmnet.html","3252","fedf902721838ee6298d110ef95ff5656e7250e92247acbf655e1824e7c9b1d9","R environment provenance","tracked"
"thesis_extension/environment/legacy_R343_library/glmnet/html/predict.glmnet.html","6661","2da8f104cef7d4c9b3c4d4587571cf2b53b20d009e65fb4a5b4ca4df8f313561","R environment provenance","tracked"
"thesis_extension/environment/legacy_R343_library/glmnet/html/print.glmnet.html","2270","f10b2b2b2f202948bda07dbfe5d51e8bddce4a3757cf02436f01d8c46f167d3a","R environment provenance","tracked"
"thesis_extension/environment/legacy_R343_library/glmnet/libs/i386/glmnet.dll","579598","0c21549df6aa6edf277a2aca4f9daeb9aec26a1bdf6cd5beff12ea5ee01737d1","R environment provenance","tracked"
"thesis_extension/environment/legacy_R343_library/glmnet/libs/x64/glmnet.dll","539648","13356f8d027c0c289b374843b0cc31019739a4f3a753b19bea1c87d0270d8768","R environment provenance","tracked"
"thesis_extension/environment/legacy_R343_library/glmnet/mortran/glmnet5.m","148317","a6c8182128d4a35aca452912fb579eff8367aa60274519c75dfc923ec9987bd0","R environment provenance","tracked"
"thesis_extension/environment/legacy_R343_library/gtable/DESCRIPTION","780","bac1def860999d1233deec0eea1060549d73736b3fccb345a4a4073a54482656","R environment provenance","tracked"
"thesis_extension/environment/legacy_R343_library/gtable/INDEX","1256","4055690710b8db003a660129acd8b8146671c8faa22f25afc0405e125475415f","R environment provenance","tracked"
"thesis_extension/environment/legacy_R343_library/gtable/MD5","2143","1329a4bb9743a6a6ee88d92e802229bf43d383760cab9ff98f635964c4387577","R environment provenance","tracked"
"thesis_extension/environment/legacy_R343_library/gtable/Meta/Rd.rds","887","482a51ee466f4b70cfe8cdb7073931e2eab249fa64ba7fc1df16268fff21cf19","R environment provenance","tracked"
"thesis_extension/environment/legacy_R343_library/gtable/Meta/features.rds","112","0c47f77934234b8ddfc04ba4cf55da90ab9ef317d3825782bd4282625c53d444","R environment provenance","tracked"
"thesis_extension/environment/legacy_R343_library/gtable/Meta/hsearch.rds","838","dd3c7100d8ca1d9469d1f15eeedb759e1825f3f313f4fa772ca07e0f2aef8d9a","R environment provenance","tracked"
"thesis_extension/environment/legacy_R343_library/gtable/Meta/links.rds","393","abbb780f96dc80ad2fa3fcea93de24cc324c8f5b1b5faaf5370d340dbc49550c","R environment provenance","tracked"
"thesis_extension/environment/legacy_R343_library/gtable/Meta/nsInfo.rds","417","192aff0106a6bb6fd0a9ba8e052d675f294688a0ac63f7b4d7d768c7e042d05b","R environment provenance","tracked"
"thesis_extension/environment/legacy_R343_library/gtable/Meta/package.rds","864","102d99e6c53f49bc6b934833d135bbd760a762a74c14323779419e0cb16b3b96","R environment provenance","tracked"
"thesis_extension/environment/legacy_R343_library/gtable/NAMESPACE","858","919fdaf79a830729c909985218421bff1beb6d4a1bac62dfb780d444418030c5","R environment provenance","tracked"
"thesis_extension/environment/legacy_R343_library/gtable/NEWS.md","835","e93760928eaef0593ff4b81d3c7dc5fd2160ff692bd59ffe0901cd3ab8df520e","R environment provenance","tracked"
"thesis_extension/environment/legacy_R343_library/gtable/R/gtable","1056","2fb8b16be23c820daf2e51b7ddfef61ca4978e561b1d228d546d1b356041f79e","R environment provenance","tracked"
"thesis_extension/environment/legacy_R343_library/gtable/R/gtable.rdb","15591","209a59516548e6e7bd721b0c2a0b6d72cacce10c4b8439ce3a21cfbf299caeb6","R environment provenance","tracked"
"thesis_extension/environment/legacy_R343_library/gtable/R/gtable.rdx","920","bb0e8a036fe14a1d48bac3dd0bffe96713857381b9815cb842b22be44beda653","R environment provenance","tracked"
"thesis_extension/environment/legacy_R343_library/gtable/help/AnIndex","767","01602f2b028519e6d918221c154c94af64eb553a49041f5793bd795f5283bc11","R environment provenance","tracked"
"thesis_extension/environment/legacy_R343_library/gtable/help/aliases.rds","284","a902bf6e295b4a131d3d49a80a1f208d65c40ca8f6da891aeec95c07ff246ebf","R environment provenance","tracked"
"thesis_extension/environment/legacy_R343_library/gtable/help/gtable.rdb","33155","c599aa9ca0a9d7a686dbddf90bfcc3675e6d1c23c009db69d4be94ba6ccc08c0","R environment provenance","tracked"
"thesis_extension/environment/legacy_R343_library/gtable/help/gtable.rdx","580","75856bb46a0de57841f53450c975d6332593c720ffeb7fbbc86ff0d8f626f4ab","R environment provenance","tracked"
"thesis_extension/environment/legacy_R343_library/gtable/help/paths.rds","322","30f203ef376afd3eeb14cd77e8491a41ea485e042c43f9df8d4b3cb5a375baed","R environment provenance","tracked"
"thesis_extension/environment/legacy_R343_library/gtable/html/00Index.html","4396","77340362268141bb30ed185f5b65bde1ab435c274d2306785a3e1ffc17ffa2f1","R environment provenance","tracked"
"thesis_extension/environment/legacy_R343_library/gtable/html/R.css","1335","0f4849ab1757247808d54da2c371e992364371c942ad7d629dae8d62327ed068","R environment provenance","tracked"
"thesis_extension/environment/legacy_R343_library/gtable/html/bind.html","1767","fd548ec917d11476bbeb6ad969442c4a56c2e09e50f1f5801d43df94ef993cd5","R environment provenance","tracked"
"thesis_extension/environment/legacy_R343_library/gtable/html/gtable.html","4766","4f503e7316e64ba5d58c87a548614291053bd72b8e585114281259b63d2bb1ad","R environment provenance","tracked"
"thesis_extension/environment/legacy_R343_library/gtable/html/gtable_add_cols.html","2067","60c583f70efd82b2a7b9bf65cf3f02ae85d72f3eb7efd9afcaa4669c15954514","R environment provenance","tracked"
"thesis_extension/environment/legacy_R343_library/gtable/html/gtable_add_grob.html","2610","4a9da3710dcdbee5636bf2e57cc269183bd9e83baf22c8adb130ab54c498670b","R environment provenance","tracked"
"thesis_extension/environment/legacy_R343_library/gtable/html/gtable_add_padding.html","1535","34808b6a6fba64a5c3b5ee502607fa6415a8c2626e7809030610470b82e5d53c","R environment provenance","tracked"
"thesis_extension/environment/legacy_R343_library/gtable/html/gtable_add_rows.html","2058","76667e5d12d71b53bd58cc3dc4d65446f2480bfed0bd644b1b8cc450728fd36c","R environment provenance","tracked"
"thesis_extension/environment/legacy_R343_library/gtable/html/gtable_add_space.html","1304","4e9f45242c7650ff83c1e2839f643e22809e4fec3d0e4038d3b589f915c3cd2d","R environment provenance","tracked"
"thesis_extension/environment/legacy_R343_library/gtable/html/gtable_col.html","2106","3e6e6632583d9f1b0296f5393930c013f6ebfb9d42943282948b96bc92dba23a","R environment provenance","tracked"
"thesis_extension/environment/legacy_R343_library/gtable/html/gtable_filter.html","2423","846e8c41bf9d170a2a20ef9b8c607ab1acaefadb7cf9dff50f736f0832da43ab","R environment provenance","tracked"
"thesis_extension/environment/legacy_R343_library/gtable/html/gtable_height.html","1053","1545e9c594c8d8a9f9e1a50b2707a683cde8f7484a0c703d7382746d50d5dc36","R environment provenance","tracked"
"thesis_extension/environment/legacy_R343_library/gtable/html/gtable_matrix.html","2937","5c1eecbf68161c0c35fb96e798c96900e32662d84ffbdb85015010ecfa871e2d","R environment provenance","tracked"
"thesis_extension/environment/legacy_R343_library/gtable/html/gtable_row.html","2097","8289adae623f1a89d374bdfc465da8da6ba6afc57870f6e11fd6bdb8982dd3b0","R environment provenance","tracked"
"thesis_extension/environment/legacy_R343_library/gtable/html/gtable_show_layout.html","991","af4d578ae42b610e0a14b21d519b92e03afddbbacad6da281f527027ef3665fc","R environment provenance","tracked"
"thesis_extension/environment/legacy_R343_library/gtable/html/gtable_spacer.html","1117","dce4b1448b4c6a7691fe2bfbb248479bb1f1f73893e578fb44665d44f30bd75c","R environment provenance","tracked"
"thesis_extension/environment/legacy_R343_library/gtable/html/gtable_trim.html","1371","74994cffa66a15dec32a87abb25fecbafbd9639721a96d4f0d5f074c5387b5f2","R environment provenance","tracked"
"thesis_extension/environment/legacy_R343_library/gtable/html/gtable_width.html","1047","682bc2c9cf71f71a815865529b5914ddf6c7a9230416cc64145f0927bb021043","R environment provenance","tracked"
"thesis_extension/environment/legacy_R343_library/gtable/html/is.gtable.html","915","c5ea45c7dbf60bd0b2d15a166bd65b7bf5eecb02161ad9e511a99ad5005284e8","R environment provenance","tracked"
"thesis_extension/environment/legacy_R343_library/gtable/html/print.gtable.html","1215","4482d77d60f350955c4e54023e17b9569ba4b56ff8f67a2eac5b0c948f707f8a","R environment provenance","tracked"
"thesis_extension/environment/legacy_R343_library/gtable/html/z_arrange_gtables.html","1343","a0ce14e8974d2059f7e5b27fcc168b2a7eaef889178e9865a84daef8f5f4b569","R environment provenance","tracked"
"thesis_extension/environment/legacy_R343_library/gtable/html/z_normalise.html","1364","7f71bc2ac176ebaf3e45001954aed9f4e7359b90835843d4b7437db80fd0f50b","R environment provenance","tracked"
"thesis_extension/environment/legacy_R343_library/hdm/CITATION","845","ced5bb42ed149780b26804f00e00818e7b6ee7d8bca5c87bb18ed7529553e281","R environment provenance","tracked"
"thesis_extension/environment/legacy_R343_library/hdm/DESCRIPTION","1617","df1ac2a0110817235ea6e9c3e6a9f33574848f44347a6a919c528496bcad7495","R environment provenance","tracked"
"thesis_extension/environment/legacy_R343_library/hdm/INDEX","2020","a1e98c367d59a96c3c7542a8156d151f3981638940d62b6dc024c0fc3a8db69d","R environment provenance","tracked"
"thesis_extension/environment/legacy_R343_library/hdm/Meta/Rd.rds","1558","27fd8f0be78c43057395f8518e79d64f2e83bdd57df5431aee3ceafbbe923240","R environment provenance","tracked"
"thesis_extension/environment/legacy_R343_library/hdm/Meta/data.rds","170","f99f2b2a7192627cd825c9be862c26e0abf1d6123f192d7ac22f4952e34a5b0c","R environment provenance","tracked"
"thesis_extension/environment/legacy_R343_library/hdm/Meta/features.rds","112","ca4e61dba7127bc424bf40792181e41b09328ada0e081299d6abb7784d47abeb","R environment provenance","tracked"
"thesis_extension/environment/legacy_R343_library/hdm/Meta/hsearch.rds","1569","a96261a4fda10914b2d39d18a1aa21d3b81a962bdca6f89acb8c63ae101f371d","R environment provenance","tracked"
"thesis_extension/environment/legacy_R343_library/hdm/Meta/links.rds","865","962dbe45a2b75b0bd0e1c847c71c131e5f648446ad90513ab91c3eb197840785","R environment provenance","tracked"
"thesis_extension/environment/legacy_R343_library/hdm/Meta/nsInfo.rds","649","bf0cf44821388b701604a6db102a3221a5c0602f6ed1fa86d16d46ebe6eeb667","R environment provenance","tracked"
"thesis_extension/environment/legacy_R343_library/hdm/Meta/package.rds","1336","f1879032125846c58835984603521b58553a29533501e8fcfd8a867ad341d78b","R environment provenance","tracked"
"thesis_extension/environment/legacy_R343_library/hdm/Meta/vignette.rds","262","7198040597aedd1abad4d854adc4a19ca5ad7b6d9c1a8f091f3db9cf1971d64e","R environment provenance","tracked"
"thesis_extension/environment/legacy_R343_library/hdm/NAMESPACE","2636","17dcd37da780dce8660ca81c56433434659f82de1bd6ada55acbcb55245a577f","R environment provenance","tracked"
"thesis_extension/environment/legacy_R343_library/hdm/R/hdm","1056","2fb8b16be23c820daf2e51b7ddfef61ca4978e561b1d228d546d1b356041f79e","R environment provenance","tracked"
"thesis_extension/environment/legacy_R343_library/hdm/R/hdm.rdb","50312","81b14070f7a61b221b7672d9cffd0da8611b8c1719a4604dc4f22c8767c7ceee","R environment provenance","tracked"
"thesis_extension/environment/legacy_R343_library/hdm/R/hdm.rdx","1187","53ae04bc1eac3ce8314e97da4b53d36c5c0c398547e944f1a9f9d7ad7f5db7ed","R environment provenance","tracked"
"thesis_extension/environment/legacy_R343_library/hdm/data/Rdata.rdb","1044097","aebdb40e3025e7f9a5437b1550ccbdfb76fde821846b5d576f0db46690e647ed","R environment provenance","tracked"
"thesis_extension/environment/legacy_R343_library/hdm/data/Rdata.rds","136","ef975ca64fad741d511400e32c1af95a7a63bb955cc36893a539562c8162cd6e","R environment provenance","tracked"
"thesis_extension/environment/legacy_R343_library/hdm/data/Rdata.rdx","230","b07d104ccee9dfb3b3aeb8f8c7e3755a6c66d66644e67a8d3b4a190e7c2509eb","R environment provenance","tracked"
"thesis_extension/environment/legacy_R343_library/hdm/data/datalist","55","b7a72eb2d5dd6877de479364369f252034f0acee91bad6b50f8fe7949130b6a1","R environment provenance","tracked"
"thesis_extension/environment/legacy_R343_library/hdm/doc/hdm_introduction.Rnw","73127","ead33d1f465401933d00669ac99379ea470b4797bd538936e95b17426dfaf5d1","R environment provenance","tracked"
"thesis_extension/environment/legacy_R343_library/hdm/doc/hdm_introduction.pdf","337288","0df6dc0dfd1e7b7fbfba34081f09da0c8fad715c7135106ceb5f1eb99ced4a4d","R environment provenance","tracked"
"thesis_extension/environment/legacy_R343_library/hdm/doc/index.html","1326","e41f6c86614b490db49817394017f3ea55ed05ced91ec27c90421b91e3312c65","R environment provenance","tracked"
"thesis_extension/environment/legacy_R343_library/hdm/help/AnIndex","3108","33831740ae5142f2207d76673e4698b5e2e7dceb8024f6b290b8576fba51c6a7","R environment provenance","tracked"
"thesis_extension/environment/legacy_R343_library/hdm/help/aliases.rds","743","f011b8315046eba752a12809e9f853a7c1931ad182b9133eceff41a2fb8300c0","R environment provenance","tracked"
"thesis_extension/environment/legacy_R343_library/hdm/help/hdm.rdb","79319","eca32bd603054a6b506881e22311aebac8439aa5ed2f5fa74e1b58233f0b0ac4","R environment provenance","tracked"
"thesis_extension/environment/legacy_R343_library/hdm/help/hdm.rdx","756","3e765e6f40e46bebfcb451ce49abcf9d79a8f446e6d179266937f27f3c134f0a","R environment provenance","tracked"
"thesis_extension/environment/legacy_R343_library/hdm/help/paths.rds","379","c79467bee0349a52b4e856a760421280ca46ca2e13259f1f41761f64c9b5e77a","R environment provenance","tracked"
"thesis_extension/environment/legacy_R343_library/hdm/html/00Index.html","16986","3311598d2f1f4806435f9a5c82ba8517a4aeed7682a7fed4ccea4069559bdcc1","R environment provenance","tracked"
"thesis_extension/environment/legacy_R343_library/hdm/html/AJR.html","1778","b9e91f81bad7c28c1a232ef8e575defe766d70b5e75d6341c54353b948432abb","R environment provenance","tracked"
"thesis_extension/environment/legacy_R343_library/hdm/html/BLP.html","2208","3eeacde8581ed330bab66d7f4f4f31837a91dace7ef9a213e2d159b67bf5a31e","R environment provenance","tracked"
"thesis_extension/environment/legacy_R343_library/hdm/html/EminentDomain.html","2275","8fdcf0114d0413c22b353dd1cac5bb8a82b3af622f6c7966568854c5e238faf4","R environment provenance","tracked"
"thesis_extension/environment/legacy_R343_library/hdm/html/Growth-Data.html","2139","086b862f4a6585d90624ac9002ad84a40c84c3ea3fc4f344b433ea8a97b31cb2","R environment provenance","tracked"
"thesis_extension/environment/legacy_R343_library/hdm/html/LassoShooting.fit.html","3031","a82afa01abd72bd0365f7c608961d5c59363810fb3e51a602761d14681a3ebda","R environment provenance","tracked"
"thesis_extension/environment/legacy_R343_library/hdm/html/R.css","1335","0f4849ab1757247808d54da2c371e992364371c942ad7d629dae8d62327ed068","R environment provenance","tracked"
"thesis_extension/environment/legacy_R343_library/hdm/html/TE.html","4315","f3902e4ad2a2f47d0da3c82303631c8315a542d352bde989fe8d364507b91db4","R environment provenance","tracked"
"thesis_extension/environment/legacy_R343_library/hdm/html/cps2012.html","2297","3d1ccd7181861de3e4a3e637aee85e99236c712e9830c1ff9b559a59d1f25384","R environment provenance","tracked"
"thesis_extension/environment/legacy_R343_library/hdm/html/hdm-package.html","2851","3d57d3de1a11dffe1b633e82f99fb51b93affdb512ae10775d1706960c2bb55e","R environment provenance","tracked"
"thesis_extension/environment/legacy_R343_library/hdm/html/lambdaCalculation.html","2673","da89a8116f220fe8ce73da14a357a4ff5010ce2cb72860295825322722acc20b","R environment provenance","tracked"
"thesis_extension/environment/legacy_R343_library/hdm/html/methods.rlasso.html","2503","f06a246628251c074d67ad66081b4831749f408dc52c52ec7a875f58c032a736","R environment provenance","tracked"
"thesis_extension/environment/legacy_R343_library/hdm/html/methods.rlassoEffects.html","3168","85f6e78143973deedf37d0de481f37e2fa79e1d91d86143cfb96763935fb37b0","R environment provenance","tracked"
"thesis_extension/environment/legacy_R343_library/hdm/html/methods.rlassoIV.html","2265","89373b1009a2280a97f641a88c9dabf9ef5486d3683e372c52c3c25a26207b5b","R environment provenance","tracked"
"thesis_extension/environment/legacy_R343_library/hdm/html/methods.rlassoIVselectX.html","2384","6b0761930e476fc4f8fda96f0fb719de1539d58574812549ab3d1999b84abf72","R environment provenance","tracked"
"thesis_extension/environment/legacy_R343_library/hdm/html/methods.rlassoIVselectZ.html","2380","d0ff993e76ac283516d5bf10940b105a1718b2187a6a367e5dd7da5a959c8cce","R environment provenance","tracked"
"thesis_extension/environment/legacy_R343_library/hdm/html/methods.rlassoTE.html","2354","07855cc30b7e52bad553857bbe614a6b66d11418fba4fb71378e0a50989409d7","R environment provenance","tracked"
"thesis_extension/environment/legacy_R343_library/hdm/html/methods.rlassologit.html","2719","c6f5bdab8070a157d343fc3b39c559e441a1734f4df99a42e41e48d4c6071ced","R environment provenance","tracked"
"thesis_extension/environment/legacy_R343_library/hdm/html/methods.rlassologitEffects.html","2621","d586625c90035d9db0dce6f307e9ca8e04db061b4a8fe1a8aab674c555afe566","R environment provenance","tracked"
"thesis_extension/environment/legacy_R343_library/hdm/html/methods.tsls.html","1728","38801821b36e38141da38e61f0ae287b86f231eb102edd89e52eb896d1a62061","R environment provenance","tracked"
"thesis_extension/environment/legacy_R343_library/hdm/html/pension.html","3311","9c4d0e414fafd7be4fa34ce06fe4c22ceeff821d76a8a22ffdfd5fa79dedb646","R environment provenance","tracked"
"thesis_extension/environment/legacy_R343_library/hdm/html/rlasso.html","8894","f976f963a7d62f2812ca6488de696ca10dd8ac161496627ab13137d97a514a6b","R environment provenance","tracked"
"thesis_extension/environment/legacy_R343_library/hdm/html/rlassoEffects.html","6725","3fb94554f559a97174a074dc8f49b6153e75156304121ecde46eacef3038b99a","R environment provenance","tracked"
"thesis_extension/environment/legacy_R343_library/hdm/html/rlassoIV.html","4610","a4ff6df720aa42929e4193774a12541850d589cff982743657be4f1fe3fe2f79","R environment provenance","tracked"
"thesis_extension/environment/legacy_R343_library/hdm/html/rlassoIVselectX.html","4604","228db27ba3f6cbe2d57dfe2aef4351ce2ada791e8e8b7fd055b5c0be93d7f89a","R environment provenance","tracked"
"thesis_extension/environment/legacy_R343_library/hdm/html/rlassoIVselectZ.html","4131","5a9d8e6c30960d51611ee2dc2f197fa08d18e9b9ece970faade958f5af7da9bd","R environment provenance","tracked"
"thesis_extension/environment/legacy_R343_library/hdm/html/rlassologit.html","5195","f15912b5345828af820e9cf882a4d85fe1c286ea37269ef5882217a199b59943","R environment provenance","tracked"
"thesis_extension/environment/legacy_R343_library/hdm/html/rlassologitEffects.html","4602","d05bfe98512114cd1bcd4b7f3ed1e2a6a0c7a75d36e1b9e2eae9787def930756","R environment provenance","tracked"
"thesis_extension/environment/legacy_R343_library/hdm/html/summary.rlassoEffects.html","1770","95c3db27332678d43c1364567c80502e8b39440ec14685a5b455f627c7a2d12a","R environment provenance","tracked"
"thesis_extension/environment/legacy_R343_library/hdm/html/tsls.html","3653","f2946f5230bb748092763ab7451a0fcf434b825f9ea4c40f211aebf5c8bca9c4","R environment provenance","tracked"
"thesis_extension/environment/legacy_R343_library/hqreg/DESCRIPTION","809","837cbe81fd221bbf3619917c8c325e45a1ae49d03fab592caf21dd9d074c2263","R environment provenance","tracked"
"thesis_extension/environment/legacy_R343_library/hqreg/INDEX","858","46d8caef8bf37e0593e06543002f28c3dd68b48f1ebc5c0ae066c810185d5f31","R environment provenance","tracked"
"thesis_extension/environment/legacy_R343_library/hqreg/Meta/Rd.rds","561","9eb4ccb6e15f0bb4e0e0609433e9ef4ec5fa9dd2b501aaa5f4fd6c0c56da2cd4","R environment provenance","tracked"
"thesis_extension/environment/legacy_R343_library/hqreg/Meta/features.rds","112","ca4e61dba7127bc424bf40792181e41b09328ada0e081299d6abb7784d47abeb","R environment provenance","tracked"
"thesis_extension/environment/legacy_R343_library/hqreg/Meta/hsearch.rds","576","9fe6cc41bc2bf7158dfccb4506e2051bb294707a64d7d27410deef0c1dbf2ead","R environment provenance","tracked"
"thesis_extension/environment/legacy_R343_library/hqreg/Meta/links.rds","201","2e3c594f98f2108689b8cda571936b0f0c7087f3814d865a8ca50d41c490601c","R environment provenance","tracked"
"thesis_extension/environment/legacy_R343_library/hqreg/Meta/nsInfo.rds","453","daa8a43963021d6db3a2e3939fba2358e605f8eaa09c6a0ea2fcd7d7c7332269","R environment provenance","tracked"
"thesis_extension/environment/legacy_R343_library/hqreg/Meta/package.rds","805","926a66d4970e1164e5e20c1e66d107e52d5f9d8167bf9a5058b6986aa7943a51","R environment provenance","tracked"
"thesis_extension/environment/legacy_R343_library/hqreg/NAMESPACE","513","94d5cb13ad86d524fe18c28c04c4b4ca6408d6fdb8a411ff3733d2c40a128536","R environment provenance","tracked"
"thesis_extension/environment/legacy_R343_library/hqreg/NEWS","1506","c615440df48707737d1a1cde9d101d90cb3eeeca04e843cf6b144cbad61059ab","R environment provenance","tracked"
"thesis_extension/environment/legacy_R343_library/hqreg/R/hqreg","1056","2fb8b16be23c820daf2e51b7ddfef61ca4978e561b1d228d546d1b356041f79e","R environment provenance","tracked"
"thesis_extension/environment/legacy_R343_library/hqreg/R/hqreg.rdb","10218","942664c680d2f4535674a65a2f41437c4cf5e9765ad984b8c11799ba2ee8ac44","R environment provenance","tracked"
"thesis_extension/environment/legacy_R343_library/hqreg/R/hqreg.rdx","401","b6eb89c337bb1f75176ea7fb4d125f1d003c0b34ac49f3c9fe264c3242e4223e","R environment provenance","tracked"
"thesis_extension/environment/legacy_R343_library/hqreg/help/AnIndex","256","854c339fb73cd2b18d9a55dbd96f7232766b0ce88195480512b8b9370c64eee1","R environment provenance","tracked"
"thesis_extension/environment/legacy_R343_library/hqreg/help/aliases.rds","138","4cc01e45dd812bd8343f9d08e66a3442d81d1d9fb6c71e9c519d917da3d1e07f","R environment provenance","tracked"
"thesis_extension/environment/legacy_R343_library/hqreg/help/hqreg.rdb","36776","0fd7c15276739f89c04b93f8d7614871df96a118921d398fffcf8efd16f36f85","R environment provenance","tracked"
"thesis_extension/environment/legacy_R343_library/hqreg/help/hqreg.rdx","315","e99c13bbe3769c2df5eb81647bee07f0db33a2ba43b1d595a2f4a3214cf80ee1","R environment provenance","tracked"
"thesis_extension/environment/legacy_R343_library/hqreg/help/paths.rds","215","87a60dd9b86756362bd58f94ac238eb749c5aa88c43221bbc6ae6c2ef56d99cb","R environment provenance","tracked"
"thesis_extension/environment/legacy_R343_library/hqreg/html/00Index.html","2668","4d0ac3a298e827420e0f433cdeca1020c7b925492a5d02fc51f32d531029355e","R environment provenance","tracked"
"thesis_extension/environment/legacy_R343_library/hqreg/html/R.css","1335","0f4849ab1757247808d54da2c371e992364371c942ad7d629dae8d62327ed068","R environment provenance","tracked"
"thesis_extension/environment/legacy_R343_library/hqreg/html/cv.hqreg.html","6139","b7c04759ada0c88e54d1c1ae0722d4c20de9e83de0921e0ce5c9fa28ecc76874","R environment provenance","tracked"
"thesis_extension/environment/legacy_R343_library/hqreg/html/hqreg-package.html","2973","88a240a6ff6d0798def9435668310e5a9561d0bf98708227d98c9ce134b8f3ec","R environment provenance","tracked"
"thesis_extension/environment/legacy_R343_library/hqreg/html/hqreg.html","10291","4e1644977067ebfffee1dd1aaa5929a2c68d585b4a77261cde65a5e0768a99c6","R environment provenance","tracked"
"thesis_extension/environment/legacy_R343_library/hqreg/html/hqreg_raw.html","9443","8ab63f8f93b7f9c888b28b14824b4cd792558c914d3394c123c450c23ad3c105","R environment provenance","tracked"
"thesis_extension/environment/legacy_R343_library/hqreg/html/plot.cv.hqreg.html","2804","23723422628a9a27ca20859407b67fc6b0516ed50dc70aaf5f15cf4a979d26ba","R environment provenance","tracked"
"thesis_extension/environment/legacy_R343_library/hqreg/html/plot.hqreg.html","3154","4ac85ed83c6e6c1d4a720b8d09dcb56d7af56f0c3dccc01706b0bc4bf57169fe","R environment provenance","tracked"
"thesis_extension/environment/legacy_R343_library/hqreg/html/predict.cv.hqreg.html","3455","e68fdcbf57e9a93a65d57a8e729df9cccb09bedd64606a172bafb5b6e704fdea","R environment provenance","tracked"
"thesis_extension/environment/legacy_R343_library/hqreg/html/predict.hqreg.html","3743","89bfb11f854e00820b3214ca54100390ee4bd5c676b6fe045beeb0bbec7550aa","R environment provenance","tracked"
"thesis_extension/environment/legacy_R343_library/hqreg/libs/i386/hqreg.dll","50190","63949dce44154829685a6c4315ec04eb15d8fea4f4ee4f7ef3b640058dcb912e","R environment provenance","tracked"
"thesis_extension/environment/legacy_R343_library/hqreg/libs/x64/hqreg.dll","49664","5eb9715b8df482e7abc80dbc87b8062208d1a929098d36db77fc1e8157330c11","R environment provenance","tracked"
"thesis_extension/environment/legacy_R343_library/iterators/DESCRIPTION","976","034c710a1f4026322fa563636584bd30c6efaf67fb147bb0d5119923a0d40ebb","R environment provenance","tracked"
"thesis_extension/environment/legacy_R343_library/iterators/INDEX","548","d4b107ccb15116fea69d97e3fde70a137d3f20890ae8726555268992ecc6f415","R environment provenance","tracked"
"thesis_extension/environment/legacy_R343_library/iterators/Meta/Rd.rds","620","785df471470a5b362df26c91ba192e604f14f9b116be0ecd4fca75ff1d3610d5","R environment provenance","tracked"
"thesis_extension/environment/legacy_R343_library/iterators/Meta/features.rds","112","ca4e61dba7127bc424bf40792181e41b09328ada0e081299d6abb7784d47abeb","R environment provenance","tracked"
"thesis_extension/environment/legacy_R343_library/iterators/Meta/hsearch.rds","642","5767101c2b517ba2290d813af7b48a8bb72a6bf75bdd1417fa1dae78190176e9","R environment provenance","tracked"
"thesis_extension/environment/legacy_R343_library/iterators/Meta/links.rds","325","b2b6c7e458013ef5322f7a15bf270739376ce085413aa439f11b8ebe45895bbc","R environment provenance","tracked"
"thesis_extension/environment/legacy_R343_library/iterators/Meta/nsInfo.rds","370","dab7696462e267cdeaa45be707b7e4e0db27c9a9f5e75fe2a44677106bcb0c3a","R environment provenance","tracked"
"thesis_extension/environment/legacy_R343_library/iterators/Meta/package.rds","935","248da7bc0cd7fe68f7daea1f05eda8e1515ad6c677064804b8a9dc7b90de4a80","R environment provenance","tracked"
"thesis_extension/environment/legacy_R343_library/iterators/Meta/vignette.rds","232","841aa74890b5062f7accdd58a631d53dcf3e655a89310a92bf94deddbec3b50b","R environment provenance","tracked"
"thesis_extension/environment/legacy_R343_library/iterators/NAMESPACE","562","5b7803e0239b17ce9e8445f748656ca95348ded19c822c6da2d9d06eeb960dc1","R environment provenance","tracked"
"thesis_extension/environment/legacy_R343_library/iterators/R/iterators","1056","2fb8b16be23c820daf2e51b7ddfef61ca4978e561b1d228d546d1b356041f79e","R environment provenance","tracked"
"thesis_extension/environment/legacy_R343_library/iterators/R/iterators.rdb","19113","d76182371b7084b6045cb968b8b31a32ff356056a5a72123c9c10845c17c137b","R environment provenance","tracked"
"thesis_extension/environment/legacy_R343_library/iterators/R/iterators.rdx","734","53a0a7cda25fda30a76a9f97a774a423018e801119807dbe1189a7a13b0624a9","R environment provenance","tracked"
"thesis_extension/environment/legacy_R343_library/iterators/doc/index.html","1860","17309aed6ef221515cf2ee3b9ad994f4840ba982f04efa63181b8d70dae87d36","R environment provenance","tracked"
"thesis_extension/environment/legacy_R343_library/iterators/doc/iterators.R","1247","9b69acfd37c3266041c0fd1b5452f13ed7aa97794c6c5077c4a36eb349be542f","R environment provenance","tracked"
"thesis_extension/environment/legacy_R343_library/iterators/doc/iterators.Rnw","6249","c4c996ea6e7170cd7f54182ecbed2b6108ddc5834f4442e14757d691b47095e5","R environment provenance","tracked"
"thesis_extension/environment/legacy_R343_library/iterators/doc/iterators.pdf","77672","940b270224f8d520e25628efa5023ce3aef210d78475b74baf4b8c42001634ae","R environment provenance","tracked"
"thesis_extension/environment/legacy_R343_library/iterators/doc/writing.R","5800","5e9df137615df1955267381a5caaadc80af9c52c4c54e260a0b70a6d39b13ac1","R environment provenance","tracked"
"thesis_extension/environment/legacy_R343_library/iterators/doc/writing.Rnw","20559","dab4f78318e37472e95625e7f6a8956c91ca558a8f9cbf0bd9f4fa91787ce6f3","R environment provenance","tracked"
"thesis_extension/environment/legacy_R343_library/iterators/doc/writing.pdf","175445","3c6cf06ce8f0a0b246e37cc03125200d47cf18ab5e036647c80b93309a61655c","R environment provenance","tracked"
"thesis_extension/environment/legacy_R343_library/iterators/examples/ifilter.R","601","6a1682a0c410d383bd076fae824f1acf55e9a16bf6000ed906b499d388d73093","R environment provenance","tracked"
"thesis_extension/environment/legacy_R343_library/iterators/examples/iforever.R","351","241bf92af0254234c4584fe27309d67795a631dfd9b045476132cbc64851f04f","R environment provenance","tracked"
"thesis_extension/environment/legacy_R343_library/iterators/examples/ihasNext.R","1670","920ff59f3f4ebadd2e57af4f035df922158daa81cf8ddf5f6b08ea8c3297bddf","R environment provenance","tracked"
"thesis_extension/environment/legacy_R343_library/iterators/examples/ilimit.R","432","95e1a44b09c13ab079e72c218de08068e5f6a0296cf7d4960ed608aacb7bf285","R environment provenance","tracked"
"thesis_extension/environment/legacy_R343_library/iterators/examples/ipermn.R","3520","b55b179ccf5ca34f0a9a5c37d5988e98d948b2448ce063deefce146e8a173035","R environment provenance","tracked"
"thesis_extension/environment/legacy_R343_library/iterators/examples/irecycle.R","511","9b3cf6c20b31e33aa98c2928281a80196b1f3668aa1fbb4f2aca2c7e91c1ecfc","R environment provenance","tracked"
"thesis_extension/environment/legacy_R343_library/iterators/examples/irep.R","504","62c8ba74a02567073f1b13618983a89b1eb53b86db2328553db70c0c5e1307be","R environment provenance","tracked"
"thesis_extension/environment/legacy_R343_library/iterators/examples/iseq.R","682","2a48d7f26e902ff53f21a5258c25f71e6b92f855b701446ea090fcc899d618bd","R environment provenance","tracked"
"thesis_extension/environment/legacy_R343_library/iterators/examples/itimer.R","572","d0ebc952332f3e2db207fd71d9699918a1a51282e2cbddc60a956e9925bc4934","R environment provenance","tracked"
"thesis_extension/environment/legacy_R343_library/iterators/examples/ivector.R","681","2579bb4bc3b0e527013a5bd2acccdf47251cc617d4efded37aeaf0656e297af5","R environment provenance","tracked"
"thesis_extension/environment/legacy_R343_library/iterators/examples/ivector2.R","1245","74bfaabdae81399f17fa264515b046f2abb7261831be7f719f1247f8930906be","R environment provenance","tracked"
"thesis_extension/environment/legacy_R343_library/iterators/help/AnIndex","449","8b9d408f414973c6601fa042104e0d59b0de143e7b5adb72beb8eff81341a85c","R environment provenance","tracked"
"thesis_extension/environment/legacy_R343_library/iterators/help/aliases.rds","261","55ce515e00379a9d8c9fb4b1c4ac8d04a0a3d6dbb90d58bf84bc0ec4ff8b24b5","R environment provenance","tracked"
"thesis_extension/environment/legacy_R343_library/iterators/help/iterators.rdb","18964","1a643cbeb9d46b5904f34da43b2085f10aaa201cfe119e52cf384f9eed899e94","R environment provenance","tracked"
"thesis_extension/environment/legacy_R343_library/iterators/help/iterators.rdx","367","f25afd78933dd2f921c631aacc3810e37fe4548b7af1de18c05b98b80dafee6c","R environment provenance","tracked"
"thesis_extension/environment/legacy_R343_library/iterators/help/paths.rds","227","0f5d08b96b24994743d2a58767b1b9fc8907fb82f638e0025fb5527d4f10da4f","R environment provenance","tracked"
"thesis_extension/environment/legacy_R343_library/iterators/html/00Index.html","3658","fc528d6a930fb705c1e7ec7d34e60016868300724bc7dac646771cb7a1cce1a3","R environment provenance","tracked"
"thesis_extension/environment/legacy_R343_library/iterators/html/R.css","1335","0f4849ab1757247808d54da2c371e992364371c942ad7d629dae8d62327ed068","R environment provenance","tracked"
"thesis_extension/environment/legacy_R343_library/iterators/html/iapply.html","1744","3f0f8125d39a152dfce301710ce566b2fe7954215bb59ee5027aa84e08ae42b3","R environment provenance","tracked"
"thesis_extension/environment/legacy_R343_library/iterators/html/icount.html","1401","7733b9a33f3de43caee2384c205e474876c82bea42c0a2de2118cb5fa7c3c14a","R environment provenance","tracked"
"thesis_extension/environment/legacy_R343_library/iterators/html/idiv.html","2141","930c48d031e26bae5dffb407eff9e876511017ac78a64d9e60fd286c355cec66","R environment provenance","tracked"
"thesis_extension/environment/legacy_R343_library/iterators/html/iread.table.html","2252","02957ab4939acdddb62cb38570127a03866703f6575bfbb7aa749090d466092c","R environment provenance","tracked"
"thesis_extension/environment/legacy_R343_library/iterators/html/ireadLines.html","1835","a64676757804fb8d12e060dc88899b7faacd8c8f229c012ada5f57c76b759157","R environment provenance","tracked"
"thesis_extension/environment/legacy_R343_library/iterators/html/irnorm.html","1730","d6d2b4858650f7edb53d934a7635130f63f890949d73d401332a0df1a36c9020","R environment provenance","tracked"
"thesis_extension/environment/legacy_R343_library/iterators/html/isplit.html","1826","8190c47ee7cacc77881d12aaa4eb140a0075affd3218c3fd6748cc935528217b","R environment provenance","tracked"
"thesis_extension/environment/legacy_R343_library/iterators/html/iter.html","2984","8d1cacc3ccb1c1cea55347c0f632559240a4be8fe36d21fe294e60720d0f2c1b","R environment provenance","tracked"
"thesis_extension/environment/legacy_R343_library/iterators/html/iterators-package.html","2173","be48f2e42d37d4571c470ff7b7b2d10f5d7e45020ea41573624aa9df468389b4","R environment provenance","tracked"
"thesis_extension/environment/legacy_R343_library/iterators/html/nextElem.html","1706","060c10ce572a0e8a365ad6d62678d5ebe621c778b3ac06d6aa182c0968b8b99f","R environment provenance","tracked"
"thesis_extension/environment/legacy_R343_library/iterators/unitTests/basicTest.R","3541","354759c42f925ade4efeb7f14fa8a5038fd5f685a89ce8eb8ec55af1702e778e","R environment provenance","tracked"
"thesis_extension/environment/legacy_R343_library/iterators/unitTests/chunksizeTest.R","707","93ef97ef5f8b64637d8e6850a1e38d901229b26d6245c7ded0aa2a3ffb3accdb","R environment provenance","tracked"
"thesis_extension/environment/legacy_R343_library/iterators/unitTests/iapplyTest.R","962","6ca5845c2602130f24f707c0f56663a676fc2d1809f0059e434702f6f9d526a7","R environment provenance","tracked"
"thesis_extension/environment/legacy_R343_library/iterators/unitTests/icountnTest.R","693","366da49e72feb424b01d5cf726e8ffa7774a60d3d7e95dd56d95d34408c0af35","R environment provenance","tracked"
"thesis_extension/environment/legacy_R343_library/iterators/unitTests/isplitTest.R","936","16b3f885ff6c101e99effec49fdf6ec5042cc7c2ba7425219efbf03bdb4aaa4a","R environment provenance","tracked"
"thesis_extension/environment/legacy_R343_library/iterators/unitTests/recycleTest.R","332","ac19307e3944fe0b5c619bda636fbc640da4be06ceb42a426deafecac092c3f0","R environment provenance","tracked"
"thesis_extension/environment/legacy_R343_library/iterators/unitTests/runTestSuite.sh","742","dd1366fcd1506b14b45e064ffcd2a83a0bbfbff4687105eda55d6a1f1b5f7be1","R environment provenance","tracked"
"thesis_extension/environment/legacy_R343_library/labeling/DESCRIPTION","617","664fbde90c4f99de96d75e8c16fa493295be80523e81cb448ee8e30e8a259b2c","R environment provenance","tracked"
"thesis_extension/environment/legacy_R343_library/labeling/INDEX","782","63184d9608cf041ebcca17b6bb295e17477d57da3b22ce023f84fba65ce86436","R environment provenance","tracked"
"thesis_extension/environment/legacy_R343_library/labeling/LICENSE","43","d79afc41f4466fac750ca425cca2be0c5ba5f8b81942d9237d6bbeab51cfeb29","R environment provenance","tracked"
"thesis_extension/environment/legacy_R343_library/labeling/MD5","1650","b983d7a35ed3cb6c2e8e644915de3a3afc4b94291ed1d80ee73574878f0f4e63","R environment provenance","tracked"
"thesis_extension/environment/legacy_R343_library/labeling/Meta/Rd.rds","678","3c726593c3829d0fb2706464a99a5dc7b71246cd441cab5c75f9a28aa602d2cd","R environment provenance","tracked"
"thesis_extension/environment/legacy_R343_library/labeling/Meta/features.rds","112","0c47f77934234b8ddfc04ba4cf55da90ab9ef317d3825782bd4282625c53d444","R environment provenance","tracked"
"thesis_extension/environment/legacy_R343_library/labeling/Meta/hsearch.rds","669","63e973dacc5d6bdedd7aeed1750681563d07ae10bc7caae6d98330fbada6cb98","R environment provenance","tracked"
"thesis_extension/environment/legacy_R343_library/labeling/Meta/links.rds","354","23bb8cff30b51cac49c7920452e0fa71853ab95792119b8df58e981591d9523f","R environment provenance","tracked"
"thesis_extension/environment/legacy_R343_library/labeling/Meta/nsInfo.rds","262","25c6f265ad2c39080c00547254bc578f0c32e99d1a8d034f8948dabb32d2aba7","R environment provenance","tracked"
"thesis_extension/environment/legacy_R343_library/labeling/Meta/package.rds","669","3a2f9fbe15f9306718affca90acf327930f2b3bd68ee598960a55358922d77bf","R environment provenance","tracked"
"thesis_extension/environment/legacy_R343_library/labeling/NAMESPACE","173","f7b965521aa1bbbe5332538b745a944127b5557d0a0ebcfec97005e1e70ad1cb","R environment provenance","tracked"
"thesis_extension/environment/legacy_R343_library/labeling/R/labeling","1056","2fb8b16be23c820daf2e51b7ddfef61ca4978e561b1d228d546d1b356041f79e","R environment provenance","tracked"
"thesis_extension/environment/legacy_R343_library/labeling/R/labeling.rdb","10621","71f8521ed277888a3d6fa9ca198277a7b8403d5ef06f468a93a58190c2275a6f","R environment provenance","tracked"
"thesis_extension/environment/legacy_R343_library/labeling/R/labeling.rdx","535","ec8efd8110e695c407b2b7d23d78e51c3d44e2a01524f070245fe8bac606765b","R environment provenance","tracked"
"thesis_extension/environment/legacy_R343_library/labeling/help/AnIndex","587","1c66242bb234e766aad32497cf4b41b0a702f1a2687d14029b7574d45cb9c3ac","R environment provenance","tracked"
"thesis_extension/environment/legacy_R343_library/labeling/help/aliases.rds","268","6863385998ef100c0f0420e2b6774b0ef5ddd566552c2778c13dc4ad55c24221","R environment provenance","tracked"
"thesis_extension/environment/legacy_R343_library/labeling/help/labeling.rdb","21299","c6dff78f2f5492f04b4ca679a8e0013457579670a36bd66934535195fa35d947","R environment provenance","tracked"
"thesis_extension/environment/legacy_R343_library/labeling/help/labeling.rdx","418","92195019f7b974848fd118b878b3979760ee3c6bb746883c96d487605ef5dce4","R environment provenance","tracked"
"thesis_extension/environment/legacy_R343_library/labeling/help/paths.rds","273","61ba00267ae161c04fd2f1912f16755a9193cb183cad8f6d27fa3c2ec3ee010b","R environment provenance","tracked"
"thesis_extension/environment/legacy_R343_library/labeling/html/00Index.html","2432","061c11b6acb016c95cfeea7a073fa4f5e03d438cdb9b63312e9780706230813d","R environment provenance","tracked"
"thesis_extension/environment/legacy_R343_library/labeling/html/R.css","1335","0f4849ab1757247808d54da2c371e992364371c942ad7d629dae8d62327ed068","R environment provenance","tracked"
"thesis_extension/environment/legacy_R343_library/labeling/html/extended.figures.html","1525","c38995f6dbcee88fe2f21f5ea1890401c5a7c91d82b5b54d21088b31552cecab","R environment provenance","tracked"
"thesis_extension/environment/legacy_R343_library/labeling/html/extended.html","2197","30fcbd90ca7e45ff33612a2a70a8c6887c4bf74d27bdc5555ce29c72c9379025","R environment provenance","tracked"
"thesis_extension/environment/legacy_R343_library/labeling/html/gnuplot.html","1442","3651968a588daca565d9f9f192be71c6f1b566763a253332c313cfbb5b8c4cc4","R environment provenance","tracked"
"thesis_extension/environment/legacy_R343_library/labeling/html/heckbert.html","1490","65c1f0919ca2013816b4868468cd18cc016b3239d2d94160e669397d547eac58","R environment provenance","tracked"
"thesis_extension/environment/legacy_R343_library/labeling/html/labeling-internal.html","830","12f76996d90a21ab495f78671175788856d70fd709e93567b4d9e7a9c585151b","R environment provenance","tracked"
"thesis_extension/environment/legacy_R343_library/labeling/html/labeling-package.html","3304","67d3422b8b0a02915efaf61a148538351249805339236a49eac6a1a57ec70536","R environment provenance","tracked"
"thesis_extension/environment/legacy_R343_library/labeling/html/matplotlib.html","1480","cbcbea0a599320361cc971a028ef8b82fc7be09e92abcbbbd7757ef9e9f7d20a","R environment provenance","tracked"
"thesis_extension/environment/legacy_R343_library/labeling/html/nelder.html","1645","78651f98a1ac900709bf910890fd65b41b1f3bbf6d2f488ce64ed070cccf09a2","R environment provenance","tracked"
"thesis_extension/environment/legacy_R343_library/labeling/html/rpretty.html","2696","b387b1f1da3625fa1a135c14c59bf5ea7309e99bda37224fd3b35ef83ec16679","R environment provenance","tracked"
"thesis_extension/environment/legacy_R343_library/labeling/html/sparks.html","1491","593a6809dddc109d20fed31a3247981f98c6c256a4dd4c7f73d588afe48708cf","R environment provenance","tracked"
"thesis_extension/environment/legacy_R343_library/labeling/html/thayer.html","1555","75c92178af1a2a3238c80f49d71cb8ad2cc9b8e59a044ef9cc19882290cb0a90","R environment provenance","tracked"
"thesis_extension/environment/legacy_R343_library/labeling/html/wilkinson.html","3189","4269a67b7e6a13393832210ca342f23c41455e556f954bfe17c09b8bf0cfbf9d","R environment provenance","tracked"
"thesis_extension/environment/legacy_R343_library/lazyeval/DESCRIPTION","901","9180f812e874216f968db2663a40197a7409dfa6d27dc9c3eada7763cf8102f5","R environment provenance","tracked"
"thesis_extension/environment/legacy_R343_library/lazyeval/INDEX","1432","43304ef12ca0e75a74f34b16cc2e966781f55b21bd94979de445a5edf49707e6","R environment provenance","tracked"
"thesis_extension/environment/legacy_R343_library/lazyeval/MD5","2923","80af929b9ca0eec4c6f3393cbb1df0bd201421c94f765dca7bcc9cf941cee957","R environment provenance","tracked"
"thesis_extension/environment/legacy_R343_library/lazyeval/Meta/Rd.rds","1165","a8acfdbae5879154f2dba79f126a1cfc564e435eb70cc461d831d41257f25bc7","R environment provenance","tracked"
"thesis_extension/environment/legacy_R343_library/lazyeval/Meta/features.rds","112","0c47f77934234b8ddfc04ba4cf55da90ab9ef317d3825782bd4282625c53d444","R environment provenance","tracked"
"thesis_extension/environment/legacy_R343_library/lazyeval/Meta/hsearch.rds","1174","ad8911a06373fed2aa9914b6de93eb105c98ce1f7cc42e35a5462ed2c834b601","R environment provenance","tracked"
"thesis_extension/environment/legacy_R343_library/lazyeval/Meta/links.rds","555","7d2f9ef160f10730b5ae4adcc7d26c22bfc15551239f37ee80c5f30e5d074174","R environment provenance","tracked"
"thesis_extension/environment/legacy_R343_library/lazyeval/Meta/nsInfo.rds","746","57c476ff1ee9ff0ad7aa937b4f47673c9475e12f627e7e73a7c7a8cdde8ed90c","R environment provenance","tracked"
"thesis_extension/environment/legacy_R343_library/lazyeval/Meta/package.rds","977","8e269acab8936d2739555673db6153ce77631eaf06793a302746ade08df6554c","R environment provenance","tracked"
"thesis_extension/environment/legacy_R343_library/lazyeval/Meta/vignette.rds","253","4d8c9dc2fe10f0a323eb4e854489582222ab2195e0808d1199d7494a2e362838","R environment provenance","tracked"
"thesis_extension/environment/legacy_R343_library/lazyeval/NAMESPACE","2032","8a07d51326ed723fb64ccadfce8cb267d5161f878afe01eb2deb9f613944e992","R environment provenance","tracked"
"thesis_extension/environment/legacy_R343_library/lazyeval/NEWS.md","3234","afd5a0a0e540c543b228d1ebd7b4ebbe827afa568ea755f08bdc6d99816ccc69","R environment provenance","tracked"
"thesis_extension/environment/legacy_R343_library/lazyeval/R/lazyeval","1056","2fb8b16be23c820daf2e51b7ddfef61ca4978e561b1d228d546d1b356041f79e","R environment provenance","tracked"
"thesis_extension/environment/legacy_R343_library/lazyeval/R/lazyeval.rdb","20065","cb7d4780256408eb08d486cab4a18fac7002c98fd3cf18b467f3e496b5a51d11","R environment provenance","tracked"
"thesis_extension/environment/legacy_R343_library/lazyeval/R/lazyeval.rdx","1464","380b6465d19bf0a7d91649920770f6377fa1dfce219a95584aab99f965d5c216","R environment provenance","tracked"
"thesis_extension/environment/legacy_R343_library/lazyeval/doc/index.html","1889","828ea7ab856abd1fab2ee9948ef771e1b3efbfbf5d0b9b7c29934a2cb2208c1e","R environment provenance","tracked"
"thesis_extension/environment/legacy_R343_library/lazyeval/doc/lazyeval-old.R","2572","373985785b7e63e46cf03004f5ad7ebd0680938e8dcaa8145d10ce975bd08568","R environment provenance","tracked"
"thesis_extension/environment/legacy_R343_library/lazyeval/doc/lazyeval-old.Rmd","5887","7b9248adfcf1423c7de8a4d34905c55d98b46fc1a15270277d5bb6932b5a5729","R environment provenance","tracked"
"thesis_extension/environment/legacy_R343_library/lazyeval/doc/lazyeval-old.html","22416","7216e23c9444e927b2ae62d410adc8babfb4d2c6feef4c1e308581146b47a241","R environment provenance","tracked"
"thesis_extension/environment/legacy_R343_library/lazyeval/doc/lazyeval.R","8505","afc87245c52d04d61211f54880954ec7d53995ac6e7b72e23684451fec8aa6e1","R environment provenance","tracked"
"thesis_extension/environment/legacy_R343_library/lazyeval/doc/lazyeval.Rmd","21038","d5b9345d32add276ba983d3e378f173bfcb1400b3b97e130e2c75006e1b75842","R environment provenance","tracked"
"thesis_extension/environment/legacy_R343_library/lazyeval/doc/lazyeval.html","71082","1e5fd8afb0a8cf1bcf7a3bd2160c84a478647eb1161863d5142a763bed97bcc5","R environment provenance","tracked"
"thesis_extension/environment/legacy_R343_library/lazyeval/help/AnIndex","944","091a8159c84762cd5a44fc097810f9b4f64e396c3f9b6ee51f9039f5603d82a6","R environment provenance","tracked"
"thesis_extension/environment/legacy_R343_library/lazyeval/help/aliases.rds","422","2ce0c6b64067041891d9d09200e9acef5630a2d77d2f49888b7bee63c8617c29","R environment provenance","tracked"
"thesis_extension/environment/legacy_R343_library/lazyeval/help/lazyeval.rdb","43743","ff9bd31780325019b7df96accc06de811c1bc84a35d1afafca54a50140da7682","R environment provenance","tracked"
"thesis_extension/environment/legacy_R343_library/lazyeval/help/lazyeval.rdx","689","9c777ecd555c9198f433944f133348fa7e39583be249fdaaf91fb3d09b1b9b68","R environment provenance","tracked"
"thesis_extension/environment/legacy_R343_library/lazyeval/help/paths.rds","362","325b9df9d59b0cc677b4ab84fa2491d80bea1c9c1dca3885f3745a7ef45c6d12","R environment provenance","tracked"
"thesis_extension/environment/legacy_R343_library/lazyeval/html/00Index.html","6921","36ed9e6a7d5c9a38ac433adb798f10db92b65892bbfa27fd225b88b23166a9ae","R environment provenance","tracked"
"thesis_extension/environment/legacy_R343_library/lazyeval/html/R.css","1335","0f4849ab1757247808d54da2c371e992364371c942ad7d629dae8d62327ed068","R environment provenance","tracked"
"thesis_extension/environment/legacy_R343_library/lazyeval/html/all_dots.html","1386","659ac0b7d805265312b359d11de2a0f1df6d9fa9befca2dfd44b2110a035ee95","R environment provenance","tracked"
"thesis_extension/environment/legacy_R343_library/lazyeval/html/as.lazy.html","1816","3fdf3baae260ab26a4c627d544d28ce05f9bf0c933f858a719dae5cc44cd00d0","R environment provenance","tracked"
"thesis_extension/environment/legacy_R343_library/lazyeval/html/as_name.html","1356","aef4e6c0aed47b4ac937f9f8dccd848611d67495747f34037c99c15b81681839","R environment provenance","tracked"
"thesis_extension/environment/legacy_R343_library/lazyeval/html/ast_.html","1512","e82d6450a5e43489c771c086689cf9214acffcbe4cbd395c17e520e420b00e26","R environment provenance","tracked"
"thesis_extension/environment/legacy_R343_library/lazyeval/html/auto_name.html","1411","7929a1efcf96441286af30da5547933a112d2a83b16920fcc3b34d87a8e4a129","R environment provenance","tracked"
"thesis_extension/environment/legacy_R343_library/lazyeval/html/call_modify.html","1893","8a494f2ccc0617e7ae1050cabdec23592315aea076da2405c22a655118d737d3","R environment provenance","tracked"
"thesis_extension/environment/legacy_R343_library/lazyeval/html/call_new.html","1546","b740710bd25afa236f0bcde08d34c54a318b0a7c8406afd885a4902bfe2d5790","R environment provenance","tracked"
"thesis_extension/environment/legacy_R343_library/lazyeval/html/common_env.html","1205","a0e5c94c58880b21cb6db7de97a7732f77e015ef549a5ce35857739937fa92aa","R environment provenance","tracked"
"thesis_extension/environment/legacy_R343_library/lazyeval/html/expr_label.html","2332","62218e09cb747a82078559b7da003b73e652648c2147985fa7194adbd124113e","R environment provenance","tracked"
"thesis_extension/environment/legacy_R343_library/lazyeval/html/f_capture.html","1889","0c5d0154fa96e93408a70d8840bb24536306abf659f42edc400af0db4bd2e1db","R environment provenance","tracked"
"thesis_extension/environment/legacy_R343_library/lazyeval/html/f_eval.html","3095","66d26f853d68789104bf81b4b80fdb5287b78c89c2895a04e92f9258a46a5959","R environment provenance","tracked"
"thesis_extension/environment/legacy_R343_library/lazyeval/html/f_interp.html","2409","3b9d19d3c2c8074ead32ec3e87d267f585eaa5005711d9fb2c9075942416949b","R environment provenance","tracked"
"thesis_extension/environment/legacy_R343_library/lazyeval/html/f_list.html","1382","8679c009b683d911153f66689c03cba46a1e205e100ac46d07ec34265b805489","R environment provenance","tracked"
"thesis_extension/environment/legacy_R343_library/lazyeval/html/f_new.html","1268","4c21a73932499f1bde73a4aef24c078e8a918d05d980d749c5d29ccbdffe5415","R environment provenance","tracked"
"thesis_extension/environment/legacy_R343_library/lazyeval/html/f_rhs.html","1654","018be33d5e3906228bfc2b5ca51e3f3538a39f51842fa11b9b8ed61768ebe3c2","R environment provenance","tracked"
"thesis_extension/environment/legacy_R343_library/lazyeval/html/f_text.html","1567","ca96f14161b4b75c9b481d0035f739c782ebf3e29c5c0bcdba6aff8572840a40","R environment provenance","tracked"
"thesis_extension/environment/legacy_R343_library/lazyeval/html/f_unwrap.html","1108","9464649d7037d540e2a1431475bc77a79b937c9a63d97f9259bf56dc1f0881b8","R environment provenance","tracked"
"thesis_extension/environment/legacy_R343_library/lazyeval/html/function_new.html","2183","51b82a254676e463adc3456913a6c05a383c22b85794d3b01148bd0ff82bedf6","R environment provenance","tracked"
"thesis_extension/environment/legacy_R343_library/lazyeval/html/interp.html","2166","24294c12021b0b3975efc1c5a270691ddc344ebe5e1168fd32f8ff97e0594bbb","R environment provenance","tracked"
"thesis_extension/environment/legacy_R343_library/lazyeval/html/is_formula.html","1007","4fd2298358db7d4334effc4aa9dc192275a372e1e3cbe836892549574b0bbe57","R environment provenance","tracked"
"thesis_extension/environment/legacy_R343_library/lazyeval/html/is_lang.html","1556","fdd8b8afed6a39dc414badb2aa35510ea7c6853a808b264ffddc10363165a515","R environment provenance","tracked"
"thesis_extension/environment/legacy_R343_library/lazyeval/html/lazy_.html","2604","8daf1c52d83edcb2984586abd8f8364adb710ac62c02a5267c80b749035abe10","R environment provenance","tracked"
"thesis_extension/environment/legacy_R343_library/lazyeval/html/lazy_dots.html","2111","5c7e2d89f8c467d828848eb067801028b88a0d08faf55eb90025b15f6a95b87c","R environment provenance","tracked"
"thesis_extension/environment/legacy_R343_library/lazyeval/html/lazy_eval.html","1432","94348b602bbf8af735eea562f2def9a4e9eac492e34f30d7bc57dd6a2b9e397e","R environment provenance","tracked"
"thesis_extension/environment/legacy_R343_library/lazyeval/html/make_call.html","2007","bb4bfacdfb18bc7c57488a8959347b42d60ae5610dbc6e6afe415765556c89fc","R environment provenance","tracked"
"thesis_extension/environment/legacy_R343_library/lazyeval/html/missing_arg.html","915","875dde3056fd9bf7f6a3ed465ea6e603e3e7ff217a5c021673ba891d7e396794","R environment provenance","tracked"
"thesis_extension/environment/legacy_R343_library/lazyeval/libs/i386/lazyeval.dll","23566","7634a2e03483ce27e5238d967458186768d98b01b4ba153de390dd85a0708f6f","R environment provenance","tracked"
"thesis_extension/environment/legacy_R343_library/lazyeval/libs/x64/lazyeval.dll","23552","6acc0b5d1331021caf90229d498702e8bf567b6ac8a2e6a5f95c43d01a4fc3fb","R environment provenance","tracked"
"thesis_extension/environment/legacy_R343_library/magrittr/DESCRIPTION","927","f092f0d3ccb7817f2ab5f11f94c43cd365e6297d410420edf39ee30880a86f21","R environment provenance","tracked"
"thesis_extension/environment/legacy_R343_library/magrittr/INDEX","764","93ce934c3a27c894b1c8064e350472a70650a2b9647b4e8c9e9cc7906fefe5c8","R environment provenance","tracked"
"thesis_extension/environment/legacy_R343_library/magrittr/LICENSE","68","8f0ba13da3a5dd1cd5a1e0d93e87d4dd63e68cbb8080b639f30bad2c0fa23745","R environment provenance","tracked"
"thesis_extension/environment/legacy_R343_library/magrittr/MD5","1882","d46bb1fbbdaae7b9dd0ffa6b9badec22025c5538396c69ceea13b499e915696a","R environment provenance","tracked"
"thesis_extension/environment/legacy_R343_library/magrittr/Meta/Rd.rds","753","48fa0fe8b8ebcc14b4bcd54db30ef525703e3c67ae25674e09c3e4c68052c84b","R environment provenance","tracked"
"thesis_extension/environment/legacy_R343_library/magrittr/Meta/features.rds","112","0c47f77934234b8ddfc04ba4cf55da90ab9ef317d3825782bd4282625c53d444","R environment provenance","tracked"
"thesis_extension/environment/legacy_R343_library/magrittr/Meta/hsearch.rds","756","fa3144f01dffb110b117397215257321382515c5b399423051f6761a92cac145","R environment provenance","tracked"
"thesis_extension/environment/legacy_R343_library/magrittr/Meta/links.rds","445","238173ed34076a1a9ff73665496f502c574d65609a2a27c872ae0badefadb459","R environment provenance","tracked"
"thesis_extension/environment/legacy_R343_library/magrittr/Meta/nsInfo.rds","435","a4c33f432dad476daa5f0d5414146495adabe566df8c6f971ff2697312f77181","R environment provenance","tracked"
"thesis_extension/environment/legacy_R343_library/magrittr/Meta/package.rds","886","244037e106d38af1bd7413e3a0eafae260309bbb8abeba14c88d260b2ce8395a","R environment provenance","tracked"
"thesis_extension/environment/legacy_R343_library/magrittr/Meta/vignette.rds","209","d816596ef2091e391606676868563432248a8b59921dd4832d121e39237229eb","R environment provenance","tracked"
"thesis_extension/environment/legacy_R343_library/magrittr/NAMESPACE","785","942677ac6cd6c0fdb89229ce5b1df11e385a668467e063d2d8c06fb23969b5b6","R environment provenance","tracked"
"thesis_extension/environment/legacy_R343_library/magrittr/R/magrittr","1056","2fb8b16be23c820daf2e51b7ddfef61ca4978e561b1d228d546d1b356041f79e","R environment provenance","tracked"
"thesis_extension/environment/legacy_R343_library/magrittr/R/magrittr.rdb","24383","d2cbdf6973028f95189072f032b52bd656ba0f5103c7361818bf52cd0a693ebb","R environment provenance","tracked"
"thesis_extension/environment/legacy_R343_library/magrittr/R/magrittr.rdx","896","1ae3def2b45fe3ad9f56b2f95bce140c36802cfe7a9b49ee96052548b1d170ff","R environment provenance","tracked"
"thesis_extension/environment/legacy_R343_library/magrittr/doc/index.html","1372","66374bcd5ddbc4d9f5b0030cb71d9f212e1910bdcefeaf5419ca549cfc1b95d8","R environment provenance","tracked"
"thesis_extension/environment/legacy_R343_library/magrittr/doc/magrittr.R","2175","b3bc1bd45dbbf254d1566a87323f81afc862c294bb13d2755fe48f17ae52e217","R environment provenance","tracked"
"thesis_extension/environment/legacy_R343_library/magrittr/doc/magrittr.Rmd","8134","3f0936bdbf59ba014e54782d8a101f5494888d3b1facb7322b766ab364e679a7","R environment provenance","tracked"
"thesis_extension/environment/legacy_R343_library/magrittr/doc/magrittr.html","149379","ce3716665c126addaed8b8feb3e05ad09767ced8e6efd68ae90e535c7772b39e","R environment provenance","tracked"
"thesis_extension/environment/legacy_R343_library/magrittr/help/AnIndex","760","dce7c71d80906b1f99fcf3d5ae0e2041ae6ba3f671baf9dae95c81656f16d1a0","R environment provenance","tracked"
"thesis_extension/environment/legacy_R343_library/magrittr/help/aliases.rds","407","76d02f17dbb8b1e54cefec00c077632083d34fc984456e5dfbca89a50253cdc9","R environment provenance","tracked"
"thesis_extension/environment/legacy_R343_library/magrittr/help/magrittr.rdb","26317","2c43ca14f6a8b33e6821633ee25b44d30e20b8bd19e08afcb8c087691d55ff6d","R environment provenance","tracked"
"thesis_extension/environment/legacy_R343_library/magrittr/help/magrittr.rdx","403","cebf575452739919740c9b16daf012ca9225d3992aa5505ac782f94e6c668a1e","R environment provenance","tracked"
"thesis_extension/environment/legacy_R343_library/magrittr/help/paths.rds","252","17463b5f605f4a47b47ab547975046c3effedff218414cc34e9b340c4e6ffd30","R environment provenance","tracked"
"thesis_extension/environment/legacy_R343_library/magrittr/html/00Index.html","5272","9b9419f3498909ec53f9159c9655ff48ced93575d5d16f16299a6aa5efe3e0c2","R environment provenance","tracked"
"thesis_extension/environment/legacy_R343_library/magrittr/html/R.css","1335","0f4849ab1757247808d54da2c371e992364371c942ad7d629dae8d62327ed068","R environment provenance","tracked"
"thesis_extension/environment/legacy_R343_library/magrittr/html/aliases.html","4982","7d49f600a4e0f6f55dc85d399606a5f35bfd6f6c548abecbb13bb1bf96a7b10d","R environment provenance","tracked"
"thesis_extension/environment/legacy_R343_library/magrittr/html/compound.html","2416","b1d73b2d80d6bfe62abac397fdd50c159035879abc0c00b8c8eb0c2d93ad8d21","R environment provenance","tracked"
"thesis_extension/environment/legacy_R343_library/magrittr/html/debug_fseq.html","1252","a62650d9f89ace04b7e1b6e06827bd8376b4b02e5b696d7240a9137934aa9a8b","R environment provenance","tracked"
"thesis_extension/environment/legacy_R343_library/magrittr/html/debug_pipe.html","1113","f5230a55a5d7e0fd2a306110064bbdefcc86b7949f18c0fa953d747c7dfd74e5","R environment provenance","tracked"
"thesis_extension/environment/legacy_R343_library/magrittr/html/exposition.html","1913","39474962216c7043329f3b96d711d950dbcd155050d4a2841fdb7adbe6f8f55e","R environment provenance","tracked"
"thesis_extension/environment/legacy_R343_library/magrittr/html/freduce.html","1280","cb5731e48c49b2f9ffa754d96bc3b61fc2c876e12d7eb1a0a8957423cd00a1a8","R environment provenance","tracked"
"thesis_extension/environment/legacy_R343_library/magrittr/html/fseq.html","1426","ac795ae8db914796448877fb0065f7eac29cabbfc852770af15cf472d6d989ca","R environment provenance","tracked"
"thesis_extension/environment/legacy_R343_library/magrittr/html/functions.html","1196","5dc3920feb71ecae5a62c8b1e5ae573f552640cf83ea810e9b2e03ba7375136d","R environment provenance","tracked"
"thesis_extension/environment/legacy_R343_library/magrittr/html/magrittr.html","2959","5182ecb7460af80f94facebcddbe711c0e3d751e82a2e5c237e4442442465564","R environment provenance","tracked"
"thesis_extension/environment/legacy_R343_library/magrittr/html/pipe.html","6525","476b412b3026293b92a9299c72e8774fe7955e2a0501359570562332c23e2586","R environment provenance","tracked"
"thesis_extension/environment/legacy_R343_library/magrittr/html/print.fseq.html","1141","c5c6d33be8c43070502cfd8eecf2a3438ecf8f2bff1e921d897d0d0427de3316","R environment provenance","tracked"
"thesis_extension/environment/legacy_R343_library/magrittr/html/tee.html","1801","7789528f5944b411a4b549174abb1cd55bc7795be09cc1cfee42be39c10226e6","R environment provenance","tracked"
"thesis_extension/environment/legacy_R343_library/munsell/DESCRIPTION","875","bc15e8735f4155984e3411b57762eecba7e451fa1ec060d04e65ea2e1034f2ca","R environment provenance","tracked"
"thesis_extension/environment/legacy_R343_library/munsell/INDEX","1313","deedcb2200b146e575c0e27c4fc1451809b9c222502c3fbfe97c2c2e233e9a55","R environment provenance","tracked"
"thesis_extension/environment/legacy_R343_library/munsell/LICENSE","46","b6257df5f4bf973bb9f6dd480a400eb9dfb0747cf35e1085d8583c92e228f444","R environment provenance","tracked"
"thesis_extension/environment/legacy_R343_library/munsell/MD5","2696","7425b8e893c68a180c988765ad49485a48f4745cabc1d95b143df9b74799c217","R environment provenance","tracked"
"thesis_extension/environment/legacy_R343_library/munsell/Meta/Rd.rds","971","7b47fbb2dba7a4d0ab7cfe99096ccdaa66db9b24f56c471a20d748a51a06082a","R environment provenance","tracked"
"thesis_extension/environment/legacy_R343_library/munsell/Meta/features.rds","112","0c47f77934234b8ddfc04ba4cf55da90ab9ef317d3825782bd4282625c53d444","R environment provenance","tracked"
"thesis_extension/environment/legacy_R343_library/munsell/Meta/hsearch.rds","878","60a9c69fd760b423ce4b61227e75a80d47af1237eb48a00682d26caa741a1f34","R environment provenance","tracked"
"thesis_extension/environment/legacy_R343_library/munsell/Meta/links.rds","433","225b7e69b8fbe0dcf36ea1d0c6512d3f7b75542f0c18f9ea3fc0fe99c8081f58","R environment provenance","tracked"
"thesis_extension/environment/legacy_R343_library/munsell/Meta/nsInfo.rds","382","220b74b46e75bbe4ba0d3d7cccab98d718c0a5726c18a59b6e9b24bc2c747d8f","R environment provenance","tracked"
"thesis_extension/environment/legacy_R343_library/munsell/Meta/package.rds","861","849f0c9f16ffa630013822671b0e9d7e112945a8e81395f8731482d21e28bb24","R environment provenance","tracked"
"thesis_extension/environment/legacy_R343_library/munsell/NAMESPACE","560","81979adb69603a2a5bcb1f7f5619b758343e8439be8824c6a2ee6db5c98f6eae","R environment provenance","tracked"
"thesis_extension/environment/legacy_R343_library/munsell/NEWS.md","1701","5d0986baa16fdfa2f6f6728d28437b43f3d07d59e86f4fa356f9c64fbce075a8","R environment provenance","tracked"
"thesis_extension/environment/legacy_R343_library/munsell/R/munsell","1056","2fb8b16be23c820daf2e51b7ddfef61ca4978e561b1d228d546d1b356041f79e","R environment provenance","tracked"
"thesis_extension/environment/legacy_R343_library/munsell/R/munsell.rdb","13290","de4d885535713e08a091e006fbd044850b7306faba03ee7807c6dc16bd05d43a","R environment provenance","tracked"
"thesis_extension/environment/legacy_R343_library/munsell/R/munsell.rdx","625","208beaf52317c351bdf4891db0bf199f515b7c9db38f76f0833955d6b227e2b4","R environment provenance","tracked"
"thesis_extension/environment/legacy_R343_library/munsell/R/sysdata.rdb","52793","78fc5af2929512926d05ff5ffcdef25ab1d96bbb56895ef6b2cbc3a3183a1d92","R environment provenance","tracked"
"thesis_extension/environment/legacy_R343_library/munsell/R/sysdata.rdx","142","8d67cd197d176f26be05cfb7eaca6e31ebb0369590a7e4c7016d746fa54de785","R environment provenance","tracked"
"thesis_extension/environment/legacy_R343_library/munsell/help/AnIndex","603","5cc0d8676509ba99fdd159cbeee2dae3776d05b834b85dd1ac0f711816047561","R environment provenance","tracked"
"thesis_extension/environment/legacy_R343_library/munsell/help/aliases.rds","282","a2ebb72b61e524334ae7d375cb5afde852f10699d5abce6871274d383a827ece","R environment provenance","tracked"
"thesis_extension/environment/legacy_R343_library/munsell/help/munsell.rdb","36456","ed57adcc36e98ee24b1e5193021ab40b8df6bd065efdf4120e055e35ba42e70f","R environment provenance","tracked"
"thesis_extension/environment/legacy_R343_library/munsell/help/munsell.rdx","692","337ceb5b361f79e732741163adcb010673104a198c50f0947ee678d00b9d4110","R environment provenance","tracked"
"thesis_extension/environment/legacy_R343_library/munsell/help/paths.rds","371","8b6e9e5cc272d1e76a0b70c81f3e40bed6b5495cf017b42b51a7f074c8bd5b3e","R environment provenance","tracked"
"thesis_extension/environment/legacy_R343_library/munsell/html/00Index.html","3882","ecd29408c2e63ba7ed3fef381f4a49cf91e2d87f14084d76ce9f7c418cc28e9d","R environment provenance","tracked"
"thesis_extension/environment/legacy_R343_library/munsell/html/R.css","1335","0f4849ab1757247808d54da2c371e992364371c942ad7d629dae8d62327ed068","R environment provenance","tracked"
"thesis_extension/environment/legacy_R343_library/munsell/html/check_mnsl.html","1531","60a45365b8f9fdc1f8fd86714f05acacf248709b5294fc90e1c1bd94cf6d1461","R environment provenance","tracked"
"thesis_extension/environment/legacy_R343_library/munsell/html/chroma_slice.html","1628","ddf97d2e3ebc72ec06b3d68145b3f983730933c26cde7a92ca5ee8c222bc603f","R environment provenance","tracked"
"thesis_extension/environment/legacy_R343_library/munsell/html/complement.html","1594","1e27ccf79368a427a1b11bd00b4ea9aa9483a97d83ee64c4184c95e2565b0faa","R environment provenance","tracked"
"thesis_extension/environment/legacy_R343_library/munsell/html/complement_slice.html","1344","7d40f7b007d0afff4019c36006cd4e51f8dd3b74fab9fe5e4251d1d2f605a756","R environment provenance","tracked"
"thesis_extension/environment/legacy_R343_library/munsell/html/darker.html","1378","35a676e0e387597d95eccf4dc08014835ed3ca15ef13c6f34244975ef7269dd7","R environment provenance","tracked"
"thesis_extension/environment/legacy_R343_library/munsell/html/desaturate.html","1450","989f1de156b367f026899926524102da02bfd1e5d12c51ef1ba49b6014ff49e9","R environment provenance","tracked"
"thesis_extension/environment/legacy_R343_library/munsell/html/fix_mnsl.html","1347","684c2e1670ad51d9770ab8b3971ad02f6abc69cad78f8f83c6662e155b8b0825","R environment provenance","tracked"
"thesis_extension/environment/legacy_R343_library/munsell/html/hue_slice.html","1357","eec286f802629f1052e38a464896c3784b3be1c3bf2d17c94c90102c013b0e1f","R environment provenance","tracked"
"thesis_extension/environment/legacy_R343_library/munsell/html/hvc2mnsl.html","2467","9457bcfdd6c14f4c27f2c2be4917c08802b85ac18dc1b83d8af45311da9c725e","R environment provenance","tracked"
"thesis_extension/environment/legacy_R343_library/munsell/html/in_gamut.html","1592","5e96fcdef29502d7395df38706409719ff77328b7246688446a208db09c94985","R environment provenance","tracked"
"thesis_extension/environment/legacy_R343_library/munsell/html/lighter.html","1530","2d7b70ce53f413dcc1024dc7f7468c70f062dda0ab984b84f0d366c2239dba1d","R environment provenance","tracked"
"thesis_extension/environment/legacy_R343_library/munsell/html/mnsl.html","2066","1e70007c8504ac16a09f549f4fb2b2509167d2ec45bcd1225805505a8c0b9409","R environment provenance","tracked"
"thesis_extension/environment/legacy_R343_library/munsell/html/mnsl2hvc.html","2102","abfbca8f13de0b4911f948bd83096bd20adf15d4b25359adb6086054ba812d21","R environment provenance","tracked"
"thesis_extension/environment/legacy_R343_library/munsell/html/mnsl_hues.html","984","51576f178f364a0fa93d0ca9ec2d67596b33102610138c37c482e04adecb5390","R environment provenance","tracked"
"thesis_extension/environment/legacy_R343_library/munsell/html/munsell.html","1547","f619df72eefdceaffc1cd9b34b66945589c7cfef4d1ca597e6b10c99d7135507","R environment provenance","tracked"
"thesis_extension/environment/legacy_R343_library/munsell/html/pbgyr.html","1371","64c96a3f0c5225abb5f174ebc7f5dec2a7cb1ecf1c2ab76d98f997919ce115c9","R environment provenance","tracked"
"thesis_extension/environment/legacy_R343_library/munsell/html/plot_closest.html","1790","b0d536621fadb68525f3b5f3023d4a42c8a3741f60561fb77a74d09a21722370","R environment provenance","tracked"
"thesis_extension/environment/legacy_R343_library/munsell/html/plot_hex.html","1273","79432c874ed48c434863a0bf6eb77bfba0c57f124b6a92f85dfcc5d0bfdf89cc","R environment provenance","tracked"
"thesis_extension/environment/legacy_R343_library/munsell/html/plot_mnsl.html","1717","3c6d089d3277f6d30ae609f75c276eebd22fdb5198b570d6dff3a96d15e3d312","R environment provenance","tracked"
"thesis_extension/environment/legacy_R343_library/munsell/html/rgb2mnsl.html","1584","734fe6d8bbd9c66f7f00f88218a325c1c52d30903318e2ab6ec83edd142a23d4","R environment provenance","tracked"
"thesis_extension/environment/legacy_R343_library/munsell/html/rygbp.html","1367","d1acc64a4e98260f1da0111d9bdb28c78aec1e3343191ca660d63effa2aa110b","R environment provenance","tracked"
"thesis_extension/environment/legacy_R343_library/munsell/html/saturate.html","1434","a4ab58b084a1589a4f9a9d17222c1c47026e059325faaa187d795c19ae072e25","R environment provenance","tracked"
"thesis_extension/environment/legacy_R343_library/munsell/html/seq_mnsl.html","1790","7372f4e020c86aad1cc2e0ff2c03c778cd5bc405a7908b516a4a2d8b69877abc","R environment provenance","tracked"
"thesis_extension/environment/legacy_R343_library/munsell/html/text_colour.html","1074","3fbfa09ec2487ca6af2a173edb205d902ff1617b1ce38ab208882840f3ff50da","R environment provenance","tracked"
"thesis_extension/environment/legacy_R343_library/munsell/html/theme_munsell.html","1013","11b6ae79765f2a4a0e1f5b40316fdef35d5d7134827f76148b1e7513dfdadd08","R environment provenance","tracked"
"thesis_extension/environment/legacy_R343_library/munsell/html/value_slice.html","1350","3f8e244960e1cc380612c3203c90575557ca48213bd614df778dc029e394d5d2","R environment provenance","tracked"
"thesis_extension/environment/legacy_R343_library/munsell/raw/getmunsellmap.R","2283","a7ab997e73ea43685a31f1c97c25767ae5ce1c3c79884e09c5d74bfea1a66fea","R environment provenance","tracked"
"thesis_extension/environment/legacy_R343_library/munsell/raw/greys.dat","192","44d73db23d56d9d2c7b28628bb09f54bc640d69bf26a930af573a01518402c7b","R environment provenance","tracked"
"thesis_extension/environment/legacy_R343_library/munsell/raw/real.dat","92818","167481598ca7e0119d2e792686151fe1a74e8da56553748d8f62e1351de1c9e8","R environment provenance","tracked"
"thesis_extension/environment/legacy_R343_library/mvtnorm/CITATION","1825","b13b23a83ff20ada30d3d64b772420311426c463f4c6bfde95dc9be0595ab11d","R environment provenance","tracked"
"thesis_extension/environment/legacy_R343_library/mvtnorm/C_API_Example/DESCRIPTION","306","f258d6eb04ad0ff2ce16584577826308b8315c56211ebebb4c72a3bd98bad66c","R environment provenance","tracked"
"thesis_extension/environment/legacy_R343_library/mvtnorm/C_API_Example/NAMESPACE","42","957bcdab89901c3dc15f3034b64726d8ace72a42b263d97ffbfcd9fab025d628","R environment provenance","tracked"
"thesis_extension/environment/legacy_R343_library/mvtnorm/C_API_Example/R/test.R","878","3ddada42a1aced32afc2b550626fb87c7b1a60fef723e0e19f7be6c4aa41cc72","R environment provenance","tracked"
"thesis_extension/environment/legacy_R343_library/mvtnorm/C_API_Example/src/test.c","596","0a8512156642437ece9a9d5be5c47a7aa9e8ed7f59fcbfeda4b5201183c5e80e","R environment provenance","tracked"
"thesis_extension/environment/legacy_R343_library/mvtnorm/C_API_Example/tests/test.R","389","6f7fea2fa8712303cee54638a51646115811b8cb22c92d74eed1baedae66ed5c","R environment provenance","tracked"
"thesis_extension/environment/legacy_R343_library/mvtnorm/DESCRIPTION","1392","1c2f741d8b531083e8587f1b4afb1312fcfe3a8a9ac0c90adfd8cdc1baa979c9","R environment provenance","tracked"
"thesis_extension/environment/legacy_R343_library/mvtnorm/INDEX","477","5c84862488887a507f150148bf1ed3d47464146ddba2c4c3d15eaf00d52a7f2f","R environment provenance","tracked"
"thesis_extension/environment/legacy_R343_library/mvtnorm/Meta/Rd.rds","449","3565d0d07b68cee5b248069b8d8b5ded5352b0b8e20f1c2fa3b23423ad317cc5","R environment provenance","tracked"
"thesis_extension/environment/legacy_R343_library/mvtnorm/Meta/features.rds","112","ca4e61dba7127bc424bf40792181e41b09328ada0e081299d6abb7784d47abeb","R environment provenance","tracked"
"thesis_extension/environment/legacy_R343_library/mvtnorm/Meta/hsearch.rds","481","41dc46729578ff6236bb2c3733e5c347c7bd04a0a8005ee3e22e48f497a9983e","R environment provenance","tracked"
"thesis_extension/environment/legacy_R343_library/mvtnorm/Meta/links.rds","192","da981385df1e99764abdb97f2b9db67edbd4a7568831aa2af96c34fdccd3da5a","R environment provenance","tracked"
"thesis_extension/environment/legacy_R343_library/mvtnorm/Meta/nsInfo.rds","421","f76cdc6aef0e7c4e4d518526f496bc8c680992abe0ea4f1304822d07601b60d8","R environment provenance","tracked"
"thesis_extension/environment/legacy_R343_library/mvtnorm/Meta/package.rds","1002","71e1c1e987409dd43a572abcd664bb97b9f92d1f17be502e3ea77fdbb1ae38d3","R environment provenance","tracked"
"thesis_extension/environment/legacy_R343_library/mvtnorm/Meta/vignette.rds","204","7101459a5694851d2a43de0687e71f15708996b01b700c30cd47acea15f7d7e6","R environment provenance","tracked"
"thesis_extension/environment/legacy_R343_library/mvtnorm/NAMESPACE","323","03ffcebf1bc77d6abdd5c52ee5c75448160dbfd41f405bf2215a0a3c2f8c14d4","R environment provenance","tracked"
"thesis_extension/environment/legacy_R343_library/mvtnorm/NEWS","11831","a39b9fe6888144eb935b8cdca26115171a860cc5498e64f9bccf7d083e3b5d21","R environment provenance","tracked"
"thesis_extension/environment/legacy_R343_library/mvtnorm/R/mvtnorm","1056","2fb8b16be23c820daf2e51b7ddfef61ca4978e561b1d228d546d1b356041f79e","R environment provenance","tracked"
"thesis_extension/environment/legacy_R343_library/mvtnorm/R/mvtnorm.rdb","17376","0721f7ab2132ab53c7ef3170764d00b9a23ee49f4b92d855649bb8b60bd63887","R environment provenance","tracked"
"thesis_extension/environment/legacy_R343_library/mvtnorm/R/mvtnorm.rdx","630","79ab3763e582b7536950eb385de9dc219175953f9d4467b2bf360bf81537ea0a","R environment provenance","tracked"
"thesis_extension/environment/legacy_R343_library/mvtnorm/doc/MVT_Rnews.R","1058","99d7bc8a991c1b47d7622cfd759cc467cd0edc223bc67b6150ad91144f98b93a","R environment provenance","tracked"
"thesis_extension/environment/legacy_R343_library/mvtnorm/doc/MVT_Rnews.Rnw","9657","79e75059e074cc2f30b0b987f4df6103af7d21111f24abb70bd8a09141a43c9c","R environment provenance","tracked"
"thesis_extension/environment/legacy_R343_library/mvtnorm/doc/MVT_Rnews.pdf","80816","9252a15a2da5f830d17da8a2c4a70287922c86ee6ed856690c9fdcfd9fc4be5c","R environment provenance","tracked"
"thesis_extension/environment/legacy_R343_library/mvtnorm/doc/index.html","1361","700ce6a6987a5a81d7ad21ff9d4a8aea8388c97f945cbc72a40ea6893f00e1be","R environment provenance","tracked"
"thesis_extension/environment/legacy_R343_library/mvtnorm/help/AnIndex","166","3e7c6c36a49566b22971bb723a811321544493fb8accd98db455bdae0cbd2b7c","R environment provenance","tracked"
"thesis_extension/environment/legacy_R343_library/mvtnorm/help/aliases.rds","151","69177d74e054fd74d1bc3e7b4fb79b15cce91d440cedefa5deef8a1f91b5b18e","R environment provenance","tracked"
"thesis_extension/environment/legacy_R343_library/mvtnorm/help/mvtnorm.rdb","36556","697f40de93080ee3734bf34da9be28c394bf555a974037ca1361e8456228b2de","R environment provenance","tracked"
"thesis_extension/environment/legacy_R343_library/mvtnorm/help/mvtnorm.rdx","285","1a9cc688eaf6212b44e41601707ad2c5425500339ce7a46fd301b11aff5409e5","R environment provenance","tracked"
"thesis_extension/environment/legacy_R343_library/mvtnorm/help/paths.rds","197","8cb767aae8d617814e49af124954aa8ab2f9910a66c14ede310ddf850b726495","R environment provenance","tracked"
"thesis_extension/environment/legacy_R343_library/mvtnorm/html/00Index.html","2463","37e2f652b2aadc7c3ba24c25a33abdbe5222edd77cebadcb78c0d36e9f941772","R environment provenance","tracked"
"thesis_extension/environment/legacy_R343_library/mvtnorm/html/Mvnorm.html","3239","76dea1c197842216a8add02fb7a9c5326690fd06518353d528d1da83ee05af2c","R environment provenance","tracked"
"thesis_extension/environment/legacy_R343_library/mvtnorm/html/Mvt.html","6666","c1ea2e3e67daf5840f6ddedcf20d8f8e44d0af36e5a7d8ade9221af7b542355e","R environment provenance","tracked"
"thesis_extension/environment/legacy_R343_library/mvtnorm/html/R.css","1335","0f4849ab1757247808d54da2c371e992364371c942ad7d629dae8d62327ed068","R environment provenance","tracked"
"thesis_extension/environment/legacy_R343_library/mvtnorm/html/algorithms.html","3873","fccc8282c0f6175d2f53231e33e9f9706bbfc1f5362d1353f3db73aa53ea3176","R environment provenance","tracked"
"thesis_extension/environment/legacy_R343_library/mvtnorm/html/pmvnorm.html","6216","d4652346888d8b4bad4c25431dc854286274833029a45f19f65909c57145ad95","R environment provenance","tracked"
"thesis_extension/environment/legacy_R343_library/mvtnorm/html/pmvt.html","9401","768ce7990281d4f8fd3c32e4da59248bf3bcd613c1b8e93813a0f7fb54adbad7","R environment provenance","tracked"
"thesis_extension/environment/legacy_R343_library/mvtnorm/html/qmvnorm.html","4101","73b73dc8d42ddfe5b3b0e727856ccb3d3311f4cd63fd53f54fd54c742880798e","R environment provenance","tracked"
"thesis_extension/environment/legacy_R343_library/mvtnorm/html/qmvt.html","5921","3df794b6066cdd6dab7a4f211edf792a15d578d67829d1b2a9a96afd741aaef6","R environment provenance","tracked"
"thesis_extension/environment/legacy_R343_library/mvtnorm/include/mvtnorm.h","982","00ca0066a5216f00c586e0afbe61fd37c53e0ef2442a0aab3efdeac1aa61d33b","R environment provenance","tracked"
"thesis_extension/environment/legacy_R343_library/mvtnorm/include/mvtnormAPI.h","1060","877f1e654b134282934564a381870606c2e4344025134d2ae6c63f48308e1293","R environment provenance","tracked"
"thesis_extension/environment/legacy_R343_library/mvtnorm/libs/i386/mvtnorm.dll","84494","51f7fc63e45cb48353d4ee2c0b47be632e8a30060649191a744e0b31e3bdf8c4","R environment provenance","tracked"
"thesis_extension/environment/legacy_R343_library/mvtnorm/libs/x64/mvtnorm.dll","82432","9c5880ab5c28c69df81aa91d3239d7045c3ac02075c907f069622274802a4562","R environment provenance","tracked"
"thesis_extension/environment/legacy_R343_library/plyr/CITATION","632","a850ae286eeaa0e9eee95e5592e4885835dab00d0c9e7a4f7e50a129f3ee2ba3","R environment provenance","tracked"
"thesis_extension/environment/legacy_R343_library/plyr/DESCRIPTION","1308","367f1e5d27d252a6264ac48228960e1d35f38e49eaa863f748e846a1d482a33b","R environment provenance","tracked"
"thesis_extension/environment/legacy_R343_library/plyr/INDEX","4915","74b9935dab51ccaf4cd08740e9ec3e754d4697b6bc39b87d28eedc7c79145c6b","R environment provenance","tracked"
"thesis_extension/environment/legacy_R343_library/plyr/LICENSE","44","a21e923e3f19a7534e0fc96b5b865bf7ca58bf2e30ee8505bb0cd1cb003d6290","R environment provenance","tracked"
"thesis_extension/environment/legacy_R343_library/plyr/MD5","6362","cc8346b1a3665aea1db490ddbf02ebb995dc048bfe37ec1429d9511526b9f1ad","R environment provenance","tracked"
"thesis_extension/environment/legacy_R343_library/plyr/Meta/Rd.rds","3136","765e33c4e41169c645f6263ff696769b1b722521bb6c963f3dc80cde241139f0","R environment provenance","tracked"
"thesis_extension/environment/legacy_R343_library/plyr/Meta/data.rds","169","068b2caecc941f3f34c7e5beaa7f3ebc8e89ad2a6d0a3ad93378af8792bab171","R environment provenance","tracked"
"thesis_extension/environment/legacy_R343_library/plyr/Meta/features.rds","112","0c47f77934234b8ddfc04ba4cf55da90ab9ef317d3825782bd4282625c53d444","R environment provenance","tracked"
"thesis_extension/environment/legacy_R343_library/plyr/Meta/hsearch.rds","2754","3822a2eedf03002e8d78cebe25198edda66257d9aaee2e33471effbd1ab83696","R environment provenance","tracked"
"thesis_extension/environment/legacy_R343_library/plyr/Meta/links.rds","1194","6c38661e1befd4de336b7fc04cab2e5ad9eb2627eeda2bfacb74dbedbb0b86d5","R environment provenance","tracked"
"thesis_extension/environment/legacy_R343_library/plyr/Meta/nsInfo.rds","887","9f83ae907eba6ce0a70a96ba1bea1d1422b57378fd287bc3981c589370a63c61","R environment provenance","tracked"
"thesis_extension/environment/legacy_R343_library/plyr/Meta/package.rds","1253","fe1f679a7976e22a629c8a66363436ee07872a21f340d5d7ac7428ae13c8bbae","R environment provenance","tracked"
"thesis_extension/environment/legacy_R343_library/plyr/NAMESPACE","2189","8e268c6706b1f3eb7d8dd3c9f871e9c94523bbd7657d6328042568c4693f424d","R environment provenance","tracked"
"thesis_extension/environment/legacy_R343_library/plyr/R/plyr","1056","2fb8b16be23c820daf2e51b7ddfef61ca4978e561b1d228d546d1b356041f79e","R environment provenance","tracked"
"thesis_extension/environment/legacy_R343_library/plyr/R/plyr.rdb","41753","158d5a9178cc98dad9c84b0f6b3a85352f04707ce4e99973ac950048e6fbb9b4","R environment provenance","tracked"
"thesis_extension/environment/legacy_R343_library/plyr/R/plyr.rdx","1939","39865ae49f7f5e288a7d5ae1df54ce1310ed5d1b45dcfc5f5ffbd966e3f2c048","R environment provenance","tracked"
"thesis_extension/environment/legacy_R343_library/plyr/data/Rdata.rdb","472679","bff904a829115c002e6ac87ca5f56eae4f5904ebe7d1c856812449986794023d","R environment provenance","tracked"
"thesis_extension/environment/legacy_R343_library/plyr/data/Rdata.rds","86","87e2d92c7f1d52c546474b94f4bf78e34195e00591eff91b8e48b23e0a0879c0","R environment provenance","tracked"
"thesis_extension/environment/legacy_R343_library/plyr/data/Rdata.rdx","150","878579f201a40c29f2a26877164e1d112aedd7ad04fd80cc58da79c9bd54c723","R environment provenance","tracked"
"thesis_extension/environment/legacy_R343_library/plyr/help/AnIndex","2070","df5218c7df28d5f28d8ba1fed92ba0be0d52e72d00a566bf7fbecaeec46ee148","R environment provenance","tracked"
"thesis_extension/environment/legacy_R343_library/plyr/help/aliases.rds","735","1789fde40516368aa07d629ccaf425e81f7768968d66390de17260f6c3a489e2","R environment provenance","tracked"
"thesis_extension/environment/legacy_R343_library/plyr/help/paths.rds","819","9c85c6ecbee4e015c11e63ab798fa5746d62b213117b52eb1a0094f22a84d622","R environment provenance","tracked"
"thesis_extension/environment/legacy_R343_library/plyr/help/plyr.rdb","187171","65c5d96bccdcc2b3e29be265653409a2453de58dbbe92e95184bf854e757568b","R environment provenance","tracked"
"thesis_extension/environment/legacy_R343_library/plyr/help/plyr.rdx","1991","35212f939ae2fc1eede53707de50eac04fe1cfb3fe8288524fe35a58af7583de","R environment provenance","tracked"
"thesis_extension/environment/legacy_R343_library/plyr/html/00Index.html","9447","cc9d5eaa6d0bd92fe27ca7dd57df2f44331c0f2803958b8bf8ae5f98a1c2b959","R environment provenance","tracked"
"thesis_extension/environment/legacy_R343_library/plyr/html/R.css","1335","0f4849ab1757247808d54da2c371e992364371c942ad7d629dae8d62327ed068","R environment provenance","tracked"
"thesis_extension/environment/legacy_R343_library/plyr/html/a_ply.html","3996","90fb0c3b63af5ae437eecbf15e923996401339523262bf94a85f55fa58d9648f","R environment provenance","tracked"
"thesis_extension/environment/legacy_R343_library/plyr/html/aaply.html","5305","7ecfba319bdc2633a25c9efae619db1373337124ff284ada030c01f0b80c4735","R environment provenance","tracked"
"thesis_extension/environment/legacy_R343_library/plyr/html/adply.html","4654","70a02eca0b58635885b68e6817495375cc748e21f679f2b4e6fa668177212389","R environment provenance","tracked"
"thesis_extension/environment/legacy_R343_library/plyr/html/alply.html","4545","00c29f3e9d4fecd06ff6693fa5c323d47ae024fd762fdf3ac1ae320c625254d4","R environment provenance","tracked"
"thesis_extension/environment/legacy_R343_library/plyr/html/amv_dim.html","938","131e74c8a442f5d0a2a52bbcf631f865a34c458ec6723c1ff3ddba180a4a88e5","R environment provenance","tracked"
"thesis_extension/environment/legacy_R343_library/plyr/html/amv_dimnames.html","1236","92c72958b10c5bcc41fa4d72c05393f981f7ad285c62094f83565aa2e496ddba","R environment provenance","tracked"
"thesis_extension/environment/legacy_R343_library/plyr/html/arrange.html","2094","97ae4f688168303bf92045597df12e71b6b79bab7d16ada9772c1814e00f8108","R environment provenance","tracked"
"thesis_extension/environment/legacy_R343_library/plyr/html/as.data.frame.function.html","1780","0e4ea6ff794586ea61c87a6e340f93f1e53b52cf5bfea6606c78d7fee7ae8886","R environment provenance","tracked"
"thesis_extension/environment/legacy_R343_library/plyr/html/as.list.split.html","1132","e415ddfde55356458c9a789d6c97b2bd986fd4f96b75e5eacc3c30084c3403c8","R environment provenance","tracked"
"thesis_extension/environment/legacy_R343_library/plyr/html/as.quoted.html","1733","70a1e705e39b69557b7f64499f4bd0e409423a9bbfe8f0cbf2a756d581369a76","R environment provenance","tracked"
"thesis_extension/environment/legacy_R343_library/plyr/html/baseball.html","2956","72bafd625a3e986e35d1cded9f25134679c8f2869668643b9e1b0c63daf49947","R environment provenance","tracked"
"thesis_extension/environment/legacy_R343_library/plyr/html/colwise.html","2897","6329e30cf59ec96d52724bed3c01c27b13d3dba4ea26e8ce308efa7ba227403b","R environment provenance","tracked"
"thesis_extension/environment/legacy_R343_library/plyr/html/compact.html","903","b218203263b76e5c510c4ce93d0e3875f3cca3eacff3dc1d3aac23f5e99d69d0","R environment provenance","tracked"
"thesis_extension/environment/legacy_R343_library/plyr/html/count.html","2755","f0cda0a0ee021d6e17061a0e6e1edfd394370f2590ec12e5e634781fc1aa6f45","R environment provenance","tracked"
"thesis_extension/environment/legacy_R343_library/plyr/html/create_progress_bar.html","2859","7e1308d231ba92e4c929af483dade402f27009d958c0acf245762298b9132f6b","R environment provenance","tracked"
"thesis_extension/environment/legacy_R343_library/plyr/html/d_ply.html","4029","56f3389f4d9372cb6f141f74aff1d0fa37c5dfa4ba2aedef36245a887599306b","R environment provenance","tracked"
"thesis_extension/environment/legacy_R343_library/plyr/html/daply.html","4661","01dae0cacd5460c4963c5151f09989622851f170d6de2b68373fc9ee2a8449f4","R environment provenance","tracked"
"thesis_extension/environment/legacy_R343_library/plyr/html/ddply.html","5439","d856ef61a9598b04d5c28ebc69862e3028f6d3e9f3cdc2955bbef90506669b95","R environment provenance","tracked"
"thesis_extension/environment/legacy_R343_library/plyr/html/defaults.html","1028","28a7f8ba09257027b224ea0e30b0f52d3846735e8414624e6fe2c86b00819c78","R environment provenance","tracked"
"thesis_extension/environment/legacy_R343_library/plyr/html/desc.html","1119","62c49f64dc133778015a4c332354bbe778b3bb0ca06d611bc8411fc86f627339","R environment provenance","tracked"
"thesis_extension/environment/legacy_R343_library/plyr/html/dims.html","918","4b8e30c589008bcbb67394369393b8f157947f7c60dd4e85f969f7191cc25dfb","R environment provenance","tracked"
"thesis_extension/environment/legacy_R343_library/plyr/html/dlply.html","4354","143a78fbe5713ca176c2ebdb29313b8bb239cb48d8e01dddd84569f08d35b978","R environment provenance","tracked"
"thesis_extension/environment/legacy_R343_library/plyr/html/each.html","1766","cd04ddca52bd9991395183920bc9398e59acdec3465fe5d7e474132a84b6405f","R environment provenance","tracked"
"thesis_extension/environment/legacy_R343_library/plyr/html/empty.html","961","cba4a605e0f8ccb7774404a31607e749086f0e4bbd8f101802272b64b32cb196","R environment provenance","tracked"
"thesis_extension/environment/legacy_R343_library/plyr/html/eval.quoted.html","1217","7f6a1391e03466c036c2567afc3b62156eda63b4527640b39dfb8b02914afe8a","R environment provenance","tracked"
"thesis_extension/environment/legacy_R343_library/plyr/html/failwith.html","1530","73ff6301e80ceb39be1932b1be7b0a6bfbd8afddc16ad36389f3aea9a922da8c","R environment provenance","tracked"
"thesis_extension/environment/legacy_R343_library/plyr/html/get-split.html","1109","b49f066c456c19588678b3837718b09b6048e354c6134008c125caf24d66342b","R environment provenance","tracked"
"thesis_extension/environment/legacy_R343_library/plyr/html/here.html","1656","84cd3eab2feebce7445ce54dd53b964070bc51bd12a5e6dbfa76935c9b8cd82d","R environment provenance","tracked"
"thesis_extension/environment/legacy_R343_library/plyr/html/id.html","1555","46efa9fbcf33b416effa3bf89afa347cc353647d8b88ce501adea6cc04123c2d","R environment provenance","tracked"
"thesis_extension/environment/legacy_R343_library/plyr/html/id_var.html","786","853a94b8cf91c68f9ce308e1acf034ca6b83efa920c865d99f09d29ba0f86854","R environment provenance","tracked"
"thesis_extension/environment/legacy_R343_library/plyr/html/idata.frame.html","1537","36c3329d0332e8d9e85079f68505e7a1fb637bffd32dbc2429f3327ae612dd3f","R environment provenance","tracked"
"thesis_extension/environment/legacy_R343_library/plyr/html/indexed_array.html","1100","93738d5594d2c53a315af92512ca5fb09d1716fb0d0d0f9046bebd5e5a2477cb","R environment provenance","tracked"
"thesis_extension/environment/legacy_R343_library/plyr/html/indexed_df.html","1241","e23681b2571649c7ae38d1f2aba3fdb4bc5e5733717d7a0d26df65eff471f26f","R environment provenance","tracked"
"thesis_extension/environment/legacy_R343_library/plyr/html/is.discrete.html","1112","92c29f7256bacf07dad277677d926eda34e7319a981ce4c292f4795d32468eaf","R environment provenance","tracked"
"thesis_extension/environment/legacy_R343_library/plyr/html/is.formula.html","849","ee69ba08fe8d3d5c97f083439d3ca1e234b09fed63dcf56ef3ad2aadf95d363e","R environment provenance","tracked"
"thesis_extension/environment/legacy_R343_library/plyr/html/isplit2.html","1038","3076751cd2399de00edb576903c1c72034cd0baa0efcb19b71853ccc8c9501ae","R environment provenance","tracked"
"thesis_extension/environment/legacy_R343_library/plyr/html/join.html","3026","df798c404352969efa87dd1621304153e440ba31c6a336fef76435d6f135b1e4","R environment provenance","tracked"
"thesis_extension/environment/legacy_R343_library/plyr/html/join.keys.html","1251","0b04840d34c71a50d7c9786301e3a119196a9a45fe50bf97702c43436d39108e","R environment provenance","tracked"
"thesis_extension/environment/legacy_R343_library/plyr/html/join_all.html","1898","6eb3aa9600851093228a88276946d58d3939da2f7c489ebeb20edb8a0332b715","R environment provenance","tracked"
"thesis_extension/environment/legacy_R343_library/plyr/html/l_ply.html","3569","a9b0289dc0828a0117a19412e9457614fece1ee617b3a96e1fb45a1e9f2f2c49","R environment provenance","tracked"
"thesis_extension/environment/legacy_R343_library/plyr/html/laply.html","4166","c3822d277defb9fac9467a70e56e169fe4dcf81e2c85a0d733cf77825bab4709","R environment provenance","tracked"
"thesis_extension/environment/legacy_R343_library/plyr/html/ldply.html","4116","36f2019d74ff6d75814fecf4a7177a40e95ad9610eda1a0b8908c04c6f1c6a9d","R environment provenance","tracked"
"thesis_extension/environment/legacy_R343_library/plyr/html/liply.html","1662","718bc8fd19a54055f1935dd9fb0d341bb5ff1faed79f6baae71fd1a954520dc4","R environment provenance","tracked"
"thesis_extension/environment/legacy_R343_library/plyr/html/list_to_array.html","1460","26a2d3ea98fb702b121c1897440dcc1cad2a5849f9bd8f474cab9d81c1a1541f","R environment provenance","tracked"
"thesis_extension/environment/legacy_R343_library/plyr/html/list_to_dataframe.html","1614","c2efedafd6e3e7db7729b927342b8850253afd7da37cd1b88756668d20b21084","R environment provenance","tracked"
"thesis_extension/environment/legacy_R343_library/plyr/html/list_to_vector.html","1169","d4602271d37439b03312b997d64e54d090e8022b96e8ef3e5c07bce4d46ae054","R environment provenance","tracked"
"thesis_extension/environment/legacy_R343_library/plyr/html/llply.html","3723","e6d5500bd3ea0d34cbd8fd745228beb71139b0c8516236bfc6f881ea817e5ffd","R environment provenance","tracked"
"thesis_extension/environment/legacy_R343_library/plyr/html/loop_apply.html","1216","75a3d9e938931786abd23cd35a7f820a98684daab03f64a05a7ddb6d0c06d705","R environment provenance","tracked"
"thesis_extension/environment/legacy_R343_library/plyr/html/m_ply.html","4199","f75701a361d802d025af5e4aa9bcb83c46917e556edaa7d77fea5607be72e518","R environment provenance","tracked"
"thesis_extension/environment/legacy_R343_library/plyr/html/maply.html","4522","2c66b24b85eb637db5091b1238b7c7d196cb0ac3941f9f47b591a4ede1ea2c38","R environment provenance","tracked"
"thesis_extension/environment/legacy_R343_library/plyr/html/mapvalues.html","2446","11c95fdd1a4c7d8d92d66e3850790eec370c1de721499c8821796933151ab5b7","R environment provenance","tracked"
"thesis_extension/environment/legacy_R343_library/plyr/html/match_df.html","2799","11748e96c6bfc2228eef1745f281ac187fb2fa92187d9906d5b701a00be6b8c2","R environment provenance","tracked"
"thesis_extension/environment/legacy_R343_library/plyr/html/mdply.html","4729","5e1b277851189be05044bc5a577cc3cd4e7fa7eec3871f8d429a1956cd6e4b7f","R environment provenance","tracked"
"thesis_extension/environment/legacy_R343_library/plyr/html/mlply.html","4225","44f8eaad39e4788a87fc7d72f3d8f2462261884e5ab7ca87ed7946b874dbc7ae","R environment provenance","tracked"
"thesis_extension/environment/legacy_R343_library/plyr/html/mutate.html","2266","1cd67c60c9750edc126e11b90a874709158d91cb35b347a4e4ec9b01c1d706dd","R environment provenance","tracked"
"thesis_extension/environment/legacy_R343_library/plyr/html/name_rows.html","1540","5c6ca4ba818debbe3b1ef1694255889d41e927d07d8f081d94dacd7ecf3f6a8e","R environment provenance","tracked"
"thesis_extension/environment/legacy_R343_library/plyr/html/names.quoted.html","1023","1e7182d9516d41391fc3ec55a826a3bc6197241275317425ad0805a7b09d03e7","R environment provenance","tracked"
"thesis_extension/environment/legacy_R343_library/plyr/html/nunique.html","967","7a541336b396d005932fdb7450350238d9eeeb6bc1ed1cad65095f36615e1b64","R environment provenance","tracked"
"thesis_extension/environment/legacy_R343_library/plyr/html/ozone.html","2054","622623aa47e94682e926a06df7f0f9d67c91265363695047b03fc88f11b616d5","R environment provenance","tracked"
"thesis_extension/environment/legacy_R343_library/plyr/html/plyr-deprecated.html","1059","f9e17e1b4ea4a1d6d152e09363d93590d1809729fa59944c23d58ccff2f11d4f","R environment provenance","tracked"
"thesis_extension/environment/legacy_R343_library/plyr/html/plyr.html","3921","ce759a3e5afb003f3e345d17f71fa3d620668ddb85a2eabe7ceb5d25a1e154f5","R environment provenance","tracked"
"thesis_extension/environment/legacy_R343_library/plyr/html/print.quoted.html","889","0f957ca96a45a7c3963dd657867cdb8fa47eb36b2fc853ad889cec7a1666059b","R environment provenance","tracked"
"thesis_extension/environment/legacy_R343_library/plyr/html/print.split.html","1050","6d585c71ea36d068b8d436bb368fab0d417670e9520929c6040bb641f38036ec","R environment provenance","tracked"
"thesis_extension/environment/legacy_R343_library/plyr/html/progress_none.html","1305","da7eb3fbf2854fe1842f8c77ff7daf1c79d4cebfe70cb7ce05c774dae19a5e66","R environment provenance","tracked"
"thesis_extension/environment/legacy_R343_library/plyr/html/progress_text.html","1949","83bf072d74572158dfa9b8b448f6d0d611461df13d2e729b48c59719d6f8e424","R environment provenance","tracked"
"thesis_extension/environment/legacy_R343_library/plyr/html/progress_time.html","1304","4edd5abab896b84c971b467a76f1677b9097c2097b799cb0aba9813976dc84a2","R environment provenance","tracked"
"thesis_extension/environment/legacy_R343_library/plyr/html/progress_tk.html","2082","8b674753d1bd3f69a1740c6a13d63cffc9c17553c97bcaa7013f2e4c97138375","R environment provenance","tracked"
"thesis_extension/environment/legacy_R343_library/plyr/html/progress_win.html","1815","4f270236d99473d3e8898a64bf1dae7aae55e848c10f3aa644c8778dd998c910","R environment provenance","tracked"
"thesis_extension/environment/legacy_R343_library/plyr/html/quickdf.html","1120","ae2b23f5ed35b43a04d8f45cd1939bc6ccbca6267dec67da3e62c5e2a9309331","R environment provenance","tracked"
"thesis_extension/environment/legacy_R343_library/plyr/html/quoted.html","2735","6d3fba2bd2a5bc7c89d23bed8e7e9ec9cb6ec18ddfe9daebc365dd8b38582c54","R environment provenance","tracked"
"thesis_extension/environment/legacy_R343_library/plyr/html/r_ply.html","2040","0a2d7aa727c89515be0e96d8a7b28ad29c52dc10010200e412389acf0c7fc7a5","R environment provenance","tracked"
"thesis_extension/environment/legacy_R343_library/plyr/html/raply.html","2657","48c6bc02062532dd678772e2d9798c653328beee5ea6ea6f0a5fe72b8d8aa7b5","R environment provenance","tracked"
"thesis_extension/environment/legacy_R343_library/plyr/html/rbind.fill.html","2254","cc8bb33c7e19c616b9adad106c9882b6d12baf3afd55383becd00bf33019aff5","R environment provenance","tracked"
"thesis_extension/environment/legacy_R343_library/plyr/html/rbind.fill.matrix.html","2515","3654408ea1228484f10e115206b398533dbb82a7242289cfcd120e52505930bd","R environment provenance","tracked"
"thesis_extension/environment/legacy_R343_library/plyr/html/rdply.html","2466","f0e152413894d740aa5edf42876c2beba37a6f2cffd08b4432c30c461e3103c2","R environment provenance","tracked"
"thesis_extension/environment/legacy_R343_library/plyr/html/reduce_dim.html","916","1377212ed6a304a2716baf1a9f4b52933ee8213701803e06eeb8815f4e3cc0df","R environment provenance","tracked"
"thesis_extension/environment/legacy_R343_library/plyr/html/rename.html","1880","6c36ff439ac21cb754de0ca28da979d2d24fe248105107f8a02b47d5740fd851","R environment provenance","tracked"
"thesis_extension/environment/legacy_R343_library/plyr/html/revalue.html","2093","142dd54c17bd58f604d762c684563f56318454f2c544b35fd35a1ef5f4000e14","R environment provenance","tracked"
"thesis_extension/environment/legacy_R343_library/plyr/html/rlply.html","2169","ac38d1b78bb6dc57434fe50172501981aeabad6fba9a19decf6327f9cab0c796","R environment provenance","tracked"
"thesis_extension/environment/legacy_R343_library/plyr/html/round_any.html","1792","3478ca118b2ba0916362e316f37ff89bc3ec6c7d4d3d47dde055a3215a24233d","R environment provenance","tracked"
"thesis_extension/environment/legacy_R343_library/plyr/html/splat.html","1530","d3e2af16e4782aed4ebba488f7b5198e4c1af9387b18c299407832cf3fb2b068","R environment provenance","tracked"
"thesis_extension/environment/legacy_R343_library/plyr/html/split_indices.html","1436","bcf5641f419d71a8007ffbfd8eb70bebbd14313eaf9f231ca4800f3a62a1b8c6","R environment provenance","tracked"
"thesis_extension/environment/legacy_R343_library/plyr/html/split_labels.html","1213","d2d62cc6eaa0920fe07207c1c49d1d7d7f34c766dcb9241d4cefd1fd6ba990e9","R environment provenance","tracked"
"thesis_extension/environment/legacy_R343_library/plyr/html/splitter_a.html","2810","8e65ad35da2ca38c859b442bc77a73d92988d69d7d3d2146418f85ebd1ba8dd4","R environment provenance","tracked"
"thesis_extension/environment/legacy_R343_library/plyr/html/splitter_d.html","2667","dccabeb321ed17957b1771453ebdb57bb0205cc4b64d1c312a74a20b5a2c6886","R environment provenance","tracked"
"thesis_extension/environment/legacy_R343_library/plyr/html/strip_splits.html","1349","395320f42ddf01342e39a0324e320d5f2da7879d8a22410b4391bf288c160a87","R environment provenance","tracked"
"thesis_extension/environment/legacy_R343_library/plyr/html/summarise.html","1979","55386e6090baf611d2d627ff252552d1f5d8d5c7d3ebe7dfc78c35c723e4ee83","R environment provenance","tracked"
"thesis_extension/environment/legacy_R343_library/plyr/html/take.html","1620","3cda881a242cf0f5081e2a4ae9641d739752d509f2b8e7d98570fce806bedbd3","R environment provenance","tracked"
"thesis_extension/environment/legacy_R343_library/plyr/html/true.html","1099","e8cf33fdb1f21c2c3a85152cd8f4922d99423e0cd44f5973d5fb624cb7be1860","R environment provenance","tracked"
"thesis_extension/environment/legacy_R343_library/plyr/html/try_default.html","1475","cf840d7b42c90bba988ba7687b6064756dd065530d5006333873aba245cdaab8","R environment provenance","tracked"
"thesis_extension/environment/legacy_R343_library/plyr/html/tryapply.html","1253","f5879d2f1e3ff42d8a48b908e4445eabcb0e3193e34d9af9eb2581e67e06191b","R environment provenance","tracked"
"thesis_extension/environment/legacy_R343_library/plyr/html/unrowname.html","905","6f7a9d6cddfc2823cc0363810ba4e3c76a1a41ba7686d8368a950db47e5b4252","R environment provenance","tracked"
"thesis_extension/environment/legacy_R343_library/plyr/html/vaggregate.html","2797","27abd82c4975ee2e8bece0c45267943a7f14ec65b61bfba04cc7474c4faa7e50","R environment provenance","tracked"
"thesis_extension/environment/legacy_R343_library/plyr/libs/i386/plyr.dll","780814","aaa80de34bfc4667e858c3ee8e5011cbdc8c6207a26a67a5ca41bc7f07a3c899","R environment provenance","tracked"
"thesis_extension/environment/legacy_R343_library/plyr/libs/x64/plyr.dll","737792","42096e3b93ae85c7076e620916a013bfaa588bfff0493fa2eb93e2f354424740","R environment provenance","tracked"
"thesis_extension/environment/legacy_R343_library/quantreg/ChangeLog","50939","ab4fd4b2f75797b97300278c28d6338eb308d4f1541cb6630e32177ba4a69fa0","R environment provenance","tracked"
"thesis_extension/environment/legacy_R343_library/quantreg/DESCRIPTION","2503","b7e491a46a0a0b5d511cca624674155564d5d226779a18c5ca396d5f965e489d","R environment provenance","tracked"
"thesis_extension/environment/legacy_R343_library/quantreg/FAQ","8460","2987c0db5b4df7eacb8ebf40f14ae6c9c9a9e82bedc8b2c4a1432d39eeced44e","R environment provenance","tracked"
"thesis_extension/environment/legacy_R343_library/quantreg/INDEX","4603","f5d70a63e377b0a354c3d8dfd4432d9650857607d4f21ac13f67c3be1943d116","R environment provenance","tracked"
"thesis_extension/environment/legacy_R343_library/quantreg/Meta/Rd.rds","2931","1a9e4c3f8fe63a49cac91e8fadfd4c6b975ac92f871c2e97685f50dc31e87cd9","R environment provenance","tracked"
"thesis_extension/environment/legacy_R343_library/quantreg/Meta/data.rds","274","1995a76bb8d20ce40080106d68e65ec98875e93e6a75697bc84df2703430b52e","R environment provenance","tracked"
"thesis_extension/environment/legacy_R343_library/quantreg/Meta/demo.rds","733","da03868ffe463fdf23d81c334eef92605b73fc603a9adaf0a719f968e56aaa13","R environment provenance","tracked"
"thesis_extension/environment/legacy_R343_library/quantreg/Meta/features.rds","112","ca4e61dba7127bc424bf40792181e41b09328ada0e081299d6abb7784d47abeb","R environment provenance","tracked"
"thesis_extension/environment/legacy_R343_library/quantreg/Meta/hsearch.rds","2828","ad79bd1d7ad79f11fe437e8b6d8776b69f3f5eb8ca2f402bd698f0cc0f00d2c6","R environment provenance","tracked"
"thesis_extension/environment/legacy_R343_library/quantreg/Meta/links.rds","1377","f5f4ec1ca03ca66394f888170c765e6acdff8df00ca2fe42b0c3eeb7d4cb465f","R environment provenance","tracked"
"thesis_extension/environment/legacy_R343_library/quantreg/Meta/nsInfo.rds","1095","3ed0834a11bf650af622c93193179f7eb1dae1fdc0b8aef49eda0e3ec7183ee3","R environment provenance","tracked"
"thesis_extension/environment/legacy_R343_library/quantreg/Meta/package.rds","1620","ba7d18a50a45afb55a1f9e838fd04a0292f5a2cc5de92a4ad73e011bb17c73a2","R environment provenance","tracked"
"thesis_extension/environment/legacy_R343_library/quantreg/Meta/vignette.rds","232","ee4a24f6848309fff9ab921a91f0dc318a3fa1d0e0f5f4aebd8b6cf0b15e2754","R environment provenance","tracked"
"thesis_extension/environment/legacy_R343_library/quantreg/NAMESPACE","2985","488ce9293cf05e9426bb5288aef73a328477d783ab5f81b2ba898865ed3063e5","R environment provenance","tracked"
"thesis_extension/environment/legacy_R343_library/quantreg/R/quantreg","1056","2fb8b16be23c820daf2e51b7ddfef61ca4978e561b1d228d546d1b356041f79e","R environment provenance","tracked"
"thesis_extension/environment/legacy_R343_library/quantreg/R/quantreg.rdb","98801","ee2c89017f2e1b573e5cba2230b6c4c4c2cebb59186565ac6ea9a3fb4b1a9a77","R environment provenance","tracked"
"thesis_extension/environment/legacy_R343_library/quantreg/R/quantreg.rdx","1807","cc66548ab411952c2575b0eeef14b9441a6a2509006b5aa2348db56af388e5e2","R environment provenance","tracked"
"thesis_extension/environment/legacy_R343_library/quantreg/TODO","431","ba4279cc8f8e0c75e38a76c3037cdd00880a3524200e3a55bd3aa13fea8cb66e","R environment provenance","tracked"
"thesis_extension/environment/legacy_R343_library/quantreg/chlog","49991","cadb0abae332d326300fb91c1a7ddb8130e942350ca064a0147df37e4edda45a","R environment provenance","tracked"
"thesis_extension/environment/legacy_R343_library/quantreg/data/Bosco.rda","222","7bb754df75e9f383fb6007d6fcdb2d229f38b7331d3d9e288ee9788f3481983a","R environment provenance","tracked"
"thesis_extension/environment/legacy_R343_library/quantreg/data/CobarOre.rda","454","4424e571464a5d8044a99940c0b9ab60abe70e429eb1b970b8ec69ace3e07f42","R environment provenance","tracked"
"thesis_extension/environment/legacy_R343_library/quantreg/data/Mammals.rda","967","8801c69b96471869cfe85d68ac2cd2202bef217cef28828c6afa297a25ad477e","R environment provenance","tracked"
"thesis_extension/environment/legacy_R343_library/quantreg/data/Peirce.rda","6098","2896bf3cdaeb2ed4c521bd91cf789e7009519d63ba029749740d68815c8dfce0","R environment provenance","tracked"
"thesis_extension/environment/legacy_R343_library/quantreg/data/barro.rda","13455","532130727a1c252dbe8706a6f481d5b7e90ae95cdd518d981d12ded4cc70e661","R environment provenance","tracked"
"thesis_extension/environment/legacy_R343_library/quantreg/data/engel.rda","4274","098c8d7cb3a0bca51a86215a03036a0c5df854e8661bea074b625777056ca550","R environment provenance","tracked"
"thesis_extension/environment/legacy_R343_library/quantreg/data/gasprice.rda","1604","a6327f6e858446feea47fea1fac68d28c692f90eb32eb694a73706c5752a36f1","R environment provenance","tracked"
"thesis_extension/environment/legacy_R343_library/quantreg/data/uis.rda","16268","2a825bbf8c01e8fcd2504c26c9ca1ad55cc0a68a9f397d400e718334ea5b8b6d","R environment provenance","tracked"
"thesis_extension/environment/legacy_R343_library/quantreg/demo/Frank.R","1105","385a5efc222141a8315a4b918f843e98ca8593b84ddf30775564f357f470b7b0","R environment provenance","tracked"
"thesis_extension/environment/legacy_R343_library/quantreg/demo/KMvCRQ.R","442","357a01494bd48fac42f1f0c88dd9df563840c2b4244b7029222a767b11f78ab2","R environment provenance","tracked"
"thesis_extension/environment/legacy_R343_library/quantreg/demo/Mammals.R","1139","66138d8b5da74e87787a00b6fd277656b83b9518d12cd24ebccd731902cf4381","R environment provenance","tracked"
"thesis_extension/environment/legacy_R343_library/quantreg/demo/Mel.R","1188","1d1f63a60e951134db786be0d001f7f56cb4ad1ad4491d0736c3d9d59244a2b7","R environment provenance","tracked"
"thesis_extension/environment/legacy_R343_library/quantreg/demo/Mel2.R","1247","b0a59081b6aa106ffbeb79d1021bc6a86c53f17a69d8e4b42182c056da1cf955","R environment provenance","tracked"
"thesis_extension/environment/legacy_R343_library/quantreg/demo/Panel.R","2876","787c5a08703d6dc508046ebfafa00eec2725e3a15c609e3b3075f7caefaaec0e","R environment provenance","tracked"
"thesis_extension/environment/legacy_R343_library/quantreg/demo/Polson.R","510","a9c485b9e917a22b2391a4a5c3d23499d6cfb45eb9c71269aeecf54e16da31dc","R environment provenance","tracked"
"thesis_extension/environment/legacy_R343_library/quantreg/demo/RB-r.R","496","b2c3f4dfc5c01821c93b9a036de787e738cc6477dde5347efe8a46756806789b","R environment provenance","tracked"
"thesis_extension/environment/legacy_R343_library/quantreg/demo/arqss.R","553","c398d55f9196896959674a6ac5f38846d66854272f5446dab61abbd2ac7891e6","R environment provenance","tracked"
"thesis_extension/environment/legacy_R343_library/quantreg/demo/cobar.R","1052","0d1c31b794c67f5b5c2df4da91b32c40b539db7ab1a7ffb23dd4fe37373f32d2","R environment provenance","tracked"
"thesis_extension/environment/legacy_R343_library/quantreg/demo/combos.R","264","8afeefc92454bc0a608d2ca6b4ef331cca86e821144ba1252c1199d11846844f","R environment provenance","tracked"
"thesis_extension/environment/legacy_R343_library/quantreg/demo/cpoint.R","749","912af90c43975da6c890c91d3359c8f3eae1ccddb97eeb73dfcbcc675edf80e4","R environment provenance","tracked"
"thesis_extension/environment/legacy_R343_library/quantreg/demo/crquis.R","930","3eeecbcfc9a999520f1ddf15fee4c968a3178a0062a826ba4762048da8870a3c","R environment provenance","tracked"
"thesis_extension/environment/legacy_R343_library/quantreg/demo/engel1.R","734","7b736de8112ae4ed520ec94091180726ae7601eb82e69555d832025e19319b46","R environment provenance","tracked"
"thesis_extension/environment/legacy_R343_library/quantreg/demo/engel2.R","1318","34e01d2a588a911f3dcd31c3fb2b70247430a3b2f42116f387030a71156eecff","R environment provenance","tracked"
"thesis_extension/environment/legacy_R343_library/quantreg/demo/hinged.R","1003","94fbb3b22f7858c0a433cb4a4e96f1e8e08eef27d79525d3072c4d1922233b94","R environment provenance","tracked"
"thesis_extension/environment/legacy_R343_library/quantreg/demo/panelfig.R","2876","787c5a08703d6dc508046ebfafa00eec2725e3a15c609e3b3075f7caefaaec0e","R environment provenance","tracked"
"thesis_extension/environment/legacy_R343_library/quantreg/demo/predemo.R","4079","32933687f78b361b65da6cf25b74402c592a10567aca45d6879a753638cd2133","R environment provenance","tracked"
"thesis_extension/environment/legacy_R343_library/quantreg/demo/rqsslasso.R","452","b837cdeaa69c090172555169d40d47bc75709c438366aac8b45f5bfa949c2e00","R environment provenance","tracked"
"thesis_extension/environment/legacy_R343_library/quantreg/demo/stack.R","557","3469fb40acbb0f9558c9848fd4486b35dc0c7c3bbadba1698f29f750186e807c","R environment provenance","tracked"
"thesis_extension/environment/legacy_R343_library/quantreg/doc/abbrev.bib","1695","208956b9b7f8daa9c222a55fe9d4ebc91cc4829a19bc0efd5e3510deac4f3053","R environment provenance","tracked"
"thesis_extension/environment/legacy_R343_library/quantreg/doc/book.bib","144424","8ba95956466ba00988006c90bc3fbb8d7868272aec1b24a10b50828e795e70c9","R environment provenance","tracked"
"thesis_extension/environment/legacy_R343_library/quantreg/doc/crq.pdf","411413","e71ea8330d22c413893dc78a54c85304273d93215a59b05f71c5d0756e64946d","R environment provenance","tracked"
"thesis_extension/environment/legacy_R343_library/quantreg/doc/engelcoef.pdf","8921","738aaf82ea490d632604dbcd73ca73fa8354da0215734bfb178c01d7bfad4ac7","R environment provenance","tracked"
"thesis_extension/environment/legacy_R343_library/quantreg/doc/index.html","2764","5f6e9f9e5b6f4923e29023cf3952b71cd6c4831cfaae221b6e5d2ffd707ff01c","R environment provenance","tracked"
"thesis_extension/environment/legacy_R343_library/quantreg/doc/rq-Frankplot.pdf","12370","434ec22560bd9d7e70fa042d42fb1f0ec3bb27a41900f586e659dd6646f7fded","R environment provenance","tracked"
"thesis_extension/environment/legacy_R343_library/quantreg/doc/rq-cobar.pdf","8446","f3fdb74debe0da71fcc6e3d54ee51c11d48ad1827ef92601d5d2e629e4d74645","R environment provenance","tracked"
"thesis_extension/environment/legacy_R343_library/quantreg/doc/rq-engellogplot.pdf","6468","45e04767dc5e9eb8cca48f3311398a420466a6a450559db2b5de67e024e25ec4","R environment provenance","tracked"
"thesis_extension/environment/legacy_R343_library/quantreg/doc/rq-engelplot.pdf","6439","5384ea761163019711026faeb1eebb68089a4d13ca332f2e984d106386690d1f","R environment provenance","tracked"
"thesis_extension/environment/legacy_R343_library/quantreg/doc/rq-eqfs.pdf","15418","3d575fe1c4e673391d4b7c9c26341f11e2076dbee4c8f7927861d97cb867782e","R environment provenance","tracked"
"thesis_extension/environment/legacy_R343_library/quantreg/doc/rq-mammals.pdf","7211","b139f9861b0be343cfd86b5e8c59f4c68a211a8b6e2fb8dc3666acaa02d6351d","R environment provenance","tracked"
"thesis_extension/environment/legacy_R343_library/quantreg/doc/rq-mcycle1.pdf","6508","71670176acedbe94f68f5029bbf52915bf5561a4a4382581ad7219ddb733ce18","R environment provenance","tracked"
"thesis_extension/environment/legacy_R343_library/quantreg/doc/rq-regspline.pdf","7160","33eabf00caa32b6fc7f329d7668426855bde354545dcb9dbfe31dc6709f5a4dc","R environment provenance","tracked"
"thesis_extension/environment/legacy_R343_library/quantreg/doc/rq.R","9279","b7ab6120f1aeee1ddadf6bedc2728cca524de37e16f50367000b2cd5176e32c7","R environment provenance","tracked"
"thesis_extension/environment/legacy_R343_library/quantreg/doc/rq.Rnw","42038","ddc4fcc1afd54d777477dddf546f31eeb4e0ece33432b5663757564fdcf9e553","R environment provenance","tracked"
"thesis_extension/environment/legacy_R343_library/quantreg/doc/rq.pdf","324247","4c5668ded4601629ce610e1a09f7f0cc2acffc2f064d999ec90ecd118df69cd7","R environment provenance","tracked"
"thesis_extension/environment/legacy_R343_library/quantreg/doc/rqss.pdf","465266","7450326a8abf1b2f62d95a300e75559c5fa334b99f091c2b4e89a1dd2b12fa94","R environment provenance","tracked"
"thesis_extension/environment/legacy_R343_library/quantreg/help/AnIndex","3118","926e06714f8ae7547f75aa74eb14af56560c1a4b287600602c400dad68adef61","R environment provenance","tracked"
"thesis_extension/environment/legacy_R343_library/quantreg/help/aliases.rds","1101","34934d4af3a91455950c67070c86eda5134a240b17096e47e38a45ac829e2aea","R environment provenance","tracked"
"thesis_extension/environment/legacy_R343_library/quantreg/help/paths.rds","629","d9dad1a21a457bf0a9ea6c979d6392e0b3b57329110df12645542c8ed7d6eda3","R environment provenance","tracked"
"thesis_extension/environment/legacy_R343_library/quantreg/help/quantreg.rdb","235707","22638bc66ca3fe8b84f9f670cfe89dc78c3cea829db305f32850aa0a8fe2e86e","R environment provenance","tracked"
"thesis_extension/environment/legacy_R343_library/quantreg/help/quantreg.rdx","1484","36a99be85ae78db65c531f710fb02a5c63492a73d6abc0d021ff28da5fbd95c6","R environment provenance","tracked"
"thesis_extension/environment/legacy_R343_library/quantreg/html/00Index.html","22309","23012e25bd2b13263ab1a07b5853c0e60585964930e98eca5dcfd1e0450c2e92","R environment provenance","tracked"
"thesis_extension/environment/legacy_R343_library/quantreg/html/Bosco.html","1972","ab790b040d2a28577e89d8c1f6e2ca4d53e0713b8a61784900c5f34bb213b3f5","R environment provenance","tracked"
"thesis_extension/environment/legacy_R343_library/quantreg/html/CobarOre.html","1453","fab72f7a188c1221038c232c2cef31e61741d8e2b21213539dc622a90f0ca2a7","R environment provenance","tracked"
"thesis_extension/environment/legacy_R343_library/quantreg/html/FAQ.html","1228","1981bb7b1fd22b3a750321c06919a2cdb8cea4f27aecd756d1cb7db976b24fce","R environment provenance","tracked"
"thesis_extension/environment/legacy_R343_library/quantreg/html/Mammals.html","2748","d19f047955a9e9f7ae767f1f4a4bd2a3f62b7c4cb70be97cd25df983ef10492d","R environment provenance","tracked"
"thesis_extension/environment/legacy_R343_library/quantreg/html/Peirce.html","5837","bdceecdf65f64d56b8eeeceb01444131d684b2f24e878056f336c93d6932895b","R environment provenance","tracked"
"thesis_extension/environment/legacy_R343_library/quantreg/html/QTECox.html","3332","6769a83a78ea56e334f25827738bded5b098bd03fb3fd5e9cee1768dacf5514d","R environment provenance","tracked"
"thesis_extension/environment/legacy_R343_library/quantreg/html/R.css","1335","0f4849ab1757247808d54da2c371e992364371c942ad7d629dae8d62327ed068","R environment provenance","tracked"
"thesis_extension/environment/legacy_R343_library/quantreg/html/akj.html","3922","e3bed45310a1647253692fc6cc7f5c4c3d6045976e51a6865fc8e10b76caf4e8","R environment provenance","tracked"
"thesis_extension/environment/legacy_R343_library/quantreg/html/anova.rq.html","11352","9f4d2cae97051f42b2b0f6a33e04facf5fd682b623ba035ded2e136f550d45d7","R environment provenance","tracked"
"thesis_extension/environment/legacy_R343_library/quantreg/html/bandwidth.rq.html","1783","b424df52f14aef16af23dbf8876554086e0862824ab8f39e6ffbb87dcfdd4ad4","R environment provenance","tracked"
"thesis_extension/environment/legacy_R343_library/quantreg/html/barro.html","3178","e903ef71e2d2acb966f3fc72c6c998c55343ebc029710c463492cab93d818d48","R environment provenance","tracked"
"thesis_extension/environment/legacy_R343_library/quantreg/html/boot.crq.html","4265","011e6e66a3ed39fb6d41c94c3f0d4bab56f4e4392134088f5481c91b96c0d38e","R environment provenance","tracked"
"thesis_extension/environment/legacy_R343_library/quantreg/html/boot.rq.html","6939","3e0024d14a8a3b5f3e57fec7d8693bc2d00cf1e81874548eb1f8443465998356","R environment provenance","tracked"
"thesis_extension/environment/legacy_R343_library/quantreg/html/combos.html","1945","1b66f81448aab0867683e0d439b528ecbafd25d37417770bd42d71b833dbfda6","R environment provenance","tracked"
"thesis_extension/environment/legacy_R343_library/quantreg/html/critval.html","2680","f5c61e0a9aad9fd95e43a4f09b18d347b2abd724e2f1e3e57f6db5041f0907de","R environment provenance","tracked"
"thesis_extension/environment/legacy_R343_library/quantreg/html/crq.html","13769","9647493c8b44a72b3f15c8d69e11b1a69170882d52fed320d815849f2285a77a","R environment provenance","tracked"
"thesis_extension/environment/legacy_R343_library/quantreg/html/dither.html","3209","f636aa1bfc491050e4ea492d0e6a09c16f768491b3a0d6f72ffaa2f3887c54b8","R environment provenance","tracked"
"thesis_extension/environment/legacy_R343_library/quantreg/html/dynrq.html","9404","80de0ef7299a88f444917a738291e97bd011e5a6873bf91392382ced1e9037b5","R environment provenance","tracked"
"thesis_extension/environment/legacy_R343_library/quantreg/html/engel.html","2016","d48355da0ffe1b6d888a3f851a1ac91b3ddcb09b78ed6824addff28694b5d718","R environment provenance","tracked"
"thesis_extension/environment/legacy_R343_library/quantreg/html/gasprice.html","907","0804c2cb92a38fce9b193ee70f6bd3682bf653c0f9bd1bd4ad7e444b9f0bad3f","R environment provenance","tracked"
"thesis_extension/environment/legacy_R343_library/quantreg/html/khmaladzeTest.html","3705","95a80c501b7a29c2fe7d28e2a99b2f8fdf5859617dae7f37ebc1e77339ff40aa","R environment provenance","tracked"
"thesis_extension/environment/legacy_R343_library/quantreg/html/kuantile.html","4190","843157d29766623f3e0b58ec759a3469c5f01ec6c83e4be48f3d95c28f62e603","R environment provenance","tracked"
"thesis_extension/environment/legacy_R343_library/quantreg/html/latex.html","1442","23ba5c8f5d2cd965c20e2fe2f193fcb742d393146088446619487d63c3cb9401","R environment provenance","tracked"
"thesis_extension/environment/legacy_R343_library/quantreg/html/latex.summary.rqs.html","2144","09d3001fc46787d998eac6703bd382e083c9958115e3bdb0459a89b65588e288","R environment provenance","tracked"
"thesis_extension/environment/legacy_R343_library/quantreg/html/latex.table.html","7829","bc04937d8906e290e2234e8702e7534ae648a7b673536d3935816e678393a42c","R environment provenance","tracked"
"thesis_extension/environment/legacy_R343_library/quantreg/html/lm.fit.recursive.html","1662","f0e8ac7dc41df96f879c3e749441458e467683d2ad8ce31c596d3dcc3200ee27","R environment provenance","tracked"
"thesis_extension/environment/legacy_R343_library/quantreg/html/lprq.html","3066","eb9bb0a54ff68fdd87b9a080f2aeb0fd0a8c56cd4254f63c6d03eb41060a0817","R environment provenance","tracked"
"thesis_extension/environment/legacy_R343_library/quantreg/html/nlrq.control.html","2087","ee9d5bd2b9a583de90f6b09dfa0bb120bd67297b6138e97138bc85dc87b7eb55","R environment provenance","tracked"
"thesis_extension/environment/legacy_R343_library/quantreg/html/nlrq.html","6692","edb9a5d0e7abe84ecf802d94756d6ac5c103fd827f29b9ee987d96ff0a9c3600","R environment provenance","tracked"
"thesis_extension/environment/legacy_R343_library/quantreg/html/plot.rq.process.html","1511","09a0beb1f3337a9eaaa7372b84a6dac3e512e5a05c7af8859927cf17b4789af8","R environment provenance","tracked"
"thesis_extension/environment/legacy_R343_library/quantreg/html/plot.rqs.html","3238","1ff06da304563265f04d66fba479eab8e4d134243ebf9f38675ed7886680da4f","R environment provenance","tracked"
"thesis_extension/environment/legacy_R343_library/quantreg/html/plot.rqss.html","7261","cfc9aa7e9cc5b8037978c508210df7d55383d21507ad2c96683eda7735d9aa1c","R environment provenance","tracked"
"thesis_extension/environment/legacy_R343_library/quantreg/html/plot.summary.rqs.html","4293","9571856aea40c1033e440d27b27102df07d27349ef33ccdca72fafa4a7243b29","R environment provenance","tracked"
"thesis_extension/environment/legacy_R343_library/quantreg/html/predict.rq.html","5995","0aea83b52c9815849ee0ccba6b2d9a542a07bae30fba2083ed1d03a5204a1a20","R environment provenance","tracked"
"thesis_extension/environment/legacy_R343_library/quantreg/html/predict.rqss.html","4649","a2eccc4595ac870e1c4a87a9e4af676ad2939e79082b34eab31a057ab1843709","R environment provenance","tracked"
"thesis_extension/environment/legacy_R343_library/quantreg/html/print.rq.html","1226","a93be0119ee9f1675dd864060caf1c4571fb850b4aaee4c1fbf36faca29b5941","R environment provenance","tracked"
"thesis_extension/environment/legacy_R343_library/quantreg/html/print.summary.rq.html","1564","a7c8afe6197066167641b2550eaaa6cf6733be51c03338398ee1f04955c894d1","R environment provenance","tracked"
"thesis_extension/environment/legacy_R343_library/quantreg/html/qrisk.html","5055","54f8fce179bfa3277b2a246f0012e5c7da0e02d1bc851bd78bf21e204f94e1e1","R environment provenance","tracked"
"thesis_extension/environment/legacy_R343_library/quantreg/html/qss.html","5085","adac3a44e286ef800a8dee9db11f9bbea86d6db8b6357a176a6aaed72dc52417","R environment provenance","tracked"
"thesis_extension/environment/legacy_R343_library/quantreg/html/ranks.html","3473","1eb3012df23aa2ff5899e552e68afe5d09710d4615af637380b14e7b534626d3","R environment provenance","tracked"
"thesis_extension/environment/legacy_R343_library/quantreg/html/rearrange.html","2800","ee32d8555da1b2a3d3b84749f579e986d7ff5610d40b8825ef37d8b5fb6d3638","R environment provenance","tracked"
"thesis_extension/environment/legacy_R343_library/quantreg/html/residuals.nlrq.html","1790","783e729af077c5fdaf60d8ff487aa79e471e893114ceeddd74908281b493bc33","R environment provenance","tracked"
"thesis_extension/environment/legacy_R343_library/quantreg/html/rq.fit.br.html","4802","1892b45995f60f70aa3018ac1792f6b8f568c3cb2adf201998042cb0169b8d48","R environment provenance","tracked"
"thesis_extension/environment/legacy_R343_library/quantreg/html/rq.fit.fnb.html","3531","9f761bf4744c70f13affb76d4603f54d8291ec6f975673bf51bb505980a9008b","R environment provenance","tracked"
"thesis_extension/environment/legacy_R343_library/quantreg/html/rq.fit.fnc.html","3689","38a591a5cc6a630f0a0deeb467ece083e28e0fe83a4542821e6b09da94f4d415","R environment provenance","tracked"
"thesis_extension/environment/legacy_R343_library/quantreg/html/rq.fit.hogg.html","4215","c3cd7fee313ceb29e6150f59876e2c4e93397b6290f6920edf90f9f587858e6a","R environment provenance","tracked"
"thesis_extension/environment/legacy_R343_library/quantreg/html/rq.fit.html","1808","1b268fca7763ed942fbd7cb33012f7195d2206d699cfb068561b8eec951050af","R environment provenance","tracked"
"thesis_extension/environment/legacy_R343_library/quantreg/html/rq.fit.lasso.html","3296","5befdcd6cdb339005294903cf9218ddfad718823dbdc9f0b70629edf2c49337b","R environment provenance","tracked"
"thesis_extension/environment/legacy_R343_library/quantreg/html/rq.fit.pfn.html","2361","23b553237984accd43d966efa5c598e66ca7e59ae0f236e32a323237645e5053","R environment provenance","tracked"
"thesis_extension/environment/legacy_R343_library/quantreg/html/rq.fit.scad.html","4010","301488d6c62242db02f81cac664d8a87b7b8c724b9ed0ae460fb727b623d4e5f","R environment provenance","tracked"
"thesis_extension/environment/legacy_R343_library/quantreg/html/rq.fit.sfn.html","4875","bd27bdeef41eb516a719dcf882250eb21238da09412eb2739c8a529e84252bb8","R environment provenance","tracked"
"thesis_extension/environment/legacy_R343_library/quantreg/html/rq.fit.sfnc.html","5235","4bdd87ce2f5871d7e9994fab74d74d58ebef49d1ac1f29dfe65338bfb34f6e92","R environment provenance","tracked"
"thesis_extension/environment/legacy_R343_library/quantreg/html/rq.html","11411","c3d03b80124f53ddb50d5cf6401556521f434a6dea921335624e24e9c5285dc2","R environment provenance","tracked"
"thesis_extension/environment/legacy_R343_library/quantreg/html/rq.object.html","4627","7ae4b2f1837c317aa1d1e92fb21393ced6f7758290ff40d68aa708e34df0910d","R environment provenance","tracked"
"thesis_extension/environment/legacy_R343_library/quantreg/html/rq.process.object.html","4128","653c7648af4946d968410d7975c1e4e3ee6587731d247d2fb679bf8447a892bd","R environment provenance","tracked"
"thesis_extension/environment/legacy_R343_library/quantreg/html/rq.wfit.html","1978","db8de47466248e2e2ccd98ee068b28390f2eab376a9f661b1ab8a16a20edb3ad","R environment provenance","tracked"
"thesis_extension/environment/legacy_R343_library/quantreg/html/rqProcess.html","3189","e253921c9dfb50b5dd401cc7d2d7785dee01332c8b2e0b2989a2f7ae63b107ec","R environment provenance","tracked"
"thesis_extension/environment/legacy_R343_library/quantreg/html/rqs.fit.html","1615","0055aad2be384ec323ca1454d9284dd95146a5af32a5cd5613e034f4386de23c","R environment provenance","tracked"
"thesis_extension/environment/legacy_R343_library/quantreg/html/rqss.html","8321","8006b0cf26be5af1eb4aec0f2b38d2a4e39653d89b9460b0470c2b9abd6ddcf0","R environment provenance","tracked"
"thesis_extension/environment/legacy_R343_library/quantreg/html/rqss.object.html","5060","c63be08f37166785eee7216f48ea575d645bb9c84bc0fd87ba601e5653a65a9a","R environment provenance","tracked"
"thesis_extension/environment/legacy_R343_library/quantreg/html/sfn.control.html","2484","0b0eb4d8ce9df58d94b9fa105bd4a445bfb15c39fd6c6b83b244c8adc4978a99","R environment provenance","tracked"
"thesis_extension/environment/legacy_R343_library/quantreg/html/srisk.html","2232","2e4012d731cbab201c0cc3d9775f453524dc1140b1ac19414adaa2c05217bf31","R environment provenance","tracked"
"thesis_extension/environment/legacy_R343_library/quantreg/html/summary.crq.html","6560","847db845daa06ade392d22bd8bc15f88fe6a16ae2bd6377ab1a715d47d410563","R environment provenance","tracked"
"thesis_extension/environment/legacy_R343_library/quantreg/html/summary.rq.html","8684","8d69d6b7d86a4739e50723df978478bab6ca27b61bd44b62b0a7e8288be87a0c","R environment provenance","tracked"
"thesis_extension/environment/legacy_R343_library/quantreg/html/summary.rqss.html","5229","d55aecadb275e636cb1671100e9b7f85294572ec855c0c09a3663aedbaf8565b","R environment provenance","tracked"
"thesis_extension/environment/legacy_R343_library/quantreg/html/table.rq.html","1311","0213b0052a6866c485aa6f6d2190e33bd859a1ab8931634b2dcb8c337dd76448","R environment provenance","tracked"
"thesis_extension/environment/legacy_R343_library/quantreg/html/uis.html","7779","ad339b91ee4fa196f40a3ba680714c79d6042e9ab826ef554ea61f3f58b1ebb7","R environment provenance","tracked"
"thesis_extension/environment/legacy_R343_library/quantreg/libs/i386/quantreg.dll","442382","90c0527b1ba83581756368f50de5cbcaa3409d1a19554cd7b7a5ffa3f5f40ad2","R environment provenance","tracked"
"thesis_extension/environment/legacy_R343_library/quantreg/libs/x64/quantreg.dll","380928","779bbe64b3b6d4594f318c12453e1c2e7d6c92c44742229c992d6ec804f0509b","R environment provenance","tracked"
"thesis_extension/environment/legacy_R343_library/reshape2/CITATION","637","dd18cdb7c7cad9f0c9952c40e27b6917c6193294d951f4c86bd05f2e48d06520","R environment provenance","tracked"
"thesis_extension/environment/legacy_R343_library/reshape2/DESCRIPTION","800","92cbb2fcd2485f45b84fc2cd09795f4989e7de94434399b03bfc44337761d0b0","R environment provenance","tracked"
"thesis_extension/environment/legacy_R343_library/reshape2/INDEX","1040","37c700779d65e123ba9892caf683be1bc714a64b9236752d0c4ca3c07ed6429d","R environment provenance","tracked"
"thesis_extension/environment/legacy_R343_library/reshape2/LICENSE","49","87a7ec07e5434939e69af0034e7cd1c9641366fb71be00873c7e481cfbf26e21","R environment provenance","tracked"
"thesis_extension/environment/legacy_R343_library/reshape2/MD5","2218","67bf3609116336b3e41ea028927c6d7c9800f20eb90fb52b7a06938b7c7900de","R environment provenance","tracked"
"thesis_extension/environment/legacy_R343_library/reshape2/Meta/Rd.rds","857","5dee8b7c72a01c8340e481b15763ac5fc7927b8aec3f986f85587058ca76083e","R environment provenance","tracked"
"thesis_extension/environment/legacy_R343_library/reshape2/Meta/data.rds","162","c820bc3f248c7ecb68957701f969d4c3feb9b4379d61ab57878b9b9e3a6fa3f6","R environment provenance","tracked"
"thesis_extension/environment/legacy_R343_library/reshape2/Meta/features.rds","112","0c47f77934234b8ddfc04ba4cf55da90ab9ef317d3825782bd4282625c53d444","R environment provenance","tracked"
"thesis_extension/environment/legacy_R343_library/reshape2/Meta/hsearch.rds","834","6c6639ea7656948da896a09f9997d104c93c4813514cc79819e0658b9c78000e","R environment provenance","tracked"
"thesis_extension/environment/legacy_R343_library/reshape2/Meta/links.rds","329","92885f28bfdea73d8bc9612afe588a0579de4fc0d934334d1b78424b1d8167c1","R environment provenance","tracked"
"thesis_extension/environment/legacy_R343_library/reshape2/Meta/nsInfo.rds","350","344672ebcc04acfd084271c4f9d57b75e22aec87610ab9d53e74e55f259c44d8","R environment provenance","tracked"
"thesis_extension/environment/legacy_R343_library/reshape2/Meta/package.rds","899","45d36cab4a5404d9ec6fa801f610b0701dd26ab448746ac418ec3013a0956377","R environment provenance","tracked"
"thesis_extension/environment/legacy_R343_library/reshape2/NAMESPACE","404","e015cafc2ac6f4a70cf65917e3b650be33c46d64fded25d836e0e399ee76042f","R environment provenance","tracked"
"thesis_extension/environment/legacy_R343_library/reshape2/R/reshape2","1056","2fb8b16be23c820daf2e51b7ddfef61ca4978e561b1d228d546d1b356041f79e","R environment provenance","tracked"
"thesis_extension/environment/legacy_R343_library/reshape2/R/reshape2.rdb","10645","ede5abca49b0ffa60fe05d2767272e22777fff34384c257f813ca3f526439c5e","R environment provenance","tracked"
"thesis_extension/environment/legacy_R343_library/reshape2/R/reshape2.rdx","585","fccbdff0c00a74f3e47e5d6fb213cd0e674013942b781e94e29095ac2fa280ff","R environment provenance","tracked"
"thesis_extension/environment/legacy_R343_library/reshape2/data/Rdata.rdb","10104","78a62d8a0fa7c1a2ced3a2734ef1acd838d4975551c96758b13c52db1c987fa7","R environment provenance","tracked"
"thesis_extension/environment/legacy_R343_library/reshape2/data/Rdata.rds","97","c6b9123128ebe8e4e2f97df7f753efc884e33b6c7f46400ecf6dc5d38ea93d86","R environment provenance","tracked"
"thesis_extension/environment/legacy_R343_library/reshape2/data/Rdata.rdx","160","d59f7f87f4597dc4f728ee3a1ef88c8e7e1e0efe5a41fe5b9a4295c58247c37a","R environment provenance","tracked"
"thesis_extension/environment/legacy_R343_library/reshape2/help/AnIndex","403","0706c5cc6d21c436d6ad5ccc02c6117c8805f38364b0adaae713a47a1a745650","R environment provenance","tracked"
"thesis_extension/environment/legacy_R343_library/reshape2/help/aliases.rds","226","1c7cacaa3fbca447f4ec27142032bb69951dfb3b18f303dd09400e54e06582cf","R environment provenance","tracked"
"thesis_extension/environment/legacy_R343_library/reshape2/help/paths.rds","299","f8944a94394fc6732db4b93bbdb05c45a78986a7fc3513cbb58d2d4e4fa3e909","R environment provenance","tracked"
"thesis_extension/environment/legacy_R343_library/reshape2/help/reshape2.rdb","29917","8d00d58284ccd02eb5bccb814e0d73e2716e8d1dfbbb7c767e4ac8c1a8b08cd1","R environment provenance","tracked"
"thesis_extension/environment/legacy_R343_library/reshape2/help/reshape2.rdx","503","45f98a69958e73548aebc001791fb64c14e901628e00ecdaa06f6f178ca0d1e9","R environment provenance","tracked"
"thesis_extension/environment/legacy_R343_library/reshape2/html/00Index.html","3308","5e145d0dc3ea5a59cd5cd0f3fedd18eb1747bcf04c91ff4ea6e1dcb912183fa8","R environment provenance","tracked"
"thesis_extension/environment/legacy_R343_library/reshape2/html/R.css","1335","0f4849ab1757247808d54da2c371e992364371c942ad7d629dae8d62327ed068","R environment provenance","tracked"
"thesis_extension/environment/legacy_R343_library/reshape2/html/add_margins.html","1372","3744a8b9756db784790fcbdc494de338b7bab2ed3827f6746c46e44d0a8a4c96","R environment provenance","tracked"
"thesis_extension/environment/legacy_R343_library/reshape2/html/cast.html","6101","aa399f859e32e249d4c53f4b2662450d78acb8b09dc99213ce15c143d52448ec","R environment provenance","tracked"
"thesis_extension/environment/legacy_R343_library/reshape2/html/colsplit.html","1575","a59ac55d077a156333e21320b6718d51304cf2b1bf7de78804161c2259167804","R environment provenance","tracked"
"thesis_extension/environment/legacy_R343_library/reshape2/html/french_fries.html","1520","40809cc1d400cd3b76952df43e4d2493dda63d58c3d6be792cfc9fd2e719b69c","R environment provenance","tracked"
"thesis_extension/environment/legacy_R343_library/reshape2/html/guess_value.html","1125","7d147dc1b9002793acfb53a6ce8e41756a2830c37e301172a7c3076dd2e4bfd6","R environment provenance","tracked"
"thesis_extension/environment/legacy_R343_library/reshape2/html/margins.html","1560","d5a52d677b6aff59c3ab2895cc473efcc76e7764550245aa555777c1dd83dbbb","R environment provenance","tracked"
"thesis_extension/environment/legacy_R343_library/reshape2/html/melt.array.html","2793","4748a633c49c6b8387846841ca918dcdbbe2275305305f6c41b063718881069a","R environment provenance","tracked"
"thesis_extension/environment/legacy_R343_library/reshape2/html/melt.data.frame.html","3268","9f7c836d078808d1b0834adbddf8485c69575cdf677dc9c00239dddcdb43a8d0","R environment provenance","tracked"
"thesis_extension/environment/legacy_R343_library/reshape2/html/melt.default.html","1855","e2d989cca375d7182abb3548811c4279647274ff668229dd1481857c2c692fab","R environment provenance","tracked"
"thesis_extension/environment/legacy_R343_library/reshape2/html/melt.html","1924","6d27648529cee384142944891bca61ebf8b271712a2be9d1c3ebdb034ed1e8c3","R environment provenance","tracked"
"thesis_extension/environment/legacy_R343_library/reshape2/html/melt.list.html","1941","8cfceaadc98c8ddf8306e8161a0f332bc9fd8b6908afc616ee86acaafdef331e","R environment provenance","tracked"
"thesis_extension/environment/legacy_R343_library/reshape2/html/melt_check.html","1942","63796155ddf9ca388a7b464cc62f435051152e87ee412a6ccb9159856ff97486","R environment provenance","tracked"
"thesis_extension/environment/legacy_R343_library/reshape2/html/parse_formula.html","1818","be6ea236280ba19b32daaf55d857c922702abca85fafedbd3e008203261ec39b","R environment provenance","tracked"
"thesis_extension/environment/legacy_R343_library/reshape2/html/recast.html","1834","e51b8df8710a27aa7b8087a8c6e3ea16a398bb3ebb9627403b3b124d2b356b99","R environment provenance","tracked"
"thesis_extension/environment/legacy_R343_library/reshape2/html/smiths.html","934","fd400577ba0bea32c8227d38c3a6b01abd64fec96e4fb2d2c05ab43348f9bf83","R environment provenance","tracked"
"thesis_extension/environment/legacy_R343_library/reshape2/html/tips.html","1622","9bc0d6de272188c16760b0edfd367edb0f1a2409f478760c441c8d9eb4545ff4","R environment provenance","tracked"
"thesis_extension/environment/legacy_R343_library/reshape2/libs/i386/reshape2.dll","824846","ce8174e9748148dd03c96983904571d90e328514b447c6c4ba634317563883dd","R environment provenance","tracked"
"thesis_extension/environment/legacy_R343_library/reshape2/libs/x64/reshape2.dll","777216","7f4d686d959dfc1b046f1a96ac493c37215cff438ce01a88a1b26b121acea9a2","R environment provenance","tracked"
"thesis_extension/environment/legacy_R343_library/rlang/DESCRIPTION","1084","6044523112bbca7dee52328cff04883c389ed43ffcef9b6a9afe3f4d1e87c0e7","R environment provenance","tracked"
"thesis_extension/environment/legacy_R343_library/rlang/INDEX","7381","7687a8cef8e843a5f8fc700d2e3a6927c48dd25d9f1b679f3c2dbc92fe8bd77f","R environment provenance","tracked"
"thesis_extension/environment/legacy_R343_library/rlang/MD5","8363","6fb3960cd3bf5d4e07f0f8659d177f16a5a6f5f0ccfb026ca8386c4f12b3b9a8","R environment provenance","tracked"
"thesis_extension/environment/legacy_R343_library/rlang/Meta/Rd.rds","4916","aa937b6802651fb9637c039ddf4d156145c153f5bf8d956c2f860415d2c90756","R environment provenance","tracked"
"thesis_extension/environment/legacy_R343_library/rlang/Meta/features.rds","112","0c47f77934234b8ddfc04ba4cf55da90ab9ef317d3825782bd4282625c53d444","R environment provenance","tracked"
"thesis_extension/environment/legacy_R343_library/rlang/Meta/hsearch.rds","4741","95f51e497d194dfa19c23486d37347657ce9b8ab4fb7051cc36c104591722abe","R environment provenance","tracked"
"thesis_extension/environment/legacy_R343_library/rlang/Meta/links.rds","2954","d53a849bd33daff91f2d0209a59303bf4e8a7603dbe5c1401a7cea542eb66afc","R environment provenance","tracked"
"thesis_extension/environment/legacy_R343_library/rlang/Meta/nsInfo.rds","2212","5bf08749d1df4e55f402391cc908bcdb7a904f481b563711a4edb97f6bcf06fb","R environment provenance","tracked"
"thesis_extension/environment/legacy_R343_library/rlang/Meta/package.rds","1032","cadf8738e9b5eaa0dc48bac0d6278545cecfc3b8cf34cea355146c9abb2495bc","R environment provenance","tracked"
"thesis_extension/environment/legacy_R343_library/rlang/Meta/vignette.rds","209","ff2438c5cf58825e4f5882a4c83fce736b4191a06c7f03f84f7acec539ff3658","R environment provenance","tracked"
"thesis_extension/environment/legacy_R343_library/rlang/NAMESPACE","7277","93123563a44a1401ca2530cb9440dda19fefb6cd7352993df8b823c8322126b2","R environment provenance","tracked"
"thesis_extension/environment/legacy_R343_library/rlang/NEWS.md","2099","e1709ce54d16ffb82fa560e18ee6601ab626597e3b8483fc5f0e73c68e91f57e","R environment provenance","tracked"
"thesis_extension/environment/legacy_R343_library/rlang/R/rlang","1056","2fb8b16be23c820daf2e51b7ddfef61ca4978e561b1d228d546d1b356041f79e","R environment provenance","tracked"
"thesis_extension/environment/legacy_R343_library/rlang/R/rlang.rdb","88846","3abfaacc2446a0f66dba190c24f7b8d81c8a150198286c638dd37766bc208f0a","R environment provenance","tracked"
"thesis_extension/environment/legacy_R343_library/rlang/R/rlang.rdx","5739","8ab27e47b58d12c994e582c435efccef4e558ce577e7645f84cea1502c5f6ab2","R environment provenance","tracked"
"thesis_extension/environment/legacy_R343_library/rlang/doc/index.html","1384","ebd872e141185494e69784f05d4fecc8fb7cf9cbefb245bd8dfa832f15992aa4","R environment provenance","tracked"
"thesis_extension/environment/legacy_R343_library/rlang/doc/tidy-evaluation.R","826","e1248d20ecd1f0b5bb612d88162943cf63695db543ba6e8f6ddf3fa1bf64ad07","R environment provenance","tracked"
"thesis_extension/environment/legacy_R343_library/rlang/doc/tidy-evaluation.Rmd","12198","fff08359f6f9afbc8aa13aec4529b2c184cd6e0716c690151cbd90e3e0a36811","R environment provenance","tracked"
"thesis_extension/environment/legacy_R343_library/rlang/doc/tidy-evaluation.html","21984","7d6ac30ed7b1a813405959764565ee76265551cae5aaf9bbf9c7561693c40a31","R environment provenance","tracked"
"thesis_extension/environment/legacy_R343_library/rlang/help/AnIndex","8486","494158fcd7c641f1c70b00dd0ae55db29f3999d09b4b4800c8716f90899c2b91","R environment provenance","tracked"
"thesis_extension/environment/legacy_R343_library/rlang/help/aliases.rds","2524","3f699111df1eff26959c9337fd5c0efe87821ceb77a81c5b87e1adfad49d5447","R environment provenance","tracked"
"thesis_extension/environment/legacy_R343_library/rlang/help/paths.rds","1118","28d255961753fbff8535cf965f9d5981772f744fecdf5dcf31fecb6bf8c47014","R environment provenance","tracked"
"thesis_extension/environment/legacy_R343_library/rlang/help/rlang.rdb","311047","ee52f62a507cccec0832324757c496d37cc6ef888923c517cf0f81f13f0cb64a","R environment provenance","tracked"
"thesis_extension/environment/legacy_R343_library/rlang/help/rlang.rdx","2740","8caf3cda8572ed84cf5df11a30f071c6d2befc28611442a27b5415f71a1540d2","R environment provenance","tracked"
"thesis_extension/environment/legacy_R343_library/rlang/html/00Index.html","47412","8a298ea047b4514d5adb7994d9beb489fe0d710636953cc4c9d683102af52c85","R environment provenance","tracked"
"thesis_extension/environment/legacy_R343_library/rlang/html/R.css","1335","0f4849ab1757247808d54da2c371e992364371c942ad7d629dae8d62327ed068","R environment provenance","tracked"
"thesis_extension/environment/legacy_R343_library/rlang/html/abort.html","3194","ce7730cb506a6f289b4abc193278f202aae5dc22dac7bd7a5e70b18fc09b44a5","R environment provenance","tracked"
"thesis_extension/environment/legacy_R343_library/rlang/html/are_na.html","2173","cc906692ef674053832e86d7ab9459b1cbc6adcb347b2082a1a07380fd771e34","R environment provenance","tracked"
"thesis_extension/environment/legacy_R343_library/rlang/html/arg_match.html","1789","ac05d58902fddab5dfd31b9a48af2681f63899840c254c9bbb2fb741d3522bdf","R environment provenance","tracked"
"thesis_extension/environment/legacy_R343_library/rlang/html/as_bytes.html","1036","3313b8977dfcc62a1bbbe703bc788ff4455ae39b2064f00d95a125f2cc186ce5","R environment provenance","tracked"
"thesis_extension/environment/legacy_R343_library/rlang/html/as_env.html","2246","e5b91a1e684f85ffb6e59d0b99ed6176f14268d3b1a33c894d0c307923b6fa26","R environment provenance","tracked"
"thesis_extension/environment/legacy_R343_library/rlang/html/as_function.html","2301","19325309f15db1644ad8a772272dbc120a049603868b6369a330eb43b2c1ecd2","R environment provenance","tracked"
"thesis_extension/environment/legacy_R343_library/rlang/html/as_overscope.html","6567","19a45bda6dc077e87f0c0c7783559a3c61e73d0fa27685cbb0154b772c21fa4a","R environment provenance","tracked"
"thesis_extension/environment/legacy_R343_library/rlang/html/as_pairlist.html","1125","74c15dda1b2072d1e72c3cbe1a44c320fb1b132ff015275e704d0490b5c67466","R environment provenance","tracked"
"thesis_extension/environment/legacy_R343_library/rlang/html/as_quosure.html","3303","cf04cc179c3297717e1e25ce2472338945166e03601e99111c298503dae7fafa","R environment provenance","tracked"
"thesis_extension/environment/legacy_R343_library/rlang/html/as_utf8_character.html","2563","fa111938ce72b1c082c52f6a06b7422c670543d23a76838dff1f435868dc6e38","R environment provenance","tracked"
"thesis_extension/environment/legacy_R343_library/rlang/html/bare-type-predicates.html","2452","4ba2a7109e01bd07db8bfdc267821c4c5d6c14a6501c3d1474868c6db9296a25","R environment provenance","tracked"
"thesis_extension/environment/legacy_R343_library/rlang/html/call_inspect.html","1414","70c3f76e2f26fe94e6b0bb5bd49cb36a2c3e6d1544dc19bfc1976ec0b1fecf99","R environment provenance","tracked"
"thesis_extension/environment/legacy_R343_library/rlang/html/caller_env.html","1449","127edb49914db1f42b6b92077c6b66f721367307d747893b63da15d919841f16","R environment provenance","tracked"
"thesis_extension/environment/legacy_R343_library/rlang/html/cnd_signal.html","6823","f7b543c3bd3be3a6e9317e8eb9da467c218f259e656f142fda9814c818c6945f","R environment provenance","tracked"
"thesis_extension/environment/legacy_R343_library/rlang/html/dictionary.html","2166","9d3d1a0b12326c321c65c1e493c37663139c7a6d3f72fe7cadc38181dbbf9471","R environment provenance","tracked"
"thesis_extension/environment/legacy_R343_library/rlang/html/dots_list.html","3340","8582a9a9cf02ed3702c6b67c5c7444346ad98e34333f890bb8bf59e76a74e1e7","R environment provenance","tracked"
"thesis_extension/environment/legacy_R343_library/rlang/html/dots_n.html","1151","fa7c0e072d6b013c60aa3e106c0a56766f007f4428368d1a911433c6ae893137","R environment provenance","tracked"
"thesis_extension/environment/legacy_R343_library/rlang/html/dots_values.html","1981","3cb6553f47e9930536617bdf42f3ed6e9d9b96bd3e93d14b3397f0b8759d6f05","R environment provenance","tracked"
"thesis_extension/environment/legacy_R343_library/rlang/html/duplicate.html","2078","0e8ec5f5f0af9693c3fe73b381d316d1fee5731935104d2392aa2c5aac7e0be5","R environment provenance","tracked"
"thesis_extension/environment/legacy_R343_library/rlang/html/empty_env.html","1075","c3b395b3e06983089dfebd5186ec60b498d5b148ae2c17f25e5b9d416fc5a724","R environment provenance","tracked"
"thesis_extension/environment/legacy_R343_library/rlang/html/env.html","6234","cca46bb6b0eec162a5e4f8115eec6a9a81f171c0d52dc0c8e36b1f3b684d1357","R environment provenance","tracked"
"thesis_extension/environment/legacy_R343_library/rlang/html/env_bind.html","6573","44ecb368932e1c72a3f38b31e12ff86d6a09b3aee219548fef7c7743e622160b","R environment provenance","tracked"
"thesis_extension/environment/legacy_R343_library/rlang/html/env_bury.html","2443","1faf18546e1a38d4c404143523350f2e7e39200c060d2badb52ebb6c4d40e5a6","R environment provenance","tracked"
"thesis_extension/environment/legacy_R343_library/rlang/html/env_clone.html","1422","63921bb4557798ef835a68a5d6b02d59a48139be5ed27378b40f72c52e2937e5","R environment provenance","tracked"
"thesis_extension/environment/legacy_R343_library/rlang/html/env_depth.html","1605","4c393e61efae55d1c479366124b040decbcabc3de7be9cd4c655c662d1ddb15b","R environment provenance","tracked"
"thesis_extension/environment/legacy_R343_library/rlang/html/env_get.html","1856","107e63d59521067abf607cdb1c3686150da34363da84476384bcf0edad2f6309","R environment provenance","tracked"
"thesis_extension/environment/legacy_R343_library/rlang/html/env_has.html","1986","908c76c8c100cc270e321d5f50d7ebb2d8267a71ab37474b8c3fab5e9d14a60d","R environment provenance","tracked"
"thesis_extension/environment/legacy_R343_library/rlang/html/env_inherits.html","1346","fc844bc324a5b9ec061ee3a2a2e06571663d26bea2789157266eb77297c5e94f","R environment provenance","tracked"
"thesis_extension/environment/legacy_R343_library/rlang/html/env_names.html","2619","6d738818b7df8484fc242535724967fbc8b566f80ec9954c9a8e07232cc9c80b","R environment provenance","tracked"
"thesis_extension/environment/legacy_R343_library/rlang/html/env_parent.html","2693","0d04b9266eb64a941153422357a220e06a5fe8bb0454c2100e35c7f7ea8e53d1","R environment provenance","tracked"
"thesis_extension/environment/legacy_R343_library/rlang/html/env_unbind.html","2298","7bbc5cd14353bae48adda08f0c7acd2779d0144f30110af4067261915cb26ea8","R environment provenance","tracked"
"thesis_extension/environment/legacy_R343_library/rlang/html/eval_bare.html","3878","0dfb96fbf473f4acd070cef7b8d2022bf661cf3797e29c4c02537b9ceda25713","R environment provenance","tracked"
"thesis_extension/environment/legacy_R343_library/rlang/html/eval_tidy.html","4744","36af2b4068a410beb91dd22903b7be90e041287d8f680b3e529f92a92af5b680","R environment provenance","tracked"
"thesis_extension/environment/legacy_R343_library/rlang/html/eval_tidy_.html","2963","b7e7cd6c24126fff78c5894a0b9f4f2dec1045a735204b9f618e91f0324d90db","R environment provenance","tracked"
"thesis_extension/environment/legacy_R343_library/rlang/html/exiting.html","4004","384873b80ade7c4a1975e16bb7e2bdd83ef31f26794348a7a40363b4227021eb","R environment provenance","tracked"
"thesis_extension/environment/legacy_R343_library/rlang/html/expr.html","3760","959ef3234fe47f15455727aff05c5cdbaa3592531af932deaa9d9c54638163c0","R environment provenance","tracked"
"thesis_extension/environment/legacy_R343_library/rlang/html/expr_interp.html","2623","adde56bf6702b3013baa2b6c5d0e50acd3b54a92d0ab1b6e87074dc6276047b0","R environment provenance","tracked"
"thesis_extension/environment/legacy_R343_library/rlang/html/expr_label.html","1913","a9fc8c9bd6d670db424e9c05d66a1377a70502fc9f6a5de07c36c88ad8dff437","R environment provenance","tracked"
"thesis_extension/environment/legacy_R343_library/rlang/html/exprs_auto_name.html","1839","381116b8b141e0f73cc5226d864daca9a6b293a4cda9c4bdd24716b8c854bdf4","R environment provenance","tracked"
"thesis_extension/environment/legacy_R343_library/rlang/html/f_rhs.html","1650","029f54b5fc98a33fc4fdf9707efdb54cf8ea82e944fddb2bcc1b616d3e9dff3e","R environment provenance","tracked"
"thesis_extension/environment/legacy_R343_library/rlang/html/f_text.html","1575","3cb553550cb52f0ba86be62fbf6158da1ecdb4e1ecbabe0cb9568cc806cec340","R environment provenance","tracked"
"thesis_extension/environment/legacy_R343_library/rlang/html/flatten.html","3330","05873601252fc40f4be81a4908ce68b17434d2e70a0e6f0f4c186c74afabf95e","R environment provenance","tracked"
"thesis_extension/environment/legacy_R343_library/rlang/html/fn_env.html","1893","88466920daab169e39d19f303ba33e6cf90cb44814ca12a33bc154cefcb0076e","R environment provenance","tracked"
"thesis_extension/environment/legacy_R343_library/rlang/html/fn_fmls.html","2021","d008e28cb57351871d4dd3eea923855d498d3c53e5fd9b4393a51777918e1481","R environment provenance","tracked"
"thesis_extension/environment/legacy_R343_library/rlang/html/frame_position.html","2640","f06b9aaf2b49fe38af4efb1158830e8343b328ecd34838cee5b932bf36867475","R environment provenance","tracked"
"thesis_extension/environment/legacy_R343_library/rlang/html/friendly_type.html","1316","104a3c10d0b3f7f47d57d0662206ca31bded7a89b3b188551ad52206cb253a7b","R environment provenance","tracked"
"thesis_extension/environment/legacy_R343_library/rlang/html/get_env.html","3529","0ffd62bac962e68877c537023575c55706ba5cda6b810068de0956777d86d297","R environment provenance","tracked"
"thesis_extension/environment/legacy_R343_library/rlang/html/has_length.html","1567","8ed53343d1e01a5b202088f0bd7fe4c3e3c9a46375b07f297896715cc8e4b6c8","R environment provenance","tracked"
"thesis_extension/environment/legacy_R343_library/rlang/html/has_name.html","1548","6b0eeeee2edf270adc4983ed7df0f1c37a3d87a09f581eb27afe5632061133fc","R environment provenance","tracked"
"thesis_extension/environment/legacy_R343_library/rlang/html/invoke.html","3245","fdc5b3e62dea371c7dc8b003d2edf713ba4efbb3dc92726eeda365b29a83838a","R environment provenance","tracked"
"thesis_extension/environment/legacy_R343_library/rlang/html/is_callable.html","1912","24c95348bd48710b3072e6334917d1865b99a514be271fa7beb00ca5cb7d3565","R environment provenance","tracked"
"thesis_extension/environment/legacy_R343_library/rlang/html/is_condition.html","940","c541e5dd4d9569b12a518f7794a39a472873d6922f9b66a3f236d3dbb9c8e1cc","R environment provenance","tracked"
"thesis_extension/environment/legacy_R343_library/rlang/html/is_copyable.html","1725","576b21769f27e6b0f067e418e5bd650f7a837bde9d9138e14f4cd3eceb2f5793","R environment provenance","tracked"
"thesis_extension/environment/legacy_R343_library/rlang/html/is_empty.html","1056","9da1278115ee5c54aa36c8782298e1c52854a4253c81215859a903799b75428a","R environment provenance","tracked"
"thesis_extension/environment/legacy_R343_library/rlang/html/is_env.html","1020","ca2ed770f779a045aa58d220a1523b1e8111fbbc285358726a693e6b1f889cf5","R environment provenance","tracked"
"thesis_extension/environment/legacy_R343_library/rlang/html/is_expr.html","5206","c04dabe5e6685acca39d1a6b5a8a07fbb167bd81aa08cac85fcd16e5bb3d60fe","R environment provenance","tracked"
"thesis_extension/environment/legacy_R343_library/rlang/html/is_formula.html","3109","0a97f9fab2e2c2232764a331cee0f148b3b0a2d0c8541eb19bf6ddb77fb0cec5","R environment provenance","tracked"
"thesis_extension/environment/legacy_R343_library/rlang/html/is_frame.html","912","536c3908aad7113c335ed034d3e81a7614894c40512184fae92fb766275b45be","R environment provenance","tracked"
"thesis_extension/environment/legacy_R343_library/rlang/html/is_function.html","5349","0c67a497568128480324c9e37cc4dfa245e7a958c5d7640657dc85e408b47ac8","R environment provenance","tracked"
"thesis_extension/environment/legacy_R343_library/rlang/html/is_installed.html","1281","19e7521a3c2d80cb539e82752de2d84177cdbd600fca4beadad697e7d8bfbaf7","R environment provenance","tracked"
"thesis_extension/environment/legacy_R343_library/rlang/html/is_integerish.html","1777","89b466b4c3b0466533d53618c7ff732201ab3c96acad80b102513cc129d55251","R environment provenance","tracked"
"thesis_extension/environment/legacy_R343_library/rlang/html/is_lang.html","3531","d7b4a7c01fecfea3c1e5c4ea041f1ea7883452ddfee2b84b671d24553760306f","R environment provenance","tracked"
"thesis_extension/environment/legacy_R343_library/rlang/html/is_named.html","2605","8ffc1bd5ad890d897b091a8fa9bcc6a0538af70bf172643fb68008107adb5c56","R environment provenance","tracked"
"thesis_extension/environment/legacy_R343_library/rlang/html/is_pairlist.html","1590","4eff180c0964883af7086ec7fe49a0363107912fa93e93f3cd65498105cd67be","R environment provenance","tracked"
"thesis_extension/environment/legacy_R343_library/rlang/html/is_quosure.html","2032","d1cefd2625cb4d8fd8a9159c8f7a8876163985c0e80fa6742e60ef9ed0d7313a","R environment provenance","tracked"
"thesis_extension/environment/legacy_R343_library/rlang/html/is_stack.html","955","594f83e834a4409ea52de950f0bb4bdfe5df7241110e4b1b5d5c48fc85ffca1e","R environment provenance","tracked"
"thesis_extension/environment/legacy_R343_library/rlang/html/is_symbol.html","922","01993701efc3364e4a67f222dc4f51c1f8561773f89864ec19883894d1d835b3","R environment provenance","tracked"
"thesis_extension/environment/legacy_R343_library/rlang/html/is_true.html","1181","ec6a53a58966518b48c23c14970dee191895f52767ab5a4508d0c888066e1056","R environment provenance","tracked"
"thesis_extension/environment/legacy_R343_library/rlang/html/lang.html","4878","c943f6fdcb6d3339283c24bf10044ff841100ccfbfa8407b43732de8bb480df3","R environment provenance","tracked"
"thesis_extension/environment/legacy_R343_library/rlang/html/lang_args.html","1889","258b12a155e0e0325f23c8082e3bc6746d64b4e5b9672060c650c41575e2fb5f","R environment provenance","tracked"
"thesis_extension/environment/legacy_R343_library/rlang/html/lang_fn.html","1477","2bfc6f10ee5ec1e4f1f0d19567b61b8f30a166ee6c82a79bbe00550fa9d8dcb9","R environment provenance","tracked"
"thesis_extension/environment/legacy_R343_library/rlang/html/lang_head.html","2189","b92e650b5d0db9cfb6e942754041facfa5f64bf596b10e0cf603474366219bd8","R environment provenance","tracked"
"thesis_extension/environment/legacy_R343_library/rlang/html/lang_modify.html","2576","fbb52d19ac4d6001ecf290f58ec761859f04e4c35608f7ecef6931a06bc06766","R environment provenance","tracked"
"thesis_extension/environment/legacy_R343_library/rlang/html/lang_name.html","1709","c833b5cdc261eee573f61cdcd1f30af31d9e6e8218d9e76b42783182f2c06ac4","R environment provenance","tracked"
"thesis_extension/environment/legacy_R343_library/rlang/html/lang_standardise.html","1316","d8d141bd7a9a9f9af95ad637530f9e2919da1358aef3f1d10dda6fb74d051f7d","R environment provenance","tracked"
"thesis_extension/environment/legacy_R343_library/rlang/html/missing.html","2606","55f20c3ca6c04bee3b0cdcc503afd913e41dacb2ee24da1b22253d1eb5509db7","R environment provenance","tracked"
"thesis_extension/environment/legacy_R343_library/rlang/html/missing_arg.html","2704","adc9df1ae5e0d0779e551954739ad9b10ab9451a74c4fdfe4b38c449623b283a","R environment provenance","tracked"
"thesis_extension/environment/legacy_R343_library/rlang/html/modify.html","1540","ab615536ab2883578c1ad5856c578625bb6abbbd10425c99e0b68425a7eee868","R environment provenance","tracked"
"thesis_extension/environment/legacy_R343_library/rlang/html/mut_utf8_locale.html","2496","ffc8e5745afdf611f86ee89f8847ca9e718032f7435936aa66831e0df297e6db","R environment provenance","tracked"
"thesis_extension/environment/legacy_R343_library/rlang/html/names2.html","1296","311d2b6b6a1d77ba9b767b544c40b014cadd992f1408341778c9a904c18b8e7f","R environment provenance","tracked"
"thesis_extension/environment/legacy_R343_library/rlang/html/new_cnd.html","2933","81675ee867aaf404132d10c2c63813bda7a594510f8adecee937fe513594eafc","R environment provenance","tracked"
"thesis_extension/environment/legacy_R343_library/rlang/html/new_formula.html","1293","3636c7cf03c23e5cc78be49115ccece2473d4f62ae358851b4371e47bf5bb627","R environment provenance","tracked"
"thesis_extension/environment/legacy_R343_library/rlang/html/new_function.html","2123","3dc7385755a31bf0326c6bde27f3c294afd0652fa7478da73d70ab44c0d9da39","R environment provenance","tracked"
"thesis_extension/environment/legacy_R343_library/rlang/html/ns_env.html","1473","db2848f26906853d64ebd6630301a8bd0792f97c2d0e64c9ee705ef3c098b7b9","R environment provenance","tracked"
"thesis_extension/environment/legacy_R343_library/rlang/html/op-definition.html","1969","c4708961c45941c74de2ccc460973b02e0aeffe9cbd46ec08d33ec182e294c9f","R environment provenance","tracked"
"thesis_extension/environment/legacy_R343_library/rlang/html/op-get-attr.html","1099","b565dfadfee71f344ea3722900d90e242638ee29a570a52dc664e5617e64310f","R environment provenance","tracked"
"thesis_extension/environment/legacy_R343_library/rlang/html/op-na-default.html","1399","d8ae71dd905fd5373c278036b77a47ee51c1a8ac4b5b6e56fd06f630d322e014","R environment provenance","tracked"
"thesis_extension/environment/legacy_R343_library/rlang/html/op-null-default.html","1230","c716b92d997b5ed42e453c177335e9db18b0d3bdf7e82303b377868b3fde8cdc","R environment provenance","tracked"
"thesis_extension/environment/legacy_R343_library/rlang/html/pairlist.html","6252","eb0795dd7475733868e4e76d2db30d91fc16c391dff14d58fd18ef4dfaea8446","R environment provenance","tracked"
"thesis_extension/environment/legacy_R343_library/rlang/html/parse_expr.html","3300","1ce7389a9a081dc5a8c34376fabd948c8d24e1f972f15d5a0b944e44203030a5","R environment provenance","tracked"
"thesis_extension/environment/legacy_R343_library/rlang/html/prepend.html","1648","7820ecf60a340bb9a8329be75bfe5557f2f16875a2ab968d99369e804934fbfc","R environment provenance","tracked"
"thesis_extension/environment/legacy_R343_library/rlang/html/prim_name.html","1026","34505daa9138c7bae6e3691645cfa47f58f18a15987fc0745c6557bfdfa2e748","R environment provenance","tracked"
"thesis_extension/environment/legacy_R343_library/rlang/html/quasiquotation.html","4345","0fe2948bae46d5f97282929999b9197ca3395d4544894bdc9e683658372640c1","R environment provenance","tracked"
"thesis_extension/environment/legacy_R343_library/rlang/html/quo-predicates.html","1774","fe31d83632c7fc69bb1c2c2b99fd6ca566cdec7b8956290e65855c2e29773127","R environment provenance","tracked"
"thesis_extension/environment/legacy_R343_library/rlang/html/quo_expr.html","2588","178c0a3e4b6fda18444ef60d244d569f8d9c7b47ed00e34c9b8d7821ecf34016","R environment provenance","tracked"
"thesis_extension/environment/legacy_R343_library/rlang/html/quosure.html","7979","86c17b1b8df7a672674daefefda7bd9f5dfe46f59755990f4106a18600f44654","R environment provenance","tracked"
"thesis_extension/environment/legacy_R343_library/rlang/html/quosures.html","3953","cf8fe137a6dd2ed594e0c1880c71243cc0e2a83b5c34db79cd9c4ec1016f5aef","R environment provenance","tracked"
"thesis_extension/environment/legacy_R343_library/rlang/html/restarting.html","3487","1c14f4d6c9037417f5c5a78297ad4a2b089cd18c911f6223f2d0c3d398edf5ce","R environment provenance","tracked"
"thesis_extension/environment/legacy_R343_library/rlang/html/return_from.html","2698","16884f37a41b0b3e94b2da40e42196a1a7f8e1583c26b30236dc0a1643567aa2","R environment provenance","tracked"
"thesis_extension/environment/legacy_R343_library/rlang/html/rst_abort.html","2296","6b27c63c8f3ca7ab60c1d200cd9554f5b43e224fe84210db061f61c9a2ca6dfe","R environment provenance","tracked"
"thesis_extension/environment/legacy_R343_library/rlang/html/rst_list.html","1834","44d9827c1e45d579bdc249bf3e9a69655e89ce58198266562bb38918772e1bb1","R environment provenance","tracked"
"thesis_extension/environment/legacy_R343_library/rlang/html/rst_muffle.html","3292","a9f3580e0e7a435be717f71951fa7c06965d1da5f0f4fe954f3b055fcb046e24","R environment provenance","tracked"
"thesis_extension/environment/legacy_R343_library/rlang/html/scalar-type-predicates.html","1633","af91647120ea9bad1000b821f8e295cf8ccc57e4ed9df51e1daaf547be995f02","R environment provenance","tracked"
"thesis_extension/environment/legacy_R343_library/rlang/html/scoped_env.html","4099","ae3ccbf8a7591d48f98efbea254dba8394b5fc9ec9b87e964d5f9b946f00ec31","R environment provenance","tracked"
"thesis_extension/environment/legacy_R343_library/rlang/html/seq2.html","1692","2cc5f3e4c017275a79d2d7ab6b8f468b062304201757ab6418eba8e70cad4721","R environment provenance","tracked"
"thesis_extension/environment/legacy_R343_library/rlang/html/set_attrs.html","2473","8ed1ea32ee64b45c4fb26d2b08025588df47503d23692373aedf70764365fddf","R environment provenance","tracked"
"thesis_extension/environment/legacy_R343_library/rlang/html/set_chr_encoding.html","3645","e64d28fbc8bd4b98cffbf1cbad3eed759d5c97086905e6ce5a154111db1a92f8","R environment provenance","tracked"
"thesis_extension/environment/legacy_R343_library/rlang/html/set_expr.html","2155","bb4340bdf2090737863f61d7e04640bc06295faeeb847229cd65842c89945c2f","R environment provenance","tracked"
"thesis_extension/environment/legacy_R343_library/rlang/html/set_names.html","2343","bef0e7b7e08d37da7a4d279472aebd583e4ee7c41bb4fedd1725c24170180307","R environment provenance","tracked"
"thesis_extension/environment/legacy_R343_library/rlang/html/splice.html","2543","74e33596425abbdc773833651f74712fa80208150a47d8016f65406aa1f67e47","R environment provenance","tracked"
"thesis_extension/environment/legacy_R343_library/rlang/html/stack.html","6089","fc6b5297852ec197555ee45b4971672b0265170eb4d3881bf32a962984c5b1b3","R environment provenance","tracked"
"thesis_extension/environment/legacy_R343_library/rlang/html/stack_trim.html","2544","c1e8e8b7416a05211cc09514e08c96b346226753f03c77994cdc870e4b5a0f53","R environment provenance","tracked"
"thesis_extension/environment/legacy_R343_library/rlang/html/string.html","2293","02da9784ee2ba49e2fb63939aff8c45ea6e771f04b389ce9c276a7df0c2a1d3a","R environment provenance","tracked"
"thesis_extension/environment/legacy_R343_library/rlang/html/switch_lang.html","4197","65a56d4e775a5f45629ae37faf8f8f039a067fb22c0b34e477cba7cbabcfcd47","R environment provenance","tracked"
"thesis_extension/environment/legacy_R343_library/rlang/html/switch_type.html","3079","e3041f214631ef7ead097a3b2d641227c395e1ce773c659ef48991ba175d6260","R environment provenance","tracked"
"thesis_extension/environment/legacy_R343_library/rlang/html/sym.html","1367","40c1d08fd77c89e6f51dbcfe3013e4e882e649d99a006ba7d0ef1cef55e3be97","R environment provenance","tracked"
"thesis_extension/environment/legacy_R343_library/rlang/html/tidyeval-data.html","1282","dd334cd26fb51a4ddf01c264c95898955bb7fdeeddb5f5e0afcfaba7881a47dc","R environment provenance","tracked"
"thesis_extension/environment/legacy_R343_library/rlang/html/type-predicates.html","2519","31edea0c5b75d996fbf559d5a6fd03e1ebedeb782561e25bc781bb88536a10a3","R environment provenance","tracked"
"thesis_extension/environment/legacy_R343_library/rlang/html/type_of.html","2112","717e9c8756b4572bffe0d97629827ea6b2dc9aed77a3fadbce656a4a5706151d","R environment provenance","tracked"
"thesis_extension/environment/legacy_R343_library/rlang/html/vector-along.html","1692","8378454a6f65fbfac3618e0cde0da32d0dceecb544fff87fc67089852e2a37ed","R environment provenance","tracked"
"thesis_extension/environment/legacy_R343_library/rlang/html/vector-coercion.html","5781","e4d12dec881c80f8b4fe4f767aa4c481ed0f16cf0c6e49b2a4ef9417d4310995","R environment provenance","tracked"
"thesis_extension/environment/legacy_R343_library/rlang/html/vector-construction.html","4298","75953ba183c0bc013a6bf23dd6a752b9662b30f8aef5c85b9aca32fb448777ba","R environment provenance","tracked"
"thesis_extension/environment/legacy_R343_library/rlang/html/vector-len.html","1550","728b4912129126dd32e39cfba1508f380a0cccf707d6f4196518ac6b62d4b0ba","R environment provenance","tracked"
"thesis_extension/environment/legacy_R343_library/rlang/html/with_env.html","2869","9d694624cd70de1d4be50e79e52135d6b6a0f4f5ef84ff8eda206b7aafa00a61","R environment provenance","tracked"
"thesis_extension/environment/legacy_R343_library/rlang/html/with_handlers.html","4814","d7954160b5fac95d3fc0f64355b84b520fc5257fcb4e2ccbddf07e46a44f4d19","R environment provenance","tracked"
"thesis_extension/environment/legacy_R343_library/rlang/html/with_restarts.html","5072","789863af7ae14ef68de1104f9422216c98bc3dc82723ccbfdb07f6339513540a","R environment provenance","tracked"
"thesis_extension/environment/legacy_R343_library/rlang/libs/i386/rlang.dll","48142","50d663dc45978805d781acb1d0804879acad512f48e9f1d5916338c08b188e00","R environment provenance","tracked"
"thesis_extension/environment/legacy_R343_library/rlang/libs/x64/rlang.dll","41984","53abde1f2f8bfabf00aa4088ac24758e8df61d92156217910c6409c94f093b10","R environment provenance","tracked"
"thesis_extension/environment/legacy_R343_library/scales/DESCRIPTION","1038","c5c565eeec96545364dafb957da1b08b7b85f56a4afe3fd2e57ce0bf8f416a7d","R environment provenance","tracked"
"thesis_extension/environment/legacy_R343_library/scales/INDEX","5284","3bd3db255b0229392bf7e97f31e78596fefd94258224ed72b756eb3410607985","R environment provenance","tracked"
"thesis_extension/environment/legacy_R343_library/scales/LICENSE","49","6e59a13b42f775df155db9229c9a3180889dfac12f7fc6be86eebfa3a12f93dd","R environment provenance","tracked"
"thesis_extension/environment/legacy_R343_library/scales/MD5","5334","05f49af1914fb21d1fd953db09871977c9db9a743b55645ea1ba7d0df040eb25","R environment provenance","tracked"
"thesis_extension/environment/legacy_R343_library/scales/Meta/Rd.rds","2900","5131b85691405d056e772027f69a79aba8391be6d2296ed6749f06b63a6a47b6","R environment provenance","tracked"
"thesis_extension/environment/legacy_R343_library/scales/Meta/features.rds","112","0c47f77934234b8ddfc04ba4cf55da90ab9ef317d3825782bd4282625c53d444","R environment provenance","tracked"
"thesis_extension/environment/legacy_R343_library/scales/Meta/hsearch.rds","2604","e782894054296510a7e2907af50dab22d062d0daeab7ad47f4ad6e57e97f2585","R environment provenance","tracked"
"thesis_extension/environment/legacy_R343_library/scales/Meta/links.rds","1167","bca4d38e705e9d322c1dfaca25d7346bb049073bea170f7be403def97e8c3165","R environment provenance","tracked"
"thesis_extension/environment/legacy_R343_library/scales/Meta/nsInfo.rds","900","dc406d825f598a5541e49e5af9e9b3d1029ac3405f6a233c31239e73f46c6a1d","R environment provenance","tracked"
"thesis_extension/environment/legacy_R343_library/scales/Meta/package.rds","1116","92b03005cab71d8410dbe8b3fc6e37f35cdaca4293d1e94f1b867eec0f510ce8","R environment provenance","tracked"
"thesis_extension/environment/legacy_R343_library/scales/NAMESPACE","2411","7d2178fdf9c533c6e7fc01ed1427e0543889e30105b6868ccf663eb688c08954","R environment provenance","tracked"
"thesis_extension/environment/legacy_R343_library/scales/NEWS.md","6084","d4c29356a9e782dc6c8174e65736bb0db1cf7bd5522f674b7e5ad21c57b3b8de","R environment provenance","tracked"
"thesis_extension/environment/legacy_R343_library/scales/R/scales","1056","2fb8b16be23c820daf2e51b7ddfef61ca4978e561b1d228d546d1b356041f79e","R environment provenance","tracked"
"thesis_extension/environment/legacy_R343_library/scales/R/scales.rdb","45559","35f2bf2c95e1ac0184bea521dffb997cb6faae74df2993d58a189c8483b3673e","R environment provenance","tracked"
"thesis_extension/environment/legacy_R343_library/scales/R/scales.rdx","2013","bc92b0317f1b9182f8a871e7caff9fa5c28f615c1b3b942417f044a99bcf5c94","R environment provenance","tracked"
"thesis_extension/environment/legacy_R343_library/scales/help/AnIndex","2558","e63854f23f4a205c7775672600149af3587a0c510bfb36dec769e1d863ed0bd3","R environment provenance","tracked"
"thesis_extension/environment/legacy_R343_library/scales/help/aliases.rds","796","70edbadd314f7a7d3cc146dffac73a7d9b2124bec94ff2b1595cae00710a5a18","R environment provenance","tracked"
"thesis_extension/environment/legacy_R343_library/scales/help/paths.rds","744","1c3c9af26cc13b9768ff6168ee9c4fddba96c40f7bf8a644f02cccdba4daeea7","R environment provenance","tracked"
"thesis_extension/environment/legacy_R343_library/scales/help/scales.rdb","103949","16b67fe5a0ca803cc6706f097b213531833cbe10950cb0eb12af22c659f5e6bd","R environment provenance","tracked"
"thesis_extension/environment/legacy_R343_library/scales/help/scales.rdx","1687","78f33fdbd212efff97217fa0f28d457a95ad4f4c08a0d55a92c06342e87df14a","R environment provenance","tracked"
"thesis_extension/environment/legacy_R343_library/scales/html/00Index.html","16313","4bf544fe7e9933f3ea746c3ccdddaa49e1d379a239df6e4826b514bcba6e76ec","R environment provenance","tracked"
"thesis_extension/environment/legacy_R343_library/scales/html/R.css","1335","0f4849ab1757247808d54da2c371e992364371c942ad7d629dae8d62327ed068","R environment provenance","tracked"
"thesis_extension/environment/legacy_R343_library/scales/html/Range.html","974","a489de83d1ad8991d371cb368a8082e245ca41baac817f8f6eb655b3fad3c5a4","R environment provenance","tracked"
"thesis_extension/environment/legacy_R343_library/scales/html/abs_area.html","1082","67e004c81e3a0392e2e8462c14424d00482d75e2eee497a974b8c15f8ab13ba3","R environment provenance","tracked"
"thesis_extension/environment/legacy_R343_library/scales/html/alpha.html","1346","166f4f37d0161e3fc242e6d38f6dbadc31e1b20b4b416c0d2f35e792b561510b","R environment provenance","tracked"
"thesis_extension/environment/legacy_R343_library/scales/html/area_pal.html","1049","a5165d633e854f000345296733f38f891b3be6ac8599a9d9c47ec4bf8712942d","R environment provenance","tracked"
"thesis_extension/environment/legacy_R343_library/scales/html/as.trans.html","986","9da695fdd147118cbd98551e9fc8b9731dd55e7bbc1e6b5c2d57a33b7b458486","R environment provenance","tracked"
"thesis_extension/environment/legacy_R343_library/scales/html/asn_trans.html","819","587765267306ac5d8b2889ddcd6857aa258eb6261d45ff1827f526f4826bce68","R environment provenance","tracked"
"thesis_extension/environment/legacy_R343_library/scales/html/atanh_trans.html","801","7278b6c8b7802fba767343c797c43ef1cadf16417208c19a044c3ab038b6611d","R environment provenance","tracked"
"thesis_extension/environment/legacy_R343_library/scales/html/boxcox_trans.html","1129","c42bd69010e8927fec2db84c2788e9b03ccdb036ee4cddaef94455605215f041","R environment provenance","tracked"
"thesis_extension/environment/legacy_R343_library/scales/html/brewer_pal.html","1930","8f60e4b629edd8aa0e83afe038f1d95c048711088a7e84985dcf76e1830cc0a1","R environment provenance","tracked"
"thesis_extension/environment/legacy_R343_library/scales/html/cbreaks.html","2441","f4c0135008a5ac5ddd6aba686cf44fb1bc37047d49afb0ea604f6651333ff03c","R environment provenance","tracked"
"thesis_extension/environment/legacy_R343_library/scales/html/censor.html","1369","9ce93bc5cf96f7762d2a5b9ee5f02cdf1aca52f53a4068fc066767d04d8250fe","R environment provenance","tracked"
"thesis_extension/environment/legacy_R343_library/scales/html/col2hcl.html","1485","9e0bd07223f752064547d4ca32281647d1143685c92acea24e162d25f670050a","R environment provenance","tracked"
"thesis_extension/environment/legacy_R343_library/scales/html/col_numeric.html","6048","082b01be6572554c5f395e20a4d5b0dc1a9cf9cd98ec995c2dcb9aa229f8e793","R environment provenance","tracked"
"thesis_extension/environment/legacy_R343_library/scales/html/colour_ramp.html","2646","1cb842eb93b9b30b37d1c620a0b758783641787a36d9f5c3e1f588899797a4b3","R environment provenance","tracked"
"thesis_extension/environment/legacy_R343_library/scales/html/comma_format.html","1750","a0f2b516e25ef874a9f006082c8c2982329a317035ad24f406fb5804284a3600","R environment provenance","tracked"
"thesis_extension/environment/legacy_R343_library/scales/html/cscale.html","3692","89adb491318e1b59e2f299fd7296ca5290d02a1a587749cee6d18e1f7ed13f1a","R environment provenance","tracked"
"thesis_extension/environment/legacy_R343_library/scales/html/date_breaks.html","1168","85c5edee62f7701011f904d0b1cc6ebe1704b1d0c5a2bd1a974724346eb77b57","R environment provenance","tracked"
"thesis_extension/environment/legacy_R343_library/scales/html/date_format.html","1257","cea4c4bf3bca52bbb568ab3277a5952e9c6c703fb7d37a1f8522878740df753c","R environment provenance","tracked"
"thesis_extension/environment/legacy_R343_library/scales/html/date_trans.html","1046","da9c3f02826a5dc0fad58aac573b6747e61341de1220f8d7714cbd83eb18fba9","R environment provenance","tracked"
"thesis_extension/environment/legacy_R343_library/scales/html/dichromat_pal.html","1871","0844a91bf31533d6f4c7b0d87440defa31b47580ad6d2c8c9aa0b47f0da31657","R environment provenance","tracked"
"thesis_extension/environment/legacy_R343_library/scales/html/discard.html","1209","db3988cdd77904909bb91de9576d62b749a4f1099b3143b3ba0a4fa22a74cfbe","R environment provenance","tracked"
"thesis_extension/environment/legacy_R343_library/scales/html/div_gradient_pal.html","1906","bce6e79e67fd3fec4e3636202027eb3a59064f2fe14a849babdb9dd63409b678","R environment provenance","tracked"
"thesis_extension/environment/legacy_R343_library/scales/html/dollar_format.html","2646","8d4ea992d3e76f8a5a5c1101e71292f3140182d0155119d313b90ed28e6d592e","R environment provenance","tracked"
"thesis_extension/environment/legacy_R343_library/scales/html/dscale.html","1288","309bf5ede516fe440e28f3e7e3adfe809f84696b06a4f7d0c896f23eed763b71","R environment provenance","tracked"
"thesis_extension/environment/legacy_R343_library/scales/html/exp_trans.html","1059","e1e8158deeacb9b7cf3a5868ec8bb26fddae0e6100e50a0000797b9afc664145","R environment provenance","tracked"
"thesis_extension/environment/legacy_R343_library/scales/html/expand_range.html","1416","d0207b7bc40f6c118daa31eb10e21622e81b2a4cb25f87ab8c1e737adbd122f4","R environment provenance","tracked"
"thesis_extension/environment/legacy_R343_library/scales/html/extended_breaks.html","1644","9f57cf5b4fd86f78f1b4ba4badabd794d0888694f10686c2b620dbaa883c7774","R environment provenance","tracked"
"thesis_extension/environment/legacy_R343_library/scales/html/format_format.html","1422","922409356db8667ac6b17719bf48f11088d635413af9e3d51a31e1c70ae1cb76","R environment provenance","tracked"
"thesis_extension/environment/legacy_R343_library/scales/html/fullseq.html","1334","55e89914721011e76f52c655f74a20fe4758d5587d9bb5006ab7e0e591bfc210","R environment provenance","tracked"
"thesis_extension/environment/legacy_R343_library/scales/html/gradient_n_pal.html","1597","c2e636cab19090d75de4fad35efaa5165d19c69dfd008dcd40a88b3516a20e2f","R environment provenance","tracked"
"thesis_extension/environment/legacy_R343_library/scales/html/grey_pal.html","1318","9b9a60d6640d9e444b73a3e073342ab851d584b25d4f3b1cc316a19893cd140c","R environment provenance","tracked"
"thesis_extension/environment/legacy_R343_library/scales/html/hms_trans.html","1010","81729510652143b83c449fc30215ca5e72806cd39f80c8e67ea14718daa358a8","R environment provenance","tracked"
"thesis_extension/environment/legacy_R343_library/scales/html/hue_pal.html","1921","fa7d43527d15d3f910b6de210fd14298e0aab7ec6d297cbb05ed10a680a421cd","R environment provenance","tracked"
"thesis_extension/environment/legacy_R343_library/scales/html/identity_pal.html","822","f7fb0e144383f105d5b26d451d34a0f9a79612bd27bc1f1a368bf8f7e8aaeab5","R environment provenance","tracked"
"thesis_extension/environment/legacy_R343_library/scales/html/identity_trans.html","840","8ba56047974be40efb71ce569db221e182c26c62281a788ef02d0402efc126d2","R environment provenance","tracked"
"thesis_extension/environment/legacy_R343_library/scales/html/linetype_pal.html","849","301bc6e92b73396c9f314e2cad87241b32d498dceb258a3f9ad851cafc5e6a07","R environment provenance","tracked"
"thesis_extension/environment/legacy_R343_library/scales/html/log1p_trans.html","909","1387bdc9ea2d78d9c3bf07c5c00c9e688550753f24b26395e5547f59bac36589","R environment provenance","tracked"
"thesis_extension/environment/legacy_R343_library/scales/html/log_breaks.html","1240","e3c5ffab755b02f087eda68c2666a75f8e0e944c42c31c56159f5188f03aae1b","R environment provenance","tracked"
"thesis_extension/environment/legacy_R343_library/scales/html/log_trans.html","939","7225e769fa7cce94b53f5a238fa4b54f74249f21b4ab291c7a68512424875615","R environment provenance","tracked"
"thesis_extension/environment/legacy_R343_library/scales/html/manual_pal.html","976","e79d19608425d4f254e950caed8847f29cb056e8eaecabd980acc87d8dbfc65e","R environment provenance","tracked"
"thesis_extension/environment/legacy_R343_library/scales/html/math_format.html","1806","c8b4e38c92efe5e56bb571111d41bfdf7199afe295689e171093174ad881d1f7","R environment provenance","tracked"
"thesis_extension/environment/legacy_R343_library/scales/html/muted.html","1251","250fa6d3e0dbaec1998919bbcb0241dda576b29e8d597f4eabb2004124f8d8b7","R environment provenance","tracked"
"thesis_extension/environment/legacy_R343_library/scales/html/ordinal_format.html","1310","6dc34ace4c9855cded4419cc2039c988500e2a45cd7454da5fcb598880c1e8b0","R environment provenance","tracked"
"thesis_extension/environment/legacy_R343_library/scales/html/package-scales.html","758","f52f4fc1d7de731aa45510123dd911ee285122e6a113093f57b09f6a4fcaa00f","R environment provenance","tracked"
"thesis_extension/environment/legacy_R343_library/scales/html/parse_format.html","1203","7a97a13a7ec5b5756a16670a69341b1444c4da87f1282ace844644bc4a172e4c","R environment provenance","tracked"
"thesis_extension/environment/legacy_R343_library/scales/html/percent_format.html","1332","ef531fb3a26922adfc02bfe7c2e581545a666bf8eb709b6766e5a253737b771e","R environment provenance","tracked"
"thesis_extension/environment/legacy_R343_library/scales/html/pretty_breaks.html","1574","479fbfc79825850abc920500e7d9be840d8d5a5b2c8edf32b13e14fe9b0f6eca","R environment provenance","tracked"
"thesis_extension/environment/legacy_R343_library/scales/html/probability_trans.html","1320","8f5de3e6dee7873d081a683cd649e1c0eef56fe12705c717d0130879638f3d4e","R environment provenance","tracked"
"thesis_extension/environment/legacy_R343_library/scales/html/reciprocal_trans.html","813","1c2d620e5f64a764b50146f5e7e3202a5daa66ab9838076554dd2aeb65848e18","R environment provenance","tracked"
"thesis_extension/environment/legacy_R343_library/scales/html/regular_minor_breaks.html","1342","518200dc58108c0d94c3b2159e6c91fbaeae37b94e81c5f9fb1f5bd146d72b09","R environment provenance","tracked"
"thesis_extension/environment/legacy_R343_library/scales/html/rescale.html","2128","f2f6e8cfca10e358778830eb6e139b7024187bb8bd0d1c9e499b07f127b3d8ca","R environment provenance","tracked"
"thesis_extension/environment/legacy_R343_library/scales/html/rescale_max.html","1478","daa15543a9a837ee07e1ecdb0e6f106db0179aad68c6c3c1c961188a0956c41f","R environment provenance","tracked"
"thesis_extension/environment/legacy_R343_library/scales/html/rescale_mid.html","2261","a7394197a31f1370aef5025a58cfef7db8e24198bd5160932e2a3152aafdc914","R environment provenance","tracked"
"thesis_extension/environment/legacy_R343_library/scales/html/rescale_none.html","1128","4b4d690bda2f113ac3ec64056b1533b5bee6bf4fb51d5eccec2f630731744f2a","R environment provenance","tracked"
"thesis_extension/environment/legacy_R343_library/scales/html/rescale_pal.html","1129","55d6ece7e367742df28684ef2205a0866fef4090245f5da13f3583e1a4a3c096","R environment provenance","tracked"
"thesis_extension/environment/legacy_R343_library/scales/html/reverse_trans.html","795","2b4eb56130869031e1a00b41a569fd6151143241479d6485c1dacb2b5a8e35ed","R environment provenance","tracked"
"thesis_extension/environment/legacy_R343_library/scales/html/scientific_format.html","1618","e6997b5b11576cfa6882f0b4739d50ab7456299991a5385d525724fd88db31a7","R environment provenance","tracked"
"thesis_extension/environment/legacy_R343_library/scales/html/seq_gradient_pal.html","1619","e5d95e8455526e9fc7f8bfb62225a265aa7c1e198bcc43bc4842e236b895c79a","R environment provenance","tracked"
"thesis_extension/environment/legacy_R343_library/scales/html/shape_pal.html","970","06d704bb9bcedd8d2c949dc622129342d4d337d2f1b00b8ee7ea59adda1d850c","R environment provenance","tracked"
"thesis_extension/environment/legacy_R343_library/scales/html/show_col.html","1455","48c2b0eed9ce660b3095298cacb0aa377be5f2c44b6e6a449287d47fb9d8c652","R environment provenance","tracked"
"thesis_extension/environment/legacy_R343_library/scales/html/sqrt_trans.html","798","2560688462c9f66081228ff4758294fcde590b2b73dc6372a4b7c3c62ecdf585","R environment provenance","tracked"
"thesis_extension/environment/legacy_R343_library/scales/html/squish.html","1448","5e7752099a6795eaf40c643bcf6787309f082e6114ff3efe0731da2f25cbdd67","R environment provenance","tracked"
"thesis_extension/environment/legacy_R343_library/scales/html/squish_infinite.html","1234","57041d0b3a8c3cdbb058fb3391421249d63dbefe6687d40226f77ec00dadcb15","R environment provenance","tracked"
"thesis_extension/environment/legacy_R343_library/scales/html/time_trans.html","1358","31529f4a79136c70fd4100a22e02fba6b176dec2b48920bc3f07f7ec278a3783","R environment provenance","tracked"
"thesis_extension/environment/legacy_R343_library/scales/html/train_continuous.html","1124","79cead0fbed788396715cbebbc58b67dd82896ce9d2453250477ba772cd047dc","R environment provenance","tracked"
"thesis_extension/environment/legacy_R343_library/scales/html/train_discrete.html","1401","0087b1d73d100b8de35d91d56c495897a57a820f9eb36b7c61ef71eacaad4798","R environment provenance","tracked"
"thesis_extension/environment/legacy_R343_library/scales/html/trans_breaks.html","1681","23ebc2ddef5b3bc7b2b192f335ca0edf2ac419bc8c381f8d4bf223eb3d13a8db","R environment provenance","tracked"
"thesis_extension/environment/legacy_R343_library/scales/html/trans_format.html","1398","d6ff5c12143f5c2af1d46afc815b2781bb29925b0490b0c31aaa84e55a577aa8","R environment provenance","tracked"
"thesis_extension/environment/legacy_R343_library/scales/html/trans_new.html","3469","394271bcf75741fcf1ac15f784f22ad192cd3113bda8fa08f5e784984f273832","R environment provenance","tracked"
"thesis_extension/environment/legacy_R343_library/scales/html/trans_range.html","1201","9d00246a4d7a5636f3121a0b89a83e6d3bd512f5a0f276bad59bd5e5883fb934","R environment provenance","tracked"
"thesis_extension/environment/legacy_R343_library/scales/html/unit_format.html","1778","6d5803e03ee8c1ce6f5d919151ae9db2dd129b3d4c08fd0c35aae2fbf806d24e","R environment provenance","tracked"
"thesis_extension/environment/legacy_R343_library/scales/html/viridis_pal.html","2251","789be96d695d24dc0de62adc10fb0b4b64e27ab211beb9ce3980b360c9218ec1","R environment provenance","tracked"
"thesis_extension/environment/legacy_R343_library/scales/html/wrap_format.html","1370","e822a2977aa4112a9021f4f07f842de174d4f80a1c29c8d634d86ced293999c6","R environment provenance","tracked"
"thesis_extension/environment/legacy_R343_library/scales/html/zero_range.html","2424","89a6cd8e82b8ea2b12538a47b7b312c369e22a4efae03090d61a8201ae596f30","R environment provenance","tracked"
"thesis_extension/environment/legacy_R343_library/scales/libs/i386/scales.dll","806414","951165e2468e4b572ecb72db711ddd8f34b6c2c546a3b058bdf6a0967f6835dd","R environment provenance","tracked"
"thesis_extension/environment/legacy_R343_library/scales/libs/x64/scales.dll","763392","1dc8f7437938d1c3d1047ecbfebfcb993d719df5f3a52d5460bd0c05339f0ef5","R environment provenance","tracked"
"thesis_extension/environment/legacy_R343_library/snow/DESCRIPTION","483","2958553c990999ab4fe10ad37c789899ee45b548fe5e9878e3d216a689f26f80","R environment provenance","tracked"
"thesis_extension/environment/legacy_R343_library/snow/INDEX","314","8f99c34ea359a910eed0fdcf307712e2914e47d705e4634edf3290e5e757fdec","R environment provenance","tracked"
"thesis_extension/environment/legacy_R343_library/snow/Meta/Rd.rds","934","12bcff2d237c00408ea73c9c9c63ec196eb869868e5743f1bda54cd717653d38","R environment provenance","tracked"
"thesis_extension/environment/legacy_R343_library/snow/Meta/features.rds","112","ca4e61dba7127bc424bf40792181e41b09328ada0e081299d6abb7784d47abeb","R environment provenance","tracked"
"thesis_extension/environment/legacy_R343_library/snow/Meta/hsearch.rds","1004","ec802bb9d27c92d4d1f0cfaf91ffe242be6417b472e25825a66dd444440fd324","R environment provenance","tracked"
"thesis_extension/environment/legacy_R343_library/snow/Meta/links.rds","705","a724fb29ddd85ed615423cb59b68b6c1057cadd8abacb865d1f08d95b4391894","R environment provenance","tracked"
"thesis_extension/environment/legacy_R343_library/snow/Meta/nsInfo.rds","398","cde64aa76fcb944699ca2fd27dcb9465639384ff7b3ec67137178aa63c8b0828","R environment provenance","tracked"
"thesis_extension/environment/legacy_R343_library/snow/Meta/package.rds","720","4481fe9622e41cb8c13dd9a5d7d14e6c00ddc6f7c0c6150ec5aefc718d420c13","R environment provenance","tracked"
"thesis_extension/environment/legacy_R343_library/snow/NAMESPACE","777","08d46d9aa1dd74d5c545cd8c642850b290b79057e0faa0bd770fcee619db941c","R environment provenance","tracked"
"thesis_extension/environment/legacy_R343_library/snow/R/snow","1056","2fb8b16be23c820daf2e51b7ddfef61ca4978e561b1d228d546d1b356041f79e","R environment provenance","tracked"
"thesis_extension/environment/legacy_R343_library/snow/R/snow.rdb","25622","bf7845a237890316a58c8316e0f13bb28805dd4ae57d5352cefdd39cd25d475e","R environment provenance","tracked"
"thesis_extension/environment/legacy_R343_library/snow/R/snow.rdx","1286","4d03f03c50dbdc98b789e1541c01177452b07d2cba3b5c9d1cad364d306f1249","R environment provenance","tracked"
"thesis_extension/environment/legacy_R343_library/snow/RMPISNOW","2142","384734a311ad1b2820af16c3d002208d23b26ff4c46224cb97fcf430f684a641","R environment provenance","tracked"
"thesis_extension/environment/legacy_R343_library/snow/RMPISNOWprofile","443","bc22fc2eb3b29eca736c0d6a6c191db24a8b91567ee6da9b731e331a2b15e894","R environment provenance","tracked"
"thesis_extension/environment/legacy_R343_library/snow/RMPInode.R","704","1c80c872f88e3cc80679a315d50a9eadcb13589f8980a2e3b5ff42244736c719","R environment provenance","tracked"
"thesis_extension/environment/legacy_R343_library/snow/RMPInode.sh","113","d2922f8705254bbdf72e7c47477ab4d5bc9e7d7317525f8ff4e72b0f8eef7ab2","R environment provenance","tracked"
"thesis_extension/environment/legacy_R343_library/snow/RNWSnode.R","1155","46968b444e86448bcc9c70eec395c4f04e2d5d9cb545aa17a1990f6bd8c67b46","R environment provenance","tracked"
"thesis_extension/environment/legacy_R343_library/snow/RNWSnode.sh","192","cce7e079c9ead284e57e5ab80cb3faa420e05376c0c4d5ada2db8ba9ae7a1a4c","R environment provenance","tracked"
"thesis_extension/environment/legacy_R343_library/snow/RPVMnode.R","734","8ccef12abab239fe1ed34d0c0459855c1e44001af6043986283daa83c76d9b9d","R environment provenance","tracked"
"thesis_extension/environment/legacy_R343_library/snow/RPVMnode.sh","138","54762fb56d880ecdbb0e080a60b922bbefadeeb64eb2d609e1d2acef627d1b09","R environment provenance","tracked"
"thesis_extension/environment/legacy_R343_library/snow/RSOCKnode.R","953","b972815d7b1b9416e94f70445669d2a5287a88071bb13d88312c79cbc561737d","R environment provenance","tracked"
"thesis_extension/environment/legacy_R343_library/snow/RSOCKnode.sh","239","e8a107d2000d216f56afac0600f153881d77198af602d5630eb057bbb215154f","R environment provenance","tracked"
"thesis_extension/environment/legacy_R343_library/snow/RunSnowNode","74","e6a23fba10ea1c59ea87413cbe036749c347793064f263cec12058baa887b672","R environment provenance","tracked"
"thesis_extension/environment/legacy_R343_library/snow/RunSnowWorker","67","71ceec8eb95790a6c8921f1e3505e23efabcb3561de2f6983362e7acceb93ce6","R environment provenance","tracked"
"thesis_extension/environment/legacy_R343_library/snow/RunSnowWorker.bat","228","44283849eb953fcefc77ed8286aff141d70bcfe3a1b938c23a1150c8022006dd","R environment provenance","tracked"
"thesis_extension/environment/legacy_R343_library/snow/help/AnIndex","2383","18b3ddd1f7c0afe4d25aac2d8fe37a3c464ae6921ff4cd1aa7ab68e348b7eaad","R environment provenance","tracked"
"thesis_extension/environment/legacy_R343_library/snow/help/aliases.rds","692","febf5914218645dd33c0b400554b77394e5ace7ce075a97bbc8994c648fd0702","R environment provenance","tracked"
"thesis_extension/environment/legacy_R343_library/snow/help/paths.rds","196","b510afc1cc355089023b5e5050baeb7784f41d2d785903bc597c76180db28a37","R environment provenance","tracked"
"thesis_extension/environment/legacy_R343_library/snow/help/snow.rdb","24241","2c9dd273c0664fbe4beeff520be060d0967dc7fa95572ef1fadb0cfa2e7d23ee","R environment provenance","tracked"
"thesis_extension/environment/legacy_R343_library/snow/help/snow.rdx","291","ddb1252eda10a399d703db1a2002dbb0b9a3421942d40a3d81ce1e4b7c5e3ddb","R environment provenance","tracked"
"thesis_extension/environment/legacy_R343_library/snow/html/00Index.html","4268","4b31fec9a5bff5f1bb1d61412432085328b389d8bc5a5844f75180abf990ba52","R environment provenance","tracked"
"thesis_extension/environment/legacy_R343_library/snow/html/R.css","1335","0f4849ab1757247808d54da2c371e992364371c942ad7d629dae8d62327ed068","R environment provenance","tracked"
"thesis_extension/environment/legacy_R343_library/snow/html/snow-cluster.html","5522","e1062ac367cbbf51c2f5c20d724c9543a5d7fd0d3431a02d3c66ba9d4af082cd","R environment provenance","tracked"
"thesis_extension/environment/legacy_R343_library/snow/html/snow-internal.html","2566","0505b30f4b55c7cb3f5096d04cda7b5a397de1e57a37b8867080e076cd63a115","R environment provenance","tracked"
"thesis_extension/environment/legacy_R343_library/snow/html/snow-parallel.html","3025","215a9a7eb6ae1c44f08c0adbb31b51699c79d3a002a43a14c1d125ad157e35e2","R environment provenance","tracked"
"thesis_extension/environment/legacy_R343_library/snow/html/snow-rand.html","3290","af3ada9837ecf4e3dbf1e059fbcbf643438f6c6bc4d39b419d71e05c5c59bd14","R environment provenance","tracked"
"thesis_extension/environment/legacy_R343_library/snow/html/snow-startstop.html","7160","6d6206b1278b020914b6c2dc01297e3df2b6318feb762fef13561516da666e6b","R environment provenance","tracked"
"thesis_extension/environment/legacy_R343_library/snow/html/snow-timing.html","2712","1fa2f9c42a67198da1fc37838d852b7c183cbf272067e8d61db0400f390b2ca5","R environment provenance","tracked"
"thesis_extension/environment/legacy_R343_library/stringi/AUTHORS","1671","c44b1f7d406b7bbb656fa8f60eee199d8283ce38e699584d9c12177dcdbe8c06","R environment provenance","tracked"
"thesis_extension/environment/legacy_R343_library/stringi/CITATION","509","e2553a3ca981977bb14d220c5404fc2efa5eb288790e29c43a2268e25628c2c3","R environment provenance","tracked"
"thesis_extension/environment/legacy_R343_library/stringi/DESCRIPTION","1589","1b49782dec2196734fa1c9dd3a3a76ab47f0f811e061dd6c906e158833bb1fe6","R environment provenance","tracked"
"thesis_extension/environment/legacy_R343_library/stringi/INDEX","6374","549c3372536cc285a2d562f74af4f27a2aff68847e1e826880f2ca55b3523305","R environment provenance","tracked"
"thesis_extension/environment/legacy_R343_library/stringi/LICENSE","3580","90d93b0cff535715bf25eb236faee74d901e63c311220d4d4244bac263c3faff","R environment provenance","tracked"
"thesis_extension/environment/legacy_R343_library/stringi/MD5","7115","f429e7302dd8525ae8d04ab7d65123614aca00330e387b4fcf6eb45a90cc777f","R environment provenance","tracked"
"thesis_extension/environment/legacy_R343_library/stringi/Meta/Rd.rds","3821","532e058e2b321d42b0fa28f334f7e7c3847ef2915650d7bdcedd345b2f66517d","R environment provenance","tracked"
"thesis_extension/environment/legacy_R343_library/stringi/Meta/features.rds","112","0c47f77934234b8ddfc04ba4cf55da90ab9ef317d3825782bd4282625c53d444","R environment provenance","tracked"
"thesis_extension/environment/legacy_R343_library/stringi/Meta/hsearch.rds","3530","8f81870dd832586ebecf444412f85a7178551be501b5acde2452a650e715b7aa","R environment provenance","tracked"
"thesis_extension/environment/legacy_R343_library/stringi/Meta/links.rds","2041","4b61cf8b5323fc33ea9b4fe32dd02d1e1e569e19f14535cf59bedd163f9e77b7","R environment provenance","tracked"
"thesis_extension/environment/legacy_R343_library/stringi/Meta/nsInfo.rds","1580","342174315cc85d8907899f95d6b211d30d381b4c2b8c429a8d2b0777dea9fbf7","R environment provenance","tracked"
"thesis_extension/environment/legacy_R343_library/stringi/Meta/package.rds","1284","6372177e4007f8edcabeb287d7320e76fd0d8e750e9d19caa7456c555e8b7dad","R environment provenance","tracked"
"thesis_extension/environment/legacy_R343_library/stringi/NAMESPACE","6204","62771226699e5f0d3acc26da7856919ef5e24637fd36972e2031dd99b900056a","R environment provenance","tracked"
"thesis_extension/environment/legacy_R343_library/stringi/NEWS","23023","e65fa7d7031ec53918ffcfcfe71589c459acc7ca748927126917ef416e936b28","R environment provenance","tracked"
"thesis_extension/environment/legacy_R343_library/stringi/R/stringi","1056","2fb8b16be23c820daf2e51b7ddfef61ca4978e561b1d228d546d1b356041f79e","R environment provenance","tracked"
"thesis_extension/environment/legacy_R343_library/stringi/R/stringi.rdb","52465","eceb8aa1711a39a3e716ddf6ac4917bb96e36f92b4230d83896f1978859d39cb","R environment provenance","tracked"
"thesis_extension/environment/legacy_R343_library/stringi/R/stringi.rdx","2967","1ecb1f51063bee39fa5be13b6569f4581d403ae43e297a721a292430d122b5cb","R environment provenance","tracked"
"thesis_extension/environment/legacy_R343_library/stringi/help/AnIndex","8127","f7b8d655650ccc59880b970e3e2ef4e7c70d77daa6a46708a1c0ecd4f2539606","R environment provenance","tracked"
"thesis_extension/environment/legacy_R343_library/stringi/help/aliases.rds","1609","9e11b9645f4738f6799276e9d263d2c26d6b4286cb0196b5624e6d4cebf9d12a","R environment provenance","tracked"
"thesis_extension/environment/legacy_R343_library/stringi/help/paths.rds","850","e4ff6fa4d8d77bab188dd4b5ca9711466c98e2fb3c228cfa5405daf1a2b81d89","R environment provenance","tracked"
"thesis_extension/environment/legacy_R343_library/stringi/help/stringi.rdb","370491","2a97334737501fdc2bd82f14e851d03456ecd2afd4fc3e98ba1884f1c12e3850","R environment provenance","tracked"
"thesis_extension/environment/legacy_R343_library/stringi/help/stringi.rdx","2106","3896d8de10d20b62d8212e5b13b202f16d106dad6d4bc9df7d405889a65a3ca9","R environment provenance","tracked"
"thesis_extension/environment/legacy_R343_library/stringi/html/00Index.html","35170","64e761e1955aeff0aa15970dd3d3f16012f7a6358d1006082bad1e92ea8f3098","R environment provenance","tracked"
"thesis_extension/environment/legacy_R343_library/stringi/html/R.css","1335","0f4849ab1757247808d54da2c371e992364371c942ad7d629dae8d62327ed068","R environment provenance","tracked"
"thesis_extension/environment/legacy_R343_library/stringi/html/oper_comparison.html","3379","11273b5ce102fe2d7f6c54e1db883ac55ff0846112caff900d739c81b3be0d05","R environment provenance","tracked"
"thesis_extension/environment/legacy_R343_library/stringi/html/oper_plus.html","1927","6e3074e325dcc224fdece36821255ca2cc3b3ae59eb3f4440cc2ba10386bcd00","R environment provenance","tracked"
"thesis_extension/environment/legacy_R343_library/stringi/html/stri_compare.html","6833","1fba9e4ab380bb8a49689dddaa994bb10400784bd60200b18258daf943e752b9","R environment provenance","tracked"
"thesis_extension/environment/legacy_R343_library/stringi/html/stri_count.html","3816","c4381d68e300edd1d30523962cd732c6ba1cd01aa8dbf4de4975e0a66da5baa8","R environment provenance","tracked"
"thesis_extension/environment/legacy_R343_library/stringi/html/stri_count_boundaries.html","5790","891a7e1000cabecb402a44366ca2517cb6fc471cf5dcd6767e02f007ce39b4a7","R environment provenance","tracked"
"thesis_extension/environment/legacy_R343_library/stringi/html/stri_datetime_add.html","3912","2af8c11c3c9c2086c3e860af57809166e766e0dfcec891c71ec13d1c14b48b9c","R environment provenance","tracked"
"thesis_extension/environment/legacy_R343_library/stringi/html/stri_datetime_create.html","3590","40759d7657d2cc286b919794e1013f136aa3883029b52b4e957ef3140f301749","R environment provenance","tracked"
"thesis_extension/environment/legacy_R343_library/stringi/html/stri_datetime_fields.html","3896","6b5ec62469cbfd762a851b52c7071166fc7c86fefb195da33e7969d6728911e5","R environment provenance","tracked"
"thesis_extension/environment/legacy_R343_library/stringi/html/stri_datetime_format.html","25203","6eeef52458ed56e97b8cbe4f2da1f615901b603b61edcbc28a9786b40473232f","R environment provenance","tracked"
"thesis_extension/environment/legacy_R343_library/stringi/html/stri_datetime_fstr.html","3061","1b464577733df1e4f9165588f426c992f34d413d08107bddab5b727743bc6ab3","R environment provenance","tracked"
"thesis_extension/environment/legacy_R343_library/stringi/html/stri_datetime_now.html","1896","aa4b82eb6a61c697839a5c542fd846d8a0f9f1d44f2ff94aebcf6455f65db2f7","R environment provenance","tracked"
"thesis_extension/environment/legacy_R343_library/stringi/html/stri_datetime_symbols.html","4261","b02d857c905ec4591f1c1da0ff1b631552f9d0e309b138aac8b36f6f949ff17b","R environment provenance","tracked"
"thesis_extension/environment/legacy_R343_library/stringi/html/stri_detect.html","4184","6e2aba43672ffa5bef06e11df225a751f29087dfb595c7ba9e8e374ca36536b7","R environment provenance","tracked"
"thesis_extension/environment/legacy_R343_library/stringi/html/stri_dup.html","1701","08521a3a88bd970972a1fd74e61ce538faf288be7c6818d28e2a4b5027555f8f","R environment provenance","tracked"
"thesis_extension/environment/legacy_R343_library/stringi/html/stri_duplicated.html","5952","4b9093482c7b5e93240e993178c2a43d010379099dab9bc20a7481c8ccfb22cd","R environment provenance","tracked"
"thesis_extension/environment/legacy_R343_library/stringi/html/stri_enc_detect.html","8350","8b5705e28e726148c3c285ff9e5c63b146d25654823e5a6c9e343ae07769152d","R environment provenance","tracked"
"thesis_extension/environment/legacy_R343_library/stringi/html/stri_enc_detect2.html","5054","870f41af627cf0c88779cade414a11acf1300e8f93f3bd455306a0e17dae37a7","R environment provenance","tracked"
"thesis_extension/environment/legacy_R343_library/stringi/html/stri_enc_fromutf32.html","2630","99097e7698c9b0c1946c0573ee8a7fc6b6a6b86e45ff65a43b4745c86e32d1a1","R environment provenance","tracked"
"thesis_extension/environment/legacy_R343_library/stringi/html/stri_enc_info.html","3138","2696920aaf272cd0e190a95f51b67cc93b460bbd1b960c4ea34cabcc83e60497","R environment provenance","tracked"
"thesis_extension/environment/legacy_R343_library/stringi/html/stri_enc_isascii.html","2081","b1a56f8ed6518ac870ad847e6ef76647be14396146a68a6cbc982da425b86ce1","R environment provenance","tracked"
"thesis_extension/environment/legacy_R343_library/stringi/html/stri_enc_isutf16.html","2337","9688dd496fa9a1a462e20ac8285c38e3cf0c6e5e2e630c5bcdf64de2d10914ac","R environment provenance","tracked"
"thesis_extension/environment/legacy_R343_library/stringi/html/stri_enc_isutf8.html","2833","95858a973cb91701855ebb81396b2500e6233548912ecada5682132ba7092de3","R environment provenance","tracked"
"thesis_extension/environment/legacy_R343_library/stringi/html/stri_enc_list.html","2338","d48a083faebed2fec9510dc367c315161cd36923ee7e43ec00b76f06607d45c0","R environment provenance","tracked"
"thesis_extension/environment/legacy_R343_library/stringi/html/stri_enc_mark.html","3261","c7fc4ebfa1d8b3957d5fc28f66e3ea79c2384397acea4e9a8be78f0f82330e6f","R environment provenance","tracked"
"thesis_extension/environment/legacy_R343_library/stringi/html/stri_enc_set.html","3032","c3a7367f00f716c6bacdd400cf88a3c0e75a81f40e180679486d3e13e5e82190","R environment provenance","tracked"
"thesis_extension/environment/legacy_R343_library/stringi/html/stri_enc_toascii.html","2336","6c4d04092eee4e0c84874fdda4556f4021bc82eeba46ab1534681e69e49b979d","R environment provenance","tracked"
"thesis_extension/environment/legacy_R343_library/stringi/html/stri_enc_tonative.html","2096","c47bb65c049618c21e91ef86096e0550698f62f2eb0d9a87c0829c89d923dd15","R environment provenance","tracked"
"thesis_extension/environment/legacy_R343_library/stringi/html/stri_enc_toutf32.html","2497","068435e39196976fd09d1fae1c522f10120daa8f6a901ae266cbd2396e88e390","R environment provenance","tracked"
"thesis_extension/environment/legacy_R343_library/stringi/html/stri_enc_toutf8.html","3503","2444d2f78b50f20074887ec0a7c4eca2970dcb98e1918f5598e2a72d66fb5cd2","R environment provenance","tracked"
"thesis_extension/environment/legacy_R343_library/stringi/html/stri_encode.html","5307","cda56b98172f501c0371cafd8063d7b3a838bbc1b5f59209b34e9324f5de5764","R environment provenance","tracked"
"thesis_extension/environment/legacy_R343_library/stringi/html/stri_escape_unicode.html","2010","f492e632fbe6406aac0d8bba44b30a5307e9ceb388bc286ca42594cfe97b27a8","R environment provenance","tracked"
"thesis_extension/environment/legacy_R343_library/stringi/html/stri_extract.html","7735","241bfca7ba59c36394d59860f263e1424a46d4350c6e098b1766ca3671da3bcd","R environment provenance","tracked"
"thesis_extension/environment/legacy_R343_library/stringi/html/stri_extract_boundaries.html","6340","1b4cdd0bc5161e946bead552179d81e0b25b403fdce95cf85a1256e7aca20abe","R environment provenance","tracked"
"thesis_extension/environment/legacy_R343_library/stringi/html/stri_flatten.html","2179","497125c26e4389fb812460820c66d56460c0df5ef55d31f3bab518967282609d","R environment provenance","tracked"
"thesis_extension/environment/legacy_R343_library/stringi/html/stri_info.html","2383","6378f6f4379d271571b746c8675625826cb10c363b998a9146e21a91dabd08c1","R environment provenance","tracked"
"thesis_extension/environment/legacy_R343_library/stringi/html/stri_isempty.html","1727","d72db8fa95706beac488e6318a0ff41fa8bf6688f1c054ae1da82eb45a165d00","R environment provenance","tracked"
"thesis_extension/environment/legacy_R343_library/stringi/html/stri_join.html","3653","d79f325fa47f5736fc386abd6354a885b76640cd516621f77492e71501be2f40","R environment provenance","tracked"
"thesis_extension/environment/legacy_R343_library/stringi/html/stri_join_list.html","2756","7e5cb7bb0412d60e2659073bb9ba69ca70870cd25b7317913e65de2b97e54629","R environment provenance","tracked"
"thesis_extension/environment/legacy_R343_library/stringi/html/stri_length.html","2720","8ff78905c7c335a96e5adabb2fa7b2bc7e35cdaaa0a2f919b469063a65353607","R environment provenance","tracked"
"thesis_extension/environment/legacy_R343_library/stringi/html/stri_list2matrix.html","3135","d6b8d734a737d995654cdf93d296bb9bffecba971b13a6b6032d6029cf645cf9","R environment provenance","tracked"
"thesis_extension/environment/legacy_R343_library/stringi/html/stri_locale_info.html","2405","aefd10d60c3b5599a8a6cfe3cb7d965a3952a8ec5b39b2b4ddf2f875e1c1ec5e","R environment provenance","tracked"
"thesis_extension/environment/legacy_R343_library/stringi/html/stri_locale_list.html","1499","47df78668838bd847188e7482ec5c270b4dbbb1dc1b1d7890079970abd3e4094","R environment provenance","tracked"
"thesis_extension/environment/legacy_R343_library/stringi/html/stri_locale_set.html","2733","993d7f5475bd8e305d946e23f388c4cef5d97df8970b1705d7f286a890f0ea83","R environment provenance","tracked"
"thesis_extension/environment/legacy_R343_library/stringi/html/stri_locate.html","7711","eea586ee3c41e0bdb66e41474ce47d6744bce60a5530fa35705b76801ca45668","R environment provenance","tracked"
"thesis_extension/environment/legacy_R343_library/stringi/html/stri_locate_boundaries.html","6837","978536498d309fb59ab54c12c4729aaf0e8a31b3d1f999b916978fa3ef8729fd","R environment provenance","tracked"
"thesis_extension/environment/legacy_R343_library/stringi/html/stri_match.html","5539","ecbb6285c1443c98fd8b16f150c8a9b4578cc5813f8b0d7e32ecbe7aad2a2cee","R environment provenance","tracked"
"thesis_extension/environment/legacy_R343_library/stringi/html/stri_numbytes.html","2621","558b12314b1f86b53cd057169c94847c15b80af8e26382071e56e4af7591718e","R environment provenance","tracked"
"thesis_extension/environment/legacy_R343_library/stringi/html/stri_opts_brkiter.html","5535","1254ba0e322f1959c53e4e6b353c882914a87dd740ba2378190845f71c2e9153","R environment provenance","tracked"
"thesis_extension/environment/legacy_R343_library/stringi/html/stri_opts_collator.html","6702","4f42389916f863214105ea2fa77ff09224888eb084b93a320c9cbf7dcd84c927","R environment provenance","tracked"
"thesis_extension/environment/legacy_R343_library/stringi/html/stri_opts_fixed.html","2995","d1326b21896a679d932120d791aad1da2a924a2007be53b3970f089f0a38b70a","R environment provenance","tracked"
"thesis_extension/environment/legacy_R343_library/stringi/html/stri_opts_regex.html","5022","8e50d2d703105544cd2d3d9ff6ee31e44201803e64003303e514016273131383","R environment provenance","tracked"
"thesis_extension/environment/legacy_R343_library/stringi/html/stri_order.html","4611","3fb067154d415e17af69f32238e64936cb22cbc68de60774198867079b163da6","R environment provenance","tracked"
"thesis_extension/environment/legacy_R343_library/stringi/html/stri_pad.html","3786","4525c543e13d09401a2fc7e51197f22568c0fb12e01f3887f80e97ad2d55212d","R environment provenance","tracked"
"thesis_extension/environment/legacy_R343_library/stringi/html/stri_rand_lipsum.html","2251","af250dab0781f47e495bf1e00ce61dc9fc7c9677c5d30605ed5dabba5996d4f9","R environment provenance","tracked"
"thesis_extension/environment/legacy_R343_library/stringi/html/stri_rand_shuffle.html","1776","e08754c6b4a5337616dd02ffd335ca839876124d825d1b5f6c7864a12a2366dd","R environment provenance","tracked"
"thesis_extension/environment/legacy_R343_library/stringi/html/stri_rand_strings.html","2816","c0e3d015f4378244d5aa4d94b132daddb2efc6a13711aeaae7956ae8c7286f78","R environment provenance","tracked"
"thesis_extension/environment/legacy_R343_library/stringi/html/stri_read_lines.html","2930","ccfe44ef7a2560ea9ce08c9b9ea423e708327d797adde503f84402ce339f0b75","R environment provenance","tracked"
"thesis_extension/environment/legacy_R343_library/stringi/html/stri_read_raw.html","1755","bb63bb36581352034a4cd3dd15d92ddf844d9803f744b485c010f2b9db35c63a","R environment provenance","tracked"
"thesis_extension/environment/legacy_R343_library/stringi/html/stri_replace.html","7949","45e6ba8b93cedc4a2ac49d88fc691b4e5d8950b42e8afc86fe02153f969531fb","R environment provenance","tracked"
"thesis_extension/environment/legacy_R343_library/stringi/html/stri_replace_na.html","2149","1f263397326ea1334c758f5d300efec32d8c9692cc1c03b3f0b837bc9e576b6e","R environment provenance","tracked"
"thesis_extension/environment/legacy_R343_library/stringi/html/stri_reverse.html","1523","7929ab44a9ae0ba43b69ccf254dbabc518114717c9601aa18253d3ac1d28e2db","R environment provenance","tracked"
"thesis_extension/environment/legacy_R343_library/stringi/html/stri_split.html","7643","6cddf05f793a93782866d1d6513c67d8147878a98aaaa2fb4f3d16f107f47b94","R environment provenance","tracked"
"thesis_extension/environment/legacy_R343_library/stringi/html/stri_split_boundaries.html","6530","31c2b754e99bb2be91e2e6cc389da015621c796b407f728972397ae455228407","R environment provenance","tracked"
"thesis_extension/environment/legacy_R343_library/stringi/html/stri_split_lines.html","4245","ab1ad78892fdb576f01284b97a7bdc5adda2f84d87c56d8707d9e9c9a686d926","R environment provenance","tracked"
"thesis_extension/environment/legacy_R343_library/stringi/html/stri_startsendswith.html","4952","ef524ad1d6d9d2a44d09b077645ed90609b3c7022f05556c7e6d925cd2edfe56","R environment provenance","tracked"
"thesis_extension/environment/legacy_R343_library/stringi/html/stri_stats_general.html","2657","f4a283dda2f3da294c443c797f2830b01c528cc7911ca172ce3563a24732f697","R environment provenance","tracked"
"thesis_extension/environment/legacy_R343_library/stringi/html/stri_stats_latex.html","3150","f363a0a4992953d6a52261a36d516afd1d9e713cf174d6cd659503bd246b9566","R environment provenance","tracked"
"thesis_extension/environment/legacy_R343_library/stringi/html/stri_sub.html","4781","f94b33c0b280de512827452c9154aeb451c44599fbe96c0618340c6d5a1490d3","R environment provenance","tracked"
"thesis_extension/environment/legacy_R343_library/stringi/html/stri_subset.html","4680","9f1256166ebe6fb8a8d0315e4f9e03b310df5f693398d765092f8b0c46089c90","R environment provenance","tracked"
"thesis_extension/environment/legacy_R343_library/stringi/html/stri_timezone_info.html","3834","4d2256b7fd8b3a8457e1d0a71955882c9f85b1d527e8ea9f9e73745c317d295e","R environment provenance","tracked"
"thesis_extension/environment/legacy_R343_library/stringi/html/stri_timezone_list.html","5130","5fb6130af6fbe8bec16edb27183b4e4c371d822f30e6e9b3d4c9f4594f09eba8","R environment provenance","tracked"
"thesis_extension/environment/legacy_R343_library/stringi/html/stri_timezone_set.html","3449","353c7e2315e8ceace0a8cdbab7472c2c5a1924fa26ec1a7e3f988136b760c6ca","R environment provenance","tracked"
"thesis_extension/environment/legacy_R343_library/stringi/html/stri_trans_casemap.html","5962","d25115011bcfd0be142f84b8ab4be9f96d4f9c0e02b3cc51e6509ec5a314b24d","R environment provenance","tracked"
"thesis_extension/environment/legacy_R343_library/stringi/html/stri_trans_char.html","2252","9714d8c779d21c30da7ab9fea1bd610d0b7d98bbfa82781b39e3751c8d4d1a9e","R environment provenance","tracked"
"thesis_extension/environment/legacy_R343_library/stringi/html/stri_trans_general.html","4200","f7769e6c2f09172ba7b5d7c9590618fc41c375ef47b8495f8ae38dbd3d1af589","R environment provenance","tracked"
"thesis_extension/environment/legacy_R343_library/stringi/html/stri_trans_list.html","1588","d3a90522837703113d1f6140f9f0ef1476a248c65488a8266c0e06e97ace7418","R environment provenance","tracked"
"thesis_extension/environment/legacy_R343_library/stringi/html/stri_trans_nf.html","4669","a448d439470041a174b02717428772c8d7ae7d2fe1b95e6775f2953365d5389e","R environment provenance","tracked"
"thesis_extension/environment/legacy_R343_library/stringi/html/stri_trim.html","3744","822d48e92aaab91df6203be66bfcbcad299ea7681b5e7243c9f03719b7452dca","R environment provenance","tracked"
"thesis_extension/environment/legacy_R343_library/stringi/html/stri_unescape_unicode.html","2326","8ff19d940f1cdcd109f845fa123f02b0d1789cf08e8ca4b91463e0837e51d531","R environment provenance","tracked"
"thesis_extension/environment/legacy_R343_library/stringi/html/stri_unique.html","3692","a50cff1013f4f68a95c301a1e8bdc028943ed938f851bf1feecd9028182809c8","R environment provenance","tracked"
"thesis_extension/environment/legacy_R343_library/stringi/html/stri_width.html","3441","6188f3fb5f5a1282b4637a90ebe48d488e1c6f485e9b47e5552b6e063cd3c66e","R environment provenance","tracked"
"thesis_extension/environment/legacy_R343_library/stringi/html/stri_wrap.html","8304","5dd3adedc8493d9112591153fb27bfd6d02e2f12cd141c63a661a6d207adcae9","R environment provenance","tracked"
"thesis_extension/environment/legacy_R343_library/stringi/html/stri_write_lines.html","2224","de9024d3b7744ba9ed35088089b7cf379df070bfb0cd0dcb3cfc03a8f33e9b66","R environment provenance","tracked"
"thesis_extension/environment/legacy_R343_library/stringi/html/stringi-arguments.html","4161","9882cfb4e848488a9c0c6c2f6fc55d2d60c07924531ebb946c5fce8b5c8138b8","R environment provenance","tracked"
"thesis_extension/environment/legacy_R343_library/stringi/html/stringi-encoding.html","15186","8e1222fb5744aea07d0e0da86df79542337c46e472c095a13627c7003dfd6097","R environment provenance","tracked"
"thesis_extension/environment/legacy_R343_library/stringi/html/stringi-locale.html","7705","cdaa0f648c93c1ff83eaed0e95f32a29bea48d2e46c7655ee284e21efff25be9","R environment provenance","tracked"
"thesis_extension/environment/legacy_R343_library/stringi/html/stringi-package.html","9085","3d18854401f275ced80628dbfa6c159b28bd1f08bae93fa4a0d90c82b4180848","R environment provenance","tracked"
"thesis_extension/environment/legacy_R343_library/stringi/html/stringi-search-boundaries.html","6158","cecb0e5f2994295972dac901e8938086fadb2c224577e7719c51cdf160912931","R environment provenance","tracked"
"thesis_extension/environment/legacy_R343_library/stringi/html/stringi-search-charclass.html","16673","cffcc39262788ffb1ba90ca054fd938d41a14fd3cc158dab6013484525d06ca4","R environment provenance","tracked"
"thesis_extension/environment/legacy_R343_library/stringi/html/stringi-search-coll.html","4547","bb2a8937878add0eb047e6f45e99de6cc453a5dd88da9d50820ad8b263c3f8a5","R environment provenance","tracked"
"thesis_extension/environment/legacy_R343_library/stringi/html/stringi-search-fixed.html","2766","b6cdf5b6dad058abfb7ef0b63816a3ef4ba8e8dbe2648f9be350af46a1b9a20c","R environment provenance","tracked"
"thesis_extension/environment/legacy_R343_library/stringi/html/stringi-search-regex.html","14609","dd9a485f055a35ed25d0a7f2e3cfff1dcf8726c345b88e542b81859f8ad2b4ce","R environment provenance","tracked"
"thesis_extension/environment/legacy_R343_library/stringi/html/stringi-search.html","7067","3ec97c774f7b41c0df2b5fea873033fa00d8acedea172f6886550b4506ee25c9","R environment provenance","tracked"
"thesis_extension/environment/legacy_R343_library/stringi/include/stringi.cpp","42058","5ed71db056c75dfc40e23ad6d113ca896c0d1369bce70ab5e4f31fb2030fe186","R environment provenance","tracked"
"thesis_extension/environment/legacy_R343_library/stringi/include/stringi.h","16129","e2f84f2da2920defdd2a819fe94d687a5d83a01943d519083dc2772258916523","R environment provenance","tracked"
"thesis_extension/environment/legacy_R343_library/stringi/libs/LICENSE.txt","18233","f719247ddf65c5b72d476e9f23dcac067e45083eb52ba48b1684721b58dab8b4","R environment provenance","tracked"
"thesis_extension/environment/legacy_R343_library/stringi/libs/i386/stringi.dll","4695054","a238937972ff6ffd594e6a022adc235474c3abf4dcee43a6eceec7db0750c6af","R environment provenance","tracked"
"thesis_extension/environment/legacy_R343_library/stringi/libs/icudt55l.dat","25908416","b09884b42cd76fad5a638fda6f56fa68c91d44a81a06c86917b328316cfdf5c1","R environment provenance","tracked"
"thesis_extension/environment/legacy_R343_library/stringi/libs/x64/stringi.dll","4289536","bd1091a984a4044f8b570711bdab61a6d833e95d9e812ae237e7b955401c6e4f","R environment provenance","tracked"
"thesis_extension/environment/legacy_R343_library/stringr/DESCRIPTION","1227","a3a39108da3e687c28ab2b233a203814deb460460e8bef57c6314d638065467d","R environment provenance","tracked"
"thesis_extension/environment/legacy_R343_library/stringr/INDEX","1897","49cfff6cf1252d3af68963bedd1ae6b4913ed8c00b8f56fa9eee208d1cfa3214","R environment provenance","tracked"
"thesis_extension/environment/legacy_R343_library/stringr/LICENSE","18092","8177f97513213526df2cf6184d8ff986c675afb514d4e68a404010521b880643","R environment provenance","tracked"
"thesis_extension/environment/legacy_R343_library/stringr/MD5","3448","df8fcb669c6e6dae9f780900f8625f1c5a91775f5a983b29c917c4acc12cd4a0","R environment provenance","tracked"
"thesis_extension/environment/legacy_R343_library/stringr/Meta/Rd.rds","1334","c567c281b58062b6748c1c29e1d3fe927259a97b03ba2f3a00d6f5557e043dda","R environment provenance","tracked"
"thesis_extension/environment/legacy_R343_library/stringr/Meta/data.rds","148","788d2c52ca33a25ae35fa03237530b0459ca343f588ef43d34d8b765e70c83b2","R environment provenance","tracked"
"thesis_extension/environment/legacy_R343_library/stringr/Meta/features.rds","112","0c47f77934234b8ddfc04ba4cf55da90ab9ef317d3825782bd4282625c53d444","R environment provenance","tracked"
"thesis_extension/environment/legacy_R343_library/stringr/Meta/hsearch.rds","1311","bbc05400496e865a221225fd3431b0f6dfce6f4ecd42bb214aa5f2ec37e8bffa","R environment provenance","tracked"
"thesis_extension/environment/legacy_R343_library/stringr/Meta/links.rds","593","f328ebd59498a546934ba0dd3acc6d2882acc42d061d2a5cdd2a66349bcdab04","R environment provenance","tracked"
"thesis_extension/environment/legacy_R343_library/stringr/Meta/nsInfo.rds","454","95a694fbf9e3ca3932ffd5920c833f77ae9c3736c8e3c8daea72d9fdc2aed056","R environment provenance","tracked"
"thesis_extension/environment/legacy_R343_library/stringr/Meta/package.rds","1160","bf2bb390ce2f4fe365dae02ea633bb14897bcdc2587140ac0777ebe8d746ab81","R environment provenance","tracked"
"thesis_extension/environment/legacy_R343_library/stringr/Meta/vignette.rds","241","cc16c95359f162dafd0ffd02d82a2c76b92d310990a01e452766fdb33ae4e402","R environment provenance","tracked"
"thesis_extension/environment/legacy_R343_library/stringr/NAMESPACE","879","ff871d7356a35d385997db29b58198beec639186cf194dd05103ea0a6229714c","R environment provenance","tracked"
"thesis_extension/environment/legacy_R343_library/stringr/NEWS.md","7071","06faf683087ba9582f2305765b4b0a7aa40823e52d1f76c4c73088855f3874d5","R environment provenance","tracked"
"thesis_extension/environment/legacy_R343_library/stringr/R/stringr","1056","2fb8b16be23c820daf2e51b7ddfef61ca4978e561b1d228d546d1b356041f79e","R environment provenance","tracked"
"thesis_extension/environment/legacy_R343_library/stringr/R/stringr.rdb","16286","bebc36063c9963563df8d84acaa11a011708c8a90bb8e9e8c3c10200281edbea","R environment provenance","tracked"
"thesis_extension/environment/legacy_R343_library/stringr/R/stringr.rdx","972","c818e4ed8e1b257d4cc343fc49fcc0ee2b1ccd763d04793dbdccf9d6f1938b6f","R environment provenance","tracked"
"thesis_extension/environment/legacy_R343_library/stringr/data/Rdata.rdb","18237","22b7decc545aa9555de5c231a27c4fff7a960bdd54104d2aad488cc50e337639","R environment provenance","tracked"
"thesis_extension/environment/legacy_R343_library/stringr/data/Rdata.rds","93","7f24eb41d080f44fd29f07c539158a47788b7b33173665ceda1240b8b39375b9","R environment provenance","tracked"
"thesis_extension/environment/legacy_R343_library/stringr/data/Rdata.rdx","160","5e7d214817e10bdecedd1e78f6de550c80157bcccfe5f45775ca1c1f8aad157b","R environment provenance","tracked"
"thesis_extension/environment/legacy_R343_library/stringr/doc/index.html","1896","2fb23e104b77bcf50dfd9dd9a2f065f07d8e24a9ed5711ddc16fb8c9ea4abd0c","R environment provenance","tracked"
"thesis_extension/environment/legacy_R343_library/stringr/doc/regular-expressions.R","5050","eed0a8e09f32d1a52617468fa4198de22a295f11b6af02367ded6320914ef83c","R environment provenance","tracked"
"thesis_extension/environment/legacy_R343_library/stringr/doc/regular-expressions.Rmd","14524","5db271d763329b425dfe0983194fbc1eb59a165ee0300c929c98cfcbcc6da384","R environment provenance","tracked"
"thesis_extension/environment/legacy_R343_library/stringr/doc/regular-expressions.html","40105","0a54d5a5a7a3a6fe37b966f352e4e38c060176d647b5d3212265c50e26b06f0e","R environment provenance","tracked"
"thesis_extension/environment/legacy_R343_library/stringr/doc/stringr.R","4133","3756f3fdc8714f78a3964e7e50b2e62774b79483e6b0610aff0f317c3ba46971","R environment provenance","tracked"
"thesis_extension/environment/legacy_R343_library/stringr/doc/stringr.Rmd","9491","ac4533c16f5f8d100317bb40b6ebbbf4e53f192bfc7b297c8121d92af2229550","R environment provenance","tracked"
"thesis_extension/environment/legacy_R343_library/stringr/doc/stringr.html","32285","2d0aa005b2b95faa0c04dfa75d1fe6887ee10ac1fd3f1b8bea3bf51753b56d6c","R environment provenance","tracked"
"thesis_extension/environment/legacy_R343_library/stringr/help/AnIndex","1134","da36d72af5c1f937dbea573f367da88d7b601cba7cf424cfe7b2167c41ed9fc0","R environment provenance","tracked"
"thesis_extension/environment/legacy_R343_library/stringr/help/aliases.rds","458","734bec677cae752e1490bb5ab98ff3397db7f29ad3f3b2918a5612b8171c9a81","R environment provenance","tracked"
"thesis_extension/environment/legacy_R343_library/stringr/help/paths.rds","366","bb9753e57bd585768b9640ae804c0e739d3404a76fd4cb88c40448603d56fc85","R environment provenance","tracked"
"thesis_extension/environment/legacy_R343_library/stringr/help/stringr.rdb","61878","7bf068c73080581b2463aa957633bee95d322dcaf3e8b734ad77ede049e6f9d6","R environment provenance","tracked"
"thesis_extension/environment/legacy_R343_library/stringr/help/stringr.rdx","743","b8c0224211caa17d1edaf6be5677777fc71eab99b110c71000a2feab6c8510cb","R environment provenance","tracked"
"thesis_extension/environment/legacy_R343_library/stringr/html/00Index.html","7107","f8aebcd80d81f0d25e321f227b79e43c8c34f1d3fce01da81cb455f6b76ddc55","R environment provenance","tracked"
"thesis_extension/environment/legacy_R343_library/stringr/html/R.css","1335","0f4849ab1757247808d54da2c371e992364371c942ad7d629dae8d62327ed068","R environment provenance","tracked"
"thesis_extension/environment/legacy_R343_library/stringr/html/case.html","1454","13efd60f1ba50cf5da0674dfdba343d0e4f02213cbaef6ce831cf386a6c73bb3","R environment provenance","tracked"
"thesis_extension/environment/legacy_R343_library/stringr/html/invert_match.html","1520","001e7dc16fdef1eadaa518b8e4a0d6c420164551bcd69b2f091b8f587538874b","R environment provenance","tracked"
"thesis_extension/environment/legacy_R343_library/stringr/html/modifier-deprecated.html","940","ad862ca372f45ba45cbbec0573c1253e028ad1c49da541ea9aa5faaaf179d6c2","R environment provenance","tracked"
"thesis_extension/environment/legacy_R343_library/stringr/html/modifiers.html","4393","4c7130cb3a8bc68880d1d2a27e0c66f3a5c204d6cfab9de0e55fd70d83d72b8e","R environment provenance","tracked"
"thesis_extension/environment/legacy_R343_library/stringr/html/pipe.html","757","a2a0495d66927664eb73864cc14d970ab477e0cadeaba4f8917299723365da49","R environment provenance","tracked"
"thesis_extension/environment/legacy_R343_library/stringr/html/str_c.html","3000","2afa1b8a8d56c9ed5e556e2bd9e46ee490e117b0ab9495ccae5fe64384bc7bc0","R environment provenance","tracked"
"thesis_extension/environment/legacy_R343_library/stringr/html/str_conv.html","1433","65c7b6fcd1df79892446dc91fb190459cf844920a9d7dad8635dcef1224d51aa","R environment provenance","tracked"
"thesis_extension/environment/legacy_R343_library/stringr/html/str_count.html","2578","03706eda40c93b8ed69727c62d5ed61dc213332d30347c7f59816b56dc1279b2","R environment provenance","tracked"
"thesis_extension/environment/legacy_R343_library/stringr/html/str_detect.html","2576","9d321fdf95450fe3081390abf1f4ed3c04fe9ab852ebe15f3105857326e6de72","R environment provenance","tracked"
"thesis_extension/environment/legacy_R343_library/stringr/html/str_dup.html","1387","64be2f71805b7c32b99a5edc444e5e689ac5c16177aaf8f5365787ef066d8e16","R environment provenance","tracked"
"thesis_extension/environment/legacy_R343_library/stringr/html/str_extract.html","3173","7cd59210e2c787e2272aa16d1a0e73ddb4e82c440dfbeaaec588a704653d0013","R environment provenance","tracked"
"thesis_extension/environment/legacy_R343_library/stringr/html/str_interp.html","2894","ac7c444e13c74449a64cdbaf0ebafcd451445f430b849b6e9a725e3a385afd92","R environment provenance","tracked"
"thesis_extension/environment/legacy_R343_library/stringr/html/str_length.html","1990","0de95449bfa9d66a2dffd9ccf6f1b0d73a739dd457ef00153c103410ce5f2f99","R environment provenance","tracked"
"thesis_extension/environment/legacy_R343_library/stringr/html/str_locate.html","2955","69e1635e606341667af2bbd44c1f86d7c7f659a06566d25629b89bc8d74f1d96","R environment provenance","tracked"
"thesis_extension/environment/legacy_R343_library/stringr/html/str_match.html","2515","9d48c0d676eb77a15fd28f6bd18cf1d207450a4aadca5c003a3723de6ddb7105","R environment provenance","tracked"
"thesis_extension/environment/legacy_R343_library/stringr/html/str_order.html","2506","55ca7aa6624369e65ce332aa1c68fccf5a02b44bc713c46e6d9609b868454f1f","R environment provenance","tracked"
"thesis_extension/environment/legacy_R343_library/stringr/html/str_pad.html","2016","9ea13ae8234e4967a242a1ab3e4539651489d9e01b9d0ce01b12553090e42865","R environment provenance","tracked"
"thesis_extension/environment/legacy_R343_library/stringr/html/str_replace.html","4583","daed72c531f78244ca1e205ee1e38126c0d8f0aba1094c992f11bfc3f746d58b","R environment provenance","tracked"
"thesis_extension/environment/legacy_R343_library/stringr/html/str_replace_na.html","1223","d967c970ca0f1a63627c4c6df8273a6b5a684f060b353e87892e66f3b4f1aaa8","R environment provenance","tracked"
"thesis_extension/environment/legacy_R343_library/stringr/html/str_split.html","3338","5ebcfdec8eed993e9a166506eb03a80c1fca26a6805decacd1cf864a036ca357","R environment provenance","tracked"
"thesis_extension/environment/legacy_R343_library/stringr/html/str_sub.html","2986","30819124e549004ceb3f504af5310610192b513703fb4469ba68ac13df94c135","R environment provenance","tracked"
"thesis_extension/environment/legacy_R343_library/stringr/html/str_subset.html","2961","0b1a9fe708741a5fa65118e2be4b6693a842b3c16efd294fbb0cafe5749556c0","R environment provenance","tracked"
"thesis_extension/environment/legacy_R343_library/stringr/html/str_trim.html","1499","a724db5c5d6c21d3d417c42303006e9553a87572f481e03054a125ffe97dbf57","R environment provenance","tracked"
"thesis_extension/environment/legacy_R343_library/stringr/html/str_trunc.html","1594","d208b4acdd9802c9ddf918f62e22b707143786af2c88aae00071e01225a1b6d8","R environment provenance","tracked"
"thesis_extension/environment/legacy_R343_library/stringr/html/str_view.html","2779","590d413e9d1bea3a5504285175cb9201e524ad5990bb44f1e218b6f5203a31e0","R environment provenance","tracked"
"thesis_extension/environment/legacy_R343_library/stringr/html/str_wrap.html","2187","bc61f5d0ffbd20409d2f85a8e6beb7b99554748fe20e5ff4382928486ad5847e","R environment provenance","tracked"
"thesis_extension/environment/legacy_R343_library/stringr/html/stringr-data.html","1417","2c5fc3a9155878ada7170268bd9f0d60aed514bd080ec7696ac9eb53dac0a3d2","R environment provenance","tracked"
"thesis_extension/environment/legacy_R343_library/stringr/html/stringr-package.html","1778","741523ff6cad3b7fa9610312461dfe89f6b240662d332efba3043e2c2a5fab1a","R environment provenance","tracked"
"thesis_extension/environment/legacy_R343_library/stringr/html/word.html","2112","9842f8b495691861fdc98795f210c7c9fc1213718bc04843210ac2bf1c937022","R environment provenance","tracked"
"thesis_extension/environment/legacy_R343_library/stringr/htmlwidgets/lib/str_view.css","184","db85c40cd18bff4236d41e229f82558bd6b0ce857954910ffea2c554a6a3baf3","R environment provenance","tracked"
"thesis_extension/environment/legacy_R343_library/stringr/htmlwidgets/str_view.js","247","0092ace08df87888271d30a56f19203ff4355f6aaa465be97c0488a39752e7ed","R environment provenance","tracked"
"thesis_extension/environment/legacy_R343_library/stringr/htmlwidgets/str_view.yaml","103","23551e3b0d03cecbcedb7541992e477adfb9e4ee203a65ff11e59be7e0711e3d","R environment provenance","tracked"
"thesis_extension/environment/legacy_R343_library/tibble/DESCRIPTION","1284","8d0647943ec34c737311400544f38c6a90609f1d6cc4932d4ab6e2ccb94d54d8","R environment provenance","tracked"
"thesis_extension/environment/legacy_R343_library/tibble/INDEX","753","19af92d408dd2374f49b46fb29b07d691154370ef1ff4ddf93d50a97c0148f04","R environment provenance","tracked"
"thesis_extension/environment/legacy_R343_library/tibble/LICENSE","42","30024b268600650b7f18647c65d34b86c81f36d08e850ca2840d53dabdeede56","R environment provenance","tracked"
"thesis_extension/environment/legacy_R343_library/tibble/MD5","2480","04bd930ef2dbc86230ae8d8b55b7272de2603b60228849526668505966f5b7e9","R environment provenance","tracked"
"thesis_extension/environment/legacy_R343_library/tibble/Meta/Rd.rds","941","ec242d3ec0d0e75cdd189963eb2275d1f1a2c5f806ee9f7324b52288f01b68da","R environment provenance","tracked"
"thesis_extension/environment/legacy_R343_library/tibble/Meta/features.rds","112","0c47f77934234b8ddfc04ba4cf55da90ab9ef317d3825782bd4282625c53d444","R environment provenance","tracked"
"thesis_extension/environment/legacy_R343_library/tibble/Meta/hsearch.rds","949","f111d9c9300b43fd773b71fa816ca496c8c50ac6dad022cc523ddc814770ce8b","R environment provenance","tracked"
"thesis_extension/environment/legacy_R343_library/tibble/Meta/links.rds","523","9618c9b60de4307b78ed924ce2dab5ecf68336b9b874013f7ed02f40aad56247","R environment provenance","tracked"
"thesis_extension/environment/legacy_R343_library/tibble/Meta/nsInfo.rds","818","e50ba48e2b1f045124154b8044795088ca5829ff874daf008bfa37fa8235a5af","R environment provenance","tracked"
"thesis_extension/environment/legacy_R343_library/tibble/Meta/package.rds","1257","57fe5b004c9d87e7644ee11b0eea396502f64d3af0701a369e4d3f0c1332a342","R environment provenance","tracked"
"thesis_extension/environment/legacy_R343_library/tibble/Meta/vignette.rds","219","eb9de494414a160d5a3e12ded1cf3b189f3f1e2d36b2c830ce854a157a07507d","R environment provenance","tracked"
"thesis_extension/environment/legacy_R343_library/tibble/NAMESPACE","2555","69473fb8829194d1435cbf9a412b27b7290a758ef52702caf3808ff484f90a80","R environment provenance","tracked"
"thesis_extension/environment/legacy_R343_library/tibble/NEWS.md","15670","aa2e5d872b0c302adc8d821eddc7f4b2f9fb82633278468a34f4611fbb38dcc8","R environment provenance","tracked"
"thesis_extension/environment/legacy_R343_library/tibble/R/tibble","1056","2fb8b16be23c820daf2e51b7ddfef61ca4978e561b1d228d546d1b356041f79e","R environment provenance","tracked"
"thesis_extension/environment/legacy_R343_library/tibble/R/tibble.rdb","45643","0da242704478539f161727ff4ceb895d3d86bfd0293a701c62e3f01e9c7f7da1","R environment provenance","tracked"
"thesis_extension/environment/legacy_R343_library/tibble/R/tibble.rdx","2738","73b61744eb8ca3fc877cb5bd4fec09d9a8f2e0bb3e08cb2538d5f43d732d0e3d","R environment provenance","tracked"
"thesis_extension/environment/legacy_R343_library/tibble/doc/extending.R","1414","9303561f29b86cd109007296059297ec5762af3f2aa38640fcdbe6e6ca4a0e8f","R environment provenance","tracked"
"thesis_extension/environment/legacy_R343_library/tibble/doc/extending.Rmd","2949","18aa0e8383a82c2a23005fde86ce0f9c432053bd0825829164d5b658c663b81b","R environment provenance","tracked"
"thesis_extension/environment/legacy_R343_library/tibble/doc/extending.html","15414","0f8797181d73bf978030feb9a2d9057cf69da4fee7e6e7dd5cd0bf71bcf227bd","R environment provenance","tracked"
"thesis_extension/environment/legacy_R343_library/tibble/doc/index.html","1811","8dc2718e04edbe41f3ddc4335a766d3c70a48e66d4f4bb5dc460cddf40af99e9","R environment provenance","tracked"
"thesis_extension/environment/legacy_R343_library/tibble/doc/tibble.R","1843","42ced214f18ed1f830932b09210669541cf1cbb3f27ffc4fc09ce8c0f2eb81f6","R environment provenance","tracked"
"thesis_extension/environment/legacy_R343_library/tibble/doc/tibble.Rmd","4370","b4dc407289c6dfad820f320102f34c90232999cec8093d3259d0cffadda1d0eb","R environment provenance","tracked"
"thesis_extension/environment/legacy_R343_library/tibble/doc/tibble.html","20735","156e1ded06867eb778e1b42075e22247ae327eb29c5dd7da47d9fdf32bdd6bc1","R environment provenance","tracked"
"thesis_extension/environment/legacy_R343_library/tibble/help/AnIndex","1090","1084f072c3f52268488081543a2cb4d4b6c402c44966adea4b0bd07c366e068f","R environment provenance","tracked"
"thesis_extension/environment/legacy_R343_library/tibble/help/aliases.rds","438","371761743ccf22aa80009102ff87a37d66a7c511e77636e3f3d92ff3fbff44bd","R environment provenance","tracked"
"thesis_extension/environment/legacy_R343_library/tibble/help/figures/logo.png","27136","e269ba035f67bea889fb52b1427969a3348f81677c20ea5af16ace28ccb2d8d9","R environment provenance","tracked"
"thesis_extension/environment/legacy_R343_library/tibble/help/paths.rds","307","25125e7b36fcdef7cd4ba3af48b67ab075fb862fbf68edaa775ab848f34ae6d2","R environment provenance","tracked"
"thesis_extension/environment/legacy_R343_library/tibble/help/tibble.rdb","34883","8cd9331269f81f5dc17638c45a0919d531b423269ec616fb0d90dd09beae0bc1","R environment provenance","tracked"
"thesis_extension/environment/legacy_R343_library/tibble/help/tibble.rdx","516","e8ba31b58dd4144b6f1227cb6e35889f4d745f70e44e7b6f736015b55bc8b466","R environment provenance","tracked"
"thesis_extension/environment/legacy_R343_library/tibble/html/00Index.html","5510","c3f3ab36aacdf86c4ffc01d9f456eb1ba2f14eccae6888fed0074c6ae0e228d8","R environment provenance","tracked"
"thesis_extension/environment/legacy_R343_library/tibble/html/R.css","1335","0f4849ab1757247808d54da2c371e992364371c942ad7d629dae8d62327ed068","R environment provenance","tracked"
"thesis_extension/environment/legacy_R343_library/tibble/html/add_column.html","1853","ac80ae8b159da540e183bc2384d2943bb7851f0cca20fc467fe4f95f97cf5fcc","R environment provenance","tracked"
"thesis_extension/environment/legacy_R343_library/tibble/html/add_row.html","2123","c1afb7e8e8e6d47c9f3d41c8ae3c699d8b63d6b2fbd1d483f161b095da23effb","R environment provenance","tracked"
"thesis_extension/environment/legacy_R343_library/tibble/html/as_tibble.html","3749","5d2309a6f1b6699cf9cc8d43586a7c852aaa7826c0e37f3224d5341ff2936492","R environment provenance","tracked"
"thesis_extension/environment/legacy_R343_library/tibble/html/enframe.html","1682","18eee9aeba96a89f6e9c24d01b4fde93b0ed5ee4032429985c7b30db7f5e6e61","R environment provenance","tracked"
"thesis_extension/environment/legacy_R343_library/tibble/html/formatting.html","2832","d12e0ce6928fa9558e2446a41a158d5a1a9a6d07f9a408298c0efeca9aef231d","R environment provenance","tracked"
"thesis_extension/environment/legacy_R343_library/tibble/html/frame_matrix.html","1529","378b2996666dab0b64ea1119dacaa54396d4c492f038c2afa79c763619aa6974","R environment provenance","tracked"
"thesis_extension/environment/legacy_R343_library/tibble/html/glimpse.html","2265","2be725145f78a7abd73a87b4e89a9838c3fc8bf3b4ab9564990678c936731ca3","R environment provenance","tracked"
"thesis_extension/environment/legacy_R343_library/tibble/html/has_name.html","1457","b6f37d17d276ad09ff117f500536a1d5c41927e0e82ba234dcf72eacfb0aaaa5","R environment provenance","tracked"
"thesis_extension/environment/legacy_R343_library/tibble/html/is.tibble.html","1077","572d1ef37d92dfab7a4c213c1ef191e05421fdce4796fa1a3154588b8db89508","R environment provenance","tracked"
"thesis_extension/environment/legacy_R343_library/tibble/html/knit_print.trunc_mat.html","850","78f47d61a6e7dc933dbb4d3fc358300eb3b3365fb18358bce6eb24135fc2bc67","R environment provenance","tracked"
"thesis_extension/environment/legacy_R343_library/tibble/html/obj_sum.html","1748","98f7228815f6f984ae4402f79b3ff266643cb783f117e83e33f992145f6e315d","R environment provenance","tracked"
"thesis_extension/environment/legacy_R343_library/tibble/html/rownames.html","2458","0bc07012fcda0a165bd5dabdb99e904d2dae36b52500175bab4c4ac1984d4d5b","R environment provenance","tracked"
"thesis_extension/environment/legacy_R343_library/tibble/html/tibble-package.html","3855","b8c7c0e333abf8a3b481889d3ad8f11df7e123795785e9244ca7172b9399d887","R environment provenance","tracked"
"thesis_extension/environment/legacy_R343_library/tibble/html/tibble.html","2997","dc70ebb9894b9b244da884102e908b47464a8b4cfc26b7eb7655e083907bbabd","R environment provenance","tracked"
"thesis_extension/environment/legacy_R343_library/tibble/html/tidy_names.html","2926","c75698378c2a297a1280b50ac8ad6d2790bc9455a13e96c97e1486a5c95669d7","R environment provenance","tracked"
"thesis_extension/environment/legacy_R343_library/tibble/html/tribble.html","1724","e1267c29003d138184f798e312b3f17b0e25f9bbaf941c494032e64f08fd674e","R environment provenance","tracked"
"thesis_extension/environment/legacy_R343_library/tibble/libs/i386/tibble.dll","830478","a6ced0a4ec4fbcf4d51c1bbf14e2a97b7598f9cb835ffa4f7b162dded20a89b6","R environment provenance","tracked"
"thesis_extension/environment/legacy_R343_library/tibble/libs/x64/tibble.dll","783872","70a99b53f9267740dcbaf5fa501f7525619e4a6bf5cbb57fb402931bb7843c6e","R environment provenance","tracked"
"thesis_extension/environment/legacy_R343_library/viridisLite/DESCRIPTION","1611","b22f8c8ce814cc4766b57977fae12d2407a1834127c513378bd30db8d86c06eb","R environment provenance","tracked"
"thesis_extension/environment/legacy_R343_library/viridisLite/INDEX","110","f9bb2fafe9019edfc44a1084a7391c872126527fb68fd1dfc3be14a7b2a790fa","R environment provenance","tracked"
"thesis_extension/environment/legacy_R343_library/viridisLite/LICENSE","43","46baa7d65d49290680799b75af5378f2c5216b256465a5c8ebc90be5811c0183","R environment provenance","tracked"
"thesis_extension/environment/legacy_R343_library/viridisLite/MD5","1373","282a8d8c33712edcb6031286037d0f2fd255fd3b1615b542f76aecb693b337e5","R environment provenance","tracked"
"thesis_extension/environment/legacy_R343_library/viridisLite/Meta/Rd.rds","288","db961b3ad5d0ab7d6f3f8f2ad792cf127591a5c1f68da26e083cf51ae67bd4d8","R environment provenance","tracked"
"thesis_extension/environment/legacy_R343_library/viridisLite/Meta/data.rds","100","2226efd6168c29a15df33054a9eb21740eda8cec1827623db2efa7ca61465bb1","R environment provenance","tracked"
"thesis_extension/environment/legacy_R343_library/viridisLite/Meta/features.rds","112","0c47f77934234b8ddfc04ba4cf55da90ab9ef317d3825782bd4282625c53d444","R environment provenance","tracked"
"thesis_extension/environment/legacy_R343_library/viridisLite/Meta/hsearch.rds","336","c543fd4b315885c99e4323ca3d5483a03f29f858d305528b995de5fa8a6f317d","R environment provenance","tracked"
"thesis_extension/environment/legacy_R343_library/viridisLite/Meta/links.rds","140","0a6427ea9f3658c1006e5d6fdf36aa35c1cf37f1e641b8fdfd974c5a0f669f77","R environment provenance","tracked"
"thesis_extension/environment/legacy_R343_library/viridisLite/Meta/nsInfo.rds","206","95df1ff21568db2e17d58b98e324a9d7a3c59d168a40768c4e668e9c47918f94","R environment provenance","tracked"
"thesis_extension/environment/legacy_R343_library/viridisLite/Meta/package.rds","1296","6cc64516f861c3c2e2e86f02f794ea669f2917f3db359c18714fc2b38a7e085c","R environment provenance","tracked"
"thesis_extension/environment/legacy_R343_library/viridisLite/NAMESPACE","107","8239670af74912750b89afa1474119b384ef217ea0d8f8638f5a3b5e7a1a8ae5","R environment provenance","tracked"
"thesis_extension/environment/legacy_R343_library/viridisLite/R/viridisLite","1056","2fb8b16be23c820daf2e51b7ddfef61ca4978e561b1d228d546d1b356041f79e","R environment provenance","tracked"
"thesis_extension/environment/legacy_R343_library/viridisLite/R/viridisLite.rdb","2721","b478b1ba4d44856486f367695164eab502b043cbe4a93fe9d5ec90d513d329ae","R environment provenance","tracked"
"thesis_extension/environment/legacy_R343_library/viridisLite/R/viridisLite.rdx","293","70c2b0efddddea0f9411d212ad5e2a254e4d623a54888dc020fcf32b4a2334d1","R environment provenance","tracked"
"thesis_extension/environment/legacy_R343_library/viridisLite/data/Rdata.rdb","23365","a546661adb6faa76e5c269dd986414b733614db9d9fc672d3349ebd0959c3635","R environment provenance","tracked"
"thesis_extension/environment/legacy_R343_library/viridisLite/data/Rdata.rds","75","aea94df85c97bd3231bb7cfe375eaa1fb22d2681ffced3854600b8a3133585e2","R environment provenance","tracked"
"thesis_extension/environment/legacy_R343_library/viridisLite/data/Rdata.rdx","141","d38bb53c08c6aaa2a974067303a89c5be432427925c538e70b3ec246d279bd67","R environment provenance","tracked"
"thesis_extension/environment/legacy_R343_library/viridisLite/help/AnIndex","110","17c3785d972496c6e73f2626dde626415222c8a6d41676259913763d56d4126d","R environment provenance","tracked"
"thesis_extension/environment/legacy_R343_library/viridisLite/help/aliases.rds","114","6cf6bb1f58caf9b3aaecfd610f16bbe637c4e3e494333796484cb4f5b2eb6103","R environment provenance","tracked"
"thesis_extension/environment/legacy_R343_library/viridisLite/help/figures/viridis-scales.png","27799","885a375a29ff9ac93bece1792417b2462639e09023d32e7c3acc6523ae58537a","R environment provenance","tracked"
"thesis_extension/environment/legacy_R343_library/viridisLite/help/paths.rds","166","8b0caa6826f360b959e24936756dd017d4da617c988912a74fb4350b387d0f22","R environment provenance","tracked"
"thesis_extension/environment/legacy_R343_library/viridisLite/help/viridisLite.rdb","6082","875bc81843cb14d343b06950dcfde687877cc52e7dba8305faf82b13d3a56ecd","R environment provenance","tracked"
"thesis_extension/environment/legacy_R343_library/viridisLite/help/viridisLite.rdx","177","41963f943af9790ab64365fb615d1c74790b48c51ad2a1724a20c035177067ae","R environment provenance","tracked"
"thesis_extension/environment/legacy_R343_library/viridisLite/html/00Index.html","1701","8fdb93a5bd45f93ccf357fa6e2d269e2d5cf3cdb6471e182c11f4175abb5fca3","R environment provenance","tracked"
"thesis_extension/environment/legacy_R343_library/viridisLite/html/R.css","1335","0f4849ab1757247808d54da2c371e992364371c942ad7d629dae8d62327ed068","R environment provenance","tracked"
"thesis_extension/environment/legacy_R343_library/viridisLite/html/viridis.html","4754","772e785d683b1a5d3ad7fa86280b662a157c24cf919e430049588acd4727c758","R environment provenance","tracked"
"thesis_extension/environment/legacy_R343_library/viridisLite/html/viridis.map.html","1324","6ade171d8b5d13faf61cde097224517d41d1e697a6965e490a2dd1c2199c8fc0","R environment provenance","tracked"
"thesis_extension/environment/library_manifest_R343.csv","3734","9931e0ee5120abc465ec7a6adea060d33c12e291adea3d08fc9a69fc013321b3","R environment provenance","tracked"
"thesis_extension/environment/package_archive_hashes_R343.csv","5173","99d1412d6fb17f448714a879ec8e7cb0ff418c9c6dfcd6822d906228173a56cf","R environment provenance","tracked"
"thesis_extension/environment/package_archives_R343/Formula_1.2-2.zip","170787","3a8420745a23e7c798d2df8e7b82b6e99f416b82575a08d77804f0f5dba2719f","R environment provenance","tracked"
"thesis_extension/environment/package_archives_R343/MatrixModels_0.4-1.tar.gz","23065","fe878e401e697992a480cd146421c3a10fa331f6b37a51bac83b5c1119dcce33","R environment provenance","tracked"
"thesis_extension/environment/package_archives_R343/MatrixModels_0.4-1.zip","323155","27af081009d53ede0d521c921188990ed3204eabcf86fb6076b9e4aeb1a92c85","R environment provenance","tracked"
"thesis_extension/environment/package_archives_R343/R6_2.2.2.zip","323985","5c3128624fd1f8a92f846221a95c46727f3c4ec693822dc489b6ca074be1d034","R environment provenance","tracked"
"thesis_extension/environment/package_archives_R343/RColorBrewer_1.1-2.zip","29786","7367142183f3a08b68e92d260bb61bc8d8605f19ef0c6d4e91259934a1c32584","R environment provenance","tracked"
"thesis_extension/environment/package_archives_R343/Rcpp_0.12.14.zip","4381112","9414587559c292537ba430b85811dce9a0b7e6338276113e77c0d465e357faf7","R environment provenance","tracked"
"thesis_extension/environment/package_archives_R343/SparseM_1.77.tar.gz","756317","a9329fef14ae4fc646df1f4f6e57efb0211811599d015f7bc04c04285495d45c","R environment provenance","tracked"
"thesis_extension/environment/package_archives_R343/SparseM_1.77.zip","1000237","670ccfd95ec55519b324b55e0d89002ff32c567b032f8ec002570fad12015ac1","R environment provenance","tracked"
"thesis_extension/environment/package_archives_R343/backports_1.1.1.zip","63896","7765e8df2191d19d2b9fa25c8d64c9638e2141e55a87945448b239f0d1bc601f","R environment provenance","tracked"
"thesis_extension/environment/package_archives_R343/checkmate_1.8.5.zip","723878","75507a0e644d2f66a8991e682359026a87926e5d2ecd65a800268a23e96fdf26","R environment provenance","tracked"
"thesis_extension/environment/package_archives_R343/colorspace_1.3-2.zip","474414","fef59ccc488b7d971aca21bceacfbe6efe8bd21db04ab74659b09bd2a5fadf65","R environment provenance","tracked"
"thesis_extension/environment/package_archives_R343/dichromat_2.0-0.zip","153577","8e64861dd495cc0f10a3017b71bf676c6142ec5d11684c6a9a835b7474251295","R environment provenance","tracked"
"thesis_extension/environment/package_archives_R343/digest_0.6.12.zip","183684","cfbf0dc0f9d6f9bc5f407730aa3a78c618d8cf2424b6b9b24ee7cc1aaef4118d","R environment provenance","tracked"
"thesis_extension/environment/package_archives_R343/doSNOW_1.0.16.tar.gz","8004","161434ecd55f04d6b070da784b222a7686c914b73de558eef6048a229022398e","R environment provenance","tracked"
"thesis_extension/environment/package_archives_R343/foreach_1.4.3.tar.gz","359787","1ef03f770f726a62e3753f2402eb26b226245958fa99d570d003fc9e47d35881","R environment provenance","tracked"
"thesis_extension/environment/package_archives_R343/foreach_1.4.3.zip","400902","05a7675c821c1398eeffb6a5a429be1e190e1af48facabcff25e8f18fa00e048","R environment provenance","tracked"
"thesis_extension/environment/package_archives_R343/ggplot2_2.2.1.zip","3050133","3bbf5abf83a421693173f24bff0616c0dd497857aa3c0999998367fe7317a830","R environment provenance","tracked"
"thesis_extension/environment/package_archives_R343/glmnet_2.0-13.zip","1792436","704109cca9debcf4efd97ff33c5b3e432df72bd9ae51dc8897f291f799d81f4b","R environment provenance","tracked"
"thesis_extension/environment/package_archives_R343/gtable_0.2.0.zip","78654","f828087a6273159651def025723ceae7a9fc616a03129d9e4eace00d412f387d","R environment provenance","tracked"
"thesis_extension/environment/package_archives_R343/hdm_0.2.0.tar.gz","1141199","14dd57d18e2eb2be79f4c47f9af981045306f8914f57d679e7360346c81aed07","R environment provenance","tracked"
"thesis_extension/environment/package_archives_R343/hqreg_1.4.tar.gz","18692","b14ae16fdabd7b32ac9aed7a80353fe871456b2a01cf537702a4cb5bf3b8dfc8","R environment provenance","tracked"
"thesis_extension/environment/package_archives_R343/iterators_1.0.8.tar.gz","290412","ae4ea23385776eb0c06c992a3da6b0256a6c84558c1061034c5a1fbdd43d05b8","R environment provenance","tracked"
"thesis_extension/environment/package_archives_R343/iterators_1.0.8.zip","331095","5b261dc9031113d75a46f931906c8ffcde6719757d4c4786591ad0e7bc458513","R environment provenance","tracked"
"thesis_extension/environment/package_archives_R343/labeling_0.3.zip","54195","846626fd9b72792c2f87d3f0cfaea75a57d3884f11bf0359ceeea9eedb6c982c","R environment provenance","tracked"
"thesis_extension/environment/package_archives_R343/lazyeval_0.2.1.zip","163933","143676864bfdcd8ae7c90967cc47c26082b9921960b7be913f081094592c335d","R environment provenance","tracked"
"thesis_extension/environment/package_archives_R343/magrittr_1.5.zip","169666","06a32e979eea88fc731c21ea253302cdbc9979615ff5efb2c16af1b9d4d81b98","R environment provenance","tracked"
"thesis_extension/environment/package_archives_R343/munsell_0.4.3.zip","159866","1b64cb169baad731701b88fffd2caf7ed6062920bda1b16b5e8828b4f4489d53","R environment provenance","tracked"
"thesis_extension/environment/package_archives_R343/mvtnorm_1.0-6.tar.gz","159518","ac1f55d8c33fb9f0d7d15c6210ae82875ce93a28f76fec5a46ee6c1b75499f79","R environment provenance","tracked"
"thesis_extension/environment/package_archives_R343/plyr_1.8.4.zip","1320306","534ea28df24b8836e7b8d29e119e725de72fbbff5435ebc009eb592b4fbb07db","R environment provenance","tracked"
"thesis_extension/environment/package_archives_R343/quantreg_5.34.tar.gz","1640231","04f6fe7452ea63d1f2a77960934666132d2f90f139529515e795e35fed73af2e","R environment provenance","tracked"
"thesis_extension/environment/package_archives_R343/reshape2_1.4.2.zip","621363","03afa79a3b64de3c0365fa6c64b6f58f85978647870b4fae3db3abb5b251347d","R environment provenance","tracked"
"thesis_extension/environment/package_archives_R343/rlang_0.1.4.zip","629110","3196e41e9f3c35bb18a28867fc504351f9f1299b98ffea8b4267de8536b9bc47","R environment provenance","tracked"
"thesis_extension/environment/package_archives_R343/scales_0.5.0.zip","754595","824e7290f7852e7dc0f2241bba733baca9e8203662cc447748f574c7beac8c73","R environment provenance","tracked"
"thesis_extension/environment/package_archives_R343/snow_0.4-2.tar.gz","22397","ee070187aea3607c9ca6235399b3db3e181348692405d038e962e06aefccabd7","R environment provenance","tracked"
"thesis_extension/environment/package_archives_R343/snow_0.4-2.zip","76367","2bd200170c002e661ef5ce60bf515b38ca17b8bfef595194d9ad799825033332","R environment provenance","tracked"
"thesis_extension/environment/package_archives_R343/stringi_1.1.6.zip","14452067","e936cfb99949fb49806e4f16d973106053e60e186c008b8ff68e61bb47e6f79c","R environment provenance","tracked"
"thesis_extension/environment/package_archives_R343/stringr_1.2.0.zip","183891","a685f5301cc69db57585187afc85d57ee4eeabb57b174aebf53e1a6053758d7d","R environment provenance","tracked"
"thesis_extension/environment/package_archives_R343/tibble_1.3.4.zip","688774","009ec075cf00f31341310f9cf51922cbabf6157dbf40c827e3ed5b68fedfab4b","R environment provenance","tracked"
"thesis_extension/environment/package_archives_R343/viridisLite_0.2.0.zip","60955","bc713291105118dcdc4c4578fca1f847484c6a6101e3486b73643c7d1ff99a68","R environment provenance","tracked"
"thesis_extension/environment/package_versions_R343.txt","2331","a92df81a280cc336dc2e17f4e9f8a178a014c365632ada06746d2dd2ebad4178","R environment provenance","tracked"
"thesis_extension/environment/run_R343_validations.ps1","877","563e19da1dc361c6752b54cc1ec801742393f5d04548eeb6f8b7fa2a0ff60698","R environment provenance","tracked"
"thesis_extension/environment/sessionInfo_R343.txt","685","487297f1f9099b01fa1679a79845277f72e0dea4ca94e484c14e2680504a6b67","R environment provenance","tracked"
"thesis_extension/final/output/n1000/failures.csv","73","345c084f403a28d060fe0ec6abc3029cc525a86677519f62ccd19304b938444e","main R=500 Monte Carlo","tracked"
"thesis_extension/final/output/n1000/power.csv","15422615","e834315f163ccb13aeda553802f15a3900aab08adfe2a4f994f845c1f8d3d477","main R=500 Monte Carlo","tracked"
"thesis_extension/final/output/n1000/power_summary.csv","19508","fa24ec859a8fd1df9575f4385f7c42113047b3077e514832aa55b080a2019adc","main R=500 Monte Carlo","tracked"
"thesis_extension/final/output/n1000/profiles.csv","70297487","52caa2419fc9a2738a0edebf3be4b5d30d321e05f3cc02d4ceb23ad6bd6e9d98","main R=500 Monte Carlo","tracked"
"thesis_extension/final/output/n1000/results.csv","6319843","456fc20eb5080d00e2d5dcaabc77422ba3ee088dc358a6a8cb791f1a94b1b4e3","main R=500 Monte Carlo","tracked"
"thesis_extension/final/output/n1000/summary.csv","11513","da067bc5bf1f86703d5764c0ba4d164fbaea6b06f917c70d44bf027332e61cfd","main R=500 Monte Carlo","tracked"
"thesis_extension/final/output/n500/failures.csv","73","345c084f403a28d060fe0ec6abc3029cc525a86677519f62ccd19304b938444e","main R=500 Monte Carlo","tracked"
"thesis_extension/final/output/n500/power.csv","15302540","2208386fa9c85bbf3e873b594420caf095cf278841889fe419ef7aea3467948e","main R=500 Monte Carlo","tracked"
"thesis_extension/final/output/n500/power_summary.csv","19314","c1168cef8c2a4b1345e01a08386e7c2505c642f61d7211ba9b962d27c5c0bd8e","main R=500 Monte Carlo","tracked"
"thesis_extension/final/output/n500/profiles.csv","68975248","5ae3102fd7cf776d1187434fe1e0b3cee3ddc387dd80b7abb88da6c4b4821e7a","main R=500 Monte Carlo","tracked"
"thesis_extension/final/output/n500/results.csv","6209864","258fce913afbb8730e5d1afca9d52ebc265ab1bc1638f407b415038bc33bd780","main R=500 Monte Carlo","tracked"
"thesis_extension/final/output/n500/summary.csv","11421","5ea9c4368966c39e6b6f874cc7dc9019d1c58b5b56b65ecb9b9b72c823f96f38","main R=500 Monte Carlo","tracked"
"thesis_extension/validation/R343_final_audit/FINAL_PRE_RUN_AUDIT.md","5899","e358a702fa44c16bf80e613769ce9d168625ea8c93852bd86542c19ca6cb8688","validation provenance","tracked"
"thesis_extension/validation/R343_final_audit/artificial_failure_policy_validation.csv","224","220c4a73324b7d78b98839934fa973a02ab2eb8eaa59b27dd59ba1ce6587c2d6","validation provenance","tracked"
"thesis_extension/validation/R343_final_audit/author_bc_candidate_equivalence.csv","80","4349ef49b30c55fe9617c4845c0d0324a10956fad383726ed92c56cc9b0c02d3","validation provenance","tracked"
"thesis_extension/validation/R343_final_audit/author_gmm_equivalence.csv","65","52684b2cdd748b65964bcce5a871373f58132c775d0af92ff0fb3abf8a55c980","validation provenance","tracked"
"thesis_extension/validation/R343_final_audit/bc_fresh_draw_validation.csv","336","d7b4ab2dd5c5d7058580f8dc30721a96128fb1be276af17747fac457cf9bfc04","validation provenance","tracked"
"thesis_extension/validation/R343_final_audit/kappa_moment_validation.csv","358","38a3267b0f208a80ee71d858c2b803c62816038228a52dc698fbe2e5148ea56d","validation provenance","tracked"
"thesis_extension/validation/R343_final_audit/smoke_output/failures.csv","73","345c084f403a28d060fe0ec6abc3029cc525a86677519f62ccd19304b938444e","validation provenance","tracked"
"thesis_extension/validation/R343_final_audit/smoke_output/power.csv","35107","e7fe284c940d44ee5da34f21efe6f62a44f6755f349c38f1f2ca975843dea241","validation provenance","tracked"
"thesis_extension/validation/R343_final_audit/smoke_output/power_summary.csv","9408","04d4017958ddb9b699c0e609c189d401a37195ea0d5e609a47991735112d7559","validation provenance","tracked"
"thesis_extension/validation/R343_final_audit/smoke_output/profiles.csv","159159","1bd20480de258f1eadc3783fff1aba45c8e592846ac603748aa8135baadaa840","validation provenance","tracked"
"thesis_extension/validation/R343_final_audit/smoke_output/results.csv","14123","c4a7a42c9745ca8b54fd38ee66fa26c3a02755e70a1887285aea0662218ebde0","validation provenance","tracked"
"thesis_extension/validation/R343_final_audit/smoke_output/summary.csv","5621","044479d260f9bf7d8bce98d2c6d611ca8b6513e32295cc3ad60407e252bc11a0","validation provenance","tracked"
"thesis_extension/validation/R343_final_audit/tiny_calibration.csv","409","e0d0ffa95a8b9008e25aebbb4379870b02457cf91e60855d5aa866a5d3531aac","validation provenance","tracked"
