This is pdfTeX, Version 3.141592653-2.6-1.40.28 (MiKTeX 25.12) (preloaded format=pdflatex 2026.1.30)  2 SEP 2026 09:44
entering extended mode
 restricted \write18 enabled.
 %&-line parsing enabled.
**./main.tex
(main.tex
LaTeX2e <2025-11-01>
L3 programming layer <2025-12-29>
(C:\Users\User\AppData\Local\Programs\MiKTeX\tex/latex/base\ifthen.sty
Package: ifthen 2024/03/16 v1.1e Standard LaTeX ifthen package (DPC)
)
(C:\Users\User\AppData\Local\Programs\MiKTeX\tex/latex/base\article.cls
Document Class: article 2025/01/22 v1.4n Standard LaTeX document class
(C:\Users\User\AppData\Local\Programs\MiKTeX\tex/latex/base\size11.clo
File: size11.clo 2025/01/22 v1.4n Standard LaTeX file (size option)
)
\c@part=\count275
\c@section=\count276
\c@subsection=\count277
\c@subsubsection=\count278
\c@paragraph=\count279
\c@subparagraph=\count280
\c@figure=\count281
\c@table=\count282
\abovecaptionskip=\skip49
\belowcaptionskip=\skip50
\bibindent=\dimen148
)
(C:\Users\User\AppData\Local\Programs\MiKTeX\tex/latex/base\inputenc.sty
Package: inputenc 2024/02/08 v1.3d Input encoding file
\inpenc@prehook=\toks17
\inpenc@posthook=\toks18
)
(C:\Users\User\AppData\Local\Programs\MiKTeX\tex/latex/base\fontenc.sty
Package: fontenc 2025/07/18 v2.1d Standard LaTeX package

(C:\Users\User\AppData\Local\Programs\MiKTeX\tex/latex/greek-fontenc\lgrenc.def
File: lgrenc.def 2023-09-12 2.5 LGR Greek font encoding definitions
Now handling font encoding LGR ...
... processing UTF-8 mapping file for font encoding LGR

(C:\Users\User\AppData\Local\Programs\MiKTeX\tex/latex/greek-inputenc\lgrenc.df
u
File: lgrenc.dfu 2023-03-21 1.9 UTF-8 support for Greek
   defining Unicode char U+00A8 (decimal 168)
   defining Unicode char U+00AB (decimal 171)
   defining Unicode char U+00AF (decimal 175)
   defining Unicode char U+00B4 (decimal 180)
   defining Unicode char U+00B7 (decimal 183)
   defining Unicode char U+00BB (decimal 187)
   defining Unicode char U+0259 (decimal 601)
   defining Unicode char U+02D8 (decimal 728)
   defining Unicode char U+0374 (decimal 884)
   defining Unicode char U+0375 (decimal 885)
   defining Unicode char U+037A (decimal 890)
   defining Unicode char U+037E (decimal 894)
   defining Unicode char U+0384 (decimal 900)
   defining Unicode char U+0385 (decimal 901)
   defining Unicode char U+0386 (decimal 902)
   defining Unicode char U+0387 (decimal 903)
   defining Unicode char U+0388 (decimal 904)
   defining Unicode char U+0389 (decimal 905)
   defining Unicode char U+038A (decimal 906)
   defining Unicode char U+038C (decimal 908)
   defining Unicode char U+038E (decimal 910)
   defining Unicode char U+038F (decimal 911)
   defining Unicode char U+0390 (decimal 912)
   defining Unicode char U+0391 (decimal 913)
   defining Unicode char U+0392 (decimal 914)
   defining Unicode char U+0393 (decimal 915)
   defining Unicode char U+0394 (decimal 916)
   defining Unicode char U+0395 (decimal 917)
   defining Unicode char U+0396 (decimal 918)
   defining Unicode char U+0397 (decimal 919)
   defining Unicode char U+0398 (decimal 920)
   defining Unicode char U+0399 (decimal 921)
   defining Unicode char U+039A (decimal 922)
   defining Unicode char U+039B (decimal 923)
   defining Unicode char U+039C (decimal 924)
   defining Unicode char U+039D (decimal 925)
   defining Unicode char U+039E (decimal 926)
   defining Unicode char U+039F (decimal 927)
   defining Unicode char U+03A0 (decimal 928)
   defining Unicode char U+03A1 (decimal 929)
   defining Unicode char U+03A3 (decimal 931)
   defining Unicode char U+03A4 (decimal 932)
   defining Unicode char U+03A5 (decimal 933)
   defining Unicode char U+03A6 (decimal 934)
   defining Unicode char U+03A7 (decimal 935)
   defining Unicode char U+03A8 (decimal 936)
   defining Unicode char U+03A9 (decimal 937)
   defining Unicode char U+03AA (decimal 938)
   defining Unicode char U+03AB (decimal 939)
   defining Unicode char U+03AC (decimal 940)
   defining Unicode char U+03AD (decimal 941)
   defining Unicode char U+03AE (decimal 942)
   defining Unicode char U+03AF (decimal 943)
   defining Unicode char U+03B0 (decimal 944)
   defining Unicode char U+03B1 (decimal 945)
   defining Unicode char U+03B2 (decimal 946)
   defining Unicode char U+03B3 (decimal 947)
   defining Unicode char U+03B4 (decimal 948)
   defining Unicode char U+03B5 (decimal 949)
   defining Unicode char U+03B6 (decimal 950)
   defining Unicode char U+03B7 (decimal 951)
   defining Unicode char U+03B8 (decimal 952)
   defining Unicode char U+03B9 (decimal 953)
   defining Unicode char U+03BA (decimal 954)
   defining Unicode char U+03BB (decimal 955)
   defining Unicode char U+03BC (decimal 956)
   defining Unicode char U+03BD (decimal 957)
   defining Unicode char U+03BE (decimal 958)
   defining Unicode char U+03BF (decimal 959)
   defining Unicode char U+03C0 (decimal 960)
   defining Unicode char U+03C1 (decimal 961)
   defining Unicode char U+03C2 (decimal 962)
   defining Unicode char U+03C3 (decimal 963)
   defining Unicode char U+03C4 (decimal 964)
   defining Unicode char U+03C5 (decimal 965)
   defining Unicode char U+03C6 (decimal 966)
   defining Unicode char U+03C7 (decimal 967)
   defining Unicode char U+03C8 (decimal 968)
   defining Unicode char U+03C9 (decimal 969)
   defining Unicode char U+03CA (decimal 970)
   defining Unicode char U+03CB (decimal 971)
   defining Unicode char U+03CC (decimal 972)
   defining Unicode char U+03CD (decimal 973)
   defining Unicode char U+03CE (decimal 974)
   defining Unicode char U+03D0 (decimal 976)
   defining Unicode char U+03D1 (decimal 977)
   defining Unicode char U+03D5 (decimal 981)
   defining Unicode char U+03D6 (decimal 982)
   defining Unicode char U+03D8 (decimal 984)
   defining Unicode char U+03D9 (decimal 985)
   defining Unicode char U+03DA (decimal 986)
   defining Unicode char U+03DB (decimal 987)
   defining Unicode char U+03DC (decimal 988)
   defining Unicode char U+03DD (decimal 989)
   defining Unicode char U+03DE (decimal 990)
   defining Unicode char U+03DF (decimal 991)
   defining Unicode char U+03E0 (decimal 992)
   defining Unicode char U+03E1 (decimal 993)
   defining Unicode char U+03F0 (decimal 1008)
   defining Unicode char U+03F1 (decimal 1009)
   defining Unicode char U+03F4 (decimal 1012)
   defining Unicode char U+03F5 (decimal 1013)
   defining Unicode char U+1F00 (decimal 7936)
   defining Unicode char U+1F01 (decimal 7937)
   defining Unicode char U+1F02 (decimal 7938)
   defining Unicode char U+1F03 (decimal 7939)
   defining Unicode char U+1F04 (decimal 7940)
   defining Unicode char U+1F05 (decimal 7941)
   defining Unicode char U+1F06 (decimal 7942)
   defining Unicode char U+1F07 (decimal 7943)
   defining Unicode char U+1F08 (decimal 7944)
   defining Unicode char U+1F09 (decimal 7945)
   defining Unicode char U+1F0A (decimal 7946)
   defining Unicode char U+1F0B (decimal 7947)
   defining Unicode char U+1F0C (decimal 7948)
   defining Unicode char U+1F0D (decimal 7949)
   defining Unicode char U+1F0E (decimal 7950)
   defining Unicode char U+1F0F (decimal 7951)
   defining Unicode char U+1F10 (decimal 7952)
   defining Unicode char U+1F11 (decimal 7953)
   defining Unicode char U+1F12 (decimal 7954)
   defining Unicode char U+1F13 (decimal 7955)
   defining Unicode char U+1F14 (decimal 7956)
   defining Unicode char U+1F15 (decimal 7957)
   defining Unicode char U+1F18 (decimal 7960)
   defining Unicode char U+1F19 (decimal 7961)
   defining Unicode char U+1F1A (decimal 7962)
   defining Unicode char U+1F1B (decimal 7963)
   defining Unicode char U+1F1C (decimal 7964)
   defining Unicode char U+1F1D (decimal 7965)
   defining Unicode char U+1F20 (decimal 7968)
   defining Unicode char U+1F21 (decimal 7969)
   defining Unicode char U+1F22 (decimal 7970)
   defining Unicode char U+1F23 (decimal 7971)
   defining Unicode char U+1F24 (decimal 7972)
   defining Unicode char U+1F25 (decimal 7973)
   defining Unicode char U+1F26 (decimal 7974)
   defining Unicode char U+1F27 (decimal 7975)
   defining Unicode char U+1F28 (decimal 7976)
   defining Unicode char U+1F29 (decimal 7977)
   defining Unicode char U+1F2A (decimal 7978)
   defining Unicode char U+1F2B (decimal 7979)
   defining Unicode char U+1F2C (decimal 7980)
   defining Unicode char U+1F2D (decimal 7981)
   defining Unicode char U+1F2E (decimal 7982)
   defining Unicode char U+1F2F (decimal 7983)
   defining Unicode char U+1F30 (decimal 7984)
   defining Unicode char U+1F31 (decimal 7985)
   defining Unicode char U+1F32 (decimal 7986)
   defining Unicode char U+1F33 (decimal 7987)
   defining Unicode char U+1F34 (decimal 7988)
   defining Unicode char U+1F35 (decimal 7989)
   defining Unicode char U+1F36 (decimal 7990)
   defining Unicode char U+1F37 (decimal 7991)
   defining Unicode char U+1F38 (decimal 7992)
   defining Unicode char U+1F39 (decimal 7993)
   defining Unicode char U+1F3A (decimal 7994)
   defining Unicode char U+1F3B (decimal 7995)
   defining Unicode char U+1F3C (decimal 7996)
   defining Unicode char U+1F3D (decimal 7997)
   defining Unicode char U+1F3E (decimal 7998)
   defining Unicode char U+1F3F (decimal 7999)
   defining Unicode char U+1F40 (decimal 8000)
   defining Unicode char U+1F41 (decimal 8001)
   defining Unicode char U+1F42 (decimal 8002)
   defining Unicode char U+1F43 (decimal 8003)
   defining Unicode char U+1F44 (decimal 8004)
   defining Unicode char U+1F45 (decimal 8005)
   defining Unicode char U+1F48 (decimal 8008)
   defining Unicode char U+1F49 (decimal 8009)
   defining Unicode char U+1F4A (decimal 8010)
   defining Unicode char U+1F4B (decimal 8011)
   defining Unicode char U+1F4C (decimal 8012)
   defining Unicode char U+1F4D (decimal 8013)
   defining Unicode char U+1F50 (decimal 8016)
   defining Unicode char U+1F51 (decimal 8017)
   defining Unicode char U+1F52 (decimal 8018)
   defining Unicode char U+1F53 (decimal 8019)
   defining Unicode char U+1F54 (decimal 8020)
   defining Unicode char U+1F55 (decimal 8021)
   defining Unicode char U+1F56 (decimal 8022)
   defining Unicode char U+1F57 (decimal 8023)
   defining Unicode char U+1F59 (decimal 8025)
   defining Unicode char U+1F5B (decimal 8027)
   defining Unicode char U+1F5D (decimal 8029)
   defining Unicode char U+1F5F (decimal 8031)
   defining Unicode char U+1F60 (decimal 8032)
   defining Unicode char U+1F61 (decimal 8033)
   defining Unicode char U+1F62 (decimal 8034)
   defining Unicode char U+1F63 (decimal 8035)
   defining Unicode char U+1F64 (decimal 8036)
   defining Unicode char U+1F65 (decimal 8037)
   defining Unicode char U+1F66 (decimal 8038)
   defining Unicode char U+1F67 (decimal 8039)
   defining Unicode char U+1F68 (decimal 8040)
   defining Unicode char U+1F69 (decimal 8041)
   defining Unicode char U+1F6A (decimal 8042)
   defining Unicode char U+1F6B (decimal 8043)
   defining Unicode char U+1F6C (decimal 8044)
   defining Unicode char U+1F6D (decimal 8045)
   defining Unicode char U+1F6E (decimal 8046)
   defining Unicode char U+1F6F (decimal 8047)
   defining Unicode char U+1F70 (decimal 8048)
   defining Unicode char U+1F71 (decimal 8049)
   defining Unicode char U+1F72 (decimal 8050)
   defining Unicode char U+1F73 (decimal 8051)
   defining Unicode char U+1F74 (decimal 8052)
   defining Unicode char U+1F75 (decimal 8053)
   defining Unicode char U+1F76 (decimal 8054)
   defining Unicode char U+1F77 (decimal 8055)
   defining Unicode char U+1F78 (decimal 8056)
   defining Unicode char U+1F79 (decimal 8057)
   defining Unicode char U+1F7A (decimal 8058)
   defining Unicode char U+1F7B (decimal 8059)
   defining Unicode char U+1F7C (decimal 8060)
   defining Unicode char U+1F7D (decimal 8061)
   defining Unicode char U+1F80 (decimal 8064)
   defining Unicode char U+1F81 (decimal 8065)
   defining Unicode char U+1F82 (decimal 8066)
   defining Unicode char U+1F83 (decimal 8067)
   defining Unicode char U+1F84 (decimal 8068)
   defining Unicode char U+1F85 (decimal 8069)
   defining Unicode char U+1F86 (decimal 8070)
   defining Unicode char U+1F87 (decimal 8071)
   defining Unicode char U+1F88 (decimal 8072)
   defining Unicode char U+1F89 (decimal 8073)
   defining Unicode char U+1F8A (decimal 8074)
   defining Unicode char U+1F8B (decimal 8075)
   defining Unicode char U+1F8C (decimal 8076)
   defining Unicode char U+1F8D (decimal 8077)
   defining Unicode char U+1F8E (decimal 8078)
   defining Unicode char U+1F8F (decimal 8079)
   defining Unicode char U+1F90 (decimal 8080)
   defining Unicode char U+1F91 (decimal 8081)
   defining Unicode char U+1F92 (decimal 8082)
   defining Unicode char U+1F93 (decimal 8083)
   defining Unicode char U+1F94 (decimal 8084)
   defining Unicode char U+1F95 (decimal 8085)
   defining Unicode char U+1F96 (decimal 8086)
   defining Unicode char U+1F97 (decimal 8087)
   defining Unicode char U+1F98 (decimal 8088)
   defining Unicode char U+1F99 (decimal 8089)
   defining Unicode char U+1F9A (decimal 8090)
   defining Unicode char U+1F9B (decimal 8091)
   defining Unicode char U+1F9C (decimal 8092)
   defining Unicode char U+1F9D (decimal 8093)
   defining Unicode char U+1F9E (decimal 8094)
   defining Unicode char U+1F9F (decimal 8095)
   defining Unicode char U+1FA0 (decimal 8096)
   defining Unicode char U+1FA1 (decimal 8097)
   defining Unicode char U+1FA2 (decimal 8098)
   defining Unicode char U+1FA3 (decimal 8099)
   defining Unicode char U+1FA4 (decimal 8100)
   defining Unicode char U+1FA5 (decimal 8101)
   defining Unicode char U+1FA6 (decimal 8102)
   defining Unicode char U+1FA7 (decimal 8103)
   defining Unicode char U+1FA8 (decimal 8104)
   defining Unicode char U+1FA9 (decimal 8105)
   defining Unicode char U+1FAA (decimal 8106)
   defining Unicode char U+1FAB (decimal 8107)
   defining Unicode char U+1FAC (decimal 8108)
   defining Unicode char U+1FAD (decimal 8109)
   defining Unicode char U+1FAE (decimal 8110)
   defining Unicode char U+1FAF (decimal 8111)
   defining Unicode char U+1FB0 (decimal 8112)
   defining Unicode char U+1FB1 (decimal 8113)
   defining Unicode char U+1FB2 (decimal 8114)
   defining Unicode char U+1FB3 (decimal 8115)
   defining Unicode char U+1FB4 (decimal 8116)
   defining Unicode char U+1FB6 (decimal 8118)
   defining Unicode char U+1FB7 (decimal 8119)
   defining Unicode char U+1FB8 (decimal 8120)
   defining Unicode char U+1FB9 (decimal 8121)
   defining Unicode char U+1FBA (decimal 8122)
   defining Unicode char U+1FBB (decimal 8123)
   defining Unicode char U+1FBC (decimal 8124)
   defining Unicode char U+1FBD (decimal 8125)
   defining Unicode char U+1FBE (decimal 8126)
   defining Unicode char U+1FBF (decimal 8127)
   defining Unicode char U+1FC0 (decimal 8128)
   defining Unicode char U+1FC1 (decimal 8129)
   defining Unicode char U+1FC2 (decimal 8130)
   defining Unicode char U+1FC3 (decimal 8131)
   defining Unicode char U+1FC4 (decimal 8132)
   defining Unicode char U+1FC6 (decimal 8134)
   defining Unicode char U+1FC7 (decimal 8135)
   defining Unicode char U+1FC8 (decimal 8136)
   defining Unicode char U+1FC9 (decimal 8137)
   defining Unicode char U+1FCA (decimal 8138)
   defining Unicode char U+1FCB (decimal 8139)
   defining Unicode char U+1FCC (decimal 8140)
   defining Unicode char U+1FCD (decimal 8141)
   defining Unicode char U+1FCE (decimal 8142)
   defining Unicode char U+1FCF (decimal 8143)
   defining Unicode char U+1FD0 (decimal 8144)
   defining Unicode char U+1FD1 (decimal 8145)
   defining Unicode char U+1FD2 (decimal 8146)
   defining Unicode char U+1FD3 (decimal 8147)
   defining Unicode char U+1FD6 (decimal 8150)
   defining Unicode char U+1FD7 (decimal 8151)
   defining Unicode char U+1FD8 (decimal 8152)
   defining Unicode char U+1FD9 (decimal 8153)
   defining Unicode char U+1FDA (decimal 8154)
   defining Unicode char U+1FDB (decimal 8155)
   defining Unicode char U+1FDD (decimal 8157)
   defining Unicode char U+1FDE (decimal 8158)
   defining Unicode char U+1FDF (decimal 8159)
   defining Unicode char U+1FE0 (decimal 8160)
   defining Unicode char U+1FE1 (decimal 8161)
   defining Unicode char U+1FE2 (decimal 8162)
   defining Unicode char U+1FE3 (decimal 8163)
   defining Unicode char U+1FE4 (decimal 8164)
   defining Unicode char U+1FE5 (decimal 8165)
   defining Unicode char U+1FE6 (decimal 8166)
   defining Unicode char U+1FE7 (decimal 8167)
   defining Unicode char U+1FE8 (decimal 8168)
   defining Unicode char U+1FE9 (decimal 8169)
   defining Unicode char U+1FEA (decimal 8170)
   defining Unicode char U+1FEB (decimal 8171)
   defining Unicode char U+1FEC (decimal 8172)
   defining Unicode char U+1FED (decimal 8173)
   defining Unicode char U+1FEE (decimal 8174)
   defining Unicode char U+1FEF (decimal 8175)
   defining Unicode char U+1FF2 (decimal 8178)
   defining Unicode char U+1FF3 (decimal 8179)
   defining Unicode char U+1FF4 (decimal 8180)
   defining Unicode char U+1FF6 (decimal 8182)
   defining Unicode char U+1FF7 (decimal 8183)
   defining Unicode char U+1FF8 (decimal 8184)
   defining Unicode char U+1FF9 (decimal 8185)
   defining Unicode char U+1FFA (decimal 8186)
   defining Unicode char U+1FFB (decimal 8187)
   defining Unicode char U+1FFC (decimal 8188)
   defining Unicode char U+1FFD (decimal 8189)
   defining Unicode char U+1FFE (decimal 8190)
   defining Unicode char U+2013 (decimal 8211)
   defining Unicode char U+2014 (decimal 8212)
   defining Unicode char U+2018 (decimal 8216)
   defining Unicode char U+2019 (decimal 8217)
   defining Unicode char U+201A (decimal 8218)
   defining Unicode char U+2030 (decimal 8240)
   defining Unicode char U+2039 (decimal 8249)
   defining Unicode char U+203A (decimal 8250)
   defining Unicode char U+20AC (decimal 8364)
   defining Unicode char U+2126 (decimal 8486)
   defining Unicode char U+10144 (decimal 65860)
   defining Unicode char U+10145 (decimal 65861)
   defining Unicode char U+10146 (decimal 65862)
   defining Unicode char U+10147 (decimal 65863)
)
(C:\Users\User\AppData\Local\Programs\MiKTeX\tex/latex/greek-fontenc\greek-font
enc.def
File: greek-fontenc.def 2023-09-12 2.5 Common Greek font encoding definitions
LaTeX Encoding Info:    Ignoring declaration for text command \accACUTE (encodi
ng LGR) on input line 251.
LaTeX Encoding Info:    Ignoring declaration for text command \accGRAVE (encodi
ng LGR) on input line 259.
LaTeX Encoding Info:    Ignoring declaration for text command \accTILDE (encodi
ng LGR) on input line 267.
)))
(C:\Users\User\AppData\Local\Programs\MiKTeX\tex/generic/babel\babel.sty
Package: babel 2025/12/30 v25.18 The multilingual framework for LuaLaTeX, pdfLa
TeX and XeLaTeX
\babel@savecnt=\count283
LaTeX Encoding Info:    Redeclaring text command \ij (encoding OT1) on input li
ne 2068.
LaTeX Encoding Info:    Redeclaring text command \IJ (encoding OT1) on input li
ne 2070.
LaTeX Encoding Info:    Redeclaring text command \ij (encoding T1) on input lin
e 2072.
LaTeX Encoding Info:    Redeclaring text command \IJ (encoding T1) on input lin
e 2073.
LaTeX Encoding Info:    Ignoring declaration for text command \ij (encoding ?) 
on input line 2074.
LaTeX Encoding Info:    Ignoring declaration for text command \IJ (encoding ?) 
on input line 2076.
LaTeX Encoding Info:    Ignoring declaration for text command \SS (encoding ?) 
on input line 2101.
\U@D=\dimen149
\l@unhyphenated=\language79

(C:\Users\User\AppData\Local\Programs\MiKTeX\tex/generic/babel\txtbabel.def)
\bbl@readstream=\read2
\bbl@dirlevel=\count284
Package babel Info: Configuration files are deprecated, as
(babel)             they can break document portability.
(babel)             Reported on input line 4197.

*************************************
* Local config file bblopts.cfg used
*
(C:\Users\User\AppData\Local\Programs\MiKTeX\tex/latex/arabi\bblopts.cfg
File: bblopts.cfg 2005/09/08 v0.1 add Arabic and Farsi to "declared" options of
 babel
)
(C:\Users\User\AppData\Local\Programs\MiKTeX\tex/generic/babel/locale/invalid\b
abel-ngerman.tex)
(C:\Users\User\AppData\Local\Programs\MiKTeX\tex/generic/babel/locale/en\babel-
english.tex)
Package babel Info: Importing font and identification data for ngerman
(babel)             from babel-de.ini. Reported on input line 4321.

(C:\Users\User\AppData\Local\Programs\MiKTeX\tex/latex/babel-german\ngerman.ldf
Language: ngerman 

(C:\Users\User\AppData\Local\Programs\MiKTeX\tex/latex/babel-german\babel-germa
n.def
Package babel Info: Making " an active character on input line 500.
))
Package babel Info: Importing font and identification data for english
(babel)             from babel-en.ini. Reported on input line 4321.

(C:\Users\User\AppData\Local\Programs\MiKTeX\tex/latex/babel-english\english.ld
f
Language: english 2017/06/06 v3.3r English support from the babel system
Package babel Info: Hyphen rules for 'canadian' set to \l@english
(babel)             (\language0). Reported on input line 102.
Package babel Info: Hyphen rules for 'australian' set to \l@ukenglish
(babel)             (\language73). Reported on input line 105.
Package babel Info: Hyphen rules for 'newzealand' set to \l@ukenglish
(babel)             (\language73). Reported on input line 108.
)) (C:\Users\User\AppData\Local\Programs\MiKTeX\tex/latex/xpatch\xpatch.sty
(C:\Users\User\AppData\Local\Programs\MiKTeX\tex/latex/l3kernel\expl3.sty
Package: expl3 2025-12-29 L3 programming layer (loader) 

(C:\Users\User\AppData\Local\Programs\MiKTeX\tex/latex/l3backend\l3backend-pdft
ex.def
File: l3backend-pdftex.def 2025-10-09 L3 backend support: PDF output (pdfTeX)
\l__color_backend_stack_int=\count285
))
Package: xpatch 2020/03/25 v0.3a Extending etoolbox patching commands

(C:\Users\User\AppData\Local\Programs\MiKTeX\tex/latex/l3packages/xparse\xparse
.sty
Package: xparse 2025-10-09 L3 Experimental document command parser
)
(C:\Users\User\AppData\Local\Programs\MiKTeX\tex/latex/etoolbox\etoolbox.sty
Package: etoolbox 2025/10/02 v2.5m e-TeX tools for LaTeX (JAW)
\etb@tempcnta=\count286
))
(C:\Users\User\AppData\Local\Programs\MiKTeX\tex/latex/tools\calc.sty
Package: calc 2025/03/01 v4.3b Infix arithmetic (KKT,FJ)
\calc@Acount=\count287
\calc@Bcount=\count288
\calc@Adimen=\dimen150
\calc@Bdimen=\dimen151
\calc@Askip=\skip51
\calc@Bskip=\skip52
LaTeX Info: Redefining \setlength on input line 86.
LaTeX Info: Redefining \addtolength on input line 87.
\calc@Ccount=\count289
\calc@Cskip=\skip53
)
(C:\Users\User\AppData\Local\Programs\MiKTeX\tex/latex/graphics\graphicx.sty
Package: graphicx 2024/12/31 v1.2e Enhanced LaTeX Graphics (DPC,SPQR)

(C:\Users\User\AppData\Local\Programs\MiKTeX\tex/latex/graphics\keyval.sty
Package: keyval 2022/05/29 v1.15 key=value parser (DPC)
\KV@toks@=\toks19
)
(C:\Users\User\AppData\Local\Programs\MiKTeX\tex/latex/graphics\graphics.sty
Package: graphics 2024/08/06 v1.4g Standard LaTeX Graphics (DPC,SPQR)

(C:\Users\User\AppData\Local\Programs\MiKTeX\tex/latex/graphics\trig.sty
Package: trig 2023/12/02 v1.11 sin cos tan (DPC)
)
(C:\Users\User\AppData\Local\Programs\MiKTeX\tex/latex/graphics-cfg\graphics.cf
g
File: graphics.cfg 2016/06/04 v1.11 sample graphics configuration
)
Package graphics Info: Driver file: pdftex.def on input line 106.

(C:\Users\User\AppData\Local\Programs\MiKTeX\tex/latex/graphics-def\pdftex.def
File: pdftex.def 2025/09/29 v1.2d Graphics/color driver for pdftex
))
\Gin@req@height=\dimen152
\Gin@req@width=\dimen153
) (C:\Users\User\AppData\Local\Programs\MiKTeX\tex/latex/xcolor\xcolor.sty
Package: xcolor 2024/09/29 v3.02 LaTeX color extensions (UK)

(C:\Users\User\AppData\Local\Programs\MiKTeX\tex/latex/graphics-cfg\color.cfg
File: color.cfg 2016/01/02 v1.6 sample color configuration
)
Package xcolor Info: Driver file: pdftex.def on input line 274.

(C:\Users\User\AppData\Local\Programs\MiKTeX\tex/latex/graphics\mathcolor.ltx)
Package xcolor Info: Model `cmy' substituted by `cmy0' on input line 1349.
Package xcolor Info: Model `hsb' substituted by `rgb' on input line 1353.
Package xcolor Info: Model `RGB' extended on input line 1365.
Package xcolor Info: Model `HTML' substituted by `rgb' on input line 1367.
Package xcolor Info: Model `Hsb' substituted by `hsb' on input line 1368.
Package xcolor Info: Model `tHsb' substituted by `hsb' on input line 1369.
Package xcolor Info: Model `HSB' substituted by `hsb' on input line 1370.
Package xcolor Info: Model `Gray' substituted by `gray' on input line 1371.
Package xcolor Info: Model `wave' substituted by `hsb' on input line 1372.
) (C:\Users\User\AppData\Local\Programs\MiKTeX\tex/latex/xcolor\svgnam.def
File: svgnam.def 2024/09/29 v3.02 Predefined colors according to SVG 1.1 (UK)
)
(C:\Users\User\AppData\Local\Programs\MiKTeX\tex/latex/xcolor\x11nam.def
File: x11nam.def 2024/09/29 v3.02 Predefined colors according to Unix/X11 (UK)
)
(C:\Users\User\AppData\Local\Programs\MiKTeX\tex/latex/amsmath\amsmath.sty
Package: amsmath 2025/07/09 v2.17z AMS math features
\@mathmargin=\skip54

For additional information on amsmath, use the `?' option.
(C:\Users\User\AppData\Local\Programs\MiKTeX\tex/latex/amsmath\amstext.sty
Package: amstext 2024/11/17 v2.01 AMS text

(C:\Users\User\AppData\Local\Programs\MiKTeX\tex/latex/amsmath\amsgen.sty
File: amsgen.sty 1999/11/30 v2.0 generic functions
\@emptytoks=\toks20
\ex@=\dimen154
))
(C:\Users\User\AppData\Local\Programs\MiKTeX\tex/latex/amsmath\amsbsy.sty
Package: amsbsy 1999/11/29 v1.2d Bold Symbols
\pmbraise@=\dimen155
)
(C:\Users\User\AppData\Local\Programs\MiKTeX\tex/latex/amsmath\amsopn.sty
Package: amsopn 2022/04/08 v2.04 operator names
)
\inf@bad=\count290
LaTeX Info: Redefining \frac on input line 233.
\uproot@=\count291
\leftroot@=\count292
LaTeX Info: Redefining \overline on input line 398.
LaTeX Info: Redefining \colon on input line 409.
\classnum@=\count293
\DOTSCASE@=\count294
LaTeX Info: Redefining \ldots on input line 495.
LaTeX Info: Redefining \dots on input line 498.
LaTeX Info: Redefining \cdots on input line 619.
\Mathstrutbox@=\box53
\strutbox@=\box54
LaTeX Info: Redefining \big on input line 721.
LaTeX Info: Redefining \Big on input line 722.
LaTeX Info: Redefining \bigg on input line 723.
LaTeX Info: Redefining \Bigg on input line 724.
\big@size=\dimen156
LaTeX Font Info:    Redeclaring font encoding OML on input line 742.
LaTeX Font Info:    Redeclaring font encoding OMS on input line 743.
\macc@depth=\count295
LaTeX Info: Redefining \bmod on input line 904.
LaTeX Info: Redefining \pmod on input line 909.
LaTeX Info: Redefining \smash on input line 939.
LaTeX Info: Redefining \relbar on input line 969.
LaTeX Info: Redefining \Relbar on input line 970.
\c@MaxMatrixCols=\count296
\dotsspace@=\muskip17
\c@parentequation=\count297
\dspbrk@lvl=\count298
\tag@help=\toks21
\row@=\count299
\column@=\count300
\maxfields@=\count301
\andhelp@=\toks22
\eqnshift@=\dimen157
\alignsep@=\dimen158
\tagshift@=\dimen159
\tagwidth@=\dimen160
\totwidth@=\dimen161
\lineht@=\dimen162
\@envbody=\toks23
\multlinegap=\skip55
\multlinetaggap=\skip56
\mathdisplay@stack=\toks24
LaTeX Info: Redefining \[ on input line 2950.
LaTeX Info: Redefining \] on input line 2951.
)
(C:\Users\User\AppData\Local\Programs\MiKTeX\tex/latex/mathtools\mathtools.sty
Package: mathtools 2024/10/04 v1.31 mathematical typesetting tools

(C:\Users\User\AppData\Local\Programs\MiKTeX\tex/latex/mathtools\mhsetup.sty
Package: mhsetup 2021/03/18 v1.4 programming setup (MH)
)
\g_MT_multlinerow_int=\count302
\l_MT_multwidth_dim=\dimen163
\origjot=\skip57
\l_MT_shortvdotswithinadjustabove_dim=\dimen164
\l_MT_shortvdotswithinadjustbelow_dim=\dimen165
\l_MT_above_intertext_sep=\dimen166
\l_MT_below_intertext_sep=\dimen167
\l_MT_above_shortintertext_sep=\dimen168
\l_MT_below_shortintertext_sep=\dimen169
\xmathstrut@box=\box55
\xmathstrut@dim=\dimen170
)
(C:\Users\User\AppData\Local\Programs\MiKTeX\tex/latex/amscls\amsthm.sty
Package: amsthm 2020/05/29 v2.20.6
\thm@style=\toks25
\thm@bodyfont=\toks26
\thm@headfont=\toks27
\thm@notefont=\toks28
\thm@headpunct=\toks29
\thm@preskip=\skip58
\thm@postskip=\skip59
\thm@headsep=\skip60
\dth@everypar=\toks30
)
(C:\Users\User\AppData\Local\Programs\MiKTeX\tex/latex/isodate\isodate.sty
Package: isodate 2010/01/03 v2.30 Print dates with different formats (HH)

(C:\Users\User\AppData\Local\Programs\MiKTeX\tex/latex/substr\substr.sty
Package: substr 2009/10/20 v1.2 Handle substrings
\c@su@anzahl=\count303
)
(C:\Users\User\AppData\Local\Programs\MiKTeX\tex/latex/isodate\german.idf
File: german.idf 2010/01/03 v2.30 Language definitions for isodate package (HH)


Define commands for German date format (ngerman)
) (C:\Users\User\AppData\Local\Programs\MiKTeX\tex/latex/isodate\english.idf
File: english.idf 2010/01/03 v2.30 Language definitions for isodate package (HH
)

Define commands for English date format
) (C:\Users\User\AppData\Local\Programs\MiKTeX\tex/latex/isodate\english.idf
File: english.idf 2010/01/03 v2.30 Language definitions for isodate package (HH
)

Define commands for American date format
)
\c@iso@tmpmonth=\count304
\c@iso@yeartwo=\count305
\c@iso@slash=\count306
\c@iso@minus=\count307
\c@iso@dot=\count308
\c@iso@@slash=\count309
\c@iso@@minus=\count310
\c@iso@@dot=\count311
) (C:\Users\User\AppData\Local\Programs\MiKTeX\tex/latex/footmisc\footmisc.sty
Package: footmisc 2025/05/09 v7.0b a miscellany of footnote facilities
\FN@temptoken=\toks31
\footnotemargin=\dimen171
Package footmisc Info: Declaring symbol style bringhurst on input line 549.
Package footmisc Info: Declaring symbol style chicago on input line 557.
Package footmisc Info: Declaring symbol style wiley on input line 566.
Package footmisc Info: Declaring symbol style lamport-robust on input line 577.

Package footmisc Info: Declaring symbol style lamport* on input line 597.
Package footmisc Info: Declaring symbol style lamport*-robust on input line 618
.
) (C:\Users\User\AppData\Local\Programs\MiKTeX\tex/latex/hyperref\hyperref.sty
Package: hyperref 2025-07-12 v7.01o Hypertext links for LaTeX

(C:\Users\User\AppData\Local\Programs\MiKTeX\tex/generic/iftex\iftex.sty
Package: iftex 2024/12/12 v1.0g TeX engine tests
)
(C:\Users\User\AppData\Local\Programs\MiKTeX\tex/latex/kvsetkeys\kvsetkeys.sty
Package: kvsetkeys 2022-10-05 v1.19 Key value parser (HO)
)
(C:\Users\User\AppData\Local\Programs\MiKTeX\tex/generic/kvdefinekeys\kvdefinek
eys.sty
Package: kvdefinekeys 2019-12-19 v1.6 Define keys (HO)
)
(C:\Users\User\AppData\Local\Programs\MiKTeX\tex/generic/pdfescape\pdfescape.st
y
Package: pdfescape 2019/12/09 v1.15 Implements pdfTeX's escape features (HO)
 (C:\Users\User\AppData\Local\Programs\MiKTeX\tex/generic/ltxcmds\ltxcmds.sty
Package: ltxcmds 2023-12-04 v1.26 LaTeX kernel commands for general use (HO)
)
(C:\Users\User\AppData\Local\Programs\MiKTeX\tex/generic/pdftexcmds\pdftexcmds.
sty
Package: pdftexcmds 2020-06-27 v0.33 Utility functions of pdfTeX for LuaTeX (HO
)

(C:\Users\User\AppData\Local\Programs\MiKTeX\tex/generic/infwarerr\infwarerr.st
y
Package: infwarerr 2019/12/03 v1.5 Providing info/warning/error messages (HO)
)
Package pdftexcmds Info: \pdf@primitive is available.
Package pdftexcmds Info: \pdf@ifprimitive is available.
Package pdftexcmds Info: \pdfdraftmode found.
)) (C:\Users\User\AppData\Local\Programs\MiKTeX\tex/latex/hycolor\hycolor.sty
Package: hycolor 2020-01-27 v1.10 Color options for hyperref/bookmark (HO)
) (C:\Users\User\AppData\Local\Programs\MiKTeX\tex/latex/hyperref\nameref.sty
Package: nameref 2025-06-21 v2.57 Cross-referencing by name of section

(C:\Users\User\AppData\Local\Programs\MiKTeX\tex/latex/refcount\refcount.sty
Package: refcount 2019/12/15 v3.6 Data extraction from label references (HO)
)
(C:\Users\User\AppData\Local\Programs\MiKTeX\tex/generic/gettitlestring\gettitl
estring.sty
Package: gettitlestring 2019/12/15 v1.6 Cleanup title references (HO)

(C:\Users\User\AppData\Local\Programs\MiKTeX\tex/latex/kvoptions\kvoptions.sty
Package: kvoptions 2022-06-15 v3.15 Key value format for package options (HO)
))
\c@section@level=\count312
)
(C:\Users\User\AppData\Local\Programs\MiKTeX\tex/generic/stringenc\stringenc.st
y
Package: stringenc 2019/11/29 v1.12 Convert strings between diff. encodings (HO
)
)
\@linkdim=\dimen172
\Hy@linkcounter=\count313
\Hy@pagecounter=\count314
 (C:\Users\User\AppData\Local\Programs\MiKTeX\tex/latex/hyperref\pd1enc.def
File: pd1enc.def 2025-07-12 v7.01o Hyperref: PDFDocEncoding definition (HO)
Now handling font encoding PD1 ...
... no UTF-8 mapping file for font encoding PD1
)
(C:\Users\User\AppData\Local\Programs\MiKTeX\tex/generic/intcalc\intcalc.sty
Package: intcalc 2019/12/15 v1.3 Expandable calculations with integers (HO)
)
\Hy@SavedSpaceFactor=\count315

(C:\Users\User\AppData\Local\Programs\MiKTeX\tex/latex/hyperref\puenc.def
File: puenc.def 2025-07-12 v7.01o Hyperref: PDF Unicode definition (HO)
Now handling font encoding PU ...
... no UTF-8 mapping file for font encoding PU

(C:\Users\User\AppData\Local\Programs\MiKTeX\tex/latex/greek-fontenc\puenc-gree
k.def
File: puenc-greek.def 2023-09-12 2.5 Greek LICRs for PDF strings

(C:\Users\User\AppData\Local\Programs\MiKTeX\tex/latex/greek-fontenc\greek-font
enc.def
File: greek-fontenc.def 2023-09-12 2.5 Common Greek font encoding definitions
)
LaTeX Encoding Info:    Redeclaring text command \textmu (encoding PU) on input
 line 179.
)
LaTeX Encoding Info:    Redeclaring text command \textohm (encoding PU) on inpu
t line 1176.
)
Package hyperref Info: Option `unicode' set `true' on input line 4066.
Package hyperref Info: Hyper figures OFF on input line 4195.
Package hyperref Info: Link nesting OFF on input line 4200.
Package hyperref Info: Hyper index ON on input line 4203.
Package hyperref Info: Plain pages OFF on input line 4210.
Package hyperref Info: Backreferencing OFF on input line 4215.
Package hyperref Info: Implicit mode ON; LaTeX internals redefined.
Package hyperref Info: Bookmarks ON on input line 4462.
\c@Hy@tempcnt=\count316
 (C:\Users\User\AppData\Local\Programs\MiKTeX\tex/latex/url\url.sty
\Urlmuskip=\muskip18
Package: url 2013/09/16  ver 3.4  Verb mode for urls, etc.
)
LaTeX Info: Redefining \url on input line 4801.
\XeTeXLinkMargin=\dimen173

(C:\Users\User\AppData\Local\Programs\MiKTeX\tex/generic/bitset\bitset.sty
Package: bitset 2019/12/09 v1.3 Handle bit-vector datatype (HO)

(C:\Users\User\AppData\Local\Programs\MiKTeX\tex/generic/bigintcalc\bigintcalc.
sty
Package: bigintcalc 2019/12/15 v1.5 Expandable calculations on big integers (HO
)
))
\Fld@menulength=\count317
\Field@Width=\dimen174
\Fld@charsize=\dimen175
Package hyperref Info: Hyper figures OFF on input line 6078.
Package hyperref Info: Link nesting OFF on input line 6083.
Package hyperref Info: Hyper index ON on input line 6086.
Package hyperref Info: backreferencing OFF on input line 6093.
Package hyperref Info: Link coloring OFF on input line 6098.
Package hyperref Info: Link coloring with OCG OFF on input line 6103.
Package hyperref Info: PDF/A mode OFF on input line 6108.
\Hy@abspage=\count318
\c@Item=\count319
\c@Hfootnote=\count320
)
Package hyperref Info: Driver (autodetected): hpdftex.

(C:\Users\User\AppData\Local\Programs\MiKTeX\tex/latex/hyperref\hpdftex.def
File: hpdftex.def 2025-07-12 v7.01o Hyperref driver for pdfTeX
\Fld@listcount=\count321
\c@bookmark@seq@number=\count322

(C:\Users\User\AppData\Local\Programs\MiKTeX\tex/latex/rerunfilecheck\rerunfile
check.sty
Package: rerunfilecheck 2025-06-21 v1.11 Rerun checks for auxiliary files (HO)

(C:\Users\User\AppData\Local\Programs\MiKTeX\tex/generic/uniquecounter\uniqueco
unter.sty
Package: uniquecounter 2019/12/15 v1.4 Provide unlimited unique counter (HO)
)
Package uniquecounter Info: New unique counter `rerunfilecheck' on input line 2
84.
)
\Hy@SectionHShift=\skip61
)
Package hyperref Info: Option `colorlinks' set `true' on input line 153.
Package hyperref Info: Option `bookmarksnumbered' set `true' on input line 153.


(C:\Users\User\AppData\Local\Programs\MiKTeX\tex/latex/titlecaps\titlecaps.sty
Package: titlecaps 2022/04/12\ 1.3\ Routines for setting rich-text input into T
itling Caps

(C:\Users\User\AppData\Local\Programs\MiKTeX\tex/latex/ifnextok\ifnextok.sty
Package: ifnextok 2011/06/27 v0.3 test next token (UL)
)
\c@lcword@index=\count323
\c@word@count=\count324
\c@lc@words=\count325
\c@dia@count=\count326
\c@arg@@@index=\count327
)
\baselinedist=\skip62
\smalllinespacing=\skip63
\footnotelinespacing=\skip64
\fsLarge=\skip65
\fslarge=\skip66
\fsnormal=\skip67
\fssmall=\skip68
\fsfootnote=\skip69

(C:\Users\User\AppData\Local\Programs\MiKTeX\tex/latex/geometry\geometry.sty
Package: geometry 2020/01/02 v5.9 Page Geometry

(C:\Users\User\AppData\Local\Programs\MiKTeX\tex/generic/iftex\ifvtex.sty
Package: ifvtex 2019/10/25 v1.7 ifvtex legacy package. Use iftex instead.
)
\Gm@cnth=\count328
\Gm@cntv=\count329
\c@Gm@tempcnt=\count330
\Gm@bindingoffset=\dimen176
\Gm@wd@mp=\dimen177
\Gm@odd@mp=\dimen178
\Gm@even@mp=\dimen179
\Gm@layoutwidth=\dimen180
\Gm@layoutheight=\dimen181
\Gm@layouthoffset=\dimen182
\Gm@layoutvoffset=\dimen183
\Gm@dimlist=\toks32

(C:\Users\User\AppData\Local\Programs\MiKTeX\tex/latex/geometry\geometry.cfg))
(C:\Users\User\AppData\Local\Programs\MiKTeX\tex/latex/ragged2e\ragged2e.sty
Package: ragged2e 2023/06/22 v3.6 ragged2e Package
\CenteringLeftskip=\skip70
\RaggedLeftLeftskip=\skip71
\RaggedRightLeftskip=\skip72
\CenteringRightskip=\skip73
\RaggedLeftRightskip=\skip74
\RaggedRightRightskip=\skip75
\CenteringParfillskip=\skip76
\RaggedLeftParfillskip=\skip77
\RaggedRightParfillskip=\skip78
\JustifyingParfillskip=\skip79
\CenteringParindent=\skip80
\RaggedLeftParindent=\skip81
\RaggedRightParindent=\skip82
\JustifyingParindent=\skip83
)
(C:\Users\User\AppData\Local\Programs\MiKTeX\tex/latex/nowidow\nowidow.sty
Package: nowidow 2011/09/20 1.0 Easily prevent widows and orphans
Package: nowidow 
)
(C:\Users\User\AppData\Local\Programs\MiKTeX\tex/latex/fancyhdr\fancyhdr.sty
Package: fancyhdr 2025/02/07 v5.2 Extensive control of page headers and footers

\f@nch@headwidth=\skip84
\f@nch@offset@elh=\skip85
\f@nch@offset@erh=\skip86
\f@nch@offset@olh=\skip87
\f@nch@offset@orh=\skip88
\f@nch@offset@elf=\skip89
\f@nch@offset@erf=\skip90
\f@nch@offset@olf=\skip91
\f@nch@offset@orf=\skip92
\f@nch@height=\skip93
\f@nch@footalignment=\skip94
\f@nch@widthL=\skip95
\f@nch@widthC=\skip96
\f@nch@widthR=\skip97
\@temptokenb=\toks33
)
(C:\Users\User\AppData\Local\Programs\MiKTeX\tex/latex/relsize\relsize.sty
Package: relsize 2013/03/29 ver 4.1
)
(C:\Users\User\AppData\Local\Programs\MiKTeX\tex/latex/newtx\newtxtext.sty
Package: newtxtext 2024/04/01 v1.744(Michael Sharpe) latex and unicode latex su
pport for TeXGyreTermesX

`newtxtext' v1.744, 2024/04/01 Text macros taking advantage of TeXGyre Termes a
nd its extensions (msharpe)
(C:\Users\User\AppData\Local\Programs\MiKTeX\tex/latex/xkeyval\xkeyval.sty
Package: xkeyval 2022/06/16 v2.9 package option processing (HA)

(C:\Users\User\AppData\Local\Programs\MiKTeX\tex/generic/xkeyval\xkeyval.tex
(C:\Users\User\AppData\Local\Programs\MiKTeX\tex/generic/xkeyval\xkvutils.tex
\XKV@toks=\toks34
\XKV@tempa@toks=\toks35
)
\XKV@depth=\count331
File: xkeyval.tex 2014/12/03 v2.7a key=value parser (HA)
)) (C:\Users\User\AppData\Local\Programs\MiKTeX\tex/latex/base\textcomp.sty
Package: textcomp 2024/04/24 v2.1b Standard LaTeX package
)
(C:\Users\User\AppData\Local\Programs\MiKTeX\tex/latex/xstring\xstring.sty
(C:\Users\User\AppData\Local\Programs\MiKTeX\tex/generic/xstring\xstring.tex
\xs_counta=\count332
\xs_countb=\count333
)
Package: xstring 2023/08/22 v1.86 String manipulations (CT)
)
(C:\Users\User\AppData\Local\Programs\MiKTeX\tex/latex/carlisle\scalefnt.sty)
LaTeX Font Info:    Setting ntxLF sub-encoding to TS1/0 on input line 24.
LaTeX Font Info:    Setting ntxTLF sub-encoding to TS1/0 on input line 24.
LaTeX Font Info:    Setting ntxOsF sub-encoding to TS1/0 on input line 24.
LaTeX Font Info:    Setting ntxTOsF sub-encoding to TS1/0 on input line 24.

(C:\Users\User\AppData\Local\Programs\MiKTeX\tex/generic/binhex\binhex.tex)
\ntx@tmpcnta=\count334
\ntx@cnt=\count335

(C:\Users\User\AppData\Local\Programs\MiKTeX\tex/latex/fontaxes\fontaxes.sty
Package: fontaxes 2026-01-02 v2.0.2 Font selection axes (deprecated)
Applying: [2024-11-01] Use figureversions if present on input line 74.

(C:\Users\User\AppData\Local\Programs\MiKTeX\tex/latex/figureversions\figurever
sions.sty
Package: figureversions 2025-04-29 v1.0.1 Figure versions
)
Already applied: [0000-00-00] Fall back to v1 on input line 76.
)
\tx@sixem=\dimen184
\tx@y=\dimen185
\tx@x=\dimen186
\tx@tmpdima=\dimen187
\tx@tmpdimb=\dimen188
\tx@tmpdimc=\dimen189
\tx@tmpdimd=\dimen190
\tx@tmpdime=\dimen191
\tx@tmpdimf=\dimen192
\tx@dimA=\dimen193
\tx@dimAA=\dimen194
\tx@dimB=\dimen195
\tx@dimBB=\dimen196
\tx@dimC=\dimen197
LaTeX Info: Redefining \oldstylenums on input line 902.
)
(C:\Users\User\AppData\Local\Programs\MiKTeX\tex/latex/newtx\newtxmath.sty
Package: newtxmath 2024/09/22 v1.754

`newtxmath' v1.754, 2024/09/22 Math macros based originally on txfonts (msharpe
) (C:\Users\User\AppData\Local\Programs\MiKTeX\tex/latex/oberdiek\centernot.sty
Package: centernot 2016/05/16 v1.4 Centers the not symbol horizontally (HO)
)
\tx@cntz=\count336
 (C:\Users\User\AppData\Local\Programs\MiKTeX\tex/generic/binhex\binhex.tex)
\tx@Isdigit=\count337
\tx@IsAlNum=\count338
\tx@tA=\toks36
\tx@tB=\toks37
\tx@su=\read3

amsthm NOT loaded
LaTeX Font Info:    Redeclaring symbol font `operators' on input line 402.
LaTeX Font Info:    Overwriting symbol font `operators' in version `normal'
(Font)                  OT1/cmr/m/n --> OT1/minntx/m/n on input line 402.
LaTeX Font Info:    Overwriting symbol font `operators' in version `bold'
(Font)                  OT1/cmr/bx/n --> OT1/minntx/m/n on input line 402.
LaTeX Font Info:    Overwriting symbol font `operators' in version `bold'
(Font)                  OT1/minntx/m/n --> OT1/minntx/b/n on input line 403.
LaTeX Font Info:    Redeclaring math alphabet \mathsf on input line 410.
LaTeX Font Info:    Overwriting math alphabet `\mathsf' in version `normal'
(Font)                  OT1/cmss/m/n --> OT1/qhv/m/n on input line 410.
LaTeX Font Info:    Overwriting math alphabet `\mathsf' in version `bold'
(Font)                  OT1/cmss/bx/n --> OT1/qhv/m/n on input line 410.
LaTeX Font Info:    Overwriting math alphabet `\mathsf' in version `bold'
(Font)                  OT1/qhv/m/n --> OT1/qhv/b/n on input line 412.
LaTeX Font Info:    Redeclaring math alphabet \mathit on input line 419.
LaTeX Font Info:    Overwriting math alphabet `\mathit' in version `normal'
(Font)                  OT1/cmr/m/it --> OT1/minntx/m/it on input line 419.
LaTeX Font Info:    Overwriting math alphabet `\mathit' in version `bold'
(Font)                  OT1/cmr/bx/it --> OT1/minntx/m/it on input line 419.
LaTeX Font Info:    Redeclaring math alphabet \mathtt on input line 420.
LaTeX Font Info:    Overwriting math alphabet `\mathtt' in version `normal'
(Font)                  OT1/cmtt/m/n --> T1/ntxtt/m/n on input line 420.
LaTeX Font Info:    Overwriting math alphabet `\mathtt' in version `bold'
(Font)                  OT1/cmtt/m/n --> T1/ntxtt/m/n on input line 420.
LaTeX Font Info:    Redeclaring math alphabet \mathbf on input line 422.
LaTeX Font Info:    Overwriting math alphabet `\mathbf' in version `normal'
(Font)                  OT1/cmr/bx/n --> OT1/minntx/b/n on input line 422.
LaTeX Font Info:    Overwriting math alphabet `\mathbf' in version `bold'
(Font)                  OT1/cmr/bx/n --> OT1/minntx/b/n on input line 422.
LaTeX Font Info:    Overwriting math alphabet `\mathit' in version `bold'
(Font)                  OT1/minntx/m/it --> OT1/minntx/b/it on input line 423.
LaTeX Font Info:    Overwriting math alphabet `\mathtt' in version `bold'
(Font)                  T1/ntxtt/m/n --> T1/ntxtt/b/n on input line 426.
LaTeX Font Info:    Redeclaring symbol font `letters' on input line 534.
LaTeX Font Info:    Overwriting symbol font `letters' in version `normal'
(Font)                  OML/cmm/m/it --> OML/ntxmi/m/it on input line 534.
LaTeX Font Info:    Overwriting symbol font `letters' in version `bold'
(Font)                  OML/cmm/b/it --> OML/ntxmi/m/it on input line 534.
LaTeX Font Info:    Overwriting symbol font `letters' in version `bold'
(Font)                  OML/ntxmi/m/it --> OML/ntxmi/b/it on input line 535.
\symlettersA=\mathgroup4
LaTeX Font Info:    Overwriting symbol font `lettersA' in version `bold'
(Font)                  U/ntxmia/m/it --> U/ntxmia/b/it on input line 582.
Now handling font encoding LMS ...
... no UTF-8 mapping file for font encoding LMS
LaTeX Font Info:    Redeclaring symbol font `symbols' on input line 604.
LaTeX Font Info:    Encoding `OMS' has changed to `LMS' for symbol font
(Font)              `symbols' in the math version `normal' on input line 604.
LaTeX Font Info:    Overwriting symbol font `symbols' in version `normal'
(Font)                  OMS/cmsy/m/n --> LMS/ntxsy/m/n on input line 604.
LaTeX Font Info:    Encoding `OMS' has changed to `LMS' for symbol font
(Font)              `symbols' in the math version `bold' on input line 604.
LaTeX Font Info:    Overwriting symbol font `symbols' in version `bold'
(Font)                  OMS/cmsy/b/n --> LMS/ntxsy/m/n on input line 604.
LaTeX Font Info:    Overwriting symbol font `symbols' in version `bold'
(Font)                  LMS/ntxsy/m/n --> LMS/ntxsy/b/n on input line 605.
\symAMSm=\mathgroup5
LaTeX Font Info:    Overwriting symbol font `AMSm' in version `bold'
(Font)                  U/ntxsym/m/n --> U/ntxsym/b/n on input line 630.
\symsymbolsC=\mathgroup6
LaTeX Font Info:    Overwriting symbol font `symbolsC' in version `bold'
(Font)                  U/ntxsyc/m/n --> U/ntxsyc/b/n on input line 651.
Now handling font encoding LMX ...
... no UTF-8 mapping file for font encoding LMX
LaTeX Font Info:    Redeclaring symbol font `largesymbols' on input line 664.
LaTeX Font Info:    Encoding `OMX' has changed to `LMX' for symbol font
(Font)              `largesymbols' in the math version `normal' on input line 6
64.
LaTeX Font Info:    Overwriting symbol font `largesymbols' in version `normal'
(Font)                  OMX/cmex/m/n --> LMX/ntxexx/m/n on input line 664.
LaTeX Font Info:    Encoding `OMX' has changed to `LMX' for symbol font
(Font)              `largesymbols' in the math version `bold' on input line 664
.
LaTeX Font Info:    Overwriting symbol font `largesymbols' in version `bold'
(Font)                  OMX/cmex/m/n --> LMX/ntxexx/m/n on input line 664.
LaTeX Font Info:    Overwriting symbol font `largesymbols' in version `bold'
(Font)                  LMX/ntxexx/m/n --> LMX/ntxexx/b/n on input line 665.
\symlargesymbolsTXA=\mathgroup7
LaTeX Font Info:    Overwriting symbol font `largesymbolsTXA' in version `bold'

(Font)                  U/ntxexa/m/n --> U/ntxexa/b/n on input line 679.
\tx@sbptoks=\toks38
LaTeX Font Info:    Redeclaring math delimiter \lfloor on input line 902.
LaTeX Font Info:    Redeclaring math delimiter \rfloor on input line 903.
LaTeX Font Info:    Redeclaring math delimiter \lceil on input line 904.
LaTeX Font Info:    Redeclaring math delimiter \rceil on input line 905.
LaTeX Font Info:    Redeclaring math delimiter \lbrace on input line 910.
LaTeX Font Info:    Redeclaring math delimiter \rbrace on input line 911.
LaTeX Font Info:    Redeclaring math delimiter \langle on input line 913.
LaTeX Font Info:    Redeclaring math delimiter \rangle on input line 915.
LaTeX Font Info:    Redeclaring math delimiter \arrowvert on input line 919.
LaTeX Font Info:    Redeclaring math delimiter \vert on input line 920.
LaTeX Font Info:    Redeclaring math symbol \hbar on input line 966.
LaTeX Font Info:    Redeclaring math accent \dot on input line 991.
LaTeX Font Info:    Redeclaring math accent \ddot on input line 992.
LaTeX Font Info:    Redeclaring math accent \vec on input line 2057.
LaTeX Info: Redefining \Bbbk on input line 2847.
LaTeX Info: Redefining \not on input line 2995.
LaTeX Info: Redefining \textsquare on input line 3025.
LaTeX Info: Redefining \openbox on input line 3027.
) (C:\Users\User\AppData\Local\Programs\MiKTeX\tex/latex/fira\FiraSans.sty
Package: FiraSans 2022/09/17 (Bob Tennent and autoinst) Style file for Fira San
s fonts.

(C:\Users\User\AppData\Local\Programs\MiKTeX\tex/generic/iftex\ifxetex.sty
Package: ifxetex 2019/10/25 v0.7 ifxetex legacy package. Use iftex instead.
)
(C:\Users\User\AppData\Local\Programs\MiKTeX\tex/generic/iftex\ifluatex.sty
Package: ifluatex 2019/10/25 v1.5 ifluatex legacy package. Use iftex instead.
))
(C:\Users\User\AppData\Local\Programs\MiKTeX\tex/latex/fira\FiraMono.sty
Package: FiraMono 2022/09/17 (Bob Tennent and autoinst) Style file for Fira Mon
o fonts.

(C:\Users\User\AppData\Local\Programs\MiKTeX\tex/latex/base\fontenc.sty
Package: fontenc 2025/07/18 v2.1d Standard LaTeX package
LaTeX Font Info:    Trying to load font information for T1+minntx on input line
 116.

(C:\Users\User\AppData\Local\Programs\MiKTeX\tex/latex/newtx\t1minntx.fd
File: t1minntx.fd 2023/09/09 v1.1 font definition file for T1/minntx
)
LaTeX Font Info:    Font shape `T1/minntx/m/n' will be
(Font)              scaled to size 10.94495pt on input line 116.
))
(C:\Users\User\AppData\Local\Programs\MiKTeX\tex/latex/microtype\microtype.sty
Package: microtype 2025/07/09 v3.2b Micro-typographical refinements (RS)
\MT@toks=\toks39
\MT@tempbox=\box56
\MT@count=\count339
LaTeX Info: Redefining \noprotrusionifhmode on input line 1087.
LaTeX Info: Redefining \leftprotrusion on input line 1088.
\MT@prot@toks=\toks40
LaTeX Info: Redefining \rightprotrusion on input line 1107.
LaTeX Info: Redefining \textls on input line 1449.
\MT@outer@kern=\dimen198
LaTeX Info: Redefining \microtypecontext on input line 2053.
LaTeX Info: Redefining \textmicrotypecontext on input line 2070.
\MT@listname@count=\count340

(C:\Users\User\AppData\Local\Programs\MiKTeX\tex/latex/microtype\microtype-pdft
ex.def
File: microtype-pdftex.def 2025/07/09 v3.2b Definitions specific to pdftex (RS)

LaTeX Info: Redefining \lsstyle on input line 944.
LaTeX Info: Redefining \lslig on input line 944.
\MT@outer@space=\skip98
)
Package microtype Info: Loading configuration file microtype.cfg.

(C:\Users\User\AppData\Local\Programs\MiKTeX\tex/latex/microtype\microtype.cfg
File: microtype.cfg 2025/07/09 v3.2b microtype main configuration file (RS)
)
LaTeX Info: Redefining \microtypesetup on input line 3065.
) (C:\Users\User\AppData\Local\Programs\MiKTeX\tex/latex/tools\bm.sty
Package: bm 2025/10/21 v1.2g Bold Symbol Support (DPC/FMi)
\symboldoperators=\mathgroup8
\symboldletters=\mathgroup9
\symboldsymbols=\mathgroup10
\symboldlargesymbols=\mathgroup11
LaTeX Font Info:    Redeclaring math alphabet \mathbf on input line 149.
)
(C:\Users\User\AppData\Local\Programs\MiKTeX\tex/latex/titlesec\titlesec.sty
Package: titlesec 2025/01/04 v2.17 Sectioning titles
\ttl@box=\box57
\beforetitleunit=\skip99
\aftertitleunit=\skip100
\ttl@plus=\dimen199
\ttl@minus=\dimen256
\ttl@toksa=\toks41
\titlewidth=\dimen257
\titlewidthlast=\dimen258
\titlewidthfirst=\dimen259
)
(C:\Users\User\AppData\Local\Programs\MiKTeX\tex/generic/soul\soul.sty
Package: soul 2026-03-06 v3.2 Permit use of UTF-8 characters in soul (HO)

(C:\Users\User\AppData\Local\Programs\MiKTeX\tex/generic/soul\soul-ori.sty
Package: soul-ori 2026-03-06 v3.2 letterspacing/underlining (mf)
\SOUL@word=\toks42
\SOUL@lasttoken=\toks43
\SOUL@syllable=\toks44
\SOUL@cmds=\toks45
\SOUL@buffer=\toks46
\SOUL@token=\toks47
\SOUL@syllgoal=\dimen260
\SOUL@syllwidth=\dimen261
\SOUL@charkern=\dimen262
\SOUL@hyphkern=\dimen263
\SOUL@dimen=\dimen264
\SOUL@dimeni=\dimen265
\SOUL@minus=\count341
\SOUL@comma=\count342
\SOUL@apo=\count343
\SOUL@grave=\count344
\SOUL@spaceskip=\skip101
\SOUL@ttwidth=\dimen266
\SOUL@uldp=\dimen267
\SOUL@ulht=\dimen268
)
(C:\Users\User\AppData\Local\Programs\MiKTeX\tex/generic/etexcmds\etexcmds.sty
Package: etexcmds 2019/12/15 v1.7 Avoid name clashes with e-TeX commands (HO)
)) (C:\Users\User\AppData\Local\Programs\MiKTeX\tex/latex/enumitem\enumitem.sty
Package: enumitem 2025/02/06 v3.11 Customized lists
\labelindent=\skip102
\enit@outerparindent=\dimen269
\enit@toks=\toks48
\enit@inbox=\box58
\enit@count@id=\count345
\enitdp@description=\count346
)
(C:\Users\User\AppData\Local\Programs\MiKTeX\tex/latex/tabularray\tabularray.st
y
Package: tabularray 2025-11-27 v2025C Typeset tabulars and arrays with LaTeX3

(C:\Users\User\AppData\Local\Programs\MiKTeX\tex/latex/ninecolors\ninecolors.st
y
Package: ninecolors 2022-02-13 v2022D Select colors with proper color contrast
)
\g__tblr_nohyper_int=\count347
\l__tblr_a_int=\count348
\l__tblr_c_int=\count349
\l__tblr_r_int=\count350
\l__tblr_d_dim=\dimen270
\l__tblr_h_dim=\dimen271
\l__tblr_o_dim=\dimen272
\l__tblr_p_dim=\dimen273
\l__tblr_q_dim=\dimen274
\l__tblr_r_dim=\dimen275
\l__tblr_s_dim=\dimen276
\l__tblr_t_dim=\dimen277
\l__tblr_v_dim=\dimen278
\l__tblr_w_dim=\dimen279
\l__tblr_a_box=\box59
\l__tblr_b_box=\box60
\l__tblr_c_box=\box61
\l__tblr_d_box=\box62
\c@tblrcount=\count351
\c@rownum=\count352
\c@colnum=\count353
\c@rowcount=\count354
\c@colcount=\count355
\abovesep=\dimen280
\belowsep=\dimen281
\leftsep=\dimen282
\rightsep=\dimen283
\gTblrLevelInt=\count356
\g__tblr_data_row_key_count_int=\count357
\g__tblr_data_column_key_count_int=\count358
\g__tblr_data_cell_key_count_int=\count359
\g__tblr_array_int=\count360
\l__tblr_key_count_int=\count361
\l__tblr_key_quotient_int=\count362
\l__tblr_key_quotient_two_int=\count363
\l__tblr_key_remainder_int=\count364
\g__tblr_data_str_value_count_int=\count365
\lTblrChildTotalInt=\count366
\lTblrChildHtotalInt=\count367
\lTblrChildVtotalInt=\count368
\l__child_diff_h_int=\count369
\l__child_diff_v_int=\count370
\l__child_sign_h_int=\count371
\l__child_sign_v_int=\count372
\l__child_step_int=\count373
\lTblrDefaultHruleWidthDim=\dimen284
\lTblrDefaultVruleWidthDim=\dimen285
\l__tblr_split_balance_int=\count374
\l__tblr_strut_dp_dim=\dimen286
\l__tblr_strut_ht_dim=\dimen287
\g__tblr_cell_wd_dim=\dimen288
\g__tblr_cell_ht_dim=\dimen289
\g__tblr_cell_head_dim=\dimen290
\g__tblr_cell_foot_dim=\dimen291
\l__tblr_measured_cell_box=\box63
\g__tblr_last_box=\box64
\l__tblr_temp_box=\box65
\l__tblr_column_target_dim=\dimen292
\l__tblr_hfuzz_dim=\dimen293
\l__tblr_caption_box=\box66
\l__tblr_caption_left_box=\box67
\lTblrRowHeadInt=\count375
\lTblrRowFootInt=\count376
\l__tblr_row_head_box=\box68
\l__tblr_row_foot_box=\box69
\l__tblr_row_head_foot_dim=\dimen294
\lTblrTableWidthDim=\dimen295
\l__tblr_table_firsthead_box=\box70
\l__tblr_table_middlehead_box=\box71
\l__tblr_table_lasthead_box=\box72
\l__tblr_table_firstfoot_box=\box73
\l__tblr_table_middlefoot_box=\box74
\l__tblr_table_lastfoot_box=\box75
\l__tblr_remain_height_dim=\dimen296
\l__tblr_next_rows_dim=\dimen297
\l__tblr_page_overfill_dim=\dimen298
\l__tblr_long_from_int=\count377
\l__tblr_long_to_int=\count378
\l__tblr_curr_i_int=\count379
\l__tblr_prev_i_int=\count380
\lTblrTablePageInt=\count381
\l__tblr_table_head_box=\box76
\l__tblr_table_foot_box=\box77
\l__tblr_table_head_foot_dim=\dimen299
\l__tblr_table_head_body_foot_dim=\dimen300
\l__tblr_table_box=\box78
\lTblrRowFirstInt=\count382
\lTblrRowLastInt=\count383
\l__tblr_cover_box_a_dim=\dimen301
\l__tblr_cover_box_b_dim=\dimen302
\l__tblr_table_hlines_box=\box79
\l__tblr_hline_box=\box80
\l__tblr_row_box=\box81
\l__tblr_col_o_wd_dim=\dimen303
\l__tblr_col_b_wd_dim=\dimen304
\l__tblr_hline_leftskip_dim=\dimen305
\l__tblr_hline_rightskip_dim=\dimen306
\l__tblr_row_ht_dim=\dimen307
\l__tblr_row_dp_dim=\dimen308
\l__tblr_row_abovesep_dim=\dimen309
\l__tblr_row_belowsep_dim=\dimen310
\l__tblr_row_vlines_box=\box82
\l__tblr_vline_box=\box83
\l__tblr_cell_box=\box84
\l__tblr_row_upper_dim=\dimen311
\l__tblr_row_lower_dim=\dimen312
\l__tblr_row_vpace_dim=\dimen313
\l__tblr_vline_aboveskip_dim=\dimen314
\l__tblr_vline_belowskip_dim=\dimen315
\lTblrCellRowSpanInt=\count384
\lTblrCellColSpanInt=\count385
\l__tblr_cell_wd_dim=\dimen316
\l__tblr_cell_ht_dim=\dimen317
\lTblrCellAboveBorderWidthDim=\dimen318
\lTblrCellBelowBorderWidthDim=\dimen319
\lTblrCellLeftBorderWidthDim=\dimen320
\lTblrCellRightBorderWidthDim=\dimen321
\l__tblr_diag_box=\box85
\l__tblr_cell_inner_wd_dim=\dimen322
\l__tblr_cell_inner_dp_dim=\dimen323
\l__tblr_cell_hanchor_dim=\dimen324
\l__tblr_last_cell_table_ht_dim=\dimen325
\l__tblr_last_cell_table_dp_dim=\dimen326
\l__tblr_last_vline_wd_dim=\dimen327
\l__tblr_tikz_node_box=\box86
)
(C:\Users\User\AppData\Local\Programs\MiKTeX\tex/latex/booktabs\booktabs.sty
Package: booktabs 2020/01/12 v1.61803398 Publication quality tables
\heavyrulewidth=\dimen328
\lightrulewidth=\dimen329
\cmidrulewidth=\dimen330
\belowrulesep=\dimen331
\belowbottomsep=\dimen332
\aboverulesep=\dimen333
\abovetopsep=\dimen334
\cmidrulesep=\dimen335
\cmidrulekern=\dimen336
\defaultaddspace=\dimen337
\@cmidla=\count386
\@cmidlb=\count387
\@aboverulesep=\dimen338
\@belowrulesep=\dimen339
\@thisruleclass=\count388
\@lastruleclass=\count389
\@thisrulewidth=\dimen340
)
(C:\Users\User\AppData\Local\Programs\MiKTeX\tex/latex/siunitx\siunitx.sty
Package: siunitx 2026-08-23 v3.5.6 A comprehensive (SI) units package
\l__siunitx_number_uncert_offset_int=\count390
\l__siunitx_number_exponent_fixed_int=\count391
\l__siunitx_number_min_decimal_int=\count392
\l__siunitx_number_min_integer_int=\count393
\l__siunitx_number_round_precision_int=\count394
\l__siunitx_number_lower_threshold_int=\count395
\l__siunitx_number_upper_threshold_int=\count396
\l__siunitx_number_group_first_int=\count397
\l__siunitx_number_group_size_int=\count398
\l__siunitx_number_group_min_int=\count399
\l__siunitx_number_group_minimum_int=\count400
\l__siunitx_compound_count_int=\count401
\l__siunitx_table_tmp_box=\box87
\l__siunitx_table_tmp_dim=\dimen341
\l__siunitx_table_column_width_dim=\dimen342
\l__siunitx_table_integer_box=\box88
\l__siunitx_table_decimal_box=\box89
\l__siunitx_table_uncert_box=\box90
\l__siunitx_table_before_box=\box91
\l__siunitx_table_after_box=\box92
\l__siunitx_table_before_dim=\dimen343
\l__siunitx_table_carry_dim=\dimen344
\l__siunitx_unit_tmp_int=\count402
\l__siunitx_unit_position_int=\count403
\l__siunitx_unit_total_int=\count404
\l__siunitx_sexagesimal_tmp_dim=\dimen345
\l__siunitx_sexagesimal_marker_box=\box93
\l__siunitx_sexagesimal_unit_box=\box94

(C:\Users\User\AppData\Local\Programs\MiKTeX\tex/latex/tools\array.sty
Package: array 2025/09/25 v2.6n Tabular extension package (FMi)
\col@sep=\dimen346
\ar@mcellbox=\box95
\extrarowheight=\dimen347
\NC@list=\toks49
\extratabsurround=\skip103
\backup@length=\skip104
\ar@cellbox=\box96
))
(C:\Users\User\AppData\Local\Programs\MiKTeX\tex/latex/tblr-extras\tblr-extras.
sty
Package: tblr-extras 2024/06/25 package tblr-extras
) (C:\Users\User\AppData\Local\Programs\MiKTeX\tex/latex/caption\caption.sty
Package: caption 2023/08/05 v3.6o Customizing captions (AR)
(C:\Users\User\AppData\Local\Programs\MiKTeX\tex/latex/caption\caption3.sty
Package: caption3 2023/07/31 v2.4d caption3 kernel (AR)
\caption@tempdima=\dimen348
\captionmargin=\dimen349
\caption@leftmargin=\dimen350
\caption@rightmargin=\dimen351
\caption@width=\dimen352
\caption@indent=\dimen353
\caption@parindent=\dimen354
\caption@hangindent=\dimen355
Package caption Info: Standard document class detected.
)
\c@caption@flags=\count405
\c@continuedfloat=\count406
Package caption Info: hyperref package is loaded.
)
\c@theorem=\count407
\c@axiom=\count408
\c@definition=\count409
\c@problem=\count410
\c@algorithm=\count411
\c@assertion=\count412
\c@assumption=\count413
\c@condition=\count414
\c@criterion=\count415
\c@example=\count416
\c@exercise=\count417
\c@hypothesis=\count418
\c@question=\count419
\c@result=\count420
\c@acknowledgment=\count421
\c@case=\count422
\c@claim=\count423
\c@conclusion=\count424
\c@notation=\count425
\c@note=\count426
\c@property=\count427
\c@remark=\count428
\c@summary=\count429

(C:\Users\User\AppData\Local\Programs\MiKTeX\tex/latex/biblatex-chicago\biblate
x-chicago.sty
Package: biblatex-chicago 2022/07/02 v 3.18 biblatex style

(C:\Users\User\AppData\Local\Programs\MiKTeX\tex/latex/biblatex\biblatex.sty
Package: biblatex 2025/07/10 v3.21 programmable bibliographies (PK/MW)

(C:\Users\User\AppData\Local\Programs\MiKTeX\tex/latex/logreq\logreq.sty
Package: logreq 2010/08/04 v1.0 xml request logger
\lrq@indent=\count430

(C:\Users\User\AppData\Local\Programs\MiKTeX\tex/latex/logreq\logreq.def
File: logreq.def 2010/08/04 v1.0 logreq spec v1.0
))
\c@tabx@nest=\count431
\c@listtotal=\count432
\c@listcount=\count433
\c@liststart=\count434
\c@liststop=\count435
\c@citecount=\count436
\c@citetotal=\count437
\c@multicitecount=\count438
\c@multicitetotal=\count439
\c@instcount=\count440
\c@maxnames=\count441
\c@minnames=\count442
\c@maxitems=\count443
\c@minitems=\count444
\c@citecounter=\count445
\c@maxcitecounter=\count446
\c@savedcitecounter=\count447
\c@uniquelist=\count448
\c@uniquename=\count449
\c@refsection=\count450
\c@refsegment=\count451
\c@maxextratitle=\count452
\c@maxextratitleyear=\count453
\c@maxextraname=\count454
\c@maxextradate=\count455
\c@maxextraalpha=\count456
\c@abbrvpenalty=\count457
\c@highnamepenalty=\count458
\c@lownamepenalty=\count459
\c@maxparens=\count460
\c@parenlevel=\count461
\blx@tempcnta=\count462
\blx@tempcntb=\count463
\blx@tempcntc=\count464
\c@blx@maxsection=\count465
\blx@maxsegment@0=\count466
\blx@notetype=\count467
\blx@parenlevel@text=\count468
\blx@parenlevel@foot=\count469
\blx@sectionciteorder@0=\count470
\blx@sectionciteorderinternal@0=\count471
\blx@entrysetcounter=\count472
\blx@biblioinstance=\count473
\labelnumberwidth=\skip105
\labelalphawidth=\skip106
\biblabelsep=\skip107
\bibitemsep=\skip108
\bibnamesep=\skip109
\bibinitsep=\skip110
\bibparsep=\skip111
\bibhang=\skip112
\blx@bcfin=\read4
\blx@bcfout=\write3
\blx@langwohyphens=\language80
\c@mincomprange=\count474
\c@maxcomprange=\count475
\c@mincompwidth=\count476
Package biblatex Info: Trying to load biblatex default data model...
Package biblatex Info: ... file 'blx-dm.def' found.

(C:\Users\User\AppData\Local\Programs\MiKTeX\tex/latex/biblatex\blx-dm.def
File: blx-dm.def 2025/07/10 v3.21 biblatex datamodel (PK/MW)
)
Package biblatex Info: Trying to load biblatex style data model...
Package biblatex Info: ... file 'chicago-authordate.dbx' not found.
Package biblatex Info: Trying to load biblatex custom data model...
Package biblatex Info: ... file 'biblatex-dm.cfg' not found.
\c@afterword=\count477
\c@savedafterword=\count478
\c@annotator=\count479
\c@savedannotator=\count480
\c@author=\count481
\c@savedauthor=\count482
\c@bookauthor=\count483
\c@savedbookauthor=\count484
\c@commentator=\count485
\c@savedcommentator=\count486
\c@editor=\count487
\c@savededitor=\count488
\c@editora=\count489
\c@savededitora=\count490
\c@editorb=\count491
\c@savededitorb=\count492
\c@editorc=\count493
\c@savededitorc=\count494
\c@foreword=\count495
\c@savedforeword=\count496
\c@holder=\count497
\c@savedholder=\count498
\c@introduction=\count499
\c@savedintroduction=\count500
\c@namea=\count501
\c@savednamea=\count502
\c@nameb=\count503
\c@savednameb=\count504
\c@namec=\count505
\c@savednamec=\count506
\c@translator=\count507
\c@savedtranslator=\count508
\c@shortauthor=\count509
\c@savedshortauthor=\count510
\c@shorteditor=\count511
\c@savedshorteditor=\count512
\c@labelname=\count513
\c@savedlabelname=\count514
\c@institution=\count515
\c@savedinstitution=\count516
\c@lista=\count517
\c@savedlista=\count518
\c@listb=\count519
\c@savedlistb=\count520
\c@listc=\count521
\c@savedlistc=\count522
\c@listd=\count523
\c@savedlistd=\count524
\c@liste=\count525
\c@savedliste=\count526
\c@listf=\count527
\c@savedlistf=\count528
\c@location=\count529
\c@savedlocation=\count530
\c@organization=\count531
\c@savedorganization=\count532
\c@origlocation=\count533
\c@savedoriglocation=\count534
\c@origpublisher=\count535
\c@savedorigpublisher=\count536
\c@publisher=\count537
\c@savedpublisher=\count538
\c@language=\count539
\c@savedlanguage=\count540
\c@origlanguage=\count541
\c@savedoriglanguage=\count542
\c@pageref=\count543
\c@savedpageref=\count544
\shorthandwidth=\skip113
\shortjournalwidth=\skip114
\shortserieswidth=\skip115
\shorttitlewidth=\skip116
\shortauthorwidth=\skip117
\shorteditorwidth=\skip118
\locallabelnumberwidth=\skip119
\locallabelalphawidth=\skip120
\localshorthandwidth=\skip121
\localshortjournalwidth=\skip122
\localshortserieswidth=\skip123
\localshorttitlewidth=\skip124
\localshortauthorwidth=\skip125
\localshorteditorwidth=\skip126
Package biblatex Info: Trying to load compatibility code...
Package biblatex Info: ... file 'blx-compat.def' found.

(C:\Users\User\AppData\Local\Programs\MiKTeX\tex/latex/biblatex\blx-compat.def
File: blx-compat.def 2025/07/10 v3.21 biblatex compatibility (PK/MW)
)
Package biblatex Info: Trying to load generic definitions...
Package biblatex Info: ... file 'biblatex.def' found.
(C:\Users\User\AppData\Local\Programs\MiKTeX\tex/latex/biblatex\biblatex.def
File: biblatex.def 2025/07/10 v3.21 biblatex compatibility (PK/MW)
\c@textcitecount=\count545
\c@textcitetotal=\count546
\c@textcitemaxnames=\count547
\c@biburlbigbreakpenalty=\count548
\c@biburlbreakpenalty=\count549
\c@biburlnumpenalty=\count550
\c@biburlucpenalty=\count551
\c@biburllcpenalty=\count552
\biburlbigskip=\muskip19
\biburlnumskip=\muskip20
\biburlucskip=\muskip21
\biburllcskip=\muskip22
\c@smartand=\count553
)
Package biblatex Info: Trying to load natbib compatibility...
Package biblatex Info: ... file 'blx-natbib.def' found.

(C:\Users\User\AppData\Local\Programs\MiKTeX\tex/latex/biblatex\blx-natbib.def
File: blx-natbib.def 2025/07/10 v3.21 biblatex compatibility (PK/MW)
Package biblatex Info: Delimiter 'nameyeardelim' in context '' already defined,
 overwriting.
)
Package biblatex Info: Trying to load bibliography style 'chicago-authordate'..
.
Package biblatex Info: ... file 'chicago-authordate.bbx' found.

(C:\Users\User\AppData\Local\Programs\MiKTeX\tex/latex/biblatex-chicago\chicago
-authordate.bbx
File: chicago-authordate.bbx 2022/11/17 v 3.18b biblatex bibliography style
\lositemsep=\skip127
Package biblatex Info: Delimiter 'revsdnamedelim' in context '' already defined
, overwriting.
\cms@tempcnta=\count554
\cms@tempcntb=\count555
\c@bbx:relatedcount=\count556
\c@bbx:relatedtotal=\count557
)
Package biblatex Info: Trying to load citation style 'chicago-authordate'...
Package biblatex Info: ... file 'chicago-authordate.cbx' found.

(C:\Users\User\AppData\Local\Programs\MiKTeX\tex/latex/biblatex-chicago\chicago
-authordate.cbx
File: chicago-authordate.cbx 2022/07/02 v 3.18 biblatex citation style
Package biblatex Info: Trying to load citation style 'chicago-dates-common'...
Package biblatex Info: ... file 'chicago-dates-common.cbx' found.

(C:\Users\User\AppData\Local\Programs\MiKTeX\tex/latex/biblatex-chicago\chicago
-dates-common.cbx
File: chicago-dates-common.cbx 2024/04/15 v 3.20 biblatex citation style
Package biblatex Info: Redefining '\cite'.
Package biblatex Info: Redefining '\parencite'.
Package biblatex Info: Redefining '\footcite'.
Package biblatex Info: Redefining '\footcitetext'.
Package biblatex Info: Redefining '\citetitle'.
Package biblatex Info: Redefining '\footfullcite'.
Package biblatex Info: Redefining '\fullcite'.
Package biblatex Info: Redefining '\textcite'.
Package biblatex Info: Redefining '\textcites'.
Package biblatex Info: Redefining '\cites'.
Package biblatex Info: Redefining '\parencites'.
Package biblatex Info: Redefining '\footcites'.
Package biblatex Info: Redefining '\footcitetexts'.
\c@cms@punct=\count558
Package biblatex Info: Delimiter 'dateeradelim' in context '' already defined, 
overwriting.
))
Package biblatex Info: Trying to load configuration file...
Package biblatex Info: ... file 'biblatex.cfg' found.

(C:\Users\User\AppData\Local\Programs\MiKTeX\tex/latex/biblatex\biblatex.cfg
File: biblatex.cfg 
)
Package biblatex Info: Input encoding 'utf8' detected.
Package biblatex Info: Document encoding is UTF8 ....
Package biblatex Info: ... and expl3
(biblatex)             2025-12-29 L3 programming layer (loader) 
(biblatex)             is new enough (at least 2020/04/06),
(biblatex)             setting 'casechanger=expl3'.

(C:\Users\User\AppData\Local\Programs\MiKTeX\tex/latex/biblatex\blx-case-expl3.
sty
Package: blx-case-expl3 2025/07/10 v3.21 expl3 case changing code for biblatex
)))
(C:\Users\User\AppData\Local\Programs\MiKTeX\tex/latex/csquotes\csquotes.sty
Package: csquotes 2026-05-19 v5.2p context-sensitive quotations (JAW)
\csq@reset=\count559
\csq@gtype=\count560
\csq@glevel=\count561
\csq@qlevel=\count562
\csq@maxlvl=\count563
\csq@tshold=\count564
\csq@ltx@everypar=\toks50

(C:\Users\User\AppData\Local\Programs\MiKTeX\tex/latex/csquotes\csquotes.def
File: csquotes.def 2026-05-19 v5.2p csquotes generic definitions (JAW)
)
Package csquotes Info: Trying to load configuration file 'csquotes.cfg'...
Package csquotes Info: ... configuration file loaded successfully.

(C:\Users\User\AppData\Local\Programs\MiKTeX\tex/latex/csquotes\csquotes.cfg
File: csquotes.cfg 
)
Package csquotes Info: Option 'babel' depreciated.
(csquotes)             Using 'autostyle'.
Package csquotes Info: Enabling multilingual quotes.
Package csquotes Info: Redefining alias 'german' -> 'german/quotes'.
)
(C:\Users\User\AppData\Local\Programs\MiKTeX\tex/latex/chngcntr\chngcntr.sty
Package: chngcntr 2018/04/09 v1.1a change counter resetting
Package chngcntr Info: \counterwithout already defined.
(chngcntr)             Quitting chngcntr on input line 21.
)
(C:\Users\User\AppData\Local\Programs\MiKTeX\tex/latex/listings\listings.sty
\lst@mode=\count565
\lst@gtempboxa=\box97
\lst@token=\toks51
\lst@length=\count566
\lst@currlwidth=\dimen356
\lst@column=\count567
\lst@pos=\count568
\lst@lostspace=\dimen357
\lst@width=\dimen358
\lst@newlines=\count569
\lst@lineno=\count570
\lst@maxwidth=\dimen359

(C:\Users\User\AppData\Local\Programs\MiKTeX\tex/latex/listings\lstpatch.sty
File: lstpatch.sty 2025/11/14 1.11b (Carsten Heinz)
)
(C:\Users\User\AppData\Local\Programs\MiKTeX\tex/latex/listings\lstmisc.sty
File: lstmisc.sty 2025/11/14 1.11b (Carsten Heinz)
\c@lstnumber=\count571
\lst@skipnumbers=\count572
\lst@framebox=\box98
)
(C:\Users\User\AppData\Local\Programs\MiKTeX\tex/latex/listings\listings.cfg
File: listings.cfg 2025/11/14 1.11b listings configuration
))
Package: listings 2025/11/14 1.11b (Carsten Heinz)

==> First Aid for listings.sty no longer applied!
    Expected:
        2024/09/23 1.10c (Carsten Heinz)
    but found:
        2025/11/14 1.11b (Carsten Heinz)
    so I'm assuming it got fixed.

(C:\Users\User\AppData\Local\Programs\MiKTeX\tex/latex/pgf/frontendlayer\tikz.s
ty
(C:\Users\User\AppData\Local\Programs\MiKTeX\tex/latex/pgf/basiclayer\pgf.sty
(C:\Users\User\AppData\Local\Programs\MiKTeX\tex/latex/pgf/utilities\pgfrcs.sty

(C:\Users\User\AppData\Local\Programs\MiKTeX\tex/generic/pgf/utilities\pgfutil-
common.tex
\pgfutil@everybye=\toks52
\pgfutil@tempdima=\dimen360
\pgfutil@tempdimb=\dimen361
)
(C:\Users\User\AppData\Local\Programs\MiKTeX\tex/generic/pgf/utilities\pgfutil-
latex.def
\pgfutil@abb=\box99
)
(C:\Users\User\AppData\Local\Programs\MiKTeX\tex/generic/pgf/utilities\pgfrcs.c
ode.tex
(C:\Users\User\AppData\Local\Programs\MiKTeX\tex/generic/pgf\pgf.revision.tex)
Package: pgfrcs 2025-08-29 v3.1.11a (3.1.11a)
))
Package: pgf 2025-08-29 v3.1.11a (3.1.11a)

(C:\Users\User\AppData\Local\Programs\MiKTeX\tex/latex/pgf/basiclayer\pgfcore.s
ty
(C:\Users\User\AppData\Local\Programs\MiKTeX\tex/latex/pgf/systemlayer\pgfsys.s
ty
(C:\Users\User\AppData\Local\Programs\MiKTeX\tex/generic/pgf/systemlayer\pgfsys
.code.tex
Package: pgfsys 2025-08-29 v3.1.11a (3.1.11a)

(C:\Users\User\AppData\Local\Programs\MiKTeX\tex/generic/pgf/utilities\pgfkeys.
code.tex
\pgfkeys@pathtoks=\toks53
\pgfkeys@temptoks=\toks54

(C:\Users\User\AppData\Local\Programs\MiKTeX\tex/generic/pgf/utilities\pgfkeysl
ibraryfiltered.code.tex
\pgfkeys@tmptoks=\toks55
))
\pgf@x=\dimen362
\pgf@y=\dimen363
\pgf@xa=\dimen364
\pgf@ya=\dimen365
\pgf@xb=\dimen366
\pgf@yb=\dimen367
\pgf@xc=\dimen368
\pgf@yc=\dimen369
\pgf@xd=\dimen370
\pgf@yd=\dimen371
\w@pgf@writea=\write4
\r@pgf@reada=\read5
\c@pgf@counta=\count573
\c@pgf@countb=\count574
\c@pgf@countc=\count575
\c@pgf@countd=\count576
\t@pgf@toka=\toks56
\t@pgf@tokb=\toks57
\t@pgf@tokc=\toks58
\pgf@sys@id@count=\count577

(C:\Users\User\AppData\Local\Programs\MiKTeX\tex/generic/pgf/systemlayer\pgf.cf
g
File: pgf.cfg 2025-08-29 v3.1.11a (3.1.11a)
)
Driver file for pgf: pgfsys-pdftex.def

(C:\Users\User\AppData\Local\Programs\MiKTeX\tex/generic/pgf/systemlayer\pgfsys
-pdftex.def
File: pgfsys-pdftex.def 2025-08-29 v3.1.11a (3.1.11a)

(C:\Users\User\AppData\Local\Programs\MiKTeX\tex/generic/pgf/systemlayer\pgfsys
-common-pdf.def
File: pgfsys-common-pdf.def 2025-08-29 v3.1.11a (3.1.11a)
)))
(C:\Users\User\AppData\Local\Programs\MiKTeX\tex/generic/pgf/systemlayer\pgfsys
softpath.code.tex
File: pgfsyssoftpath.code.tex 2025-08-29 v3.1.11a (3.1.11a)
\pgfsyssoftpath@smallbuffer@items=\count578
\pgfsyssoftpath@bigbuffer@items=\count579
)
(C:\Users\User\AppData\Local\Programs\MiKTeX\tex/generic/pgf/systemlayer\pgfsys
protocol.code.tex
File: pgfsysprotocol.code.tex 2025-08-29 v3.1.11a (3.1.11a)
))
(C:\Users\User\AppData\Local\Programs\MiKTeX\tex/generic/pgf/basiclayer\pgfcore
.code.tex
Package: pgfcore 2025-08-29 v3.1.11a (3.1.11a)

(C:\Users\User\AppData\Local\Programs\MiKTeX\tex/generic/pgf/math\pgfmath.code.
tex
(C:\Users\User\AppData\Local\Programs\MiKTeX\tex/generic/pgf/math\pgfmathutil.c
ode.tex)
(C:\Users\User\AppData\Local\Programs\MiKTeX\tex/generic/pgf/math\pgfmathparser
.code.tex
\pgfmath@dimen=\dimen372
\pgfmath@count=\count580
\pgfmath@box=\box100
\pgfmath@toks=\toks59
\pgfmath@stack@operand=\toks60
\pgfmath@stack@operation=\toks61
)
(C:\Users\User\AppData\Local\Programs\MiKTeX\tex/generic/pgf/math\pgfmathfuncti
ons.code.tex)
(C:\Users\User\AppData\Local\Programs\MiKTeX\tex/generic/pgf/math\pgfmathfuncti
ons.basic.code.tex)
(C:\Users\User\AppData\Local\Programs\MiKTeX\tex/generic/pgf/math\pgfmathfuncti
ons.trigonometric.code.tex)
(C:\Users\User\AppData\Local\Programs\MiKTeX\tex/generic/pgf/math\pgfmathfuncti
ons.random.code.tex)
(C:\Users\User\AppData\Local\Programs\MiKTeX\tex/generic/pgf/math\pgfmathfuncti
ons.comparison.code.tex)
(C:\Users\User\AppData\Local\Programs\MiKTeX\tex/generic/pgf/math\pgfmathfuncti
ons.base.code.tex)
(C:\Users\User\AppData\Local\Programs\MiKTeX\tex/generic/pgf/math\pgfmathfuncti
ons.round.code.tex)
(C:\Users\User\AppData\Local\Programs\MiKTeX\tex/generic/pgf/math\pgfmathfuncti
ons.misc.code.tex)
(C:\Users\User\AppData\Local\Programs\MiKTeX\tex/generic/pgf/math\pgfmathfuncti
ons.integerarithmetics.code.tex)
(C:\Users\User\AppData\Local\Programs\MiKTeX\tex/generic/pgf/math\pgfmathcalc.c
ode.tex)
(C:\Users\User\AppData\Local\Programs\MiKTeX\tex/generic/pgf/math\pgfmathfloat.
code.tex
\c@pgfmathroundto@lastzeros=\count581
))
(C:\Users\User\AppData\Local\Programs\MiKTeX\tex/generic/pgf/math\pgfint.code.t
ex)
(C:\Users\User\AppData\Local\Programs\MiKTeX\tex/generic/pgf/basiclayer\pgfcore
points.code.tex
File: pgfcorepoints.code.tex 2025-08-29 v3.1.11a (3.1.11a)
\pgf@picminx=\dimen373
\pgf@picmaxx=\dimen374
\pgf@picminy=\dimen375
\pgf@picmaxy=\dimen376
\pgf@pathminx=\dimen377
\pgf@pathmaxx=\dimen378
\pgf@pathminy=\dimen379
\pgf@pathmaxy=\dimen380
\pgf@xx=\dimen381
\pgf@xy=\dimen382
\pgf@yx=\dimen383
\pgf@yy=\dimen384
\pgf@zx=\dimen385
\pgf@zy=\dimen386
)
(C:\Users\User\AppData\Local\Programs\MiKTeX\tex/generic/pgf/basiclayer\pgfcore
pathconstruct.code.tex
File: pgfcorepathconstruct.code.tex 2025-08-29 v3.1.11a (3.1.11a)
\pgf@path@lastx=\dimen387
\pgf@path@lasty=\dimen388
)
(C:\Users\User\AppData\Local\Programs\MiKTeX\tex/generic/pgf/basiclayer\pgfcore
pathusage.code.tex
File: pgfcorepathusage.code.tex 2025-08-29 v3.1.11a (3.1.11a)
\pgf@shorten@end@additional=\dimen389
\pgf@shorten@start@additional=\dimen390
)
(C:\Users\User\AppData\Local\Programs\MiKTeX\tex/generic/pgf/basiclayer\pgfcore
scopes.code.tex
File: pgfcorescopes.code.tex 2025-08-29 v3.1.11a (3.1.11a)
\pgfpic=\box101
\pgf@hbox=\box102
\pgf@layerbox@main=\box103
\pgf@picture@serial@count=\count582
)
(C:\Users\User\AppData\Local\Programs\MiKTeX\tex/generic/pgf/basiclayer\pgfcore
graphicstate.code.tex
File: pgfcoregraphicstate.code.tex 2025-08-29 v3.1.11a (3.1.11a)
\pgflinewidth=\dimen391
)
(C:\Users\User\AppData\Local\Programs\MiKTeX\tex/generic/pgf/basiclayer\pgfcore
transformations.code.tex
File: pgfcoretransformations.code.tex 2025-08-29 v3.1.11a (3.1.11a)
\pgf@pt@x=\dimen392
\pgf@pt@y=\dimen393
\pgf@pt@temp=\dimen394
)
(C:\Users\User\AppData\Local\Programs\MiKTeX\tex/generic/pgf/basiclayer\pgfcore
quick.code.tex
File: pgfcorequick.code.tex 2025-08-29 v3.1.11a (3.1.11a)
)
(C:\Users\User\AppData\Local\Programs\MiKTeX\tex/generic/pgf/basiclayer\pgfcore
objects.code.tex
File: pgfcoreobjects.code.tex 2025-08-29 v3.1.11a (3.1.11a)
)
(C:\Users\User\AppData\Local\Programs\MiKTeX\tex/generic/pgf/basiclayer\pgfcore
pathprocessing.code.tex
File: pgfcorepathprocessing.code.tex 2025-08-29 v3.1.11a (3.1.11a)
)
(C:\Users\User\AppData\Local\Programs\MiKTeX\tex/generic/pgf/basiclayer\pgfcore
arrows.code.tex
File: pgfcorearrows.code.tex 2025-08-29 v3.1.11a (3.1.11a)
\pgfarrowsep=\dimen395
)
(C:\Users\User\AppData\Local\Programs\MiKTeX\tex/generic/pgf/basiclayer\pgfcore
shade.code.tex
File: pgfcoreshade.code.tex 2025-08-29 v3.1.11a (3.1.11a)
\pgf@max=\dimen396
\pgf@sys@shading@range@num=\count583
\pgf@shadingcount=\count584
)
(C:\Users\User\AppData\Local\Programs\MiKTeX\tex/generic/pgf/basiclayer\pgfcore
image.code.tex
File: pgfcoreimage.code.tex 2025-08-29 v3.1.11a (3.1.11a)
)
(C:\Users\User\AppData\Local\Programs\MiKTeX\tex/generic/pgf/basiclayer\pgfcore
external.code.tex
File: pgfcoreexternal.code.tex 2025-08-29 v3.1.11a (3.1.11a)
\pgfexternal@startupbox=\box104
)
(C:\Users\User\AppData\Local\Programs\MiKTeX\tex/generic/pgf/basiclayer\pgfcore
layers.code.tex
File: pgfcorelayers.code.tex 2025-08-29 v3.1.11a (3.1.11a)
)
(C:\Users\User\AppData\Local\Programs\MiKTeX\tex/generic/pgf/basiclayer\pgfcore
transparency.code.tex
File: pgfcoretransparency.code.tex 2025-08-29 v3.1.11a (3.1.11a)
)
(C:\Users\User\AppData\Local\Programs\MiKTeX\tex/generic/pgf/basiclayer\pgfcore
patterns.code.tex
File: pgfcorepatterns.code.tex 2025-08-29 v3.1.11a (3.1.11a)
)
(C:\Users\User\AppData\Local\Programs\MiKTeX\tex/generic/pgf/basiclayer\pgfcore
rdf.code.tex
File: pgfcorerdf.code.tex 2025-08-29 v3.1.11a (3.1.11a)
)))
(C:\Users\User\AppData\Local\Programs\MiKTeX\tex/generic/pgf/modules\pgfmodules
hapes.code.tex
File: pgfmoduleshapes.code.tex 2025-08-29 v3.1.11a (3.1.11a)
\pgfnodeparttextbox=\box105
)
(C:\Users\User\AppData\Local\Programs\MiKTeX\tex/generic/pgf/modules\pgfmodulep
lot.code.tex
File: pgfmoduleplot.code.tex 2025-08-29 v3.1.11a (3.1.11a)
)
(C:\Users\User\AppData\Local\Programs\MiKTeX\tex/latex/pgf/compatibility\pgfcom
p-version-0-65.sty
Package: pgfcomp-version-0-65 2025-08-29 v3.1.11a (3.1.11a)
\pgf@nodesepstart=\dimen397
\pgf@nodesepend=\dimen398
)
(C:\Users\User\AppData\Local\Programs\MiKTeX\tex/latex/pgf/compatibility\pgfcom
p-version-1-18.sty
Package: pgfcomp-version-1-18 2025-08-29 v3.1.11a (3.1.11a)
))
(C:\Users\User\AppData\Local\Programs\MiKTeX\tex/latex/pgf/utilities\pgffor.sty

(C:\Users\User\AppData\Local\Programs\MiKTeX\tex/latex/pgf/utilities\pgfkeys.st
y
(C:\Users\User\AppData\Local\Programs\MiKTeX\tex/generic/pgf/utilities\pgfkeys.
code.tex))
(C:\Users\User\AppData\Local\Programs\MiKTeX\tex/latex/pgf/math\pgfmath.sty
(C:\Users\User\AppData\Local\Programs\MiKTeX\tex/generic/pgf/math\pgfmath.code.
tex))
(C:\Users\User\AppData\Local\Programs\MiKTeX\tex/generic/pgf/utilities\pgffor.c
ode.tex
Package: pgffor 2025-08-29 v3.1.11a (3.1.11a)
\pgffor@iter=\dimen399
\pgffor@skip=\dimen400
\pgffor@stack=\toks62
\pgffor@toks=\toks63
))
(C:\Users\User\AppData\Local\Programs\MiKTeX\tex/generic/pgf/frontendlayer/tikz
\tikz.code.tex
Package: tikz 2025-08-29 v3.1.11a (3.1.11a)

(C:\Users\User\AppData\Local\Programs\MiKTeX\tex/generic/pgf/libraries\pgflibra
ryplothandlers.code.tex
File: pgflibraryplothandlers.code.tex 2025-08-29 v3.1.11a (3.1.11a)
\pgf@plot@mark@count=\count585
\pgfplotmarksize=\dimen401
)
\tikz@lastx=\dimen402
\tikz@lasty=\dimen403
\tikz@lastxsaved=\dimen404
\tikz@lastysaved=\dimen405
\tikz@lastmovetox=\dimen406
\tikz@lastmovetoy=\dimen407
\tikzleveldistance=\dimen408
\tikzsiblingdistance=\dimen409
\tikz@figbox=\box106
\tikz@figbox@bg=\box107
\tikz@tempbox=\box108
\tikz@tempbox@bg=\box109
\tikztreelevel=\count586
\tikznumberofchildren=\count587
\tikznumberofcurrentchild=\count588
\tikz@fig@count=\count589

(C:\Users\User\AppData\Local\Programs\MiKTeX\tex/generic/pgf/modules\pgfmodulem
atrix.code.tex
File: pgfmodulematrix.code.tex 2025-08-29 v3.1.11a (3.1.11a)
\pgfmatrixcurrentrow=\count590
\pgfmatrixcurrentcolumn=\count591
\pgf@matrix@numberofcolumns=\count592
)
\tikz@expandcount=\count593

(C:\Users\User\AppData\Local\Programs\MiKTeX\tex/generic/pgf/frontendlayer/tikz
/libraries\tikzlibrarytopaths.code.tex
File: tikzlibrarytopaths.code.tex 2025-08-29 v3.1.11a (3.1.11a)
)))
(C:\Users\User\AppData\Local\Programs\MiKTeX\tex/generic/pgf/frontendlayer/tikz
/libraries\tikzlibrarycalc.code.tex
File: tikzlibrarycalc.code.tex 2025-08-29 v3.1.11a (3.1.11a)
)
(C:\Users\User\AppData\Local\Programs\MiKTeX\tex/latex/printlen\printlen.sty
Package: printlen 2009/09/03 v1.1a print lengths with units
)
LaTeX Font Info:    Trying to load font information for T1+ntxtlf on input line
 1082.

(C:\Users\User\AppData\Local\Programs\MiKTeX\tex/latex/newtx\t1ntxtlf.fd
File: t1ntxtlf.fd 2021/05/24 v1.1 font definition file for T1/ntx/tlf
)
LaTeX Font Info:    Font shape `T1/ntxtlf/m/n' will be
(Font)              scaled to size 10.94495pt on input line 1082.
Package csquotes Info: Checking for multilingual support...
Package csquotes Info: ... found 'babel' package.

(main.aux
(C:\Users\User\AppData\Local\Programs\MiKTeX\tex/generic/babel/locale/en\babel-
usenglish.tex)
Package babel Info: Importing data for USenglish
(babel)             from babel-en-US.ini. Reported on input line 11.
)
\openout1 = `main.aux'.

LaTeX Font Info:    Checking defaults for OML/ntxmi/m/it on input line 1082.
LaTeX Font Info:    Trying to load font information for OML+ntxmi on input line
 1082.

(C:\Users\User\AppData\Local\Programs\MiKTeX\tex/latex/newtx\omlntxmi.fd
File: omlntxmi.fd 2015/08/25 Fontinst v1.933 font definitions for OML/ntxmi.
)
LaTeX Font Info:    ... okay on input line 1082.
LaTeX Font Info:    Checking defaults for OMS/cmsy/m/n on input line 1082.
LaTeX Font Info:    ... okay on input line 1082.
LaTeX Font Info:    Checking defaults for OT1/cmr/m/n on input line 1082.
LaTeX Font Info:    ... okay on input line 1082.
LaTeX Font Info:    Checking defaults for T1/cmr/m/n on input line 1082.
LaTeX Font Info:    ... okay on input line 1082.
LaTeX Font Info:    Checking defaults for TS1/cmr/m/n on input line 1082.
LaTeX Font Info:    ... okay on input line 1082.
LaTeX Font Info:    Checking defaults for OMX/cmex/m/n on input line 1082.
LaTeX Font Info:    ... okay on input line 1082.
LaTeX Font Info:    Checking defaults for U/ntxexa/m/n on input line 1082.
LaTeX Font Info:    Trying to load font information for U+ntxexa on input line 
1082.

(C:\Users\User\AppData\Local\Programs\MiKTeX\tex/latex/newtx\untxexa.fd
File: untxexa.fd 2012/04/16 Fontinst v1.933 font definitions for U/ntxexa.
)
LaTeX Font Info:    ... okay on input line 1082.
LaTeX Font Info:    Checking defaults for LGR/cmr/m/n on input line 1082.
LaTeX Font Info:    Trying to load font information for LGR+cmr on input line 1
082.

(C:\Users\User\AppData\Local\Programs\MiKTeX\tex/latex/cbfonts-fd\lgrcmr.fd
File: lgrcmr.fd 2017/07/29 v1.2 Greek European Computer Regular
)
LaTeX Font Info:    ... okay on input line 1082.
LaTeX Font Info:    Checking defaults for PD1/pdf/m/n on input line 1082.
LaTeX Font Info:    ... okay on input line 1082.
LaTeX Font Info:    Checking defaults for PU/pdf/m/n on input line 1082.
LaTeX Font Info:    ... okay on input line 1082.
LaTeX Font Info:    Checking defaults for LMS/ntxsy/m/n on input line 1082.
LaTeX Font Info:    Trying to load font information for LMS+ntxsy on input line
 1082.

(C:\Users\User\AppData\Local\Programs\MiKTeX\tex/latex/newtx\lmsntxsy.fd
File: lmsntxsy.fd 2016/07/02 Fontinst v1.933 font definitions for LMS/ntxsy.
)
LaTeX Font Info:    ... okay on input line 1082.
LaTeX Font Info:    Checking defaults for LMX/ntxexx/m/n on input line 1082.
LaTeX Font Info:    Trying to load font information for LMX+ntxexx on input lin
e 1082.

(C:\Users\User\AppData\Local\Programs\MiKTeX\tex/latex/newtx\lmxntxexx.fd
File: lmxntxexx.fd 2016/07/03 Fontinst v1.933 font definitions for LMX/ntxexx.
)
LaTeX Font Info:    ... okay on input line 1082.
LaTeX Font Info:    Font shape `T1/ntxtlf/m/n' will be
(Font)              scaled to size 10.89519pt on input line 1082.

(C:\Users\User\AppData\Local\Programs\MiKTeX\tex/context/base/mkii\supp-pdf.mki
i
[Loading MPS to PDF converter (version 2006.09.02).]
\scratchcounter=\count594
\scratchdimen=\dimen410
\scratchbox=\box110
\nofMPsegments=\count595
\nofMParguments=\count596
\everyMPshowfont=\toks64
\MPscratchCnt=\count597
\MPscratchDim=\dimen411
\MPnumerator=\count598
\makeMPintoPDFobject=\count599
\everyMPtoPDFconversion=\toks65
)
(C:\Users\User\AppData\Local\Programs\MiKTeX\tex/latex/epstopdf-pkg\epstopdf-ba
se.sty
Package: epstopdf-base 2020-01-24 v2.11 Base part for package epstopdf
Package epstopdf-base Info: Redefining graphics rule for `.eps' on input line 4
85.

(C:\Users\User\AppData\Local\Programs\MiKTeX\tex/latex/00miktex\epstopdf-sys.cf
g
File: epstopdf-sys.cfg 2021/03/18 v2.0 Configuration of epstopdf for MiKTeX
))
LaTeX Info: Command `\dddot' is already robust on input line 1082.
LaTeX Info: Command `\ddddot' is already robust on input line 1082.

isodate: babel.sty has been loaded
Package hyperref Info: Link coloring ON on input line 1082.
(main.out) (main.out)
\@outlinefile=\write5
\openout5 = `main.out'.


*geometry* driver: auto-detecting
*geometry* detected driver: pdftex
*geometry* verbose mode - [ preamble ] result:
* driver: pdftex
* paper: a4paper
* layout: <same size as paper>
* layoutoffset:(h,v)=(0.0pt,0.0pt)
* modes: 
* h-part:(L,W,R)=(71.13188pt, 412.56497pt, 113.81102pt)
* v-part:(T,H,B)=(79.6678pt, 685.71124pt, 79.6678pt)
* \paperwidth=597.50787pt
* \paperheight=845.04684pt
* \textwidth=412.56497pt
* \textheight=682.5pt
* \oddsidemargin=-1.1381pt
* \evensidemargin=-1.1381pt
* \topmargin=-30.10219pt
* \headheight=15.0pt
* \headsep=22.5pt
* \topskip=11.0pt
* \footskip=30.0pt
* \marginparwidth=92.47145pt
* \marginparsep=10.0pt
* \columnsep=10.0pt
* \skip\footins=19.5pt plus 58.5pt
* \hoffset=0.0pt
* \voffset=0.0pt
* \mag=1000
* \@twocolumnfalse
* \@twosidefalse
* \@mparswitchfalse
* \@reversemarginfalse
* (1in=72.27pt=25.4mm, 1cm=28.453pt)

\c@mv@tabular=\count600
\c@mv@boldtabular=\count601
LaTeX Info: Redefining \microtypecontext on input line 1082.
Package microtype Info: Applying patch `item' on input line 1082.
Package microtype Info: Applying patch `toc' on input line 1082.
Package microtype Info: Applying patch `eqnum' on input line 1082.
Package microtype Info: Applying patch `footnote' on input line 1082.
Package microtype Info: Applying patch `verbatim' on input line 1082.
LaTeX Info: Redefining \microtypesetup on input line 1082.
Package microtype Info: Generating PDF output.
Package microtype Info: Character protrusion enabled (level 1).
Package microtype Info: Using default protrusion set `alltext'.
Package microtype Info: No font expansion.
Package microtype Info: No adjustment of tracking.
Package microtype Info: No adjustment of interword spacing.
Package microtype Info: No adjustment of character kerning.
(C:\Users\User\AppData\Local\Programs\MiKTeX\tex/latex/microtype\mt-ptm.cfg
File: mt-ptm.cfg 2006/04/20 v1.7 microtype config. file: Times (RS)
)
Package caption Info: Begin \AtBeginDocument code.
Package caption Info: listings package is loaded.
Package caption Info: End \AtBeginDocument code.
Package biblatex Info: Trying to load language 'english' -> 'cms-american'...
Package biblatex Info: ... file 'cms-american.lbx' found.

(C:\Users\User\AppData\Local\Programs\MiKTeX\tex/latex/biblatex-chicago\cms-ame
rican.lbx
File: cms-american.lbx 2022/07/02 v 3.18 biblatex localization
Package biblatex Info: Trying to load language 'american'...
Package biblatex Info: ... file 'american.lbx' found.

(C:\Users\User\AppData\Local\Programs\MiKTeX\tex/latex/biblatex/lbx\american.lb
x
File: american.lbx 2025/07/10 v3.21 biblatex localization (PK/MW)
Package biblatex Info: Trying to load language 'english'...
Package biblatex Info: ... file 'english.lbx' found.

(C:\Users\User\AppData\Local\Programs\MiKTeX\tex/latex/biblatex/lbx\english.lbx
File: english.lbx 2025/07/10 v3.21 biblatex localization (PK/MW)
))
Package biblatex Info: Trying to load language 'english'...
Package biblatex Info: ... file 'english.lbx' found.

(C:\Users\User\AppData\Local\Programs\MiKTeX\tex/latex/biblatex/lbx\english.lbx
File: english.lbx 2025/07/10 v3.21 biblatex localization (PK/MW)
))
Package biblatex Info: Trying to load language 'ngerman' -> 'cms-ngerman'...
Package biblatex Info: ... file 'cms-ngerman.lbx' found.

(C:\Users\User\AppData\Local\Programs\MiKTeX\tex/latex/biblatex-chicago\cms-nge
rman.lbx
File: cms-ngerman.lbx 2022/07/02 v 3.18 biblatex localization
Package biblatex Info: Trying to load language 'ngerman'...
Package biblatex Info: ... file 'ngerman.lbx' found.

(C:\Users\User\AppData\Local\Programs\MiKTeX\tex/latex/biblatex/lbx\ngerman.lbx
File: ngerman.lbx 2025/07/10 v3.21 biblatex localization (PK/MW)
Package biblatex Info: Trying to load language 'german' -> 'cms-german'...
Package biblatex Info: ... file 'cms-german.lbx' found.

(C:\Users\User\AppData\Local\Programs\MiKTeX\tex/latex/biblatex-chicago\cms-ger
man.lbx
File: cms-german.lbx 2022/07/02 v 3.18 biblatex localization
Package biblatex Info: Trying to load language 'german'...
Package biblatex Info: ... file 'german.lbx' found.

(C:\Users\User\AppData\Local\Programs\MiKTeX\tex/latex/biblatex/lbx\german.lbx
File: german.lbx 2025/07/10 v3.21 biblatex localization (PK/MW)
)))
Package biblatex Info: Trying to load language 'ngerman'...
Package biblatex Info: ... file 'ngerman.lbx' found.

(C:\Users\User\AppData\Local\Programs\MiKTeX\tex/latex/biblatex/lbx\ngerman.lbx
File: ngerman.lbx 2025/07/10 v3.21 biblatex localization (PK/MW)
Package biblatex Info: Trying to load language 'german' -> 'cms-german'...
Package biblatex Info: ... file 'cms-german.lbx' found.

(C:\Users\User\AppData\Local\Programs\MiKTeX\tex/latex/biblatex-chicago\cms-ger
man.lbx
File: cms-german.lbx 2022/07/02 v 3.18 biblatex localization
Package biblatex Info: Trying to load language 'german'...
Package biblatex Info: ... file 'german.lbx' found.

(C:\Users\User\AppData\Local\Programs\MiKTeX\tex/latex/biblatex/lbx\german.lbx
File: german.lbx 2025/07/10 v3.21 biblatex localization (PK/MW)
))))
Package biblatex Info: Trying to load language 'USenglish'...
Package biblatex Info: ... file 'USenglish.lbx' found.

(C:\Users\User\AppData\Local\Programs\MiKTeX\tex/latex/biblatex/lbx\USenglish.l
bx
File: USenglish.lbx 2025/07/10 v3.21 biblatex localization (PK/MW)
Package biblatex Info: Trying to load language 'american'...
Package biblatex Info: ... file 'american.lbx' found.

(C:\Users\User\AppData\Local\Programs\MiKTeX\tex/latex/biblatex/lbx\american.lb
x
File: american.lbx 2025/07/10 v3.21 biblatex localization (PK/MW)
Package biblatex Info: Trying to load language 'english' -> 'cms-american'...
Package biblatex Info: ... file 'cms-american.lbx' found.

(C:\Users\User\AppData\Local\Programs\MiKTeX\tex/latex/biblatex-chicago\cms-ame
rican.lbx
File: cms-american.lbx 2022/07/02 v 3.18 biblatex localization
Package biblatex Info: Trying to load language 'american'...
Package biblatex Info: ... file 'american.lbx' found.

(C:\Users\User\AppData\Local\Programs\MiKTeX\tex/latex/biblatex/lbx\american.lb
x
File: american.lbx 2025/07/10 v3.21 biblatex localization (PK/MW)
Package biblatex Info: Trying to load language 'english'...
Package biblatex Info: ... file 'english.lbx' found.

(C:\Users\User\AppData\Local\Programs\MiKTeX\tex/latex/biblatex/lbx\english.lbx
File: english.lbx 2025/07/10 v3.21 biblatex localization (PK/MW)
))))
Package biblatex Info: Trying to load language 'american'...
Package biblatex Info: ... file 'american.lbx' found.

(C:\Users\User\AppData\Local\Programs\MiKTeX\tex/latex/biblatex/lbx\american.lb
x
File: american.lbx 2025/07/10 v3.21 biblatex localization (PK/MW)
Package biblatex Info: Trying to load language 'english' -> 'cms-american'...
Package biblatex Info: ... file 'cms-american.lbx' found.

(C:\Users\User\AppData\Local\Programs\MiKTeX\tex/latex/biblatex-chicago\cms-ame
rican.lbx
File: cms-american.lbx 2022/07/02 v 3.18 biblatex localization
Package biblatex Info: Trying to load language 'english'...
Package biblatex Info: ... file 'english.lbx' found.

(C:\Users\User\AppData\Local\Programs\MiKTeX\tex/latex/biblatex/lbx\english.lbx
File: english.lbx 2025/07/10 v3.21 biblatex localization (PK/MW)
))))
Package biblatex Info: Input encoding 'utf8' detected.
Package biblatex Info: Automatic encoding selection.
(biblatex)             Assuming data encoding 'utf8'.
\openout3 = `main.bcf'.

Package biblatex Info: Trying to load bibliographic data...
Package biblatex Info: ... file 'main.bbl' found.
 (main.bbl)
Package biblatex Info: Reference section=0 on input line 1082.
Package biblatex Info: Reference segment=0 on input line 1082.
\c@lstlisting=\count602
LaTeX Font Info:    Font shape `T1/ntxtlf/m/n' will be
(Font)              scaled to size 14.32791pt on input line 1090.
LaTeX Font Info:    Font shape `T1/ntxtlf/m/n' will be
(Font)              scaled to size 13.92993pt on input line 1090.
LaTeX Font Info:    Font shape `T1/ntxtlf/b/n' will be
(Font)              scaled to size 27.36237pt on input line 1090.
LaTeX Font Info:    Font shape `T1/ntxtlf/m/n' will be
(Font)              scaled to size 20.6362pt on input line 1090.
LaTeX Font Info:    Font shape `T1/ntxtlf/m/n' will be
(Font)              scaled to size 17.19351pt on input line 1090.
 [1

{C:/Users/User/AppData/Local/MiKTeX/fonts/map/pdftex/pdftex.map}{C:/Users/User/
AppData/Local/Programs/MiKTeX/fonts/enc/dvips/newtx/ntx-ec-tlf.enc}]
LaTeX Font Info:    Font shape `T1/ntxtlf/b/n' will be
(Font)              scaled to size 13.92993pt on input line 1094.
 (main.toc
LaTeX Font Info:    Font shape `T1/ntxtlf/b/n' will be
(Font)              scaled to size 10.94495pt on input line 7.
LaTeX Font Info:    Trying to load font information for OT1+minntx on input lin
e 8.

(C:\Users\User\AppData\Local\Programs\MiKTeX\tex/latex/newtx\ot1minntx.fd
File: ot1minntx.fd 2023/09/09 v1.1 font definition file for OT1/minntx
)
LaTeX Font Info:    Font shape `OT1/minntx/m/n' will be
(Font)              scaled to size 10.89519pt on input line 8.
Package microtype Info: Loading generic protrusion settings for font family
(microtype)             `minntx' (encoding: OT1).
(microtype)             For optimal results, create family-specific settings.
(microtype)             See the microtype manual for details.
LaTeX Font Info:    Font shape `OT1/minntx/m/n' will be
(Font)              scaled to size 7.95996pt on input line 8.
LaTeX Font Info:    Font shape `OT1/minntx/m/n' will be
(Font)              scaled to size 6.06947pt on input line 8.
LaTeX Font Info:    Font shape `OML/ntxmi/m/it' will be
(Font)              scaled to size 10.89519pt on input line 8.
LaTeX Font Info:    Font shape `OML/ntxmi/m/it' will be
(Font)              scaled to size 7.95996pt on input line 8.
LaTeX Font Info:    Font shape `OML/ntxmi/m/it' will be
(Font)              scaled to size 6.06947pt on input line 8.
LaTeX Font Info:    Font shape `LMS/ntxsy/m/n' will be
(Font)              scaled to size 10.89519pt on input line 8.
LaTeX Font Info:    Font shape `LMS/ntxsy/m/n' will be
(Font)              scaled to size 7.95996pt on input line 8.
LaTeX Font Info:    Font shape `LMS/ntxsy/m/n' will be
(Font)              scaled to size 6.06947pt on input line 8.
LaTeX Font Info:    Font shape `LMX/ntxexx/m/n' will be
(Font)              scaled to size 10.89519pt on input line 8.
LaTeX Font Info:    Font shape `LMX/ntxexx/m/n' will be
(Font)              scaled to size 7.95996pt on input line 8.
LaTeX Font Info:    Font shape `LMX/ntxexx/m/n' will be
(Font)              scaled to size 6.06947pt on input line 8.
LaTeX Font Info:    Trying to load font information for U+ntxmia on input line 
8.

(C:\Users\User\AppData\Local\Programs\MiKTeX\tex/latex/newtx\untxmia.fd
File: untxmia.fd 2024/04/09 Fontinst v1.933 font definitions for U/ntxmia.
)
LaTeX Font Info:    Font shape `U/ntxmia/m/it' will be
(Font)              scaled to size 10.89519pt on input line 8.
LaTeX Font Info:    Font shape `U/ntxmia/m/it' will be
(Font)              scaled to size 7.95996pt on input line 8.
LaTeX Font Info:    Font shape `U/ntxmia/m/it' will be
(Font)              scaled to size 6.06947pt on input line 8.
LaTeX Font Info:    Trying to load font information for U+ntxsym on input line 
8.

(C:\Users\User\AppData\Local\Programs\MiKTeX\tex/latex/newtx\untxsym.fd
File: untxsym.fd 2023/08/16 Fontinst v1.933 font definitions for U/ntxsym.
)
LaTeX Font Info:    Font shape `U/ntxsym/m/n' will be
(Font)              scaled to size 10.89519pt on input line 8.
LaTeX Font Info:    Font shape `U/ntxsym/m/n' will be
(Font)              scaled to size 7.95996pt on input line 8.
LaTeX Font Info:    Font shape `U/ntxsym/m/n' will be
(Font)              scaled to size 6.06947pt on input line 8.
LaTeX Font Info:    Trying to load font information for U+ntxsyc on input line 
8.

(C:\Users\User\AppData\Local\Programs\MiKTeX\tex/latex/newtx\untxsyc.fd
File: untxsyc.fd 2012/04/12 Fontinst v1.933 font definitions for U/ntxsyc.
)
LaTeX Font Info:    Font shape `U/ntxsyc/m/n' will be
(Font)              scaled to size 10.89519pt on input line 8.
LaTeX Font Info:    Font shape `U/ntxsyc/m/n' will be
(Font)              scaled to size 7.95996pt on input line 8.
LaTeX Font Info:    Font shape `U/ntxsyc/m/n' will be
(Font)              scaled to size 6.06947pt on input line 8.
LaTeX Font Info:    Font shape `U/ntxexa/m/n' will be
(Font)              scaled to size 10.89519pt on input line 8.
LaTeX Font Info:    Font shape `U/ntxexa/m/n' will be
(Font)              scaled to size 7.95996pt on input line 8.
LaTeX Font Info:    Font shape `U/ntxexa/m/n' will be
(Font)              scaled to size 6.06947pt on input line 8.
LaTeX Font Info:    Font shape `OT1/minntx/b/n' will be
(Font)              scaled to size 10.89519pt on input line 8.
LaTeX Font Info:    Font shape `OT1/minntx/b/n' will be
(Font)              scaled to size 7.95996pt on input line 8.
LaTeX Font Info:    Font shape `OT1/minntx/b/n' will be
(Font)              scaled to size 6.06947pt on input line 8.
LaTeX Font Info:    Font shape `OML/ntxmi/b/it' will be
(Font)              scaled to size 10.89519pt on input line 8.
LaTeX Font Info:    Font shape `OML/ntxmi/b/it' will be
(Font)              scaled to size 7.95996pt on input line 8.
LaTeX Font Info:    Font shape `OML/ntxmi/b/it' will be
(Font)              scaled to size 6.06947pt on input line 8.
LaTeX Font Info:    Font shape `LMS/ntxsy/b/n' will be
(Font)              scaled to size 10.89519pt on input line 8.
LaTeX Font Info:    Font shape `LMS/ntxsy/b/n' will be
(Font)              scaled to size 7.95996pt on input line 8.
LaTeX Font Info:    Font shape `LMS/ntxsy/b/n' will be
(Font)              scaled to size 6.06947pt on input line 8.
LaTeX Font Info:    Font shape `LMX/ntxexx/b/n' will be
(Font)              scaled to size 10.89519pt on input line 8.
LaTeX Font Info:    Font shape `LMX/ntxexx/b/n' will be
(Font)              scaled to size 7.95996pt on input line 8.
LaTeX Font Info:    Font shape `LMX/ntxexx/b/n' will be
(Font)              scaled to size 6.06947pt on input line 8.
LaTeX Font Info:    Trying to load font information for T1+FiraSans-TLF on inpu
t line 47.

(C:\Users\User\AppData\Local\Programs\MiKTeX\tex/latex/fira\t1firasans-tlf.fd
File: T1FiraSans-TLF.fd 2019/10/10 (autoinst) Font definitions for T1/FiraSans-
TLF.
)
LaTeX Font Info:    Font shape `T1/FiraSans-TLF/sl/n' in size <10.95> not avail
able
(Font)              Font shape `T1/FiraSans-TLF/book/n' tried instead on input 
line 47.
LaTeX Font Info:    Font shape `T1/FiraSans-TLF/book/n' will be
(Font)              scaled to size 9.30756pt on input line 47.
Package microtype Info: Loading generic protrusion settings for font family
(microtype)             `FiraSans-TLF' (encoding: T1).
(microtype)             For optimal results, create family-specific settings.
(microtype)             See the microtype manual for details.
LaTeX Font Info:    Font shape `T1/FiraSans-TLF/sl/n' in size <10> not availabl
e
(Font)              Font shape `T1/FiraSans-TLF/book/n' tried instead on input 
line 47.
LaTeX Font Info:    Font shape `T1/FiraSans-TLF/book/n' will be
(Font)              scaled to size 8.50006pt on input line 47.
LaTeX Font Info:    Font shape `T1/FiraSans-TLF/sl/n' in size <8> not available

(Font)              Font shape `T1/FiraSans-TLF/book/n' tried instead on input 
line 47.
LaTeX Font Info:    Font shape `T1/FiraSans-TLF/book/n' will be
(Font)              scaled to size 6.80005pt on input line 47.
LaTeX Font Info:    Font shape `T1/FiraSans-TLF/sl/n' in size <9.49997> not ava
ilable
(Font)              Font shape `T1/FiraSans-TLF/book/n' tried instead on input 
line 47.
LaTeX Font Info:    Font shape `T1/FiraSans-TLF/book/n' will be
(Font)              scaled to size 8.07503pt on input line 47.
LaTeX Font Info:    Font shape `T1/FiraSans-TLF/sl/it' in size <9.49997> not av
ailable
(Font)              Font shape `T1/FiraSans-TLF/book/it' tried instead on input
 line 47.
LaTeX Font Info:    Font shape `T1/FiraSans-TLF/book/it' will be
(Font)              scaled to size 8.07503pt on input line 47.

[2{C:/Users/User/AppData/Local/Programs/MiKTeX/fonts/enc/dvips/fira/fir_fmuqgy.
enc}

])
\tf@toc=\write6
\openout6 = `main.toc'.

 [3] (sections/01_introduction.tex
LaTeX Font Info:    Font shape `T1/ntxtlf/m/n' will be
(Font)              scaled to size 11.93994pt on input line 5.
LaTeX Font Info:    Font shape `T1/ntxtlf/b/n' will be
(Font)              scaled to size 11.93994pt on input line 5.
)
(sections/02_background_literature.tex) (sections/03_methodology.tex [1

])
(sections/04_simulation_design.tex [2]) (sections/05_results.tex)
(sections/06_discussion.tex [3]) (sections/07_conclusion.tex) [4]

LaTeX Warning: Empty bibliography on input line 1116.

[5

]
LaTeX Font Info:    Font shape `T1/ntxtlf/m/n' will be
(Font)              scaled to size 9.94995pt on input line 1119.
 (appendix/appendix_full_results.tex) (appendix/appendix_power.tex)
(appendix/appendix_boundary.tex) (appendix/appendix_coverage.tex)
(appendix/appendix_profiles.tex
LaTeX Font Info:    Calculating math sizes for size <14> on input line 1.
LaTeX Font Info:    Font shape `OT1/minntx/m/n' will be
(Font)              scaled to size 13.92993pt on input line 1.
LaTeX Font Info:    Font shape `OT1/minntx/m/n' will be
(Font)              scaled to size 10.16878pt on input line 1.
LaTeX Font Info:    Font shape `OT1/minntx/m/n' will be
(Font)              scaled to size 7.6615pt on input line 1.
LaTeX Font Info:    Font shape `OML/ntxmi/m/it' will be
(Font)              scaled to size 13.92993pt on input line 1.
LaTeX Font Info:    Font shape `OML/ntxmi/m/it' will be
(Font)              scaled to size 10.16878pt on input line 1.
LaTeX Font Info:    Font shape `OML/ntxmi/m/it' will be
(Font)              scaled to size 7.6615pt on input line 1.
LaTeX Font Info:    Font shape `LMS/ntxsy/m/n' will be
(Font)              scaled to size 13.92993pt on input line 1.
LaTeX Font Info:    Font shape `LMS/ntxsy/m/n' will be
(Font)              scaled to size 10.16878pt on input line 1.
LaTeX Font Info:    Font shape `LMS/ntxsy/m/n' will be
(Font)              scaled to size 7.6615pt on input line 1.
LaTeX Font Info:    Font shape `LMX/ntxexx/m/n' will be
(Font)              scaled to size 13.92993pt on input line 1.
LaTeX Font Info:    Font shape `LMX/ntxexx/m/n' will be
(Font)              scaled to size 10.16878pt on input line 1.
LaTeX Font Info:    Font shape `LMX/ntxexx/m/n' will be
(Font)              scaled to size 7.6615pt on input line 1.
LaTeX Font Info:    Font shape `U/ntxmia/m/it' will be
(Font)              scaled to size 13.92993pt on input line 1.
LaTeX Font Info:    Font shape `U/ntxmia/m/it' will be
(Font)              scaled to size 10.16878pt on input line 1.
LaTeX Font Info:    Font shape `U/ntxmia/m/it' will be
(Font)              scaled to size 7.6615pt on input line 1.
LaTeX Font Info:    Font shape `U/ntxsym/m/n' will be
(Font)              scaled to size 13.92993pt on input line 1.
LaTeX Font Info:    Font shape `U/ntxsym/m/n' will be
(Font)              scaled to size 10.16878pt on input line 1.
LaTeX Font Info:    Font shape `U/ntxsym/m/n' will be
(Font)              scaled to size 7.6615pt on input line 1.
LaTeX Font Info:    Font shape `U/ntxsyc/m/n' will be
(Font)              scaled to size 13.92993pt on input line 1.
LaTeX Font Info:    Font shape `U/ntxsyc/m/n' will be
(Font)              scaled to size 10.16878pt on input line 1.
LaTeX Font Info:    Font shape `U/ntxsyc/m/n' will be
(Font)              scaled to size 7.6615pt on input line 1.
LaTeX Font Info:    Font shape `U/ntxexa/m/n' will be
(Font)              scaled to size 13.92993pt on input line 1.
LaTeX Font Info:    Font shape `U/ntxexa/m/n' will be
(Font)              scaled to size 10.16878pt on input line 1.
LaTeX Font Info:    Font shape `U/ntxexa/m/n' will be
(Font)              scaled to size 7.6615pt on input line 1.
LaTeX Font Info:    Font shape `OT1/minntx/b/n' will be
(Font)              scaled to size 13.92993pt on input line 1.
LaTeX Font Info:    Font shape `OT1/minntx/b/n' will be
(Font)              scaled to size 10.16878pt on input line 1.
LaTeX Font Info:    Font shape `OT1/minntx/b/n' will be
(Font)              scaled to size 7.6615pt on input line 1.
LaTeX Font Info:    Font shape `OML/ntxmi/b/it' will be
(Font)              scaled to size 13.92993pt on input line 1.
LaTeX Font Info:    Font shape `OML/ntxmi/b/it' will be
(Font)              scaled to size 10.16878pt on input line 1.
LaTeX Font Info:    Font shape `OML/ntxmi/b/it' will be
(Font)              scaled to size 7.6615pt on input line 1.
LaTeX Font Info:    Font shape `LMS/ntxsy/b/n' will be
(Font)              scaled to size 13.92993pt on input line 1.
LaTeX Font Info:    Font shape `LMS/ntxsy/b/n' will be
(Font)              scaled to size 10.16878pt on input line 1.
LaTeX Font Info:    Font shape `LMS/ntxsy/b/n' will be
(Font)              scaled to size 7.6615pt on input line 1.
LaTeX Font Info:    Font shape `LMX/ntxexx/b/n' will be
(Font)              scaled to size 13.92993pt on input line 1.
LaTeX Font Info:    Font shape `LMX/ntxexx/b/n' will be
(Font)              scaled to size 10.16878pt on input line 1.
LaTeX Font Info:    Font shape `LMX/ntxexx/b/n' will be
(Font)              scaled to size 7.6615pt on input line 1.


Package hyperref Warning: Token not allowed in a PDF string (Unicode):
(hyperref)                removing `subscript' on input line 1.

) (appendix/appendix_reproducibility.tex) [1

]

Package caption Warning: Unused \captionsetup[figure] on input line 663.
See the caption package documentation for explanation.


Package caption Warning: Unused \captionsetup[table] on input line 664.
See the caption package documentation for explanation.

[2

] (main.aux)
 ***********
LaTeX2e <2025-11-01>
L3 programming layer <2020/03/25>
 ***********
Package rerunfilecheck Info: File `main.out' has not changed.
(rerunfilecheck)             Checksum: 24A771E5D6CFB2AB9E27D7E40E9B7C98;10567.
Package logreq Info: Writing requests to 'main.run.xml'.
\openout1 = `main.run.xml'.

 ) 
Here is how much of TeX's memory you used:
 51646 strings out of 467871
 1020476 string characters out of 5418860
 2302504 words of memory out of 5000000
 79671 multiletter control sequences out of 15000+600000
 769585 words of font info for 146 fonts, out of 8000000 for 9000
 1143 hyphenation exceptions out of 8191
 88i,12n,131p,1003b,9343s stack positions out of 10000i,1000n,20000p,200000b,200000s
<C:/Users/User/AppData/Local/Programs/MiKTeX/fonts/type1/public/fira/FiraSans
-Book.pfb><C:/Users/User/AppData/Local/Programs/MiKTeX/fonts/type1/public/fira/
FiraSans-BookItalic.pfb><C:/Users/User/AppData/Local/Programs/MiKTeX/fonts/type
1/public/newtx/NewTXMI.pfb><C:/Users/User/AppData/Local/Programs/MiKTeX/fonts/t
ype1/public/newtx/NewTXMI7.pfb><C:/Users/User/AppData/Local/Programs/MiKTeX/fon
ts/type1/public/newtx/txsys.pfb><C:/Users/User/AppData/Local/Programs/MiKTeX/fo
nts/type1/public/newtx/ztmb.pfb><C:/Users/User/AppData/Local/Programs/MiKTeX/fo
nts/type1/public/newtx/ztmr.pfb>
Output written on main.pdf (10 pages, 198176 bytes).
PDF statistics:
 344 PDF objects out of 1000 (max. 8388607)
 60 named destinations out of 1000 (max. 500000)
 15253 words of extra memory for PDF output out of 17280 (max. 10000000)

